game_id,expected_threes_0_3,prob_ge_1
0022500542,2.303467243322168,0.900088176134791
0022500543,2.1634055719706993,0.8850669589544032
0022500544,2.09728947962141,0.8772112008572058
0022500545,2.294126465778027,0.8991505497516293
0022500546,2.1460661047222294,0.8830567032380717
0022500547,2.2967914138381706,0.8994189505025577
