game_id,expected_threes_0_3,prob_ge_1
0022500615,2.1073657292120647,0.8784422389053185
0022500616,2.2280106484097066,0.8922574450966061
0022500617,2.1104583955771425,0.8788175957785042
0022500618,2.2560559786130128,0.8952371420317822
0022500619,2.0600838910669337,0.8725567219062191
