game_id,expected_threes_0_3,prob_ge_1
0042500105,1.014445977894428,0.6373967355820065
0042500135,1.0544837002846277,0.6516277546266754
0042500175,0.9994031473553652,0.6319009234727364
