game_id,expected_threes_0_3,prob_ge_1
0022500620,2.3413856962595365,0.9038057501782396
0022500621,2.2746664925431306,0.8971688023116644
0022500622,2.2972153626873446,0.89946158268517
0022500623,2.2478512919361187,0.8943740597887485
0022500624,2.0199194116116077,0.8673338439989597
0022500625,2.2083572806863896,0.8901189960143073
0022500626,2.0407594516574274,0.8700700021529317
