game_id,expected_threes_0_3,prob_ge_1
0022500646,2.2031767239063855,0.8895482741821138
0022500647,2.328584425409638,0.9025664259940119
0022500648,2.078759978970349,0.8749147756217341
0022500649,2.2047272323633194,0.8897193978184719
