game_id,expected_threes_0_3,prob_ge_1
0022500627,2.1769168571205064,0.8866094083432834
0022500628,2.075945914783401,0.8745622820343197
0022500629,2.1314529412707133,0.8813352443820147
0022500630,2.2520108835387593,0.8948125080476478
0022500631,2.2578916236289492,0.8954292730537401
0022500632,2.2307568009378693,0.8925529166954178
0022500633,2.1394922336602553,0.8822854006393815
0022500634,2.26403049035944,0.8960692524264968
