game_id,expected_threes_0_3,prob_ge_1
0042500104,1.010941226402679,0.6361236716669134
0042500144,1.2412080073377991,0.7109651492581086
0042500165,1.2253432578885828,0.706343117020271
