game_id,expected_threes_0_3,prob_ge_1
22500001,1.2,0.6988057880877978
22500002,1.2,0.6988057880877978
