game_id,expected_threes_0_3,prob_ge_1
0022500620,2.343788262299273,0.904036585806121
0022500621,2.283828062203419,0.8981065951061198
0022500622,2.3062303740605747,0.9003638645095278
0022500623,2.256848398122013,0.8953201252811397
0022500624,2.0264724696706935,0.8682003707208463
0022500625,2.2046634607621325,0.8897123648236406
0022500626,2.0375779605038282,0.8696559727479793
