game_id,expected_threes_0_3,prob_ge_1
0022500625,2.183715800421207,0.8873777297004423
0022500626,2.0393692497252536,0.8698892476053282
