game_id,expected_threes_0_3,prob_ge_1
0022501129,1.2491156224515931,0.7132417126558313
0022501130,1.2573397920445688,0.7155903902436365
0022501131,1.032471580112763,0.6438743212068333
