game_id,expected_threes_0_3,prob_ge_1
0022500016,2.158276541243403,0.8844759494981058
0022500017,2.2087475920100443,0.8901618754457093
0022500609,2.198624446865218,0.889044321129855
0022500610,2.3148763026782615,0.9012215981297859
0022500611,2.2134145889064154,0.8906732953063927
0022500612,2.3032242398217857,0.9000638942616915
