game_id,expected_threes_0_3,prob_ge_1
0022501203,1.2482470785251032,0.7129925422949499
0022501204,1.1364351896586564,0.6790388495007988
