game_id,expected_threes_0_3,prob_ge_1
0022501201,1.1031853675308607,0.6681875460863023
0022501202,1.1812819522967657,0.6931149257002257
