game_id,expected_threes_0_3,prob_ge_1
0022500757,2.3315562577102136,0.9028555524060066
0022500758,2.1825873161602107,0.8872505655030689
0022500759,2.1367519259703522,0.8819623840372357
0022500760,2.1867996984209404,0.8877245103017073
