game_id,expected_threes_0_3,prob_ge_1
0022500225,1.3075868548762757,0.7295280424122104
0022500226,1.309054541926927,0.7299247194318568
0022500227,1.1880926675023984,0.6951979311120016
