game_id,expected_threes_0_3,prob_ge_1
0022500587,2.298508554360258,0.8995915140980313
0022500588,2.103127766967484,0.877925988551177
0022500589,2.288452671295933,0.8985767243529764
0022500590,2.1393146380769563,0.8822644931899649
0022500591,2.1131778689413383,0.8791467004005414
0022500592,2.065110588601405,0.8731957333139364
