game_id,expected_threes_0_3,prob_ge_1
0022500182,1.2962599482796908,0.7264470155005305
