game_id,expected_threes_0_3,prob_ge_1
0022501091,1.2046882102217513,0.7002145450162094
0022501092,1.3398693218366422,0.7381201116727826
0022501093,1.2556170780534,0.715100011559853
0022501094,1.3339780366425888,0.7365727490622295
0022501095,1.0493387348794714,0.6498307727352215
0022501096,1.2464247813431333,0.7124690525815205
0022501097,1.1079973872217748,0.6697803986556499
0022501098,1.1514543449097228,0.6838233949947583
