game_id,expected_threes_0_3,prob_ge_1
0022500014,2.2410528388422843,0.8936535202869412
0022500015,2.275989975219254,0.8973048076001959
0022500016,2.1738565836072894,0.8862618706099603
0022500017,2.206514625324878,0.8899163365347387
0022500608,2.1643341887025818,0.8851736381596508
0022500609,2.196410181061863,0.8887983635572173
0022500610,2.3124472802765603,0.9009813715390681
0022500611,2.224963655435608,0.89192865363054
0022500612,2.3008167427313606,0.8998230085283958
