game_id,expected_threes_0_3,prob_ge_1
0022500593,2.147645768528781,0.8832412885016718
0022500594,2.323379447568546,0.9020579642822889
0022500595,2.106527639365563,0.8783403198772959
0022500596,2.2960118018945037,0.8993405057407996
0022500597,2.175820347417405,0.8864850062677143
0022500598,2.216223051256355,0.8909799044886648
0022500599,2.3848845714526403,0.9079003901100693
0022500600,2.148026073569576,0.883285683985763
0022500601,2.2327640033639096,0.8927683684417282
