game_id,expected_threes_0_3,prob_ge_1
0042500106,1.0220449562860794,0.6401417072539517
0042500136,1.0626913507088196,0.6544753701319772
0042500176,1.0169445399975119,0.6383015914668874
