game_id,expected_threes_0_3,prob_ge_1
0022500486,2.1669688549941393,0.8854757691226725
0022500487,2.2645063234623057,0.8961186943526124
0022500488,2.177821438228504,0.8867119329524173
0022500489,2.29789213581741,0.8995296013653442
0022500490,2.276276540924651,0.89733423230419
0022500491,2.0095437494142976,0.8659501789719295
0022500492,2.3516516431705066,0.9047882236015177
0022500493,2.2884436456926585,0.8985758089425966
