game_id,expected_threes_0_3,prob_ge_1
0042500102,1.0147792066790216,0.637517545297343
0042500142,1.221418543269501,0.7051883329419677
