game_id,expected_threes_0_3,prob_ge_1
0022500588,2.1026529057778385,0.8778680065752702
0022500589,2.2735702953302024,0.8970560172333061
0022500587,2.297337479123213,0.899473859328755
0022500590,2.1357055651404946,0.8818388094589182
0022500591,2.1105131980787073,0.87882423669543
0022500592,2.0634668013756903,0.8729871226714099
