game_id,expected_threes_0_3,prob_ge_1
0022500828,1.121681381642794,0.674268345288727
0022500829,1.1132868317359732,0.6715224655696612
0022500830,1.0958339231589962,0.6657392570854794
