game_id,expected_threes_0_3,prob_ge_1
0022500652,1.174036661136849,0.6908833796457756
0022501099,1.1824680613546232,0.6934787090805435
0022501100,1.337865253951973,0.7375947603549233
0022501101,0.9823507601616985,0.6255701313417961
0022501102,1.095452811773081,0.6656118422324068
0022501103,1.1706288595164205,0.689828174582453
0022501104,1.184834099960491,0.694203092990298
