game_id,expected_threes_0_3,prob_ge_1
0022500550,2.1363215368500725,0.8819115709976363
0022500551,2.290254802679351,0.8987593378248722
0022500552,2.2221149111136844,0.8916203470614144
0022500553,2.180873255609767,0.8870571404215191
0022500554,2.1749423650712543,0.8863852983427
0022500555,2.2245605871470584,0.891885084717884
0022500556,2.347297339059623,0.9043727386547
0022500557,2.000753992777528,0.8647667201297592
