game_id,expected_threes_0_3,prob_ge_1
0062500001,1.2506801998109232,0.7136900173846452
