game_id,expected_threes_0_3,prob_ge_1
0042500211,1.0835835652983001,0.6616192591658577
0042500231,1.1424413881985864,0.68096082822355
