game_id,expected_threes_0_3,prob_ge_1
0022500473,2.110869222990142,0.8788673706069994
0022500474,2.1930032645145805,0.8884188627652462
0022500475,2.2293321381178632,0.8923997317381686
