game_id,expected_threes_0_3,prob_ge_1
0022500602,2.1457015556835604,0.8830140639000658
