game_id,expected_threes_0_3,prob_ge_1
0022500627,2.1962343469012486,0.8887788087916669
0022500628,2.0924859307178973,0.8766199599653122
0022500629,2.147236964172433,0.8831935472740237
0022500630,2.247587159366687,0.8943461568528871
0022500631,2.2534471210655473,0.8949634738336242
0022500632,2.2264081737159858,0.892084651967605
0022500633,2.1354660711051157,0.8818105071695909
0022500634,2.2595642973670644,0.8956040395580603
