game_id,expected_threes_0_3,prob_ge_1
0022500309,1.063810740941515,0.654861930631419
0022500310,1.2705835589109056,0.7193322122089321
0022500311,1.1458849620404303,0.6820575737241589
0022500312,1.3282367032556113,0.7350559754062018
0022500313,1.1597281028296842,0.686428571523115
0022500314,1.1619126322200561,0.6871128298612621
0022500315,1.1312639500354387,0.6773747835482595
0022500316,1.1580273446537894,0.6858948085802239
0022500317,1.1921696900881922,0.6964380862429824
