game_id,expected_threes_0_3,prob_ge_1
0022500758,2.185947373859918,0.8876287743509812
0022500759,2.134921062509945,0.8817460753237795
0022500760,2.1830815943732453,0.8873062813213809
