game_id,expected_threes_0_3,prob_ge_1
0022500367,1.337084349898976,0.7373897670101072
0022500368,1.2244648942106624,0.7060850661658324
