game_id,expected_threes_0_3,prob_ge_1
0022500953,1.116649217939948,0.6726250791545797
0022500954,1.3024840476979036,0.7281443488071098
0022500955,1.250149994198413,0.713538173974388
0022500956,1.2724747795860818,0.7198625153138984
0022500957,1.361757301600681,0.7437898573744364
0022500958,1.2913854374200477,0.7251103232933049
0022500959,1.426620976682156,0.7598810795971818
0022500960,1.3134308563203596,0.731104071280026
0022501111,1.146608701637902,0.6822875979988924
