game_id,expected_threes_0_3,prob_ge_1
0042500122,1.2136227421180195,0.7028810579652678
0042500132,1.0507758228640194,0.6503336353088573
0042500162,1.2354977014207953,0.7093099504917104
