game_id,expected_threes_0_3,prob_ge_1
0022500124,4.335090398312098,0.9868993102607782
