game_id,expected_threes_0_3,prob_ge_1
0022501030,1.1768232481130514,0.6917435609525553
0022501031,1.2732810108598014,0.7200882798935322
