game_id,expected_threes_0_3,prob_ge_1
0052500111,1.4139140062031246,0.7568104275389674
0052500121,1.2830156334331453,0.7227998951537251
