game_id,expected_threes_0_3,prob_ge_1
22500003,1.2,0.6988057880877978
22500080,1.2,0.6988057880877978
22500081,1.2,0.6988057880877978
22500082,1.2,0.6988057880877978
22500083,1.2,0.6988057880877978
22500084,1.2,0.6988057880877978
22500085,1.2,0.6988057880877978
22500086,1.2,0.6988057880877978
22500087,1.2,0.6988057880877978
22500004,1.2,0.6988057880877978
22500088,1.2,0.6988057880877978
22500089,1.2,0.6988057880877978
