game_id,expected_threes_0_3,prob_ge_1
0022500473,2.114864887591052,0.879350410291339
0022500474,2.1926197373895366,0.888376060165019
0022500475,2.22893693197327,0.8923571990469548
