game_id,expected_threes_0_3,prob_ge_1
0042500107,1.0260412061452056,0.6415769212587294
0042500137,1.0708392219289409,0.6572792220953818
