game_id,expected_threes_0_3,prob_ge_1
0022500554,2.162350038032458,0.8849455791799883
0022500555,2.2125902372102324,0.8905831344949373
0022500556,2.3278328542627738,0.9024931702060333
0022500557,1.979484212789239,0.86185952997342
