game_id,expected_threes_0_3,prob_ge_1
0022500123,1.227458705864525,0.7069636762671675
0022500124,1.2438248219427186,0.7117205111248364
0022500125,1.396575238672526,0.7525570524937936
0022500126,1.170177299590847,0.6896880817882872
0022500127,1.2601909380209124,0.7164001286683686
