game_id,expected_threes_0_3,prob_ge_1
0022500749,2.115354564378488,0.879409475132312
0022500750,2.1197843854660388,0.8799424881345878
0022500751,2.3062820043242107,0.9003690086166739
0022500752,2.2163241619945895,0.8909909270337462
0022500753,2.2850335042732866,0.8982293477025847
0022500754,2.23321065755899,0.8928162532050479
0022500755,2.306977980287684,0.9004383252677342
0022500756,2.1578444867586732,0.8844260260299398
