game_id,expected_threes_0_3,prob_ge_1
0042500117,1.2596576785587466,0.716248856023312
