game_id,expected_threes_0_3,prob_ge_1
12500065,1.2,0.6988057880877978
12500071,1.2,0.6988057880877978
12500066,1.2,0.6988057880877978
12500006,1.2,0.6988057880877978
12500067,1.2,0.6988057880877978
12500068,1.2,0.6988057880877978
12500069,1.2,0.6988057880877978
12500007,1.2,0.6988057880877978
