game_id,expected_threes_0_3,prob_ge_1
0022500578,2.1459007722008208,0.8830373671095549
0022500579,2.1609053689174536,0.8847792434905979
0022500580,2.264403874030853,0.8961080512267285
0022500581,2.0994638178884912,0.8774778951950268
0022500582,2.2041595126741518,0.8896567715738861
0022500583,2.14377848299206,0.8827888749831337
0022500584,2.364229563028562,0.9059782897270241
0022500585,2.3072903076040028,0.9004694162428784
0022500586,2.223428625556391,0.8917626334944406
