game_id,expected_threes_0_3,prob_ge_1
0022500579,2.1607705685817296,0.8847637106470453
0022500580,2.2642570558049466,0.8960927968753426
0022500581,2.0993361519341978,0.8774622522950832
0022500582,2.204019689816131,0.8896413419896452
0022500583,2.1436456713713805,0.8827733069498737
0022500584,2.3640711533872385,0.9059633946018886
0022500585,2.30713850955304,0.9004543065474707
0022500586,2.2232865652353047,0.8917472561671731
