game_id,expected_threes_0_3,prob_ge_1
0022500471,2.1585409134977143,0.8845064868149767
0022500472,2.0797707520757918,0.8750411445265199
0022500473,2.1329302125838314,0.8815104150022446
0022500474,2.1908332377885054,0.8881764658065024
0022500475,2.227096030577936,0.8921588567561965
