game_id,expected_threes_0_3,prob_ge_1
0022500602,2.146736592032935,0.883135085954378
0022500603,2.2963679736257525,0.8993763514231482
0022500604,2.008888347581061,0.8658622936765368
0022500605,2.2377505685423147,0.8933017549730705
0022500606,2.161881868529046,0.8848917015979914
0022500607,2.106049125217674,0.8782820900683469
