game_id,expected_threes_0_3,prob_ge_1
0042500112,1.2228724063377991,0.7056166373134101
0042500152,1.3094916443755211,0.7300427442019607
0042500172,1.0187526268650167,0.6389549827372615
