game_id,expected_threes_0_3,prob_ge_1
0022500712,2.1837031565787512,0.8873763057131973
0022500713,2.0922353216455756,0.8765890359331764
0022500714,2.240551980056363,0.8936002423769842
0022500715,2.1670048101482955,0.8854798867850223
