game_id,expected_threes_0_3,prob_ge_1
0022501030,2.1805258746360336,0.8870178994055858
0022501031,2.2800951384120887,0.8977255239785824
