game_id,expected_threes_0_3,prob_ge_1
0022500644,2.337271752258763,0.9034091972823622
0022500650,2.0068913989145583,0.8655941599272052
0022500651,2.1900228742454724,0.8880858113645725
0022500652,2.131159584634424,0.8813004281819286
0022500653,2.1439784756545306,0.8828123140042028
0022500654,2.1224523212605875,0.8802623669700622
0022500655,2.2407477565861136,0.8936210709133622
0022500656,2.242624895967415,0.8938205716865315
