game_id,expected_threes_0_3,prob_ge_1
0022500364,1.0973482748897632,0.6662450623398463
0022500365,1.2541123141597295,0.7146709816305226
0022500366,1.1183132718150635,0.6731693956486381
