game_id,expected_threes_0_3,prob_ge_1
22500105,1.2,0.6988057880877978
22500106,1.2,0.6988057880877978
22500107,1.2,0.6988057880877978
22500108,1.2,0.6988057880877978
22500109,1.2,0.6988057880877978
22500110,1.2,0.6988057880877978
22500111,1.2,0.6988057880877978
22500112,1.2,0.6988057880877978
22500113,1.2,0.6988057880877978
