game_id,expected_threes_0_3,prob_ge_1
0022500658,2.2032693921373143,0.8895585090739164
0022500660,2.368294675066328,0.9063597227041036
0022500661,2.1921594641690207,0.8883246708290842
0022500662,2.1194712303313836,0.8799048856208904
0022500663,2.3396263429170885,0.9036363615397505
