game_id,expected_threes_0_3,prob_ge_1
0052500101,1.1268978514618393,0.6759630904979657
0052500131,1.1826717257976835,0.6935411302118466
