game_id,expected_threes_0_3,prob_ge_1
0022500573,2.251712956858567,0.894781165218672
0022500574,2.1687785735977085,0.8856828383288393
0022500575,2.0872276396853935,0.8759694831076802
0022500576,2.13673464809573,0.8819603445804878
0022500577,2.1691252740066047,0.8857224652658
