game_id,expected_threes_0_3,prob_ge_1
0022500588,2.1060364262840676,0.8782805443708757
0022500589,2.2839193297294242,0.8981158942407397
0022500587,2.297177626562593,0.8994577886833268
0022500590,2.13944661777302,0.8822800308610185
0022500591,2.10958557574652,0.8787117792002909
0022500592,2.065385035125462,0.8732305295290954
