game_id,expected_threes_0_3,prob_ge_1
0022500593,2.130880548044302,0.8812673020366711
0022500594,2.324695984588738,0.9021868237553986
0022500595,2.1076284457924475,0.8784741699500411
0022500596,2.29730111277124,0.8994702034932667
0022500597,2.1769900882799478,0.8866177117637418
0022500598,2.217432985923794,0.8911117319143029
0022500599,2.386262295589402,0.908027190597498
0022500600,2.149168163866336,0.8834189061832055
0022500601,2.2339903934597887,0.8928997956456531
