game_id,expected_threes_0_3,prob_ge_1
0022501229,1.1962790371916583,0.6976829679366796
0022501230,1.2028049833178567,0.6996494490470329
