game_id,expected_threes_0_3,prob_ge_1
0022500703,2.1459349564254597,0.8830413653181337
0022500704,2.1751244700868972,0.8864059862659781
0022500705,2.2382655242786997,0.8933566857017485
0022500706,2.152162548236581,0.8837674726569491
0022500707,2.0783779685801846,0.8748669826382387
0022500708,2.1949560632156917,0.8886365456505025
0022500709,2.226861283611296,0.8921335384033541
0022500710,2.347123813388763,0.9043561434302154
0022500711,2.1612964898059452,0.884824299923426
