game_id,expected_threes_0_3,prob_ge_1
0042500116,1.2538594160864205,0.7145988133462924
0042500126,1.1809387075885935,0.6930095709422581
0042500166,1.2096493119528535,0.7016981280099166
