game_id,expected_threes_0_3,prob_ge_1
0022500587,2.2992796913671767,0.8996689129509237
0022500588,2.1078287484739286,0.8784985094619532
0022500589,2.285999909581931,0.8983276518927327
0022500590,2.141293080880983,0.8824971958858002
0022500591,2.1016597114484172,0.8777466455143773
0022500592,2.047666580072681,0.8709643530790376
