game_id,expected_threes_0_3,prob_ge_1
0042500115,1.2609617710079697,0.7166186525707796
0042500125,1.2003929253622412,0.698924111684925
0042500155,1.2511787798967973,0.713832730260509
