game_id,expected_threes_0_3,prob_ge_1
0042500113,1.2359916587840087,0.7094535035246203
0042500153,1.2762702804798876,0.720923762131779
0042500173,1.0096916148850388,0.6356686833959464
