game_id,expected_threes_0_3,prob_ge_1
22500100,1.2,0.6988057880877978
22500101,1.2,0.6988057880877978
22500102,1.2,0.6988057880877978
22500103,1.2,0.6988057880877978
22500104,1.2,0.6988057880877978
