game_id,expected_threes_0_3,prob_ge_1
0022500462,2.3770386538462818,0.9071749419776074
0022500463,2.243812217889042,0.8939465660366654
0022500464,2.133878040527353,0.8816226695345266
0022500465,2.3369703963616986,0.9033800846879554
0022500466,2.1345321090776537,0.8817000711077259
0022500467,2.2464538225458566,0.8942263475828818
0022500468,2.105394847849335,0.8782024267364413
0022500469,2.1930611909401834,0.8884253260744909
0022500470,2.267738642534055,0.896453929792227
