game_id,expected_threes_0_3,prob_ge_1
0022500123,1.2645032632342275,0.7176204703976633
0022500124,1.29713560551124,0.7266864493033496
0022500125,1.3460841189267585,0.7397425951158384
0022500126,1.1682378535170412,0.68908566456783
0022500127,1.2579767947788252,0.7157715022521536
