game_id,expected_threes_0_3,prob_ge_1
0022500692,2.233994638487216,0.8929002502879931
0022500697,2.2756062821018705,0.8972653966013028
0022500698,2.2332882881229144,0.8928245736167917
0022500699,2.1041524562567813,0.8780510124169626
0022500700,2.240165318246037,0.893559093699285
0022500701,2.0209962264767114,0.8674766240002275
