game_id,expected_threes_0_3,prob_ge_1
0022500658,2.2032222803526205,0.8895533058556091
0022500660,2.368241102022294,0.9063547059750252
0022500661,2.1921127873729818,0.8883194580608651
0022500662,2.119427399508528,0.8798996216378447
0022500663,2.3395738923285085,0.9036313070776419
