game_id,expected_threes_0_3,prob_ge_1
0042500123,1.2013190995054275,0.6992028312964468
0042500133,1.047818511245327,0.6492980323603296
0042500163,1.2432237008153117,0.7115471681386294
