game_id,expected_threes_0_3,prob_ge_1
0022500789,2.208965394387943,0.8901857958453666
0022500790,2.2858244868631052,0.8983098146885186
0022500791,2.0607439931223546,0.8726408197164159
