game_id,expected_threes_0_3,prob_ge_1
0022500471,2.1308746420179165,0.8812666007961534
0022500472,2.0815445432069186,0.8752625989710856
0022500473,2.13479133130686,0.8817307331047008
0022500474,2.1927894765843603,0.8883950055147599
0022500475,2.2291118400003485,0.8923760249904463
