game_id,expected_threes_0_3,prob_ge_1
0022501096,1.2297733058078537,0.70764115377831
0022501097,1.0812535045515919,0.6608298922048474
0022501098,1.1172427141580694,0.6728193172865093
