game_id,expected_threes_0_3,prob_ge_1
0022501114,1.3499414612549534,0.7407445633103957
0022501115,1.0270365366416043,0.6419334931967143
0022501116,1.1713306700096238,0.690045780056393
0022501117,1.3094606061410619,0.7300343650753253
0022501118,1.2028046624958673,0.6996493526879561
0022501119,1.1825534052861961,0.693504867696366
