game_id,expected_threes_0_3,prob_ge_1
0042500201,1.0900828099344346,0.6638113472062983
0042500221,1.124937389050364,0.675327205206014
