game_id,expected_threes_0_3,prob_ge_1
0022500494,2.2071348480763504,0.8899845917584759
0022500495,2.1235252004301497,0.8803907620938098
0022500496,2.226378517374917,0.892081451545781
0022500497,2.0825101908768744,0.8753829932131804
0022500498,2.2019214675121876,0.8894095418929505
0022500499,2.2323876812946777,0.8927280072183199
0022500500,2.1035782212317615,0.8779809649270905
0022500501,2.167463640801018,0.8855324200704562
