game_id,expected_threes_0_3,prob_ge_1
0022500309,1.1051817382788591,0.668849305984279
0022500310,1.3192154406759355,0.732655032305359
0022500311,1.19180620055245,0.6963277246074471
0022500312,1.3158026210077864,0.7317410734401333
0022500313,1.1488714877547106,0.6830057004487491
0022500314,1.1510355670114232,0.6836909594920275
0022500315,1.1206737977197692,0.6739399779091539
0022500316,1.1471866509631525,0.6824711666154639
0022500317,1.1810093781170001,0.6930312653515087
