game_id,expected_threes_0_3,prob_ge_1
0022500848,1.2,0.6988057880877978
0022500849,1.2,0.6988057880877978
0022500850,1.2,0.6988057880877978
0022500851,1.2,0.6988057880877978
0022500852,1.2,0.6988057880877978
0022500853,1.2,0.6988057880877978
0022500854,1.2,0.6988057880877978
0022500855,1.2,0.6988057880877978
0022500856,1.2,0.6988057880877978
0022500857,1.2,0.6988057880877978
