game_id,expected_threes_0_3,prob_ge_1
0022500858,1.1814312647071115,0.6931607440296608
0022500859,1.3358584696099518,0.7370676408981036
0022500860,1.2541200905240375,0.71467320044429
0022500861,1.1371740305607276,0.6792759011442548
0022500862,1.1667468581532805,0.6886217469716247
