game_id,expected_threes_0_3,prob_ge_1
0022500713,2.0920208214239047,0.8765625614147339
0022500714,2.2403083524520895,0.8935743173010354
0022500715,2.1667756262119164,0.885453637606851
