game_id,expected_threes_0_3,prob_ge_1
0022500613,2.246337531670889,0.8942140463570474
0022500614,2.2209808648126947,0.8914973697991219
0022500615,2.102972344705455,0.8779070140576916
0022500616,2.232929526526741,0.8927861162916587
0022500617,2.1268425941927926,0.8807868956048841
0022500618,2.2727075280706464,0.896967162210316
0022500619,2.072309349676468,0.8741052891675449
