game_id,expected_threes_0_3,prob_ge_1
0022500953,1.1353507865330696,0.6786906094438281
0022500954,1.3079870653218197,0.7296362664572227
0022500955,1.2574547068791406,0.7156230712490901
0022500956,1.2634319668804046,0.717317796139239
0022500957,1.3331889998655286,0.7363648132494459
0022500958,1.2173893580155861,0.7039980858676338
0022500959,1.437796633130239,0.7625496269997677
0022500960,1.324935372097571,0.7341798620682578
0022501111,1.1187502110852041,0.6733121695803228
