game_id,expected_threes_0_3,prob_ge_1
0022500758,2.17601559856013,0.8865071680363312
0022500759,2.1200677631799545,0.879976504937809
0022500760,2.168229027247503,0.885619998484755
