game_id,expected_threes_0_3,prob_ge_1
0022500057,1.163705434588641,0.6876732721897081
0022500058,1.126148521129628,0.675720188817487
0022500059,1.1141029564487963,0.6717904348400714
