game_id,expected_threes_0_3,prob_ge_1
0022500571,2.143178348921616,0.8827185114819207
0022500572,2.2862050127082973,0.8983485030708004
0022500573,2.264070519230409,0.8960734125737175
0022500574,2.177151528348949,0.8866360147307223
0022500575,2.0856593815335014,0.8757748186363054
0022500576,2.135094979167767,0.8817666398628237
0022500577,2.1674388836182263,0.8855295861405762
