game_id,expected_threes_0_3,prob_ge_1
22500090,1.2,0.6988057880877978
22500018,1.2,0.6988057880877978
22500091,1.2,0.6988057880877978
22500092,1.2,0.6988057880877978
22500093,1.2,0.6988057880877978
22500094,1.2,0.6988057880877978
22500095,1.2,0.6988057880877978
22500096,1.2,0.6988057880877978
22500019,1.2,0.6988057880877978
22500097,1.2,0.6988057880877978
22500098,1.2,0.6988057880877978
22500099,1.2,0.6988057880877978
