game_id,expected_threes_0_3,prob_ge_1
0052500201,1.3455736880816176,0.7396097177992537
0052500211,1.231584748837665,0.708170265799678
