game_id,expected_threes_0_3,prob_ge_1
0022501165,1.1419603863200294,0.6808073328697749
0022501166,1.2832622334546246,0.7228682442777401
0022501167,1.1859623707860314,0.6945479201532234
0022501168,1.2044169642407447,0.7001332183871187
0022501169,1.0792773716698083,0.6601589843190788
0022501170,1.1910571971999093,0.6961001878528459
