target,n,coverage
spread,205,0.8341463414634146
total,205,0.8292682926829268
