target,sigma,z,half_width
spread,16.656687052431234,1.96,32.64710662276522
total,20.88990691576172,1.96,40.94421755489297
