snapshot_ts,event_id,commence_time,bookmaker,bookmaker_title,market,outcome_name,player_name,point,price,last_update,home_team,away_team
2026-05-29T15:21:56.045194+00:00,a18ed937c05534b4e774ee4e3faeceea,2026-05-29T23:30:00Z,fanduel,FanDuel,player_assists,Over,Olivia Miles,5.5,-114,2026-05-29T15:21:40Z,Chicago Sky,Minnesota Lynx
2026-05-29T15:21:56.045194+00:00,a18ed937c05534b4e774ee4e3faeceea,2026-05-29T23:30:00Z,fanduel,FanDuel,player_assists,Under,Olivia Miles,5.5,-114,2026-05-29T15:21:40Z,Chicago Sky,Minnesota Lynx
2026-05-29T15:21:56.045194+00:00,a18ed937c05534b4e774ee4e3faeceea,2026-05-29T23:30:00Z,fanduel,FanDuel,player_assists,Over,Courtney Williams,3.5,-160,2026-05-29T15:21:40Z,Chicago Sky,Minnesota Lynx
2026-05-29T15:21:56.045194+00:00,a18ed937c05534b4e774ee4e3faeceea,2026-05-29T23:30:00Z,fanduel,FanDuel,player_assists,Under,Courtney Williams,3.5,120,2026-05-29T15:21:40Z,Chicago Sky,Minnesota Lynx
2026-05-29T15:21:56.045194+00:00,a18ed937c05534b4e774ee4e3faeceea,2026-05-29T23:30:00Z,fanduel,FanDuel,player_assists,Over,Skylar Diggins-Smith,6.5,-110,2026-05-29T15:21:40Z,Chicago Sky,Minnesota Lynx
2026-05-29T15:21:56.045194+00:00,a18ed937c05534b4e774ee4e3faeceea,2026-05-29T23:30:00Z,fanduel,FanDuel,player_assists,Under,Skylar Diggins-Smith,6.5,-120,2026-05-29T15:21:40Z,Chicago Sky,Minnesota Lynx
2026-05-29T15:21:56.045194+00:00,a18ed937c05534b4e774ee4e3faeceea,2026-05-29T23:30:00Z,fanduel,FanDuel,player_assists,Over,Natasha Cloud,5.5,100,2026-05-29T15:21:40Z,Chicago Sky,Minnesota Lynx
2026-05-29T15:21:56.045194+00:00,a18ed937c05534b4e774ee4e3faeceea,2026-05-29T23:30:00Z,fanduel,FanDuel,player_assists,Under,Natasha Cloud,5.5,-132,2026-05-29T15:21:40Z,Chicago Sky,Minnesota Lynx
2026-05-29T15:21:56.045194+00:00,a18ed937c05534b4e774ee4e3faeceea,2026-05-29T23:30:00Z,fanduel,FanDuel,player_double_double,Yes,Kamilla Cardoso,,130,2026-05-29T15:21:40Z,Chicago Sky,Minnesota Lynx
2026-05-29T15:21:56.045194+00:00,a18ed937c05534b4e774ee4e3faeceea,2026-05-29T23:30:00Z,fanduel,FanDuel,player_double_double,Yes,Natasha Howard,,200,2026-05-29T15:21:40Z,Chicago Sky,Minnesota Lynx
2026-05-29T15:21:56.045194+00:00,a18ed937c05534b4e774ee4e3faeceea,2026-05-29T23:30:00Z,fanduel,FanDuel,player_double_double,Yes,Skylar Diggins-Smith,,550,2026-05-29T15:21:40Z,Chicago Sky,Minnesota Lynx
2026-05-29T15:21:56.045194+00:00,a18ed937c05534b4e774ee4e3faeceea,2026-05-29T23:30:00Z,fanduel,FanDuel,player_double_double,Yes,Olivia Miles,,850,2026-05-29T15:21:40Z,Chicago Sky,Minnesota Lynx
2026-05-29T15:21:56.045194+00:00,a18ed937c05534b4e774ee4e3faeceea,2026-05-29T23:30:00Z,fanduel,FanDuel,player_double_double,Yes,Courtney Williams,,1200,2026-05-29T15:21:40Z,Chicago Sky,Minnesota Lynx
2026-05-29T15:21:56.045194+00:00,a18ed937c05534b4e774ee4e3faeceea,2026-05-29T23:30:00Z,fanduel,FanDuel,player_double_double,Yes,Natasha Cloud,,1400,2026-05-29T15:21:40Z,Chicago Sky,Minnesota Lynx
2026-05-29T15:21:56.045194+00:00,a18ed937c05534b4e774ee4e3faeceea,2026-05-29T23:30:00Z,fanduel,FanDuel,player_points,Over,Kayla McBride,13.5,-108,2026-05-29T15:21:40Z,Chicago Sky,Minnesota Lynx
2026-05-29T15:21:56.045194+00:00,a18ed937c05534b4e774ee4e3faeceea,2026-05-29T23:30:00Z,fanduel,FanDuel,player_points,Under,Kayla McBride,13.5,-120,2026-05-29T15:21:40Z,Chicago Sky,Minnesota Lynx
2026-05-29T15:21:56.045194+00:00,a18ed937c05534b4e774ee4e3faeceea,2026-05-29T23:30:00Z,fanduel,FanDuel,player_points,Over,Natasha Cloud,10.5,-122,2026-05-29T15:21:40Z,Chicago Sky,Minnesota Lynx
2026-05-29T15:21:56.045194+00:00,a18ed937c05534b4e774ee4e3faeceea,2026-05-29T23:30:00Z,fanduel,FanDuel,player_points,Under,Natasha Cloud,10.5,-106,2026-05-29T15:21:40Z,Chicago Sky,Minnesota Lynx
2026-05-29T15:21:56.045194+00:00,a18ed937c05534b4e774ee4e3faeceea,2026-05-29T23:30:00Z,fanduel,FanDuel,player_points,Over,Natasha Howard,16.5,106,2026-05-29T15:21:40Z,Chicago Sky,Minnesota Lynx
2026-05-29T15:21:56.045194+00:00,a18ed937c05534b4e774ee4e3faeceea,2026-05-29T23:30:00Z,fanduel,FanDuel,player_points,Under,Natasha Howard,16.5,-138,2026-05-29T15:21:40Z,Chicago Sky,Minnesota Lynx
2026-05-29T15:21:56.045194+00:00,a18ed937c05534b4e774ee4e3faeceea,2026-05-29T23:30:00Z,fanduel,FanDuel,player_points,Over,Kamilla Cardoso,14.5,-113,2026-05-29T15:21:40Z,Chicago Sky,Minnesota Lynx
2026-05-29T15:21:56.045194+00:00,a18ed937c05534b4e774ee4e3faeceea,2026-05-29T23:30:00Z,fanduel,FanDuel,player_points,Under,Kamilla Cardoso,14.5,-115,2026-05-29T15:21:40Z,Chicago Sky,Minnesota Lynx
2026-05-29T15:21:56.045194+00:00,a18ed937c05534b4e774ee4e3faeceea,2026-05-29T23:30:00Z,fanduel,FanDuel,player_points,Over,Olivia Miles,14.5,-110,2026-05-29T15:21:40Z,Chicago Sky,Minnesota Lynx
2026-05-29T15:21:56.045194+00:00,a18ed937c05534b4e774ee4e3faeceea,2026-05-29T23:30:00Z,fanduel,FanDuel,player_points,Under,Olivia Miles,14.5,-118,2026-05-29T15:21:40Z,Chicago Sky,Minnesota Lynx
2026-05-29T15:21:56.045194+00:00,a18ed937c05534b4e774ee4e3faeceea,2026-05-29T23:30:00Z,fanduel,FanDuel,player_points,Over,Skylar Diggins-Smith,16.5,-113,2026-05-29T15:21:40Z,Chicago Sky,Minnesota Lynx
2026-05-29T15:21:56.045194+00:00,a18ed937c05534b4e774ee4e3faeceea,2026-05-29T23:30:00Z,fanduel,FanDuel,player_points,Under,Skylar Diggins-Smith,16.5,-118,2026-05-29T15:21:40Z,Chicago Sky,Minnesota Lynx
2026-05-29T15:21:56.045194+00:00,a18ed937c05534b4e774ee4e3faeceea,2026-05-29T23:30:00Z,fanduel,FanDuel,player_points,Over,Courtney Williams,15.5,-113,2026-05-29T15:21:40Z,Chicago Sky,Minnesota Lynx
2026-05-29T15:21:56.045194+00:00,a18ed937c05534b4e774ee4e3faeceea,2026-05-29T23:30:00Z,fanduel,FanDuel,player_points,Under,Courtney Williams,15.5,-115,2026-05-29T15:21:40Z,Chicago Sky,Minnesota Lynx
2026-05-29T15:21:56.045194+00:00,a18ed937c05534b4e774ee4e3faeceea,2026-05-29T23:30:00Z,fanduel,FanDuel,player_points_assists,Over,Courtney Williams,19.5,-118,2026-05-29T15:21:40Z,Chicago Sky,Minnesota Lynx
2026-05-29T15:21:56.045194+00:00,a18ed937c05534b4e774ee4e3faeceea,2026-05-29T23:30:00Z,fanduel,FanDuel,player_points_assists,Under,Courtney Williams,19.5,-112,2026-05-29T15:21:40Z,Chicago Sky,Minnesota Lynx
2026-05-29T15:21:56.045194+00:00,a18ed937c05534b4e774ee4e3faeceea,2026-05-29T23:30:00Z,fanduel,FanDuel,player_points_assists,Over,Skylar Diggins-Smith,23.5,-104,2026-05-29T15:21:40Z,Chicago Sky,Minnesota Lynx
2026-05-29T15:21:56.045194+00:00,a18ed937c05534b4e774ee4e3faeceea,2026-05-29T23:30:00Z,fanduel,FanDuel,player_points_assists,Under,Skylar Diggins-Smith,23.5,-128,2026-05-29T15:21:40Z,Chicago Sky,Minnesota Lynx
2026-05-29T15:21:56.045194+00:00,a18ed937c05534b4e774ee4e3faeceea,2026-05-29T23:30:00Z,fanduel,FanDuel,player_points_assists,Over,Natasha Cloud,16.5,-112,2026-05-29T15:21:40Z,Chicago Sky,Minnesota Lynx
2026-05-29T15:21:56.045194+00:00,a18ed937c05534b4e774ee4e3faeceea,2026-05-29T23:30:00Z,fanduel,FanDuel,player_points_assists,Under,Natasha Cloud,16.5,-118,2026-05-29T15:21:40Z,Chicago Sky,Minnesota Lynx
2026-05-29T15:21:56.045194+00:00,a18ed937c05534b4e774ee4e3faeceea,2026-05-29T23:30:00Z,fanduel,FanDuel,player_points_assists,Over,Olivia Miles,20.5,-102,2026-05-29T15:21:40Z,Chicago Sky,Minnesota Lynx
2026-05-29T15:21:56.045194+00:00,a18ed937c05534b4e774ee4e3faeceea,2026-05-29T23:30:00Z,fanduel,FanDuel,player_points_assists,Under,Olivia Miles,20.5,-130,2026-05-29T15:21:40Z,Chicago Sky,Minnesota Lynx
2026-05-29T15:21:56.045194+00:00,a18ed937c05534b4e774ee4e3faeceea,2026-05-29T23:30:00Z,fanduel,FanDuel,player_points_rebounds,Over,Kamilla Cardoso,23.5,-110,2026-05-29T15:21:40Z,Chicago Sky,Minnesota Lynx
2026-05-29T15:21:56.045194+00:00,a18ed937c05534b4e774ee4e3faeceea,2026-05-29T23:30:00Z,fanduel,FanDuel,player_points_rebounds,Under,Kamilla Cardoso,23.5,-120,2026-05-29T15:21:40Z,Chicago Sky,Minnesota Lynx
2026-05-29T15:21:56.045194+00:00,a18ed937c05534b4e774ee4e3faeceea,2026-05-29T23:30:00Z,fanduel,FanDuel,player_points_rebounds,Over,Skylar Diggins-Smith,19.5,-125,2026-05-29T15:21:40Z,Chicago Sky,Minnesota Lynx
2026-05-29T15:21:56.045194+00:00,a18ed937c05534b4e774ee4e3faeceea,2026-05-29T23:30:00Z,fanduel,FanDuel,player_points_rebounds,Under,Skylar Diggins-Smith,19.5,-106,2026-05-29T15:21:40Z,Chicago Sky,Minnesota Lynx
2026-05-29T15:21:56.045194+00:00,a18ed937c05534b4e774ee4e3faeceea,2026-05-29T23:30:00Z,fanduel,FanDuel,player_points_rebounds,Over,Kayla McBride,17.5,100,2026-05-29T15:21:40Z,Chicago Sky,Minnesota Lynx
2026-05-29T15:21:56.045194+00:00,a18ed937c05534b4e774ee4e3faeceea,2026-05-29T23:30:00Z,fanduel,FanDuel,player_points_rebounds,Under,Kayla McBride,17.5,-132,2026-05-29T15:21:40Z,Chicago Sky,Minnesota Lynx
2026-05-29T15:21:56.045194+00:00,a18ed937c05534b4e774ee4e3faeceea,2026-05-29T23:30:00Z,fanduel,FanDuel,player_points_rebounds,Over,Courtney Williams,20.5,-128,2026-05-29T15:21:40Z,Chicago Sky,Minnesota Lynx
2026-05-29T15:21:56.045194+00:00,a18ed937c05534b4e774ee4e3faeceea,2026-05-29T23:30:00Z,fanduel,FanDuel,player_points_rebounds,Under,Courtney Williams,20.5,-104,2026-05-29T15:21:40Z,Chicago Sky,Minnesota Lynx
2026-05-29T15:21:56.045194+00:00,a18ed937c05534b4e774ee4e3faeceea,2026-05-29T23:30:00Z,fanduel,FanDuel,player_points_rebounds,Over,Natasha Cloud,14.5,-132,2026-05-29T15:21:40Z,Chicago Sky,Minnesota Lynx
2026-05-29T15:21:56.045194+00:00,a18ed937c05534b4e774ee4e3faeceea,2026-05-29T23:30:00Z,fanduel,FanDuel,player_points_rebounds,Under,Natasha Cloud,14.5,100,2026-05-29T15:21:40Z,Chicago Sky,Minnesota Lynx
2026-05-29T15:21:56.045194+00:00,a18ed937c05534b4e774ee4e3faeceea,2026-05-29T23:30:00Z,fanduel,FanDuel,player_points_rebounds,Over,Olivia Miles,19.5,-104,2026-05-29T15:21:40Z,Chicago Sky,Minnesota Lynx
2026-05-29T15:21:56.045194+00:00,a18ed937c05534b4e774ee4e3faeceea,2026-05-29T23:30:00Z,fanduel,FanDuel,player_points_rebounds,Under,Olivia Miles,19.5,-128,2026-05-29T15:21:40Z,Chicago Sky,Minnesota Lynx
2026-05-29T15:21:56.045194+00:00,a18ed937c05534b4e774ee4e3faeceea,2026-05-29T23:30:00Z,fanduel,FanDuel,player_points_rebounds_assists,Over,Natasha Cloud,20.5,-114,2026-05-29T15:21:40Z,Chicago Sky,Minnesota Lynx
2026-05-29T15:21:56.045194+00:00,a18ed937c05534b4e774ee4e3faeceea,2026-05-29T23:30:00Z,fanduel,FanDuel,player_points_rebounds_assists,Under,Natasha Cloud,20.5,-114,2026-05-29T15:21:40Z,Chicago Sky,Minnesota Lynx
2026-05-29T15:21:56.045194+00:00,a18ed937c05534b4e774ee4e3faeceea,2026-05-29T23:30:00Z,fanduel,FanDuel,player_points_rebounds_assists,Over,Natasha Howard,27.5,-102,2026-05-29T15:21:40Z,Chicago Sky,Minnesota Lynx
2026-05-29T15:21:56.045194+00:00,a18ed937c05534b4e774ee4e3faeceea,2026-05-29T23:30:00Z,fanduel,FanDuel,player_points_rebounds_assists,Under,Natasha Howard,27.5,-130,2026-05-29T15:21:40Z,Chicago Sky,Minnesota Lynx
2026-05-29T15:21:56.045194+00:00,a18ed937c05534b4e774ee4e3faeceea,2026-05-29T23:30:00Z,fanduel,FanDuel,player_points_rebounds_assists,Over,Courtney Williams,24.5,-130,2026-05-29T15:21:40Z,Chicago Sky,Minnesota Lynx
2026-05-29T15:21:56.045194+00:00,a18ed937c05534b4e774ee4e3faeceea,2026-05-29T23:30:00Z,fanduel,FanDuel,player_points_rebounds_assists,Under,Courtney Williams,24.5,-102,2026-05-29T15:21:40Z,Chicago Sky,Minnesota Lynx
2026-05-29T15:21:56.045194+00:00,a18ed937c05534b4e774ee4e3faeceea,2026-05-29T23:30:00Z,fanduel,FanDuel,player_points_rebounds_assists,Over,Olivia Miles,24.5,-130,2026-05-29T15:21:40Z,Chicago Sky,Minnesota Lynx
2026-05-29T15:21:56.045194+00:00,a18ed937c05534b4e774ee4e3faeceea,2026-05-29T23:30:00Z,fanduel,FanDuel,player_points_rebounds_assists,Under,Olivia Miles,24.5,-102,2026-05-29T15:21:40Z,Chicago Sky,Minnesota Lynx
2026-05-29T15:21:56.045194+00:00,a18ed937c05534b4e774ee4e3faeceea,2026-05-29T23:30:00Z,fanduel,FanDuel,player_points_rebounds_assists,Over,Skylar Diggins-Smith,26.5,-114,2026-05-29T15:21:40Z,Chicago Sky,Minnesota Lynx
2026-05-29T15:21:56.045194+00:00,a18ed937c05534b4e774ee4e3faeceea,2026-05-29T23:30:00Z,fanduel,FanDuel,player_points_rebounds_assists,Under,Skylar Diggins-Smith,26.5,-114,2026-05-29T15:21:40Z,Chicago Sky,Minnesota Lynx
2026-05-29T15:21:56.045194+00:00,a18ed937c05534b4e774ee4e3faeceea,2026-05-29T23:30:00Z,fanduel,FanDuel,player_rebounds,Over,Courtney Williams,5.5,110,2026-05-29T15:21:40Z,Chicago Sky,Minnesota Lynx
2026-05-29T15:21:56.045194+00:00,a18ed937c05534b4e774ee4e3faeceea,2026-05-29T23:30:00Z,fanduel,FanDuel,player_rebounds,Under,Courtney Williams,5.5,-146,2026-05-29T15:21:40Z,Chicago Sky,Minnesota Lynx
2026-05-29T15:21:56.045194+00:00,a18ed937c05534b4e774ee4e3faeceea,2026-05-29T23:30:00Z,fanduel,FanDuel,player_rebounds,Over,Kayla McBride,3.5,-125,2026-05-29T15:21:40Z,Chicago Sky,Minnesota Lynx
2026-05-29T15:21:56.045194+00:00,a18ed937c05534b4e774ee4e3faeceea,2026-05-29T23:30:00Z,fanduel,FanDuel,player_rebounds,Under,Kayla McBride,3.5,-106,2026-05-29T15:21:40Z,Chicago Sky,Minnesota Lynx
2026-05-29T15:21:56.045194+00:00,a18ed937c05534b4e774ee4e3faeceea,2026-05-29T23:30:00Z,fanduel,FanDuel,player_rebounds,Over,Natasha Cloud,3.5,-168,2026-05-29T15:21:40Z,Chicago Sky,Minnesota Lynx
2026-05-29T15:21:56.045194+00:00,a18ed937c05534b4e774ee4e3faeceea,2026-05-29T23:30:00Z,fanduel,FanDuel,player_rebounds,Under,Natasha Cloud,3.5,126,2026-05-29T15:21:40Z,Chicago Sky,Minnesota Lynx
2026-05-29T15:21:56.045194+00:00,a18ed937c05534b4e774ee4e3faeceea,2026-05-29T23:30:00Z,fanduel,FanDuel,player_rebounds,Over,Natasha Howard,7.5,-138,2026-05-29T15:21:40Z,Chicago Sky,Minnesota Lynx
2026-05-29T15:21:56.045194+00:00,a18ed937c05534b4e774ee4e3faeceea,2026-05-29T23:30:00Z,fanduel,FanDuel,player_rebounds,Under,Natasha Howard,7.5,104,2026-05-29T15:21:40Z,Chicago Sky,Minnesota Lynx
2026-05-29T15:21:56.045194+00:00,a18ed937c05534b4e774ee4e3faeceea,2026-05-29T23:30:00Z,fanduel,FanDuel,player_rebounds,Over,Kamilla Cardoso,8.5,-122,2026-05-29T15:21:40Z,Chicago Sky,Minnesota Lynx
2026-05-29T15:21:56.045194+00:00,a18ed937c05534b4e774ee4e3faeceea,2026-05-29T23:30:00Z,fanduel,FanDuel,player_rebounds,Under,Kamilla Cardoso,8.5,-108,2026-05-29T15:21:40Z,Chicago Sky,Minnesota Lynx
2026-05-29T15:21:56.045194+00:00,a18ed937c05534b4e774ee4e3faeceea,2026-05-29T23:30:00Z,fanduel,FanDuel,player_rebounds,Over,Olivia Miles,4.5,-125,2026-05-29T15:21:40Z,Chicago Sky,Minnesota Lynx
2026-05-29T15:21:56.045194+00:00,a18ed937c05534b4e774ee4e3faeceea,2026-05-29T23:30:00Z,fanduel,FanDuel,player_rebounds,Under,Olivia Miles,4.5,-106,2026-05-29T15:21:40Z,Chicago Sky,Minnesota Lynx
2026-05-29T15:21:56.045194+00:00,a18ed937c05534b4e774ee4e3faeceea,2026-05-29T23:30:00Z,fanduel,FanDuel,player_rebounds,Over,Skylar Diggins-Smith,3.5,114,2026-05-29T15:21:40Z,Chicago Sky,Minnesota Lynx
2026-05-29T15:21:56.045194+00:00,a18ed937c05534b4e774ee4e3faeceea,2026-05-29T23:30:00Z,fanduel,FanDuel,player_rebounds,Under,Skylar Diggins-Smith,3.5,-152,2026-05-29T15:21:40Z,Chicago Sky,Minnesota Lynx
2026-05-29T15:21:56.045194+00:00,a18ed937c05534b4e774ee4e3faeceea,2026-05-29T23:30:00Z,fanduel,FanDuel,player_rebounds_assists,Over,Skylar Diggins-Smith,9.5,-138,2026-05-29T15:21:40Z,Chicago Sky,Minnesota Lynx
2026-05-29T15:21:56.045194+00:00,a18ed937c05534b4e774ee4e3faeceea,2026-05-29T23:30:00Z,fanduel,FanDuel,player_rebounds_assists,Under,Skylar Diggins-Smith,9.5,104,2026-05-29T15:21:40Z,Chicago Sky,Minnesota Lynx
2026-05-29T15:21:56.045194+00:00,a18ed937c05534b4e774ee4e3faeceea,2026-05-29T23:30:00Z,fanduel,FanDuel,player_rebounds_assists,Over,Natasha Cloud,9.5,-114,2026-05-29T15:21:40Z,Chicago Sky,Minnesota Lynx
2026-05-29T15:21:56.045194+00:00,a18ed937c05534b4e774ee4e3faeceea,2026-05-29T23:30:00Z,fanduel,FanDuel,player_rebounds_assists,Under,Natasha Cloud,9.5,-114,2026-05-29T15:21:40Z,Chicago Sky,Minnesota Lynx
2026-05-29T15:21:56.045194+00:00,a18ed937c05534b4e774ee4e3faeceea,2026-05-29T23:30:00Z,fanduel,FanDuel,player_rebounds_assists,Over,Courtney Williams,9.5,-104,2026-05-29T15:21:40Z,Chicago Sky,Minnesota Lynx
2026-05-29T15:21:56.045194+00:00,a18ed937c05534b4e774ee4e3faeceea,2026-05-29T23:30:00Z,fanduel,FanDuel,player_rebounds_assists,Under,Courtney Williams,9.5,-128,2026-05-29T15:21:40Z,Chicago Sky,Minnesota Lynx
2026-05-29T15:21:56.045194+00:00,a18ed937c05534b4e774ee4e3faeceea,2026-05-29T23:30:00Z,fanduel,FanDuel,player_rebounds_assists,Over,Olivia Miles,10.5,-102,2026-05-29T15:21:40Z,Chicago Sky,Minnesota Lynx
2026-05-29T15:21:56.045194+00:00,a18ed937c05534b4e774ee4e3faeceea,2026-05-29T23:30:00Z,fanduel,FanDuel,player_rebounds_assists,Under,Olivia Miles,10.5,-130,2026-05-29T15:21:40Z,Chicago Sky,Minnesota Lynx
2026-05-29T15:21:56.045194+00:00,a18ed937c05534b4e774ee4e3faeceea,2026-05-29T23:30:00Z,fanduel,FanDuel,player_threes,Over,Skylar Diggins-Smith,1.5,136,2026-05-29T15:21:40Z,Chicago Sky,Minnesota Lynx
2026-05-29T15:21:56.045194+00:00,a18ed937c05534b4e774ee4e3faeceea,2026-05-29T23:30:00Z,fanduel,FanDuel,player_threes,Under,Skylar Diggins-Smith,1.5,-182,2026-05-29T15:21:40Z,Chicago Sky,Minnesota Lynx
2026-05-29T15:21:56.045194+00:00,a18ed937c05534b4e774ee4e3faeceea,2026-05-29T23:30:00Z,fanduel,FanDuel,player_threes,Over,Kayla McBride,1.5,-198,2026-05-29T15:21:40Z,Chicago Sky,Minnesota Lynx
2026-05-29T15:21:56.045194+00:00,a18ed937c05534b4e774ee4e3faeceea,2026-05-29T23:30:00Z,fanduel,FanDuel,player_threes,Under,Kayla McBride,1.5,146,2026-05-29T15:21:40Z,Chicago Sky,Minnesota Lynx
2026-05-29T15:21:56.045194+00:00,a18ed937c05534b4e774ee4e3faeceea,2026-05-29T23:30:00Z,fanduel,FanDuel,player_threes,Over,Courtney Williams,1.5,102,2026-05-29T15:21:40Z,Chicago Sky,Minnesota Lynx
2026-05-29T15:21:56.045194+00:00,a18ed937c05534b4e774ee4e3faeceea,2026-05-29T23:30:00Z,fanduel,FanDuel,player_threes,Under,Courtney Williams,1.5,-136,2026-05-29T15:21:40Z,Chicago Sky,Minnesota Lynx
2026-05-29T15:21:56.045194+00:00,a18ed937c05534b4e774ee4e3faeceea,2026-05-29T23:30:00Z,draftkings,DraftKings,player_assists,Over,Skylar Diggins-Smith,6.5,103,2026-05-29T15:21:29Z,Chicago Sky,Minnesota Lynx
2026-05-29T15:21:56.045194+00:00,a18ed937c05534b4e774ee4e3faeceea,2026-05-29T23:30:00Z,draftkings,DraftKings,player_assists,Under,Skylar Diggins-Smith,6.5,-140,2026-05-29T15:21:29Z,Chicago Sky,Minnesota Lynx
2026-05-29T15:21:56.045194+00:00,a18ed937c05534b4e774ee4e3faeceea,2026-05-29T23:30:00Z,draftkings,DraftKings,player_assists,Over,Olivia Miles,5.5,-126,2026-05-29T15:21:29Z,Chicago Sky,Minnesota Lynx
2026-05-29T15:21:56.045194+00:00,a18ed937c05534b4e774ee4e3faeceea,2026-05-29T23:30:00Z,draftkings,DraftKings,player_assists,Under,Olivia Miles,5.5,-107,2026-05-29T15:21:29Z,Chicago Sky,Minnesota Lynx
2026-05-29T15:21:56.045194+00:00,a18ed937c05534b4e774ee4e3faeceea,2026-05-29T23:30:00Z,draftkings,DraftKings,player_assists,Over,Natasha Cloud,5.5,108,2026-05-29T15:21:29Z,Chicago Sky,Minnesota Lynx
2026-05-29T15:21:56.045194+00:00,a18ed937c05534b4e774ee4e3faeceea,2026-05-29T23:30:00Z,draftkings,DraftKings,player_assists,Under,Natasha Cloud,5.5,-147,2026-05-29T15:21:29Z,Chicago Sky,Minnesota Lynx
2026-05-29T15:21:56.045194+00:00,a18ed937c05534b4e774ee4e3faeceea,2026-05-29T23:30:00Z,draftkings,DraftKings,player_assists,Over,Courtney Williams,3.5,-151,2026-05-29T15:21:29Z,Chicago Sky,Minnesota Lynx
2026-05-29T15:21:56.045194+00:00,a18ed937c05534b4e774ee4e3faeceea,2026-05-29T23:30:00Z,draftkings,DraftKings,player_assists,Under,Courtney Williams,3.5,111,2026-05-29T15:21:29Z,Chicago Sky,Minnesota Lynx
2026-05-29T15:21:56.045194+00:00,a18ed937c05534b4e774ee4e3faeceea,2026-05-29T23:30:00Z,draftkings,DraftKings,player_assists,Over,Natasha Howard,2.5,-155,2026-05-29T15:21:29Z,Chicago Sky,Minnesota Lynx
2026-05-29T15:21:56.045194+00:00,a18ed937c05534b4e774ee4e3faeceea,2026-05-29T23:30:00Z,draftkings,DraftKings,player_assists,Under,Natasha Howard,2.5,113,2026-05-29T15:21:29Z,Chicago Sky,Minnesota Lynx
2026-05-29T15:21:56.045194+00:00,a18ed937c05534b4e774ee4e3faeceea,2026-05-29T23:30:00Z,draftkings,DraftKings,player_double_double,Yes,Kamilla Cardoso,,166,2026-05-29T15:21:29Z,Chicago Sky,Minnesota Lynx
2026-05-29T15:21:56.045194+00:00,a18ed937c05534b4e774ee4e3faeceea,2026-05-29T23:30:00Z,draftkings,DraftKings,player_double_double,Yes,Natasha Howard,,269,2026-05-29T15:21:29Z,Chicago Sky,Minnesota Lynx
2026-05-29T15:21:56.045194+00:00,a18ed937c05534b4e774ee4e3faeceea,2026-05-29T23:30:00Z,draftkings,DraftKings,player_double_double,Yes,Skylar Diggins-Smith,,477,2026-05-29T15:21:29Z,Chicago Sky,Minnesota Lynx
2026-05-29T15:21:56.045194+00:00,a18ed937c05534b4e774ee4e3faeceea,2026-05-29T23:30:00Z,draftkings,DraftKings,player_double_double,Yes,Olivia Miles,,720,2026-05-29T15:21:29Z,Chicago Sky,Minnesota Lynx
2026-05-29T15:21:56.045194+00:00,a18ed937c05534b4e774ee4e3faeceea,2026-05-29T23:30:00Z,draftkings,DraftKings,player_double_double,Yes,Natasha Cloud,,1240,2026-05-29T15:21:29Z,Chicago Sky,Minnesota Lynx
2026-05-29T15:21:56.045194+00:00,a18ed937c05534b4e774ee4e3faeceea,2026-05-29T23:30:00Z,draftkings,DraftKings,player_double_double,Yes,Courtney Williams,,1440,2026-05-29T15:21:29Z,Chicago Sky,Minnesota Lynx
2026-05-29T15:21:56.045194+00:00,a18ed937c05534b4e774ee4e3faeceea,2026-05-29T23:30:00Z,draftkings,DraftKings,player_points,Over,Skylar Diggins-Smith,16.5,-119,2026-05-29T15:21:29Z,Chicago Sky,Minnesota Lynx
2026-05-29T15:21:56.045194+00:00,a18ed937c05534b4e774ee4e3faeceea,2026-05-29T23:30:00Z,draftkings,DraftKings,player_points,Under,Skylar Diggins-Smith,16.5,-112,2026-05-29T15:21:29Z,Chicago Sky,Minnesota Lynx
2026-05-29T15:21:56.045194+00:00,a18ed937c05534b4e774ee4e3faeceea,2026-05-29T23:30:00Z,draftkings,DraftKings,player_points,Over,Natasha Howard,15.5,-131,2026-05-29T15:21:29Z,Chicago Sky,Minnesota Lynx
2026-05-29T15:21:56.045194+00:00,a18ed937c05534b4e774ee4e3faeceea,2026-05-29T23:30:00Z,draftkings,DraftKings,player_points,Under,Natasha Howard,15.5,-101,2026-05-29T15:21:29Z,Chicago Sky,Minnesota Lynx
2026-05-29T15:21:56.045194+00:00,a18ed937c05534b4e774ee4e3faeceea,2026-05-29T23:30:00Z,draftkings,DraftKings,player_points,Over,Courtney Williams,15.5,-120,2026-05-29T15:21:29Z,Chicago Sky,Minnesota Lynx
2026-05-29T15:21:56.045194+00:00,a18ed937c05534b4e774ee4e3faeceea,2026-05-29T23:30:00Z,draftkings,DraftKings,player_points,Under,Courtney Williams,15.5,-111,2026-05-29T15:21:29Z,Chicago Sky,Minnesota Lynx
2026-05-29T15:21:56.045194+00:00,a18ed937c05534b4e774ee4e3faeceea,2026-05-29T23:30:00Z,draftkings,DraftKings,player_points,Over,Kamilla Cardoso,14.5,-128,2026-05-29T15:21:29Z,Chicago Sky,Minnesota Lynx
2026-05-29T15:21:56.045194+00:00,a18ed937c05534b4e774ee4e3faeceea,2026-05-29T23:30:00Z,draftkings,DraftKings,player_points,Under,Kamilla Cardoso,14.5,-104,2026-05-29T15:21:29Z,Chicago Sky,Minnesota Lynx
2026-05-29T15:21:56.045194+00:00,a18ed937c05534b4e774ee4e3faeceea,2026-05-29T23:30:00Z,draftkings,DraftKings,player_points,Over,Olivia Miles,14.5,-119,2026-05-29T15:21:29Z,Chicago Sky,Minnesota Lynx
2026-05-29T15:21:56.045194+00:00,a18ed937c05534b4e774ee4e3faeceea,2026-05-29T23:30:00Z,draftkings,DraftKings,player_points,Under,Olivia Miles,14.5,-111,2026-05-29T15:21:29Z,Chicago Sky,Minnesota Lynx
2026-05-29T15:21:56.045194+00:00,a18ed937c05534b4e774ee4e3faeceea,2026-05-29T23:30:00Z,draftkings,DraftKings,player_points,Over,Kayla McBride,13.5,-114,2026-05-29T15:21:29Z,Chicago Sky,Minnesota Lynx
2026-05-29T15:21:56.045194+00:00,a18ed937c05534b4e774ee4e3faeceea,2026-05-29T23:30:00Z,draftkings,DraftKings,player_points,Under,Kayla McBride,13.5,-116,2026-05-29T15:21:29Z,Chicago Sky,Minnesota Lynx
2026-05-29T15:21:56.045194+00:00,a18ed937c05534b4e774ee4e3faeceea,2026-05-29T23:30:00Z,draftkings,DraftKings,player_points,Over,Natasha Cloud,11.5,-107,2026-05-29T15:21:29Z,Chicago Sky,Minnesota Lynx
2026-05-29T15:21:56.045194+00:00,a18ed937c05534b4e774ee4e3faeceea,2026-05-29T23:30:00Z,draftkings,DraftKings,player_points,Under,Natasha Cloud,11.5,-124,2026-05-29T15:21:29Z,Chicago Sky,Minnesota Lynx
2026-05-29T15:21:56.045194+00:00,a18ed937c05534b4e774ee4e3faeceea,2026-05-29T23:30:00Z,draftkings,DraftKings,player_points_assists,Over,Skylar Diggins-Smith,23.5,-108,2026-05-29T15:21:29Z,Chicago Sky,Minnesota Lynx
2026-05-29T15:21:56.045194+00:00,a18ed937c05534b4e774ee4e3faeceea,2026-05-29T23:30:00Z,draftkings,DraftKings,player_points_assists,Under,Skylar Diggins-Smith,23.5,-125,2026-05-29T15:21:29Z,Chicago Sky,Minnesota Lynx
2026-05-29T15:21:56.045194+00:00,a18ed937c05534b4e774ee4e3faeceea,2026-05-29T23:30:00Z,draftkings,DraftKings,player_points_assists,Over,Olivia Miles,20.5,-113,2026-05-29T15:21:29Z,Chicago Sky,Minnesota Lynx
2026-05-29T15:21:56.045194+00:00,a18ed937c05534b4e774ee4e3faeceea,2026-05-29T23:30:00Z,draftkings,DraftKings,player_points_assists,Under,Olivia Miles,20.5,-120,2026-05-29T15:21:29Z,Chicago Sky,Minnesota Lynx
2026-05-29T15:21:56.045194+00:00,a18ed937c05534b4e774ee4e3faeceea,2026-05-29T23:30:00Z,draftkings,DraftKings,player_points_assists,Over,Courtney Williams,19.5,-124,2026-05-29T15:21:29Z,Chicago Sky,Minnesota Lynx
2026-05-29T15:21:56.045194+00:00,a18ed937c05534b4e774ee4e3faeceea,2026-05-29T23:30:00Z,draftkings,DraftKings,player_points_assists,Under,Courtney Williams,19.5,-109,2026-05-29T15:21:29Z,Chicago Sky,Minnesota Lynx
2026-05-29T15:21:56.045194+00:00,a18ed937c05534b4e774ee4e3faeceea,2026-05-29T23:30:00Z,draftkings,DraftKings,player_points_assists,Over,Natasha Howard,18.5,-132,2026-05-29T15:21:29Z,Chicago Sky,Minnesota Lynx
2026-05-29T15:21:56.045194+00:00,a18ed937c05534b4e774ee4e3faeceea,2026-05-29T23:30:00Z,draftkings,DraftKings,player_points_assists,Under,Natasha Howard,18.5,-103,2026-05-29T15:21:29Z,Chicago Sky,Minnesota Lynx
2026-05-29T15:21:56.045194+00:00,a18ed937c05534b4e774ee4e3faeceea,2026-05-29T23:30:00Z,draftkings,DraftKings,player_points_assists,Over,Natasha Cloud,16.5,-123,2026-05-29T15:21:29Z,Chicago Sky,Minnesota Lynx
2026-05-29T15:21:56.045194+00:00,a18ed937c05534b4e774ee4e3faeceea,2026-05-29T23:30:00Z,draftkings,DraftKings,player_points_assists,Under,Natasha Cloud,16.5,-111,2026-05-29T15:21:29Z,Chicago Sky,Minnesota Lynx
2026-05-29T15:21:56.045194+00:00,a18ed937c05534b4e774ee4e3faeceea,2026-05-29T23:30:00Z,draftkings,DraftKings,player_points_rebounds,Over,Natasha Howard,23.5,-124,2026-05-29T15:21:29Z,Chicago Sky,Minnesota Lynx
2026-05-29T15:21:56.045194+00:00,a18ed937c05534b4e774ee4e3faeceea,2026-05-29T23:30:00Z,draftkings,DraftKings,player_points_rebounds,Under,Natasha Howard,23.5,-110,2026-05-29T15:21:29Z,Chicago Sky,Minnesota Lynx
2026-05-29T15:21:56.045194+00:00,a18ed937c05534b4e774ee4e3faeceea,2026-05-29T23:30:00Z,draftkings,DraftKings,player_points_rebounds,Over,Kamilla Cardoso,23.5,-121,2026-05-29T15:21:29Z,Chicago Sky,Minnesota Lynx
2026-05-29T15:21:56.045194+00:00,a18ed937c05534b4e774ee4e3faeceea,2026-05-29T23:30:00Z,draftkings,DraftKings,player_points_rebounds,Under,Kamilla Cardoso,23.5,-112,2026-05-29T15:21:29Z,Chicago Sky,Minnesota Lynx
2026-05-29T15:21:56.045194+00:00,a18ed937c05534b4e774ee4e3faeceea,2026-05-29T23:30:00Z,draftkings,DraftKings,player_points_rebounds,Over,Courtney Williams,20.5,-123,2026-05-29T15:21:29Z,Chicago Sky,Minnesota Lynx
2026-05-29T15:21:56.045194+00:00,a18ed937c05534b4e774ee4e3faeceea,2026-05-29T23:30:00Z,draftkings,DraftKings,player_points_rebounds,Under,Courtney Williams,20.5,-111,2026-05-29T15:21:29Z,Chicago Sky,Minnesota Lynx
2026-05-29T15:21:56.045194+00:00,a18ed937c05534b4e774ee4e3faeceea,2026-05-29T23:30:00Z,draftkings,DraftKings,player_points_rebounds,Over,Skylar Diggins-Smith,20.5,-108,2026-05-29T15:21:29Z,Chicago Sky,Minnesota Lynx
2026-05-29T15:21:56.045194+00:00,a18ed937c05534b4e774ee4e3faeceea,2026-05-29T23:30:00Z,draftkings,DraftKings,player_points_rebounds,Under,Skylar Diggins-Smith,20.5,-125,2026-05-29T15:21:29Z,Chicago Sky,Minnesota Lynx
2026-05-29T15:21:56.045194+00:00,a18ed937c05534b4e774ee4e3faeceea,2026-05-29T23:30:00Z,draftkings,DraftKings,player_points_rebounds,Over,Olivia Miles,19.5,-113,2026-05-29T15:21:29Z,Chicago Sky,Minnesota Lynx
2026-05-29T15:21:56.045194+00:00,a18ed937c05534b4e774ee4e3faeceea,2026-05-29T23:30:00Z,draftkings,DraftKings,player_points_rebounds,Under,Olivia Miles,19.5,-120,2026-05-29T15:21:29Z,Chicago Sky,Minnesota Lynx
2026-05-29T15:21:56.045194+00:00,a18ed937c05534b4e774ee4e3faeceea,2026-05-29T23:30:00Z,draftkings,DraftKings,player_points_rebounds,Over,Kayla McBride,17.5,-106,2026-05-29T15:21:29Z,Chicago Sky,Minnesota Lynx
2026-05-29T15:21:56.045194+00:00,a18ed937c05534b4e774ee4e3faeceea,2026-05-29T23:30:00Z,draftkings,DraftKings,player_points_rebounds,Under,Kayla McBride,17.5,-128,2026-05-29T15:21:29Z,Chicago Sky,Minnesota Lynx
2026-05-29T15:21:56.045194+00:00,a18ed937c05534b4e774ee4e3faeceea,2026-05-29T23:30:00Z,draftkings,DraftKings,player_points_rebounds,Over,Natasha Cloud,15.5,-114,2026-05-29T15:21:29Z,Chicago Sky,Minnesota Lynx
2026-05-29T15:21:56.045194+00:00,a18ed937c05534b4e774ee4e3faeceea,2026-05-29T23:30:00Z,draftkings,DraftKings,player_points_rebounds,Under,Natasha Cloud,15.5,-119,2026-05-29T15:21:29Z,Chicago Sky,Minnesota Lynx
2026-05-29T15:21:56.045194+00:00,a18ed937c05534b4e774ee4e3faeceea,2026-05-29T23:30:00Z,draftkings,DraftKings,player_points_rebounds_assists,Over,Skylar Diggins-Smith,26.5,-124,2026-05-29T15:21:29Z,Chicago Sky,Minnesota Lynx
2026-05-29T15:21:56.045194+00:00,a18ed937c05534b4e774ee4e3faeceea,2026-05-29T23:30:00Z,draftkings,DraftKings,player_points_rebounds_assists,Under,Skylar Diggins-Smith,26.5,-110,2026-05-29T15:21:29Z,Chicago Sky,Minnesota Lynx
2026-05-29T15:21:56.045194+00:00,a18ed937c05534b4e774ee4e3faeceea,2026-05-29T23:30:00Z,draftkings,DraftKings,player_points_rebounds_assists,Over,Natasha Howard,26.5,-123,2026-05-29T15:21:29Z,Chicago Sky,Minnesota Lynx
2026-05-29T15:21:56.045194+00:00,a18ed937c05534b4e774ee4e3faeceea,2026-05-29T23:30:00Z,draftkings,DraftKings,player_points_rebounds_assists,Under,Natasha Howard,26.5,-110,2026-05-29T15:21:29Z,Chicago Sky,Minnesota Lynx
2026-05-29T15:21:56.045194+00:00,a18ed937c05534b4e774ee4e3faeceea,2026-05-29T23:30:00Z,draftkings,DraftKings,player_points_rebounds_assists,Over,Olivia Miles,25.5,-112,2026-05-29T15:21:29Z,Chicago Sky,Minnesota Lynx
2026-05-29T15:21:56.045194+00:00,a18ed937c05534b4e774ee4e3faeceea,2026-05-29T23:30:00Z,draftkings,DraftKings,player_points_rebounds_assists,Under,Olivia Miles,25.5,-121,2026-05-29T15:21:29Z,Chicago Sky,Minnesota Lynx
2026-05-29T15:21:56.045194+00:00,a18ed937c05534b4e774ee4e3faeceea,2026-05-29T23:30:00Z,draftkings,DraftKings,player_points_rebounds_assists,Over,Courtney Williams,24.5,-125,2026-05-29T15:21:29Z,Chicago Sky,Minnesota Lynx
2026-05-29T15:21:56.045194+00:00,a18ed937c05534b4e774ee4e3faeceea,2026-05-29T23:30:00Z,draftkings,DraftKings,player_points_rebounds_assists,Under,Courtney Williams,24.5,-109,2026-05-29T15:21:29Z,Chicago Sky,Minnesota Lynx
2026-05-29T15:21:56.045194+00:00,a18ed937c05534b4e774ee4e3faeceea,2026-05-29T23:30:00Z,draftkings,DraftKings,player_points_rebounds_assists,Over,Natasha Cloud,20.5,-124,2026-05-29T15:21:29Z,Chicago Sky,Minnesota Lynx
2026-05-29T15:21:56.045194+00:00,a18ed937c05534b4e774ee4e3faeceea,2026-05-29T23:30:00Z,draftkings,DraftKings,player_points_rebounds_assists,Under,Natasha Cloud,20.5,-110,2026-05-29T15:21:29Z,Chicago Sky,Minnesota Lynx
2026-05-29T15:21:56.045194+00:00,a18ed937c05534b4e774ee4e3faeceea,2026-05-29T23:30:00Z,draftkings,DraftKings,player_rebounds,Over,Kamilla Cardoso,8.5,-117,2026-05-29T15:21:23Z,Chicago Sky,Minnesota Lynx
2026-05-29T15:21:56.045194+00:00,a18ed937c05534b4e774ee4e3faeceea,2026-05-29T23:30:00Z,draftkings,DraftKings,player_rebounds,Under,Kamilla Cardoso,8.5,-116,2026-05-29T15:21:23Z,Chicago Sky,Minnesota Lynx
2026-05-29T15:21:56.045194+00:00,a18ed937c05534b4e774ee4e3faeceea,2026-05-29T23:30:00Z,draftkings,DraftKings,player_rebounds,Over,Natasha Howard,7.5,-120,2026-05-29T15:21:23Z,Chicago Sky,Minnesota Lynx
2026-05-29T15:21:56.045194+00:00,a18ed937c05534b4e774ee4e3faeceea,2026-05-29T23:30:00Z,draftkings,DraftKings,player_rebounds,Under,Natasha Howard,7.5,-113,2026-05-29T15:21:23Z,Chicago Sky,Minnesota Lynx
2026-05-29T15:21:56.045194+00:00,a18ed937c05534b4e774ee4e3faeceea,2026-05-29T23:30:00Z,draftkings,DraftKings,player_rebounds,Over,Courtney Williams,4.5,-149,2026-05-29T15:21:23Z,Chicago Sky,Minnesota Lynx
2026-05-29T15:21:56.045194+00:00,a18ed937c05534b4e774ee4e3faeceea,2026-05-29T23:30:00Z,draftkings,DraftKings,player_rebounds,Under,Courtney Williams,4.5,109,2026-05-29T15:21:23Z,Chicago Sky,Minnesota Lynx
2026-05-29T15:21:56.045194+00:00,a18ed937c05534b4e774ee4e3faeceea,2026-05-29T23:30:00Z,draftkings,DraftKings,player_rebounds,Over,Olivia Miles,4.5,-127,2026-05-29T15:21:23Z,Chicago Sky,Minnesota Lynx
2026-05-29T15:21:56.045194+00:00,a18ed937c05534b4e774ee4e3faeceea,2026-05-29T23:30:00Z,draftkings,DraftKings,player_rebounds,Under,Olivia Miles,4.5,-107,2026-05-29T15:21:23Z,Chicago Sky,Minnesota Lynx
2026-05-29T15:21:56.045194+00:00,a18ed937c05534b4e774ee4e3faeceea,2026-05-29T23:30:00Z,draftkings,DraftKings,player_rebounds,Over,Natasha Cloud,3.5,-163,2026-05-29T15:21:23Z,Chicago Sky,Minnesota Lynx
2026-05-29T15:21:56.045194+00:00,a18ed937c05534b4e774ee4e3faeceea,2026-05-29T23:30:00Z,draftkings,DraftKings,player_rebounds,Under,Natasha Cloud,3.5,119,2026-05-29T15:21:23Z,Chicago Sky,Minnesota Lynx
2026-05-29T15:21:56.045194+00:00,a18ed937c05534b4e774ee4e3faeceea,2026-05-29T23:30:00Z,draftkings,DraftKings,player_rebounds,Over,Kayla McBride,3.5,-125,2026-05-29T15:21:23Z,Chicago Sky,Minnesota Lynx
2026-05-29T15:21:56.045194+00:00,a18ed937c05534b4e774ee4e3faeceea,2026-05-29T23:30:00Z,draftkings,DraftKings,player_rebounds,Under,Kayla McBride,3.5,-109,2026-05-29T15:21:23Z,Chicago Sky,Minnesota Lynx
2026-05-29T15:21:56.045194+00:00,a18ed937c05534b4e774ee4e3faeceea,2026-05-29T23:30:00Z,draftkings,DraftKings,player_rebounds,Over,Skylar Diggins-Smith,3.5,100,2026-05-29T15:21:23Z,Chicago Sky,Minnesota Lynx
2026-05-29T15:21:56.045194+00:00,a18ed937c05534b4e774ee4e3faeceea,2026-05-29T23:30:00Z,draftkings,DraftKings,player_rebounds,Under,Skylar Diggins-Smith,3.5,-137,2026-05-29T15:21:23Z,Chicago Sky,Minnesota Lynx
2026-05-29T15:21:56.045194+00:00,a18ed937c05534b4e774ee4e3faeceea,2026-05-29T23:30:00Z,draftkings,DraftKings,player_rebounds_assists,Over,Natasha Howard,10.5,-118,2026-05-29T15:21:29Z,Chicago Sky,Minnesota Lynx
2026-05-29T15:21:56.045194+00:00,a18ed937c05534b4e774ee4e3faeceea,2026-05-29T23:30:00Z,draftkings,DraftKings,player_rebounds_assists,Under,Natasha Howard,10.5,-115,2026-05-29T15:21:29Z,Chicago Sky,Minnesota Lynx
2026-05-29T15:21:56.045194+00:00,a18ed937c05534b4e774ee4e3faeceea,2026-05-29T23:30:00Z,draftkings,DraftKings,player_rebounds_assists,Over,Olivia Miles,10.5,-114,2026-05-29T15:21:29Z,Chicago Sky,Minnesota Lynx
2026-05-29T15:21:56.045194+00:00,a18ed937c05534b4e774ee4e3faeceea,2026-05-29T23:30:00Z,draftkings,DraftKings,player_rebounds_assists,Under,Olivia Miles,10.5,-119,2026-05-29T15:21:29Z,Chicago Sky,Minnesota Lynx
2026-05-29T15:21:56.045194+00:00,a18ed937c05534b4e774ee4e3faeceea,2026-05-29T23:30:00Z,draftkings,DraftKings,player_rebounds_assists,Over,Skylar Diggins-Smith,9.5,-129,2026-05-29T15:21:29Z,Chicago Sky,Minnesota Lynx
2026-05-29T15:21:56.045194+00:00,a18ed937c05534b4e774ee4e3faeceea,2026-05-29T23:30:00Z,draftkings,DraftKings,player_rebounds_assists,Under,Skylar Diggins-Smith,9.5,-106,2026-05-29T15:21:29Z,Chicago Sky,Minnesota Lynx
2026-05-29T15:21:56.045194+00:00,a18ed937c05534b4e774ee4e3faeceea,2026-05-29T23:30:00Z,draftkings,DraftKings,player_rebounds_assists,Over,Natasha Cloud,9.5,-105,2026-05-29T15:21:29Z,Chicago Sky,Minnesota Lynx
2026-05-29T15:21:56.045194+00:00,a18ed937c05534b4e774ee4e3faeceea,2026-05-29T23:30:00Z,draftkings,DraftKings,player_rebounds_assists,Under,Natasha Cloud,9.5,-130,2026-05-29T15:21:29Z,Chicago Sky,Minnesota Lynx
2026-05-29T15:21:56.045194+00:00,a18ed937c05534b4e774ee4e3faeceea,2026-05-29T23:30:00Z,draftkings,DraftKings,player_rebounds_assists,Over,Courtney Williams,8.5,-139,2026-05-29T15:21:29Z,Chicago Sky,Minnesota Lynx
2026-05-29T15:21:56.045194+00:00,a18ed937c05534b4e774ee4e3faeceea,2026-05-29T23:30:00Z,draftkings,DraftKings,player_rebounds_assists,Under,Courtney Williams,8.5,102,2026-05-29T15:21:29Z,Chicago Sky,Minnesota Lynx
2026-05-29T15:21:56.045194+00:00,a18ed937c05534b4e774ee4e3faeceea,2026-05-29T23:30:00Z,draftkings,DraftKings,player_threes,Over,Kayla McBride,1.5,-170,2026-05-29T15:21:29Z,Chicago Sky,Minnesota Lynx
2026-05-29T15:21:56.045194+00:00,a18ed937c05534b4e774ee4e3faeceea,2026-05-29T23:30:00Z,draftkings,DraftKings,player_threes,Under,Kayla McBride,1.5,125,2026-05-29T15:21:29Z,Chicago Sky,Minnesota Lynx
2026-05-29T15:21:56.045194+00:00,a18ed937c05534b4e774ee4e3faeceea,2026-05-29T23:30:00Z,draftkings,DraftKings,player_threes,Over,Courtney Williams,1.5,-119,2026-05-29T15:21:29Z,Chicago Sky,Minnesota Lynx
2026-05-29T15:21:56.045194+00:00,a18ed937c05534b4e774ee4e3faeceea,2026-05-29T23:30:00Z,draftkings,DraftKings,player_threes,Under,Courtney Williams,1.5,-114,2026-05-29T15:21:29Z,Chicago Sky,Minnesota Lynx
2026-05-29T15:21:56.045194+00:00,a18ed937c05534b4e774ee4e3faeceea,2026-05-29T23:30:00Z,draftkings,DraftKings,player_threes,Over,Skylar Diggins-Smith,1.5,144,2026-05-29T15:21:29Z,Chicago Sky,Minnesota Lynx
2026-05-29T15:21:56.045194+00:00,a18ed937c05534b4e774ee4e3faeceea,2026-05-29T23:30:00Z,draftkings,DraftKings,player_threes,Under,Skylar Diggins-Smith,1.5,-198,2026-05-29T15:21:29Z,Chicago Sky,Minnesota Lynx
2026-05-29T15:21:56.045194+00:00,8b2e6e0456fc4ae559c9049c98f3794f,2026-05-29T23:30:00Z,fanduel,FanDuel,player_assists,Over,Nneka Ogwumike,2.5,124,2026-05-29T15:20:36Z,Washington Mystics,Los Angeles Sparks
2026-05-29T15:21:56.045194+00:00,8b2e6e0456fc4ae559c9049c98f3794f,2026-05-29T23:30:00Z,fanduel,FanDuel,player_assists,Under,Nneka Ogwumike,2.5,-166,2026-05-29T15:20:36Z,Washington Mystics,Los Angeles Sparks
2026-05-29T15:21:56.045194+00:00,8b2e6e0456fc4ae559c9049c98f3794f,2026-05-29T23:30:00Z,fanduel,FanDuel,player_assists,Over,Sonia Citron,2.5,-102,2026-05-29T15:20:36Z,Washington Mystics,Los Angeles Sparks
2026-05-29T15:21:56.045194+00:00,8b2e6e0456fc4ae559c9049c98f3794f,2026-05-29T23:30:00Z,fanduel,FanDuel,player_assists,Under,Sonia Citron,2.5,-130,2026-05-29T15:20:36Z,Washington Mystics,Los Angeles Sparks
2026-05-29T15:21:56.045194+00:00,8b2e6e0456fc4ae559c9049c98f3794f,2026-05-29T23:30:00Z,fanduel,FanDuel,player_assists,Over,Ariel Atkins,4.5,122,2026-05-29T15:20:36Z,Washington Mystics,Los Angeles Sparks
2026-05-29T15:21:56.045194+00:00,8b2e6e0456fc4ae559c9049c98f3794f,2026-05-29T23:30:00Z,fanduel,FanDuel,player_assists,Under,Ariel Atkins,4.5,-162,2026-05-29T15:20:36Z,Washington Mystics,Los Angeles Sparks
2026-05-29T15:21:56.045194+00:00,8b2e6e0456fc4ae559c9049c98f3794f,2026-05-29T23:30:00Z,fanduel,FanDuel,player_assists,Over,Dearica Hamby,2.5,-180,2026-05-29T15:20:36Z,Washington Mystics,Los Angeles Sparks
2026-05-29T15:21:56.045194+00:00,8b2e6e0456fc4ae559c9049c98f3794f,2026-05-29T23:30:00Z,fanduel,FanDuel,player_assists,Under,Dearica Hamby,2.5,134,2026-05-29T15:20:36Z,Washington Mystics,Los Angeles Sparks
2026-05-29T15:21:56.045194+00:00,8b2e6e0456fc4ae559c9049c98f3794f,2026-05-29T23:30:00Z,fanduel,FanDuel,player_double_double,Yes,Kiki Iriafen,,-115,2026-05-29T15:20:36Z,Washington Mystics,Los Angeles Sparks
2026-05-29T15:21:56.045194+00:00,8b2e6e0456fc4ae559c9049c98f3794f,2026-05-29T23:30:00Z,fanduel,FanDuel,player_double_double,Yes,Dearica Hamby,,125,2026-05-29T15:20:36Z,Washington Mystics,Los Angeles Sparks
2026-05-29T15:21:56.045194+00:00,8b2e6e0456fc4ae559c9049c98f3794f,2026-05-29T23:30:00Z,fanduel,FanDuel,player_double_double,Yes,Shakira Austin,,145,2026-05-29T15:20:36Z,Washington Mystics,Los Angeles Sparks
2026-05-29T15:21:56.045194+00:00,8b2e6e0456fc4ae559c9049c98f3794f,2026-05-29T23:30:00Z,fanduel,FanDuel,player_double_double,Yes,Nneka Ogwumike,,360,2026-05-29T15:20:36Z,Washington Mystics,Los Angeles Sparks
2026-05-29T15:21:56.045194+00:00,8b2e6e0456fc4ae559c9049c98f3794f,2026-05-29T23:30:00Z,fanduel,FanDuel,player_double_double,Yes,Cameron Brink,,1500,2026-05-29T15:20:36Z,Washington Mystics,Los Angeles Sparks
2026-05-29T15:21:56.045194+00:00,8b2e6e0456fc4ae559c9049c98f3794f,2026-05-29T23:30:00Z,fanduel,FanDuel,player_points,Over,Cameron Brink,9.5,-128,2026-05-29T15:20:36Z,Washington Mystics,Los Angeles Sparks
2026-05-29T15:21:56.045194+00:00,8b2e6e0456fc4ae559c9049c98f3794f,2026-05-29T23:30:00Z,fanduel,FanDuel,player_points,Under,Cameron Brink,9.5,-102,2026-05-29T15:20:36Z,Washington Mystics,Los Angeles Sparks
2026-05-29T15:21:56.045194+00:00,8b2e6e0456fc4ae559c9049c98f3794f,2026-05-29T23:30:00Z,fanduel,FanDuel,player_points,Over,Nneka Ogwumike,16.5,-114,2026-05-29T15:20:36Z,Washington Mystics,Los Angeles Sparks
2026-05-29T15:21:56.045194+00:00,8b2e6e0456fc4ae559c9049c98f3794f,2026-05-29T23:30:00Z,fanduel,FanDuel,player_points,Under,Nneka Ogwumike,16.5,-114,2026-05-29T15:20:36Z,Washington Mystics,Los Angeles Sparks
2026-05-29T15:21:56.045194+00:00,8b2e6e0456fc4ae559c9049c98f3794f,2026-05-29T23:30:00Z,fanduel,FanDuel,player_points,Over,Shakira Austin,15.5,-113,2026-05-29T15:20:36Z,Washington Mystics,Los Angeles Sparks
2026-05-29T15:21:56.045194+00:00,8b2e6e0456fc4ae559c9049c98f3794f,2026-05-29T23:30:00Z,fanduel,FanDuel,player_points,Under,Shakira Austin,15.5,-115,2026-05-29T15:20:36Z,Washington Mystics,Los Angeles Sparks
2026-05-29T15:21:56.045194+00:00,8b2e6e0456fc4ae559c9049c98f3794f,2026-05-29T23:30:00Z,fanduel,FanDuel,player_points,Over,Kiki Iriafen,14.5,-114,2026-05-29T15:20:36Z,Washington Mystics,Los Angeles Sparks
2026-05-29T15:21:56.045194+00:00,8b2e6e0456fc4ae559c9049c98f3794f,2026-05-29T23:30:00Z,fanduel,FanDuel,player_points,Under,Kiki Iriafen,14.5,-114,2026-05-29T15:20:36Z,Washington Mystics,Los Angeles Sparks
2026-05-29T15:21:56.045194+00:00,8b2e6e0456fc4ae559c9049c98f3794f,2026-05-29T23:30:00Z,fanduel,FanDuel,player_points,Over,Sonia Citron,17.5,-102,2026-05-29T15:20:36Z,Washington Mystics,Los Angeles Sparks
2026-05-29T15:21:56.045194+00:00,8b2e6e0456fc4ae559c9049c98f3794f,2026-05-29T23:30:00Z,fanduel,FanDuel,player_points,Under,Sonia Citron,17.5,-128,2026-05-29T15:20:36Z,Washington Mystics,Los Angeles Sparks
2026-05-29T15:21:56.045194+00:00,8b2e6e0456fc4ae559c9049c98f3794f,2026-05-29T23:30:00Z,fanduel,FanDuel,player_points,Over,Ariel Atkins,12.5,-114,2026-05-29T15:20:36Z,Washington Mystics,Los Angeles Sparks
2026-05-29T15:21:56.045194+00:00,8b2e6e0456fc4ae559c9049c98f3794f,2026-05-29T23:30:00Z,fanduel,FanDuel,player_points,Under,Ariel Atkins,12.5,-114,2026-05-29T15:20:36Z,Washington Mystics,Los Angeles Sparks
2026-05-29T15:21:56.045194+00:00,8b2e6e0456fc4ae559c9049c98f3794f,2026-05-29T23:30:00Z,fanduel,FanDuel,player_points,Over,Dearica Hamby,18.5,-125,2026-05-29T15:20:36Z,Washington Mystics,Los Angeles Sparks
2026-05-29T15:21:56.045194+00:00,8b2e6e0456fc4ae559c9049c98f3794f,2026-05-29T23:30:00Z,fanduel,FanDuel,player_points,Under,Dearica Hamby,18.5,-104,2026-05-29T15:20:36Z,Washington Mystics,Los Angeles Sparks
2026-05-29T15:21:56.045194+00:00,8b2e6e0456fc4ae559c9049c98f3794f,2026-05-29T23:30:00Z,fanduel,FanDuel,player_points_assists,Over,Nneka Ogwumike,18.5,-128,2026-05-29T15:20:36Z,Washington Mystics,Los Angeles Sparks
2026-05-29T15:21:56.045194+00:00,8b2e6e0456fc4ae559c9049c98f3794f,2026-05-29T23:30:00Z,fanduel,FanDuel,player_points_assists,Under,Nneka Ogwumike,18.5,-104,2026-05-29T15:20:36Z,Washington Mystics,Los Angeles Sparks
2026-05-29T15:21:56.045194+00:00,8b2e6e0456fc4ae559c9049c98f3794f,2026-05-29T23:30:00Z,fanduel,FanDuel,player_points_assists,Over,Sonia Citron,19.5,-120,2026-05-29T15:20:36Z,Washington Mystics,Los Angeles Sparks
2026-05-29T15:21:56.045194+00:00,8b2e6e0456fc4ae559c9049c98f3794f,2026-05-29T23:30:00Z,fanduel,FanDuel,player_points_assists,Under,Sonia Citron,19.5,-110,2026-05-29T15:20:36Z,Washington Mystics,Los Angeles Sparks
2026-05-29T15:21:56.045194+00:00,8b2e6e0456fc4ae559c9049c98f3794f,2026-05-29T23:30:00Z,fanduel,FanDuel,player_points_assists,Over,Ariel Atkins,16.5,-125,2026-05-29T15:20:36Z,Washington Mystics,Los Angeles Sparks
2026-05-29T15:21:56.045194+00:00,8b2e6e0456fc4ae559c9049c98f3794f,2026-05-29T23:30:00Z,fanduel,FanDuel,player_points_assists,Under,Ariel Atkins,16.5,-106,2026-05-29T15:20:36Z,Washington Mystics,Los Angeles Sparks
2026-05-29T15:21:56.045194+00:00,8b2e6e0456fc4ae559c9049c98f3794f,2026-05-29T23:30:00Z,fanduel,FanDuel,player_points_assists,Over,Dearica Hamby,22.5,-102,2026-05-29T15:20:36Z,Washington Mystics,Los Angeles Sparks
2026-05-29T15:21:56.045194+00:00,8b2e6e0456fc4ae559c9049c98f3794f,2026-05-29T23:30:00Z,fanduel,FanDuel,player_points_assists,Under,Dearica Hamby,22.5,-130,2026-05-29T15:20:36Z,Washington Mystics,Los Angeles Sparks
2026-05-29T15:21:56.045194+00:00,8b2e6e0456fc4ae559c9049c98f3794f,2026-05-29T23:30:00Z,fanduel,FanDuel,player_points_rebounds,Over,Nneka Ogwumike,23.5,-114,2026-05-29T15:20:36Z,Washington Mystics,Los Angeles Sparks
2026-05-29T15:21:56.045194+00:00,8b2e6e0456fc4ae559c9049c98f3794f,2026-05-29T23:30:00Z,fanduel,FanDuel,player_points_rebounds,Under,Nneka Ogwumike,23.5,-114,2026-05-29T15:20:36Z,Washington Mystics,Los Angeles Sparks
2026-05-29T15:21:56.045194+00:00,8b2e6e0456fc4ae559c9049c98f3794f,2026-05-29T23:30:00Z,fanduel,FanDuel,player_points_rebounds,Over,Shakira Austin,24.5,-106,2026-05-29T15:20:36Z,Washington Mystics,Los Angeles Sparks
2026-05-29T15:21:56.045194+00:00,8b2e6e0456fc4ae559c9049c98f3794f,2026-05-29T23:30:00Z,fanduel,FanDuel,player_points_rebounds,Under,Shakira Austin,24.5,-125,2026-05-29T15:20:36Z,Washington Mystics,Los Angeles Sparks
2026-05-29T15:21:56.045194+00:00,8b2e6e0456fc4ae559c9049c98f3794f,2026-05-29T23:30:00Z,fanduel,FanDuel,player_points_rebounds,Over,Kiki Iriafen,24.5,-114,2026-05-29T15:20:36Z,Washington Mystics,Los Angeles Sparks
2026-05-29T15:21:56.045194+00:00,8b2e6e0456fc4ae559c9049c98f3794f,2026-05-29T23:30:00Z,fanduel,FanDuel,player_points_rebounds,Under,Kiki Iriafen,24.5,-114,2026-05-29T15:20:36Z,Washington Mystics,Los Angeles Sparks
2026-05-29T15:21:56.045194+00:00,8b2e6e0456fc4ae559c9049c98f3794f,2026-05-29T23:30:00Z,fanduel,FanDuel,player_points_rebounds,Over,Sonia Citron,20.5,-128,2026-05-29T15:20:36Z,Washington Mystics,Los Angeles Sparks
2026-05-29T15:21:56.045194+00:00,8b2e6e0456fc4ae559c9049c98f3794f,2026-05-29T23:30:00Z,fanduel,FanDuel,player_points_rebounds,Under,Sonia Citron,20.5,-102,2026-05-29T15:20:36Z,Washington Mystics,Los Angeles Sparks
2026-05-29T15:21:56.045194+00:00,8b2e6e0456fc4ae559c9049c98f3794f,2026-05-29T23:30:00Z,fanduel,FanDuel,player_points_rebounds,Over,Dearica Hamby,27.5,-118,2026-05-29T15:20:36Z,Washington Mystics,Los Angeles Sparks
2026-05-29T15:21:56.045194+00:00,8b2e6e0456fc4ae559c9049c98f3794f,2026-05-29T23:30:00Z,fanduel,FanDuel,player_points_rebounds,Under,Dearica Hamby,27.5,-112,2026-05-29T15:20:36Z,Washington Mystics,Los Angeles Sparks
2026-05-29T15:21:56.045194+00:00,8b2e6e0456fc4ae559c9049c98f3794f,2026-05-29T23:30:00Z,fanduel,FanDuel,player_points_rebounds_assists,Over,Shakira Austin,26.5,-125,2026-05-29T15:20:36Z,Washington Mystics,Los Angeles Sparks
2026-05-29T15:21:56.045194+00:00,8b2e6e0456fc4ae559c9049c98f3794f,2026-05-29T23:30:00Z,fanduel,FanDuel,player_points_rebounds_assists,Under,Shakira Austin,26.5,-106,2026-05-29T15:20:36Z,Washington Mystics,Los Angeles Sparks
2026-05-29T15:21:56.045194+00:00,8b2e6e0456fc4ae559c9049c98f3794f,2026-05-29T23:30:00Z,fanduel,FanDuel,player_points_rebounds_assists,Over,Nneka Ogwumike,25.5,-128,2026-05-29T15:20:36Z,Washington Mystics,Los Angeles Sparks
2026-05-29T15:21:56.045194+00:00,8b2e6e0456fc4ae559c9049c98f3794f,2026-05-29T23:30:00Z,fanduel,FanDuel,player_points_rebounds_assists,Under,Nneka Ogwumike,25.5,-104,2026-05-29T15:20:36Z,Washington Mystics,Los Angeles Sparks
2026-05-29T15:21:56.045194+00:00,8b2e6e0456fc4ae559c9049c98f3794f,2026-05-29T23:30:00Z,fanduel,FanDuel,player_points_rebounds_assists,Over,Sonia Citron,23.5,-118,2026-05-29T15:20:36Z,Washington Mystics,Los Angeles Sparks
2026-05-29T15:21:56.045194+00:00,8b2e6e0456fc4ae559c9049c98f3794f,2026-05-29T23:30:00Z,fanduel,FanDuel,player_points_rebounds_assists,Under,Sonia Citron,23.5,-112,2026-05-29T15:20:36Z,Washington Mystics,Los Angeles Sparks
2026-05-29T15:21:56.045194+00:00,8b2e6e0456fc4ae559c9049c98f3794f,2026-05-29T23:30:00Z,fanduel,FanDuel,player_points_rebounds_assists,Over,Dearica Hamby,30.5,-125,2026-05-29T15:20:36Z,Washington Mystics,Los Angeles Sparks
2026-05-29T15:21:56.045194+00:00,8b2e6e0456fc4ae559c9049c98f3794f,2026-05-29T23:30:00Z,fanduel,FanDuel,player_points_rebounds_assists,Under,Dearica Hamby,30.5,-106,2026-05-29T15:20:36Z,Washington Mystics,Los Angeles Sparks
2026-05-29T15:21:56.045194+00:00,8b2e6e0456fc4ae559c9049c98f3794f,2026-05-29T23:30:00Z,fanduel,FanDuel,player_rebounds,Over,Sonia Citron,3.5,-132,2026-05-29T15:20:36Z,Washington Mystics,Los Angeles Sparks
2026-05-29T15:21:56.045194+00:00,8b2e6e0456fc4ae559c9049c98f3794f,2026-05-29T23:30:00Z,fanduel,FanDuel,player_rebounds,Under,Sonia Citron,3.5,100,2026-05-29T15:20:36Z,Washington Mystics,Los Angeles Sparks
2026-05-29T15:21:56.045194+00:00,8b2e6e0456fc4ae559c9049c98f3794f,2026-05-29T23:30:00Z,fanduel,FanDuel,player_rebounds,Over,Cameron Brink,5.5,104,2026-05-29T15:20:36Z,Washington Mystics,Los Angeles Sparks
2026-05-29T15:21:56.045194+00:00,8b2e6e0456fc4ae559c9049c98f3794f,2026-05-29T23:30:00Z,fanduel,FanDuel,player_rebounds,Under,Cameron Brink,5.5,-138,2026-05-29T15:20:36Z,Washington Mystics,Los Angeles Sparks
2026-05-29T15:21:56.045194+00:00,8b2e6e0456fc4ae559c9049c98f3794f,2026-05-29T23:30:00Z,fanduel,FanDuel,player_rebounds,Over,Shakira Austin,8.5,-108,2026-05-29T15:20:36Z,Washington Mystics,Los Angeles Sparks
2026-05-29T15:21:56.045194+00:00,8b2e6e0456fc4ae559c9049c98f3794f,2026-05-29T23:30:00Z,fanduel,FanDuel,player_rebounds,Under,Shakira Austin,8.5,-122,2026-05-29T15:20:36Z,Washington Mystics,Los Angeles Sparks
2026-05-29T15:21:56.045194+00:00,8b2e6e0456fc4ae559c9049c98f3794f,2026-05-29T23:30:00Z,fanduel,FanDuel,player_rebounds,Over,Nneka Ogwumike,6.5,-140,2026-05-29T15:20:36Z,Washington Mystics,Los Angeles Sparks
2026-05-29T15:21:56.045194+00:00,8b2e6e0456fc4ae559c9049c98f3794f,2026-05-29T23:30:00Z,fanduel,FanDuel,player_rebounds,Under,Nneka Ogwumike,6.5,106,2026-05-29T15:20:36Z,Washington Mystics,Los Angeles Sparks
2026-05-29T15:21:56.045194+00:00,8b2e6e0456fc4ae559c9049c98f3794f,2026-05-29T23:30:00Z,fanduel,FanDuel,player_rebounds,Over,Kiki Iriafen,10.5,116,2026-05-29T15:20:36Z,Washington Mystics,Los Angeles Sparks
2026-05-29T15:21:56.045194+00:00,8b2e6e0456fc4ae559c9049c98f3794f,2026-05-29T23:30:00Z,fanduel,FanDuel,player_rebounds,Under,Kiki Iriafen,10.5,-154,2026-05-29T15:20:36Z,Washington Mystics,Los Angeles Sparks
2026-05-29T15:21:56.045194+00:00,8b2e6e0456fc4ae559c9049c98f3794f,2026-05-29T23:30:00Z,fanduel,FanDuel,player_rebounds,Over,Dearica Hamby,8.5,-114,2026-05-29T15:20:36Z,Washington Mystics,Los Angeles Sparks
2026-05-29T15:21:56.045194+00:00,8b2e6e0456fc4ae559c9049c98f3794f,2026-05-29T23:30:00Z,fanduel,FanDuel,player_rebounds,Under,Dearica Hamby,8.5,-114,2026-05-29T15:20:36Z,Washington Mystics,Los Angeles Sparks
2026-05-29T15:21:56.045194+00:00,8b2e6e0456fc4ae559c9049c98f3794f,2026-05-29T23:30:00Z,fanduel,FanDuel,player_rebounds_assists,Over,Dearica Hamby,11.5,-130,2026-05-29T15:20:36Z,Washington Mystics,Los Angeles Sparks
2026-05-29T15:21:56.045194+00:00,8b2e6e0456fc4ae559c9049c98f3794f,2026-05-29T23:30:00Z,fanduel,FanDuel,player_rebounds_assists,Under,Dearica Hamby,11.5,-102,2026-05-29T15:20:36Z,Washington Mystics,Los Angeles Sparks
2026-05-29T15:21:56.045194+00:00,8b2e6e0456fc4ae559c9049c98f3794f,2026-05-29T23:30:00Z,fanduel,FanDuel,player_rebounds_assists,Over,Nneka Ogwumike,9.5,106,2026-05-29T15:20:36Z,Washington Mystics,Los Angeles Sparks
2026-05-29T15:21:56.045194+00:00,8b2e6e0456fc4ae559c9049c98f3794f,2026-05-29T23:30:00Z,fanduel,FanDuel,player_rebounds_assists,Under,Nneka Ogwumike,9.5,-140,2026-05-29T15:20:36Z,Washington Mystics,Los Angeles Sparks
2026-05-29T15:21:56.045194+00:00,8b2e6e0456fc4ae559c9049c98f3794f,2026-05-29T23:30:00Z,fanduel,FanDuel,player_rebounds_assists,Over,Sonia Citron,6.5,104,2026-05-29T15:20:36Z,Washington Mystics,Los Angeles Sparks
2026-05-29T15:21:56.045194+00:00,8b2e6e0456fc4ae559c9049c98f3794f,2026-05-29T23:30:00Z,fanduel,FanDuel,player_rebounds_assists,Under,Sonia Citron,6.5,-138,2026-05-29T15:20:36Z,Washington Mystics,Los Angeles Sparks
2026-05-29T15:21:56.045194+00:00,8b2e6e0456fc4ae559c9049c98f3794f,2026-05-29T23:30:00Z,fanduel,FanDuel,player_threes,Over,Nneka Ogwumike,1.5,178,2026-05-29T15:20:36Z,Washington Mystics,Los Angeles Sparks
2026-05-29T15:21:56.045194+00:00,8b2e6e0456fc4ae559c9049c98f3794f,2026-05-29T23:30:00Z,fanduel,FanDuel,player_threes,Under,Nneka Ogwumike,1.5,-245,2026-05-29T15:20:36Z,Washington Mystics,Los Angeles Sparks
2026-05-29T15:21:56.045194+00:00,8b2e6e0456fc4ae559c9049c98f3794f,2026-05-29T23:30:00Z,fanduel,FanDuel,player_threes,Over,Ariel Atkins,1.5,-122,2026-05-29T15:20:36Z,Washington Mystics,Los Angeles Sparks
2026-05-29T15:21:56.045194+00:00,8b2e6e0456fc4ae559c9049c98f3794f,2026-05-29T23:30:00Z,fanduel,FanDuel,player_threes,Under,Ariel Atkins,1.5,-108,2026-05-29T15:20:36Z,Washington Mystics,Los Angeles Sparks
2026-05-29T15:21:56.045194+00:00,8b2e6e0456fc4ae559c9049c98f3794f,2026-05-29T23:30:00Z,fanduel,FanDuel,player_threes,Over,Dearica Hamby,0.5,-210,2026-05-29T15:20:36Z,Washington Mystics,Los Angeles Sparks
2026-05-29T15:21:56.045194+00:00,8b2e6e0456fc4ae559c9049c98f3794f,2026-05-29T23:30:00Z,fanduel,FanDuel,player_threes,Under,Dearica Hamby,0.5,154,2026-05-29T15:20:36Z,Washington Mystics,Los Angeles Sparks
2026-05-29T15:21:56.045194+00:00,8b2e6e0456fc4ae559c9049c98f3794f,2026-05-29T23:30:00Z,fanduel,FanDuel,player_threes,Over,Sonia Citron,1.5,152,2026-05-29T15:20:36Z,Washington Mystics,Los Angeles Sparks
2026-05-29T15:21:56.045194+00:00,8b2e6e0456fc4ae559c9049c98f3794f,2026-05-29T23:30:00Z,fanduel,FanDuel,player_threes,Under,Sonia Citron,1.5,-205,2026-05-29T15:20:36Z,Washington Mystics,Los Angeles Sparks
2026-05-29T15:21:56.045194+00:00,8b2e6e0456fc4ae559c9049c98f3794f,2026-05-29T23:30:00Z,draftkings,DraftKings,player_assists,Over,Ariel Atkins,3.5,-152,2026-05-29T15:21:03Z,Washington Mystics,Los Angeles Sparks
2026-05-29T15:21:56.045194+00:00,8b2e6e0456fc4ae559c9049c98f3794f,2026-05-29T23:30:00Z,draftkings,DraftKings,player_assists,Under,Ariel Atkins,3.5,111,2026-05-29T15:21:03Z,Washington Mystics,Los Angeles Sparks
2026-05-29T15:21:56.045194+00:00,8b2e6e0456fc4ae559c9049c98f3794f,2026-05-29T23:30:00Z,draftkings,DraftKings,player_assists,Over,Dearica Hamby,2.5,-163,2026-05-29T15:21:03Z,Washington Mystics,Los Angeles Sparks
2026-05-29T15:21:56.045194+00:00,8b2e6e0456fc4ae559c9049c98f3794f,2026-05-29T23:30:00Z,draftkings,DraftKings,player_assists,Under,Dearica Hamby,2.5,119,2026-05-29T15:21:03Z,Washington Mystics,Los Angeles Sparks
2026-05-29T15:21:56.045194+00:00,8b2e6e0456fc4ae559c9049c98f3794f,2026-05-29T23:30:00Z,draftkings,DraftKings,player_assists,Over,Shakira Austin,2.5,-128,2026-05-29T15:21:03Z,Washington Mystics,Los Angeles Sparks
2026-05-29T15:21:56.045194+00:00,8b2e6e0456fc4ae559c9049c98f3794f,2026-05-29T23:30:00Z,draftkings,DraftKings,player_assists,Under,Shakira Austin,2.5,-106,2026-05-29T15:21:03Z,Washington Mystics,Los Angeles Sparks
2026-05-29T15:21:56.045194+00:00,8b2e6e0456fc4ae559c9049c98f3794f,2026-05-29T23:30:00Z,draftkings,DraftKings,player_assists,Over,Sonia Citron,2.5,-103,2026-05-29T15:21:03Z,Washington Mystics,Los Angeles Sparks
2026-05-29T15:21:56.045194+00:00,8b2e6e0456fc4ae559c9049c98f3794f,2026-05-29T23:30:00Z,draftkings,DraftKings,player_assists,Under,Sonia Citron,2.5,-132,2026-05-29T15:21:03Z,Washington Mystics,Los Angeles Sparks
2026-05-29T15:21:56.045194+00:00,8b2e6e0456fc4ae559c9049c98f3794f,2026-05-29T23:30:00Z,draftkings,DraftKings,player_assists,Over,Nneka Ogwumike,2.5,137,2026-05-29T15:21:03Z,Washington Mystics,Los Angeles Sparks
2026-05-29T15:21:56.045194+00:00,8b2e6e0456fc4ae559c9049c98f3794f,2026-05-29T23:30:00Z,draftkings,DraftKings,player_assists,Under,Nneka Ogwumike,2.5,-188,2026-05-29T15:21:03Z,Washington Mystics,Los Angeles Sparks
2026-05-29T15:21:56.045194+00:00,8b2e6e0456fc4ae559c9049c98f3794f,2026-05-29T23:30:00Z,draftkings,DraftKings,player_double_double,Yes,Kiki Iriafen,,-112,2026-05-29T15:21:03Z,Washington Mystics,Los Angeles Sparks
2026-05-29T15:21:56.045194+00:00,8b2e6e0456fc4ae559c9049c98f3794f,2026-05-29T23:30:00Z,draftkings,DraftKings,player_double_double,Yes,Dearica Hamby,,149,2026-05-29T15:21:03Z,Washington Mystics,Los Angeles Sparks
2026-05-29T15:21:56.045194+00:00,8b2e6e0456fc4ae559c9049c98f3794f,2026-05-29T23:30:00Z,draftkings,DraftKings,player_double_double,Yes,Shakira Austin,,153,2026-05-29T15:21:03Z,Washington Mystics,Los Angeles Sparks
2026-05-29T15:21:56.045194+00:00,8b2e6e0456fc4ae559c9049c98f3794f,2026-05-29T23:30:00Z,draftkings,DraftKings,player_double_double,Yes,Nneka Ogwumike,,394,2026-05-29T15:21:03Z,Washington Mystics,Los Angeles Sparks
2026-05-29T15:21:56.045194+00:00,8b2e6e0456fc4ae559c9049c98f3794f,2026-05-29T23:30:00Z,draftkings,DraftKings,player_double_double,Yes,Cameron Brink,,1660,2026-05-29T15:21:03Z,Washington Mystics,Los Angeles Sparks
2026-05-29T15:21:56.045194+00:00,8b2e6e0456fc4ae559c9049c98f3794f,2026-05-29T23:30:00Z,draftkings,DraftKings,player_points,Over,Dearica Hamby,18.5,-125,2026-05-29T15:21:03Z,Washington Mystics,Los Angeles Sparks
2026-05-29T15:21:56.045194+00:00,8b2e6e0456fc4ae559c9049c98f3794f,2026-05-29T23:30:00Z,draftkings,DraftKings,player_points,Under,Dearica Hamby,18.5,-106,2026-05-29T15:21:03Z,Washington Mystics,Los Angeles Sparks
2026-05-29T15:21:56.045194+00:00,8b2e6e0456fc4ae559c9049c98f3794f,2026-05-29T23:30:00Z,draftkings,DraftKings,player_points,Over,Sonia Citron,16.5,-126,2026-05-29T15:21:03Z,Washington Mystics,Los Angeles Sparks
2026-05-29T15:21:56.045194+00:00,8b2e6e0456fc4ae559c9049c98f3794f,2026-05-29T23:30:00Z,draftkings,DraftKings,player_points,Under,Sonia Citron,16.5,-105,2026-05-29T15:21:03Z,Washington Mystics,Los Angeles Sparks
2026-05-29T15:21:56.045194+00:00,8b2e6e0456fc4ae559c9049c98f3794f,2026-05-29T23:30:00Z,draftkings,DraftKings,player_points,Over,Nneka Ogwumike,15.5,-129,2026-05-29T15:21:03Z,Washington Mystics,Los Angeles Sparks
2026-05-29T15:21:56.045194+00:00,8b2e6e0456fc4ae559c9049c98f3794f,2026-05-29T23:30:00Z,draftkings,DraftKings,player_points,Under,Nneka Ogwumike,15.5,-103,2026-05-29T15:21:03Z,Washington Mystics,Los Angeles Sparks
2026-05-29T15:21:56.045194+00:00,8b2e6e0456fc4ae559c9049c98f3794f,2026-05-29T23:30:00Z,draftkings,DraftKings,player_points,Over,Shakira Austin,15.5,-110,2026-05-29T15:21:03Z,Washington Mystics,Los Angeles Sparks
2026-05-29T15:21:56.045194+00:00,8b2e6e0456fc4ae559c9049c98f3794f,2026-05-29T23:30:00Z,draftkings,DraftKings,player_points,Under,Shakira Austin,15.5,-120,2026-05-29T15:21:03Z,Washington Mystics,Los Angeles Sparks
2026-05-29T15:21:56.045194+00:00,8b2e6e0456fc4ae559c9049c98f3794f,2026-05-29T23:30:00Z,draftkings,DraftKings,player_points,Over,Kiki Iriafen,14.5,-110,2026-05-29T15:21:03Z,Washington Mystics,Los Angeles Sparks
2026-05-29T15:21:56.045194+00:00,8b2e6e0456fc4ae559c9049c98f3794f,2026-05-29T23:30:00Z,draftkings,DraftKings,player_points,Under,Kiki Iriafen,14.5,-121,2026-05-29T15:21:03Z,Washington Mystics,Los Angeles Sparks
2026-05-29T15:21:56.045194+00:00,8b2e6e0456fc4ae559c9049c98f3794f,2026-05-29T23:30:00Z,draftkings,DraftKings,player_points,Over,Ariel Atkins,12.5,-119,2026-05-29T15:21:03Z,Washington Mystics,Los Angeles Sparks
2026-05-29T15:21:56.045194+00:00,8b2e6e0456fc4ae559c9049c98f3794f,2026-05-29T23:30:00Z,draftkings,DraftKings,player_points,Under,Ariel Atkins,12.5,-112,2026-05-29T15:21:03Z,Washington Mystics,Los Angeles Sparks
2026-05-29T15:21:56.045194+00:00,8b2e6e0456fc4ae559c9049c98f3794f,2026-05-29T23:30:00Z,draftkings,DraftKings,player_points,Over,Cameron Brink,9.5,-131,2026-05-29T15:21:03Z,Washington Mystics,Los Angeles Sparks
2026-05-29T15:21:56.045194+00:00,8b2e6e0456fc4ae559c9049c98f3794f,2026-05-29T23:30:00Z,draftkings,DraftKings,player_points,Under,Cameron Brink,9.5,-101,2026-05-29T15:21:03Z,Washington Mystics,Los Angeles Sparks
2026-05-29T15:21:56.045194+00:00,8b2e6e0456fc4ae559c9049c98f3794f,2026-05-29T23:30:00Z,draftkings,DraftKings,player_points_assists,Over,Dearica Hamby,21.5,-129,2026-05-29T15:21:03Z,Washington Mystics,Los Angeles Sparks
2026-05-29T15:21:56.045194+00:00,8b2e6e0456fc4ae559c9049c98f3794f,2026-05-29T23:30:00Z,draftkings,DraftKings,player_points_assists,Under,Dearica Hamby,21.5,-105,2026-05-29T15:21:03Z,Washington Mystics,Los Angeles Sparks
2026-05-29T15:21:56.045194+00:00,8b2e6e0456fc4ae559c9049c98f3794f,2026-05-29T23:30:00Z,draftkings,DraftKings,player_points_assists,Over,Sonia Citron,19.5,-114,2026-05-29T15:21:03Z,Washington Mystics,Los Angeles Sparks
2026-05-29T15:21:56.045194+00:00,8b2e6e0456fc4ae559c9049c98f3794f,2026-05-29T23:30:00Z,draftkings,DraftKings,player_points_assists,Under,Sonia Citron,19.5,-119,2026-05-29T15:21:03Z,Washington Mystics,Los Angeles Sparks
2026-05-29T15:21:56.045194+00:00,8b2e6e0456fc4ae559c9049c98f3794f,2026-05-29T23:30:00Z,draftkings,DraftKings,player_points_assists,Over,Nneka Ogwumike,18.5,-108,2026-05-29T15:21:03Z,Washington Mystics,Los Angeles Sparks
2026-05-29T15:21:56.045194+00:00,8b2e6e0456fc4ae559c9049c98f3794f,2026-05-29T23:30:00Z,draftkings,DraftKings,player_points_assists,Under,Nneka Ogwumike,18.5,-126,2026-05-29T15:21:03Z,Washington Mystics,Los Angeles Sparks
2026-05-29T15:21:56.045194+00:00,8b2e6e0456fc4ae559c9049c98f3794f,2026-05-29T23:30:00Z,draftkings,DraftKings,player_points_assists,Over,Shakira Austin,18.5,-108,2026-05-29T15:21:03Z,Washington Mystics,Los Angeles Sparks
2026-05-29T15:21:56.045194+00:00,8b2e6e0456fc4ae559c9049c98f3794f,2026-05-29T23:30:00Z,draftkings,DraftKings,player_points_assists,Under,Shakira Austin,18.5,-126,2026-05-29T15:21:03Z,Washington Mystics,Los Angeles Sparks
2026-05-29T15:21:56.045194+00:00,8b2e6e0456fc4ae559c9049c98f3794f,2026-05-29T23:30:00Z,draftkings,DraftKings,player_points_assists,Over,Ariel Atkins,16.5,-119,2026-05-29T15:21:03Z,Washington Mystics,Los Angeles Sparks
2026-05-29T15:21:56.045194+00:00,8b2e6e0456fc4ae559c9049c98f3794f,2026-05-29T23:30:00Z,draftkings,DraftKings,player_points_assists,Under,Ariel Atkins,16.5,-114,2026-05-29T15:21:03Z,Washington Mystics,Los Angeles Sparks
2026-05-29T15:21:56.045194+00:00,8b2e6e0456fc4ae559c9049c98f3794f,2026-05-29T23:30:00Z,draftkings,DraftKings,player_points_rebounds,Over,Dearica Hamby,27.5,-119,2026-05-29T15:21:03Z,Washington Mystics,Los Angeles Sparks
2026-05-29T15:21:56.045194+00:00,8b2e6e0456fc4ae559c9049c98f3794f,2026-05-29T23:30:00Z,draftkings,DraftKings,player_points_rebounds,Under,Dearica Hamby,27.5,-114,2026-05-29T15:21:03Z,Washington Mystics,Los Angeles Sparks
2026-05-29T15:21:56.045194+00:00,8b2e6e0456fc4ae559c9049c98f3794f,2026-05-29T23:30:00Z,draftkings,DraftKings,player_points_rebounds,Over,Kiki Iriafen,24.5,-121,2026-05-29T15:21:03Z,Washington Mystics,Los Angeles Sparks
2026-05-29T15:21:56.045194+00:00,8b2e6e0456fc4ae559c9049c98f3794f,2026-05-29T23:30:00Z,draftkings,DraftKings,player_points_rebounds,Under,Kiki Iriafen,24.5,-112,2026-05-29T15:21:03Z,Washington Mystics,Los Angeles Sparks
2026-05-29T15:21:56.045194+00:00,8b2e6e0456fc4ae559c9049c98f3794f,2026-05-29T23:30:00Z,draftkings,DraftKings,player_points_rebounds,Over,Shakira Austin,24.5,-108,2026-05-29T15:21:03Z,Washington Mystics,Los Angeles Sparks
2026-05-29T15:21:56.045194+00:00,8b2e6e0456fc4ae559c9049c98f3794f,2026-05-29T23:30:00Z,draftkings,DraftKings,player_points_rebounds,Under,Shakira Austin,24.5,-126,2026-05-29T15:21:03Z,Washington Mystics,Los Angeles Sparks
2026-05-29T15:21:56.045194+00:00,8b2e6e0456fc4ae559c9049c98f3794f,2026-05-29T23:30:00Z,draftkings,DraftKings,player_points_rebounds,Over,Nneka Ogwumike,23.5,-104,2026-05-29T15:21:03Z,Washington Mystics,Los Angeles Sparks
2026-05-29T15:21:56.045194+00:00,8b2e6e0456fc4ae559c9049c98f3794f,2026-05-29T23:30:00Z,draftkings,DraftKings,player_points_rebounds,Under,Nneka Ogwumike,23.5,-130,2026-05-29T15:21:03Z,Washington Mystics,Los Angeles Sparks
2026-05-29T15:21:56.045194+00:00,8b2e6e0456fc4ae559c9049c98f3794f,2026-05-29T23:30:00Z,draftkings,DraftKings,player_points_rebounds,Over,Sonia Citron,20.5,-125,2026-05-29T15:21:03Z,Washington Mystics,Los Angeles Sparks
2026-05-29T15:21:56.045194+00:00,8b2e6e0456fc4ae559c9049c98f3794f,2026-05-29T23:30:00Z,draftkings,DraftKings,player_points_rebounds,Under,Sonia Citron,20.5,-109,2026-05-29T15:21:03Z,Washington Mystics,Los Angeles Sparks
2026-05-29T15:21:56.045194+00:00,8b2e6e0456fc4ae559c9049c98f3794f,2026-05-29T23:30:00Z,draftkings,DraftKings,player_points_rebounds,Over,Cameron Brink,15.5,-115,2026-05-29T15:21:03Z,Washington Mystics,Los Angeles Sparks
2026-05-29T15:21:56.045194+00:00,8b2e6e0456fc4ae559c9049c98f3794f,2026-05-29T23:30:00Z,draftkings,DraftKings,player_points_rebounds,Under,Cameron Brink,15.5,-118,2026-05-29T15:21:03Z,Washington Mystics,Los Angeles Sparks
2026-05-29T15:21:56.045194+00:00,8b2e6e0456fc4ae559c9049c98f3794f,2026-05-29T23:30:00Z,draftkings,DraftKings,player_points_rebounds_assists,Over,Dearica Hamby,30.5,-121,2026-05-29T15:21:03Z,Washington Mystics,Los Angeles Sparks
2026-05-29T15:21:56.045194+00:00,8b2e6e0456fc4ae559c9049c98f3794f,2026-05-29T23:30:00Z,draftkings,DraftKings,player_points_rebounds_assists,Under,Dearica Hamby,30.5,-112,2026-05-29T15:21:03Z,Washington Mystics,Los Angeles Sparks
2026-05-29T15:21:56.045194+00:00,8b2e6e0456fc4ae559c9049c98f3794f,2026-05-29T23:30:00Z,draftkings,DraftKings,player_points_rebounds_assists,Over,Shakira Austin,27.5,-106,2026-05-29T15:21:03Z,Washington Mystics,Los Angeles Sparks
2026-05-29T15:21:56.045194+00:00,8b2e6e0456fc4ae559c9049c98f3794f,2026-05-29T23:30:00Z,draftkings,DraftKings,player_points_rebounds_assists,Under,Shakira Austin,27.5,-129,2026-05-29T15:21:03Z,Washington Mystics,Los Angeles Sparks
2026-05-29T15:21:56.045194+00:00,8b2e6e0456fc4ae559c9049c98f3794f,2026-05-29T23:30:00Z,draftkings,DraftKings,player_points_rebounds_assists,Over,Nneka Ogwumike,25.5,-108,2026-05-29T15:21:03Z,Washington Mystics,Los Angeles Sparks
2026-05-29T15:21:56.045194+00:00,8b2e6e0456fc4ae559c9049c98f3794f,2026-05-29T23:30:00Z,draftkings,DraftKings,player_points_rebounds_assists,Under,Nneka Ogwumike,25.5,-125,2026-05-29T15:21:03Z,Washington Mystics,Los Angeles Sparks
2026-05-29T15:21:56.045194+00:00,8b2e6e0456fc4ae559c9049c98f3794f,2026-05-29T23:30:00Z,draftkings,DraftKings,player_points_rebounds_assists,Over,Sonia Citron,23.5,-116,2026-05-29T15:21:03Z,Washington Mystics,Los Angeles Sparks
2026-05-29T15:21:56.045194+00:00,8b2e6e0456fc4ae559c9049c98f3794f,2026-05-29T23:30:00Z,draftkings,DraftKings,player_points_rebounds_assists,Under,Sonia Citron,23.5,-117,2026-05-29T15:21:03Z,Washington Mystics,Los Angeles Sparks
2026-05-29T15:21:56.045194+00:00,8b2e6e0456fc4ae559c9049c98f3794f,2026-05-29T23:30:00Z,draftkings,DraftKings,player_rebounds,Over,Kiki Iriafen,10.5,103,2026-05-29T15:21:03Z,Washington Mystics,Los Angeles Sparks
2026-05-29T15:21:56.045194+00:00,8b2e6e0456fc4ae559c9049c98f3794f,2026-05-29T23:30:00Z,draftkings,DraftKings,player_rebounds,Under,Kiki Iriafen,10.5,-140,2026-05-29T15:21:03Z,Washington Mystics,Los Angeles Sparks
2026-05-29T15:21:56.045194+00:00,8b2e6e0456fc4ae559c9049c98f3794f,2026-05-29T23:30:00Z,draftkings,DraftKings,player_rebounds,Over,Shakira Austin,8.5,-124,2026-05-29T15:21:03Z,Washington Mystics,Los Angeles Sparks
2026-05-29T15:21:56.045194+00:00,8b2e6e0456fc4ae559c9049c98f3794f,2026-05-29T23:30:00Z,draftkings,DraftKings,player_rebounds,Under,Shakira Austin,8.5,-109,2026-05-29T15:21:03Z,Washington Mystics,Los Angeles Sparks
2026-05-29T15:21:56.045194+00:00,8b2e6e0456fc4ae559c9049c98f3794f,2026-05-29T23:30:00Z,draftkings,DraftKings,player_rebounds,Over,Dearica Hamby,8.5,-110,2026-05-29T15:21:03Z,Washington Mystics,Los Angeles Sparks
2026-05-29T15:21:56.045194+00:00,8b2e6e0456fc4ae559c9049c98f3794f,2026-05-29T23:30:00Z,draftkings,DraftKings,player_rebounds,Under,Dearica Hamby,8.5,-123,2026-05-29T15:21:03Z,Washington Mystics,Los Angeles Sparks
2026-05-29T15:21:56.045194+00:00,8b2e6e0456fc4ae559c9049c98f3794f,2026-05-29T23:30:00Z,draftkings,DraftKings,player_rebounds,Over,Nneka Ogwumike,6.5,-141,2026-05-29T15:21:03Z,Washington Mystics,Los Angeles Sparks
2026-05-29T15:21:56.045194+00:00,8b2e6e0456fc4ae559c9049c98f3794f,2026-05-29T23:30:00Z,draftkings,DraftKings,player_rebounds,Under,Nneka Ogwumike,6.5,104,2026-05-29T15:21:03Z,Washington Mystics,Los Angeles Sparks
2026-05-29T15:21:56.045194+00:00,8b2e6e0456fc4ae559c9049c98f3794f,2026-05-29T23:30:00Z,draftkings,DraftKings,player_rebounds,Over,Cameron Brink,5.5,-104,2026-05-29T15:21:03Z,Washington Mystics,Los Angeles Sparks
2026-05-29T15:21:56.045194+00:00,8b2e6e0456fc4ae559c9049c98f3794f,2026-05-29T23:30:00Z,draftkings,DraftKings,player_rebounds,Under,Cameron Brink,5.5,-131,2026-05-29T15:21:03Z,Washington Mystics,Los Angeles Sparks
2026-05-29T15:21:56.045194+00:00,8b2e6e0456fc4ae559c9049c98f3794f,2026-05-29T23:30:00Z,draftkings,DraftKings,player_rebounds,Over,Sonia Citron,3.5,-143,2026-05-29T15:21:03Z,Washington Mystics,Los Angeles Sparks
2026-05-29T15:21:56.045194+00:00,8b2e6e0456fc4ae559c9049c98f3794f,2026-05-29T23:30:00Z,draftkings,DraftKings,player_rebounds,Under,Sonia Citron,3.5,105,2026-05-29T15:21:03Z,Washington Mystics,Los Angeles Sparks
2026-05-29T15:21:56.045194+00:00,8b2e6e0456fc4ae559c9049c98f3794f,2026-05-29T23:30:00Z,draftkings,DraftKings,player_rebounds_assists,Over,Dearica Hamby,11.5,-115,2026-05-29T15:21:03Z,Washington Mystics,Los Angeles Sparks
2026-05-29T15:21:56.045194+00:00,8b2e6e0456fc4ae559c9049c98f3794f,2026-05-29T23:30:00Z,draftkings,DraftKings,player_rebounds_assists,Under,Dearica Hamby,11.5,-118,2026-05-29T15:21:03Z,Washington Mystics,Los Angeles Sparks
2026-05-29T15:21:56.045194+00:00,8b2e6e0456fc4ae559c9049c98f3794f,2026-05-29T23:30:00Z,draftkings,DraftKings,player_rebounds_assists,Over,Shakira Austin,11.5,-113,2026-05-29T15:21:03Z,Washington Mystics,Los Angeles Sparks
2026-05-29T15:21:56.045194+00:00,8b2e6e0456fc4ae559c9049c98f3794f,2026-05-29T23:30:00Z,draftkings,DraftKings,player_rebounds_assists,Under,Shakira Austin,11.5,-120,2026-05-29T15:21:03Z,Washington Mystics,Los Angeles Sparks
2026-05-29T15:21:56.045194+00:00,8b2e6e0456fc4ae559c9049c98f3794f,2026-05-29T23:30:00Z,draftkings,DraftKings,player_rebounds_assists,Over,Nneka Ogwumike,9.5,106,2026-05-29T15:21:03Z,Washington Mystics,Los Angeles Sparks
2026-05-29T15:21:56.045194+00:00,8b2e6e0456fc4ae559c9049c98f3794f,2026-05-29T23:30:00Z,draftkings,DraftKings,player_rebounds_assists,Under,Nneka Ogwumike,9.5,-144,2026-05-29T15:21:03Z,Washington Mystics,Los Angeles Sparks
2026-05-29T15:21:56.045194+00:00,8b2e6e0456fc4ae559c9049c98f3794f,2026-05-29T23:30:00Z,draftkings,DraftKings,player_threes,Over,Ariel Atkins,1.5,-112,2026-05-29T15:21:03Z,Washington Mystics,Los Angeles Sparks
2026-05-29T15:21:56.045194+00:00,8b2e6e0456fc4ae559c9049c98f3794f,2026-05-29T23:30:00Z,draftkings,DraftKings,player_threes,Under,Ariel Atkins,1.5,-121,2026-05-29T15:21:03Z,Washington Mystics,Los Angeles Sparks
2026-05-29T15:21:56.045194+00:00,8b2e6e0456fc4ae559c9049c98f3794f,2026-05-29T23:30:00Z,draftkings,DraftKings,player_threes,Over,Sonia Citron,1.5,133,2026-05-29T15:21:03Z,Washington Mystics,Los Angeles Sparks
2026-05-29T15:21:56.045194+00:00,8b2e6e0456fc4ae559c9049c98f3794f,2026-05-29T23:30:00Z,draftkings,DraftKings,player_threes,Under,Sonia Citron,1.5,-182,2026-05-29T15:21:03Z,Washington Mystics,Los Angeles Sparks
2026-05-29T15:21:56.045194+00:00,8b2e6e0456fc4ae559c9049c98f3794f,2026-05-29T23:30:00Z,draftkings,DraftKings,player_threes,Over,Nneka Ogwumike,0.5,-253,2026-05-29T15:21:03Z,Washington Mystics,Los Angeles Sparks
2026-05-29T15:21:56.045194+00:00,8b2e6e0456fc4ae559c9049c98f3794f,2026-05-29T23:30:00Z,draftkings,DraftKings,player_threes,Under,Nneka Ogwumike,0.5,182,2026-05-29T15:21:03Z,Washington Mystics,Los Angeles Sparks
2026-05-29T15:21:56.045194+00:00,8b2e6e0456fc4ae559c9049c98f3794f,2026-05-29T23:30:00Z,draftkings,DraftKings,player_threes,Over,Dearica Hamby,0.5,-192,2026-05-29T15:21:03Z,Washington Mystics,Los Angeles Sparks
2026-05-29T15:21:56.045194+00:00,8b2e6e0456fc4ae559c9049c98f3794f,2026-05-29T23:30:00Z,draftkings,DraftKings,player_threes,Under,Dearica Hamby,0.5,140,2026-05-29T15:21:03Z,Washington Mystics,Los Angeles Sparks
2026-05-29T15:21:56.045194+00:00,569d4b7c89e0f5c50174ddfc4616d88c,2026-05-29T23:30:00Z,fanduel,FanDuel,player_assists,Over,Breanna Stewart,2.5,-136,2026-05-29T15:20:29Z,New York Liberty,Phoenix Mercury
2026-05-29T15:21:56.045194+00:00,569d4b7c89e0f5c50174ddfc4616d88c,2026-05-29T23:30:00Z,fanduel,FanDuel,player_assists,Under,Breanna Stewart,2.5,102,2026-05-29T15:20:29Z,New York Liberty,Phoenix Mercury
2026-05-29T15:21:56.045194+00:00,569d4b7c89e0f5c50174ddfc4616d88c,2026-05-29T23:30:00Z,fanduel,FanDuel,player_assists,Over,Alyssa Thomas,9.5,108,2026-05-29T15:20:29Z,New York Liberty,Phoenix Mercury
2026-05-29T15:21:56.045194+00:00,569d4b7c89e0f5c50174ddfc4616d88c,2026-05-29T23:30:00Z,fanduel,FanDuel,player_assists,Under,Alyssa Thomas,9.5,-144,2026-05-29T15:20:29Z,New York Liberty,Phoenix Mercury
2026-05-29T15:21:56.045194+00:00,569d4b7c89e0f5c50174ddfc4616d88c,2026-05-29T23:30:00Z,fanduel,FanDuel,player_assists,Over,Marine Johannes,4.5,114,2026-05-29T15:20:29Z,New York Liberty,Phoenix Mercury
2026-05-29T15:21:56.045194+00:00,569d4b7c89e0f5c50174ddfc4616d88c,2026-05-29T23:30:00Z,fanduel,FanDuel,player_assists,Under,Marine Johannes,4.5,-152,2026-05-29T15:20:29Z,New York Liberty,Phoenix Mercury
2026-05-29T15:21:56.045194+00:00,569d4b7c89e0f5c50174ddfc4616d88c,2026-05-29T23:30:00Z,fanduel,FanDuel,player_double_double,Yes,Alyssa Thomas,,-145,2026-05-29T15:20:29Z,New York Liberty,Phoenix Mercury
2026-05-29T15:21:56.045194+00:00,569d4b7c89e0f5c50174ddfc4616d88c,2026-05-29T23:30:00Z,fanduel,FanDuel,player_double_double,Yes,Breanna Stewart,,180,2026-05-29T15:20:29Z,New York Liberty,Phoenix Mercury
2026-05-29T15:21:56.045194+00:00,569d4b7c89e0f5c50174ddfc4616d88c,2026-05-29T23:30:00Z,fanduel,FanDuel,player_double_double,Yes,Jonquel Jones,,220,2026-05-29T15:20:29Z,New York Liberty,Phoenix Mercury
2026-05-29T15:21:56.045194+00:00,569d4b7c89e0f5c50174ddfc4616d88c,2026-05-29T23:30:00Z,fanduel,FanDuel,player_double_double,Yes,Natasha Mack,,460,2026-05-29T15:20:29Z,New York Liberty,Phoenix Mercury
2026-05-29T15:21:56.045194+00:00,569d4b7c89e0f5c50174ddfc4616d88c,2026-05-29T23:30:00Z,fanduel,FanDuel,player_points,Over,Kahleah Copper,19.5,-108,2026-05-29T15:20:29Z,New York Liberty,Phoenix Mercury
2026-05-29T15:21:56.045194+00:00,569d4b7c89e0f5c50174ddfc4616d88c,2026-05-29T23:30:00Z,fanduel,FanDuel,player_points,Under,Kahleah Copper,19.5,-120,2026-05-29T15:20:29Z,New York Liberty,Phoenix Mercury
2026-05-29T15:21:56.045194+00:00,569d4b7c89e0f5c50174ddfc4616d88c,2026-05-29T23:30:00Z,fanduel,FanDuel,player_points,Over,Breanna Stewart,19.5,-114,2026-05-29T15:20:29Z,New York Liberty,Phoenix Mercury
2026-05-29T15:21:56.045194+00:00,569d4b7c89e0f5c50174ddfc4616d88c,2026-05-29T23:30:00Z,fanduel,FanDuel,player_points,Under,Breanna Stewart,19.5,-114,2026-05-29T15:20:29Z,New York Liberty,Phoenix Mercury
2026-05-29T15:21:56.045194+00:00,569d4b7c89e0f5c50174ddfc4616d88c,2026-05-29T23:30:00Z,fanduel,FanDuel,player_points,Over,Alyssa Thomas,15.5,-110,2026-05-29T15:20:29Z,New York Liberty,Phoenix Mercury
2026-05-29T15:21:56.045194+00:00,569d4b7c89e0f5c50174ddfc4616d88c,2026-05-29T23:30:00Z,fanduel,FanDuel,player_points,Under,Alyssa Thomas,15.5,-118,2026-05-29T15:20:29Z,New York Liberty,Phoenix Mercury
2026-05-29T15:21:56.045194+00:00,569d4b7c89e0f5c50174ddfc4616d88c,2026-05-29T23:30:00Z,fanduel,FanDuel,player_points,Over,Satou Sabally,14.5,-104,2026-05-29T15:20:29Z,New York Liberty,Phoenix Mercury
2026-05-29T15:21:56.045194+00:00,569d4b7c89e0f5c50174ddfc4616d88c,2026-05-29T23:30:00Z,fanduel,FanDuel,player_points,Under,Satou Sabally,14.5,-125,2026-05-29T15:20:29Z,New York Liberty,Phoenix Mercury
2026-05-29T15:21:56.045194+00:00,569d4b7c89e0f5c50174ddfc4616d88c,2026-05-29T23:30:00Z,fanduel,FanDuel,player_points,Over,Marine Johannes,12.5,-102,2026-05-29T15:20:29Z,New York Liberty,Phoenix Mercury
2026-05-29T15:21:56.045194+00:00,569d4b7c89e0f5c50174ddfc4616d88c,2026-05-29T23:30:00Z,fanduel,FanDuel,player_points,Under,Marine Johannes,12.5,-128,2026-05-29T15:20:29Z,New York Liberty,Phoenix Mercury
2026-05-29T15:21:56.045194+00:00,569d4b7c89e0f5c50174ddfc4616d88c,2026-05-29T23:30:00Z,fanduel,FanDuel,player_points,Over,Jonquel Jones,12.5,-108,2026-05-29T15:20:29Z,New York Liberty,Phoenix Mercury
2026-05-29T15:21:56.045194+00:00,569d4b7c89e0f5c50174ddfc4616d88c,2026-05-29T23:30:00Z,fanduel,FanDuel,player_points,Under,Jonquel Jones,12.5,-120,2026-05-29T15:20:29Z,New York Liberty,Phoenix Mercury
2026-05-29T15:21:56.045194+00:00,569d4b7c89e0f5c50174ddfc4616d88c,2026-05-29T23:30:00Z,fanduel,FanDuel,player_points,Over,Natasha Mack,8.5,-132,2026-05-29T15:20:29Z,New York Liberty,Phoenix Mercury
2026-05-29T15:21:56.045194+00:00,569d4b7c89e0f5c50174ddfc4616d88c,2026-05-29T23:30:00Z,fanduel,FanDuel,player_points,Under,Natasha Mack,8.5,102,2026-05-29T15:20:29Z,New York Liberty,Phoenix Mercury
2026-05-29T15:21:56.045194+00:00,569d4b7c89e0f5c50174ddfc4616d88c,2026-05-29T23:30:00Z,fanduel,FanDuel,player_points_assists,Over,Satou Sabally,17.5,-106,2026-05-29T15:20:29Z,New York Liberty,Phoenix Mercury
2026-05-29T15:21:56.045194+00:00,569d4b7c89e0f5c50174ddfc4616d88c,2026-05-29T23:30:00Z,fanduel,FanDuel,player_points_assists,Under,Satou Sabally,17.5,-125,2026-05-29T15:20:29Z,New York Liberty,Phoenix Mercury
2026-05-29T15:21:56.045194+00:00,569d4b7c89e0f5c50174ddfc4616d88c,2026-05-29T23:30:00Z,fanduel,FanDuel,player_points_assists,Over,Breanna Stewart,22.5,-110,2026-05-29T15:20:29Z,New York Liberty,Phoenix Mercury
2026-05-29T15:21:56.045194+00:00,569d4b7c89e0f5c50174ddfc4616d88c,2026-05-29T23:30:00Z,fanduel,FanDuel,player_points_assists,Under,Breanna Stewart,22.5,-120,2026-05-29T15:20:29Z,New York Liberty,Phoenix Mercury
2026-05-29T15:21:56.045194+00:00,569d4b7c89e0f5c50174ddfc4616d88c,2026-05-29T23:30:00Z,fanduel,FanDuel,player_points_assists,Over,Alyssa Thomas,24.5,-122,2026-05-29T15:20:29Z,New York Liberty,Phoenix Mercury
2026-05-29T15:21:56.045194+00:00,569d4b7c89e0f5c50174ddfc4616d88c,2026-05-29T23:30:00Z,fanduel,FanDuel,player_points_assists,Under,Alyssa Thomas,24.5,-110,2026-05-29T15:20:29Z,New York Liberty,Phoenix Mercury
2026-05-29T15:21:56.045194+00:00,569d4b7c89e0f5c50174ddfc4616d88c,2026-05-29T23:30:00Z,fanduel,FanDuel,player_points_assists,Over,Marine Johannes,16.5,-114,2026-05-29T15:20:29Z,New York Liberty,Phoenix Mercury
2026-05-29T15:21:56.045194+00:00,569d4b7c89e0f5c50174ddfc4616d88c,2026-05-29T23:30:00Z,fanduel,FanDuel,player_points_assists,Under,Marine Johannes,16.5,-114,2026-05-29T15:20:29Z,New York Liberty,Phoenix Mercury
2026-05-29T15:21:56.045194+00:00,569d4b7c89e0f5c50174ddfc4616d88c,2026-05-29T23:30:00Z,fanduel,FanDuel,player_points_rebounds,Over,Breanna Stewart,27.5,-114,2026-05-29T15:20:29Z,New York Liberty,Phoenix Mercury
2026-05-29T15:21:56.045194+00:00,569d4b7c89e0f5c50174ddfc4616d88c,2026-05-29T23:30:00Z,fanduel,FanDuel,player_points_rebounds,Under,Breanna Stewart,27.5,-114,2026-05-29T15:20:29Z,New York Liberty,Phoenix Mercury
2026-05-29T15:21:56.045194+00:00,569d4b7c89e0f5c50174ddfc4616d88c,2026-05-29T23:30:00Z,fanduel,FanDuel,player_points_rebounds,Over,Satou Sabally,18.5,-118,2026-05-29T15:20:29Z,New York Liberty,Phoenix Mercury
2026-05-29T15:21:56.045194+00:00,569d4b7c89e0f5c50174ddfc4616d88c,2026-05-29T23:30:00Z,fanduel,FanDuel,player_points_rebounds,Under,Satou Sabally,18.5,-112,2026-05-29T15:20:29Z,New York Liberty,Phoenix Mercury
2026-05-29T15:21:56.045194+00:00,569d4b7c89e0f5c50174ddfc4616d88c,2026-05-29T23:30:00Z,fanduel,FanDuel,player_points_rebounds,Over,Alyssa Thomas,23.5,-112,2026-05-29T15:20:29Z,New York Liberty,Phoenix Mercury
2026-05-29T15:21:56.045194+00:00,569d4b7c89e0f5c50174ddfc4616d88c,2026-05-29T23:30:00Z,fanduel,FanDuel,player_points_rebounds,Under,Alyssa Thomas,23.5,-118,2026-05-29T15:20:29Z,New York Liberty,Phoenix Mercury
2026-05-29T15:21:56.045194+00:00,569d4b7c89e0f5c50174ddfc4616d88c,2026-05-29T23:30:00Z,fanduel,FanDuel,player_points_rebounds,Over,Kahleah Copper,22.5,-110,2026-05-29T15:20:29Z,New York Liberty,Phoenix Mercury
2026-05-29T15:21:56.045194+00:00,569d4b7c89e0f5c50174ddfc4616d88c,2026-05-29T23:30:00Z,fanduel,FanDuel,player_points_rebounds,Under,Kahleah Copper,22.5,-120,2026-05-29T15:20:29Z,New York Liberty,Phoenix Mercury
2026-05-29T15:21:56.045194+00:00,569d4b7c89e0f5c50174ddfc4616d88c,2026-05-29T23:30:00Z,fanduel,FanDuel,player_points_rebounds,Over,Jonquel Jones,20.5,-125,2026-05-29T15:20:29Z,New York Liberty,Phoenix Mercury
2026-05-29T15:21:56.045194+00:00,569d4b7c89e0f5c50174ddfc4616d88c,2026-05-29T23:30:00Z,fanduel,FanDuel,player_points_rebounds,Under,Jonquel Jones,20.5,-106,2026-05-29T15:20:29Z,New York Liberty,Phoenix Mercury
2026-05-29T15:21:56.045194+00:00,569d4b7c89e0f5c50174ddfc4616d88c,2026-05-29T23:30:00Z,fanduel,FanDuel,player_points_rebounds_assists,Over,Satou Sabally,21.5,-122,2026-05-29T15:20:29Z,New York Liberty,Phoenix Mercury
2026-05-29T15:21:56.045194+00:00,569d4b7c89e0f5c50174ddfc4616d88c,2026-05-29T23:30:00Z,fanduel,FanDuel,player_points_rebounds_assists,Under,Satou Sabally,21.5,-108,2026-05-29T15:20:29Z,New York Liberty,Phoenix Mercury
2026-05-29T15:21:56.045194+00:00,569d4b7c89e0f5c50174ddfc4616d88c,2026-05-29T23:30:00Z,fanduel,FanDuel,player_points_rebounds_assists,Over,Breanna Stewart,30.5,-114,2026-05-29T15:20:29Z,New York Liberty,Phoenix Mercury
2026-05-29T15:21:56.045194+00:00,569d4b7c89e0f5c50174ddfc4616d88c,2026-05-29T23:30:00Z,fanduel,FanDuel,player_points_rebounds_assists,Under,Breanna Stewart,30.5,-114,2026-05-29T15:20:29Z,New York Liberty,Phoenix Mercury
2026-05-29T15:21:56.045194+00:00,569d4b7c89e0f5c50174ddfc4616d88c,2026-05-29T23:30:00Z,fanduel,FanDuel,player_points_rebounds_assists,Over,Alyssa Thomas,32.5,-122,2026-05-29T15:20:29Z,New York Liberty,Phoenix Mercury
2026-05-29T15:21:56.045194+00:00,569d4b7c89e0f5c50174ddfc4616d88c,2026-05-29T23:30:00Z,fanduel,FanDuel,player_points_rebounds_assists,Under,Alyssa Thomas,32.5,-108,2026-05-29T15:20:29Z,New York Liberty,Phoenix Mercury
2026-05-29T15:21:56.045194+00:00,569d4b7c89e0f5c50174ddfc4616d88c,2026-05-29T23:30:00Z,fanduel,FanDuel,player_points_rebounds_assists,Over,Kahleah Copper,24.5,-118,2026-05-29T15:20:29Z,New York Liberty,Phoenix Mercury
2026-05-29T15:21:56.045194+00:00,569d4b7c89e0f5c50174ddfc4616d88c,2026-05-29T23:30:00Z,fanduel,FanDuel,player_points_rebounds_assists,Under,Kahleah Copper,24.5,-112,2026-05-29T15:20:29Z,New York Liberty,Phoenix Mercury
2026-05-29T15:21:56.045194+00:00,569d4b7c89e0f5c50174ddfc4616d88c,2026-05-29T23:30:00Z,fanduel,FanDuel,player_rebounds,Over,Satou Sabally,4.5,-106,2026-05-29T15:20:29Z,New York Liberty,Phoenix Mercury
2026-05-29T15:21:56.045194+00:00,569d4b7c89e0f5c50174ddfc4616d88c,2026-05-29T23:30:00Z,fanduel,FanDuel,player_rebounds,Under,Satou Sabally,4.5,-125,2026-05-29T15:20:29Z,New York Liberty,Phoenix Mercury
2026-05-29T15:21:56.045194+00:00,569d4b7c89e0f5c50174ddfc4616d88c,2026-05-29T23:30:00Z,fanduel,FanDuel,player_rebounds,Over,Breanna Stewart,7.5,-146,2026-05-29T15:20:29Z,New York Liberty,Phoenix Mercury
2026-05-29T15:21:56.045194+00:00,569d4b7c89e0f5c50174ddfc4616d88c,2026-05-29T23:30:00Z,fanduel,FanDuel,player_rebounds,Under,Breanna Stewart,7.5,110,2026-05-29T15:20:29Z,New York Liberty,Phoenix Mercury
2026-05-29T15:21:56.045194+00:00,569d4b7c89e0f5c50174ddfc4616d88c,2026-05-29T23:30:00Z,fanduel,FanDuel,player_rebounds,Over,Alyssa Thomas,7.5,-122,2026-05-29T15:20:29Z,New York Liberty,Phoenix Mercury
2026-05-29T15:21:56.045194+00:00,569d4b7c89e0f5c50174ddfc4616d88c,2026-05-29T23:30:00Z,fanduel,FanDuel,player_rebounds,Under,Alyssa Thomas,7.5,-108,2026-05-29T15:20:29Z,New York Liberty,Phoenix Mercury
2026-05-29T15:21:56.045194+00:00,569d4b7c89e0f5c50174ddfc4616d88c,2026-05-29T23:30:00Z,fanduel,FanDuel,player_rebounds,Over,Jonquel Jones,8.5,104,2026-05-29T15:20:29Z,New York Liberty,Phoenix Mercury
2026-05-29T15:21:56.045194+00:00,569d4b7c89e0f5c50174ddfc4616d88c,2026-05-29T23:30:00Z,fanduel,FanDuel,player_rebounds,Under,Jonquel Jones,8.5,-138,2026-05-29T15:20:29Z,New York Liberty,Phoenix Mercury
2026-05-29T15:21:56.045194+00:00,569d4b7c89e0f5c50174ddfc4616d88c,2026-05-29T23:30:00Z,fanduel,FanDuel,player_rebounds,Over,Natasha Mack,7.5,106,2026-05-29T15:20:29Z,New York Liberty,Phoenix Mercury
2026-05-29T15:21:56.045194+00:00,569d4b7c89e0f5c50174ddfc4616d88c,2026-05-29T23:30:00Z,fanduel,FanDuel,player_rebounds,Under,Natasha Mack,7.5,-140,2026-05-29T15:20:29Z,New York Liberty,Phoenix Mercury
2026-05-29T15:21:56.045194+00:00,569d4b7c89e0f5c50174ddfc4616d88c,2026-05-29T23:30:00Z,fanduel,FanDuel,player_rebounds_assists,Over,Alyssa Thomas,16.5,-132,2026-05-29T15:20:29Z,New York Liberty,Phoenix Mercury
2026-05-29T15:21:56.045194+00:00,569d4b7c89e0f5c50174ddfc4616d88c,2026-05-29T23:30:00Z,fanduel,FanDuel,player_rebounds_assists,Under,Alyssa Thomas,16.5,100,2026-05-29T15:20:29Z,New York Liberty,Phoenix Mercury
2026-05-29T15:21:56.045194+00:00,569d4b7c89e0f5c50174ddfc4616d88c,2026-05-29T23:30:00Z,fanduel,FanDuel,player_rebounds_assists,Over,Breanna Stewart,10.5,-136,2026-05-29T15:20:29Z,New York Liberty,Phoenix Mercury
2026-05-29T15:21:56.045194+00:00,569d4b7c89e0f5c50174ddfc4616d88c,2026-05-29T23:30:00Z,fanduel,FanDuel,player_rebounds_assists,Under,Breanna Stewart,10.5,102,2026-05-29T15:20:29Z,New York Liberty,Phoenix Mercury
2026-05-29T15:21:56.045194+00:00,569d4b7c89e0f5c50174ddfc4616d88c,2026-05-29T23:30:00Z,fanduel,FanDuel,player_threes,Over,Satou Sabally,1.5,-144,2026-05-29T15:20:29Z,New York Liberty,Phoenix Mercury
2026-05-29T15:21:56.045194+00:00,569d4b7c89e0f5c50174ddfc4616d88c,2026-05-29T23:30:00Z,fanduel,FanDuel,player_threes,Under,Satou Sabally,1.5,108,2026-05-29T15:20:29Z,New York Liberty,Phoenix Mercury
2026-05-29T15:21:56.045194+00:00,569d4b7c89e0f5c50174ddfc4616d88c,2026-05-29T23:30:00Z,fanduel,FanDuel,player_threes,Over,Marine Johannes,2.5,-128,2026-05-29T15:20:29Z,New York Liberty,Phoenix Mercury
2026-05-29T15:21:56.045194+00:00,569d4b7c89e0f5c50174ddfc4616d88c,2026-05-29T23:30:00Z,fanduel,FanDuel,player_threes,Under,Marine Johannes,2.5,-104,2026-05-29T15:20:29Z,New York Liberty,Phoenix Mercury
2026-05-29T15:21:56.045194+00:00,569d4b7c89e0f5c50174ddfc4616d88c,2026-05-29T23:30:00Z,fanduel,FanDuel,player_threes,Over,Kahleah Copper,2.5,148,2026-05-29T15:20:29Z,New York Liberty,Phoenix Mercury
2026-05-29T15:21:56.045194+00:00,569d4b7c89e0f5c50174ddfc4616d88c,2026-05-29T23:30:00Z,fanduel,FanDuel,player_threes,Under,Kahleah Copper,2.5,-200,2026-05-29T15:20:29Z,New York Liberty,Phoenix Mercury
2026-05-29T15:21:56.045194+00:00,569d4b7c89e0f5c50174ddfc4616d88c,2026-05-29T23:30:00Z,fanduel,FanDuel,player_threes,Over,Jonquel Jones,1.5,178,2026-05-29T15:20:29Z,New York Liberty,Phoenix Mercury
2026-05-29T15:21:56.045194+00:00,569d4b7c89e0f5c50174ddfc4616d88c,2026-05-29T23:30:00Z,fanduel,FanDuel,player_threes,Under,Jonquel Jones,1.5,-245,2026-05-29T15:20:29Z,New York Liberty,Phoenix Mercury
2026-05-29T15:21:56.045194+00:00,569d4b7c89e0f5c50174ddfc4616d88c,2026-05-29T23:30:00Z,fanduel,FanDuel,player_triple_double,Yes,Alyssa Thomas,,460,2026-05-29T15:20:29Z,New York Liberty,Phoenix Mercury
2026-05-29T15:21:56.045194+00:00,569d4b7c89e0f5c50174ddfc4616d88c,2026-05-29T23:30:00Z,draftkings,DraftKings,player_assists,Over,Alyssa Thomas,8.5,-137,2026-05-29T15:20:52Z,New York Liberty,Phoenix Mercury
2026-05-29T15:21:56.045194+00:00,569d4b7c89e0f5c50174ddfc4616d88c,2026-05-29T23:30:00Z,draftkings,DraftKings,player_assists,Under,Alyssa Thomas,8.5,101,2026-05-29T15:20:52Z,New York Liberty,Phoenix Mercury
2026-05-29T15:21:56.045194+00:00,569d4b7c89e0f5c50174ddfc4616d88c,2026-05-29T23:30:00Z,draftkings,DraftKings,player_assists,Over,Marine Johannes,4.5,-114,2026-05-29T15:20:52Z,New York Liberty,Phoenix Mercury
2026-05-29T15:21:56.045194+00:00,569d4b7c89e0f5c50174ddfc4616d88c,2026-05-29T23:30:00Z,draftkings,DraftKings,player_assists,Under,Marine Johannes,4.5,-119,2026-05-29T15:20:52Z,New York Liberty,Phoenix Mercury
2026-05-29T15:21:56.045194+00:00,569d4b7c89e0f5c50174ddfc4616d88c,2026-05-29T23:30:00Z,draftkings,DraftKings,player_assists,Over,Breanna Stewart,2.5,-167,2026-05-29T15:20:52Z,New York Liberty,Phoenix Mercury
2026-05-29T15:21:56.045194+00:00,569d4b7c89e0f5c50174ddfc4616d88c,2026-05-29T23:30:00Z,draftkings,DraftKings,player_assists,Under,Breanna Stewart,2.5,122,2026-05-29T15:20:52Z,New York Liberty,Phoenix Mercury
2026-05-29T15:21:56.045194+00:00,569d4b7c89e0f5c50174ddfc4616d88c,2026-05-29T23:30:00Z,draftkings,DraftKings,player_assists,Over,Satou Sabally,2.5,-142,2026-05-29T15:20:52Z,New York Liberty,Phoenix Mercury
2026-05-29T15:21:56.045194+00:00,569d4b7c89e0f5c50174ddfc4616d88c,2026-05-29T23:30:00Z,draftkings,DraftKings,player_assists,Under,Satou Sabally,2.5,104,2026-05-29T15:20:52Z,New York Liberty,Phoenix Mercury
2026-05-29T15:21:56.045194+00:00,569d4b7c89e0f5c50174ddfc4616d88c,2026-05-29T23:30:00Z,draftkings,DraftKings,player_assists,Over,Kahleah Copper,2.5,139,2026-05-29T15:20:52Z,New York Liberty,Phoenix Mercury
2026-05-29T15:21:56.045194+00:00,569d4b7c89e0f5c50174ddfc4616d88c,2026-05-29T23:30:00Z,draftkings,DraftKings,player_assists,Under,Kahleah Copper,2.5,-191,2026-05-29T15:20:52Z,New York Liberty,Phoenix Mercury
2026-05-29T15:21:56.045194+00:00,569d4b7c89e0f5c50174ddfc4616d88c,2026-05-29T23:30:00Z,draftkings,DraftKings,player_double_double,Yes,Alyssa Thomas,,-127,2026-05-29T15:20:52Z,New York Liberty,Phoenix Mercury
2026-05-29T15:21:56.045194+00:00,569d4b7c89e0f5c50174ddfc4616d88c,2026-05-29T23:30:00Z,draftkings,DraftKings,player_double_double,Yes,Breanna Stewart,,169,2026-05-29T15:20:52Z,New York Liberty,Phoenix Mercury
2026-05-29T15:21:56.045194+00:00,569d4b7c89e0f5c50174ddfc4616d88c,2026-05-29T23:30:00Z,draftkings,DraftKings,player_double_double,Yes,Jonquel Jones,,226,2026-05-29T15:20:52Z,New York Liberty,Phoenix Mercury
2026-05-29T15:21:56.045194+00:00,569d4b7c89e0f5c50174ddfc4616d88c,2026-05-29T23:30:00Z,draftkings,DraftKings,player_double_double,Yes,Natasha Mack,,542,2026-05-29T15:20:52Z,New York Liberty,Phoenix Mercury
2026-05-29T15:21:56.045194+00:00,569d4b7c89e0f5c50174ddfc4616d88c,2026-05-29T23:30:00Z,draftkings,DraftKings,player_double_double,Yes,Satou Sabally,,1720,2026-05-29T15:20:52Z,New York Liberty,Phoenix Mercury
2026-05-29T15:21:56.045194+00:00,569d4b7c89e0f5c50174ddfc4616d88c,2026-05-29T23:30:00Z,draftkings,DraftKings,player_double_double,Yes,Kahleah Copper,,5300,2026-05-29T15:20:52Z,New York Liberty,Phoenix Mercury
2026-05-29T15:21:56.045194+00:00,569d4b7c89e0f5c50174ddfc4616d88c,2026-05-29T23:30:00Z,draftkings,DraftKings,player_points,Over,Breanna Stewart,19.5,-109,2026-05-29T15:20:52Z,New York Liberty,Phoenix Mercury
2026-05-29T15:21:56.045194+00:00,569d4b7c89e0f5c50174ddfc4616d88c,2026-05-29T23:30:00Z,draftkings,DraftKings,player_points,Under,Breanna Stewart,19.5,-121,2026-05-29T15:20:52Z,New York Liberty,Phoenix Mercury
2026-05-29T15:21:56.045194+00:00,569d4b7c89e0f5c50174ddfc4616d88c,2026-05-29T23:30:00Z,draftkings,DraftKings,player_points,Over,Kahleah Copper,18.5,-129,2026-05-29T15:20:52Z,New York Liberty,Phoenix Mercury
2026-05-29T15:21:56.045194+00:00,569d4b7c89e0f5c50174ddfc4616d88c,2026-05-29T23:30:00Z,draftkings,DraftKings,player_points,Under,Kahleah Copper,18.5,-103,2026-05-29T15:20:52Z,New York Liberty,Phoenix Mercury
2026-05-29T15:21:56.045194+00:00,569d4b7c89e0f5c50174ddfc4616d88c,2026-05-29T23:30:00Z,draftkings,DraftKings,player_points,Over,Alyssa Thomas,15.5,-121,2026-05-29T15:20:52Z,New York Liberty,Phoenix Mercury
2026-05-29T15:21:56.045194+00:00,569d4b7c89e0f5c50174ddfc4616d88c,2026-05-29T23:30:00Z,draftkings,DraftKings,player_points,Under,Alyssa Thomas,15.5,-110,2026-05-29T15:20:52Z,New York Liberty,Phoenix Mercury
2026-05-29T15:21:56.045194+00:00,569d4b7c89e0f5c50174ddfc4616d88c,2026-05-29T23:30:00Z,draftkings,DraftKings,player_points,Over,Satou Sabally,13.5,-128,2026-05-29T15:20:52Z,New York Liberty,Phoenix Mercury
2026-05-29T15:21:56.045194+00:00,569d4b7c89e0f5c50174ddfc4616d88c,2026-05-29T23:30:00Z,draftkings,DraftKings,player_points,Under,Satou Sabally,13.5,-104,2026-05-29T15:20:52Z,New York Liberty,Phoenix Mercury
2026-05-29T15:21:56.045194+00:00,569d4b7c89e0f5c50174ddfc4616d88c,2026-05-29T23:30:00Z,draftkings,DraftKings,player_points,Over,Marine Johannes,13.5,-117,2026-05-29T15:20:52Z,New York Liberty,Phoenix Mercury
2026-05-29T15:21:56.045194+00:00,569d4b7c89e0f5c50174ddfc4616d88c,2026-05-29T23:30:00Z,draftkings,DraftKings,player_points,Under,Marine Johannes,13.5,-114,2026-05-29T15:20:52Z,New York Liberty,Phoenix Mercury
2026-05-29T15:21:56.045194+00:00,569d4b7c89e0f5c50174ddfc4616d88c,2026-05-29T23:30:00Z,draftkings,DraftKings,player_points,Over,Jonquel Jones,12.5,-113,2026-05-29T15:20:52Z,New York Liberty,Phoenix Mercury
2026-05-29T15:21:56.045194+00:00,569d4b7c89e0f5c50174ddfc4616d88c,2026-05-29T23:30:00Z,draftkings,DraftKings,player_points,Under,Jonquel Jones,12.5,-117,2026-05-29T15:20:52Z,New York Liberty,Phoenix Mercury
2026-05-29T15:21:56.045194+00:00,569d4b7c89e0f5c50174ddfc4616d88c,2026-05-29T23:30:00Z,draftkings,DraftKings,player_points,Over,Jovana Nogic,12.5,-111,2026-05-29T15:20:52Z,New York Liberty,Phoenix Mercury
2026-05-29T15:21:56.045194+00:00,569d4b7c89e0f5c50174ddfc4616d88c,2026-05-29T23:30:00Z,draftkings,DraftKings,player_points,Under,Jovana Nogic,12.5,-119,2026-05-29T15:20:52Z,New York Liberty,Phoenix Mercury
2026-05-29T15:21:56.045194+00:00,569d4b7c89e0f5c50174ddfc4616d88c,2026-05-29T23:30:00Z,draftkings,DraftKings,player_points,Over,Natasha Mack,9.5,-109,2026-05-29T15:20:52Z,New York Liberty,Phoenix Mercury
2026-05-29T15:21:56.045194+00:00,569d4b7c89e0f5c50174ddfc4616d88c,2026-05-29T23:30:00Z,draftkings,DraftKings,player_points,Under,Natasha Mack,9.5,-121,2026-05-29T15:20:52Z,New York Liberty,Phoenix Mercury
2026-05-29T15:21:56.045194+00:00,569d4b7c89e0f5c50174ddfc4616d88c,2026-05-29T23:30:00Z,draftkings,DraftKings,player_points_assists,Over,Alyssa Thomas,24.5,-128,2026-05-29T15:20:52Z,New York Liberty,Phoenix Mercury
2026-05-29T15:21:56.045194+00:00,569d4b7c89e0f5c50174ddfc4616d88c,2026-05-29T23:30:00Z,draftkings,DraftKings,player_points_assists,Under,Alyssa Thomas,24.5,-106,2026-05-29T15:20:52Z,New York Liberty,Phoenix Mercury
2026-05-29T15:21:56.045194+00:00,569d4b7c89e0f5c50174ddfc4616d88c,2026-05-29T23:30:00Z,draftkings,DraftKings,player_points_assists,Over,Breanna Stewart,22.5,-117,2026-05-29T15:20:52Z,New York Liberty,Phoenix Mercury
2026-05-29T15:21:56.045194+00:00,569d4b7c89e0f5c50174ddfc4616d88c,2026-05-29T23:30:00Z,draftkings,DraftKings,player_points_assists,Under,Breanna Stewart,22.5,-116,2026-05-29T15:20:52Z,New York Liberty,Phoenix Mercury
2026-05-29T15:21:56.045194+00:00,569d4b7c89e0f5c50174ddfc4616d88c,2026-05-29T23:30:00Z,draftkings,DraftKings,player_points_assists,Over,Kahleah Copper,21.5,-110,2026-05-29T15:20:52Z,New York Liberty,Phoenix Mercury
2026-05-29T15:21:56.045194+00:00,569d4b7c89e0f5c50174ddfc4616d88c,2026-05-29T23:30:00Z,draftkings,DraftKings,player_points_assists,Under,Kahleah Copper,21.5,-124,2026-05-29T15:20:52Z,New York Liberty,Phoenix Mercury
2026-05-29T15:21:56.045194+00:00,569d4b7c89e0f5c50174ddfc4616d88c,2026-05-29T23:30:00Z,draftkings,DraftKings,player_points_assists,Over,Marine Johannes,18.5,-110,2026-05-29T15:20:52Z,New York Liberty,Phoenix Mercury
2026-05-29T15:21:56.045194+00:00,569d4b7c89e0f5c50174ddfc4616d88c,2026-05-29T23:30:00Z,draftkings,DraftKings,player_points_assists,Under,Marine Johannes,18.5,-123,2026-05-29T15:20:52Z,New York Liberty,Phoenix Mercury
2026-05-29T15:21:56.045194+00:00,569d4b7c89e0f5c50174ddfc4616d88c,2026-05-29T23:30:00Z,draftkings,DraftKings,player_points_assists,Over,Satou Sabally,16.5,-127,2026-05-29T15:20:52Z,New York Liberty,Phoenix Mercury
2026-05-29T15:21:56.045194+00:00,569d4b7c89e0f5c50174ddfc4616d88c,2026-05-29T23:30:00Z,draftkings,DraftKings,player_points_assists,Under,Satou Sabally,16.5,-107,2026-05-29T15:20:52Z,New York Liberty,Phoenix Mercury
2026-05-29T15:21:56.045194+00:00,569d4b7c89e0f5c50174ddfc4616d88c,2026-05-29T23:30:00Z,draftkings,DraftKings,player_points_rebounds,Over,Breanna Stewart,27.5,-121,2026-05-29T15:20:52Z,New York Liberty,Phoenix Mercury
2026-05-29T15:21:56.045194+00:00,569d4b7c89e0f5c50174ddfc4616d88c,2026-05-29T23:30:00Z,draftkings,DraftKings,player_points_rebounds,Under,Breanna Stewart,27.5,-113,2026-05-29T15:20:52Z,New York Liberty,Phoenix Mercury
2026-05-29T15:21:56.045194+00:00,569d4b7c89e0f5c50174ddfc4616d88c,2026-05-29T23:30:00Z,draftkings,DraftKings,player_points_rebounds,Over,Alyssa Thomas,23.5,-117,2026-05-29T15:20:52Z,New York Liberty,Phoenix Mercury
2026-05-29T15:21:56.045194+00:00,569d4b7c89e0f5c50174ddfc4616d88c,2026-05-29T23:30:00Z,draftkings,DraftKings,player_points_rebounds,Under,Alyssa Thomas,23.5,-116,2026-05-29T15:20:52Z,New York Liberty,Phoenix Mercury
2026-05-29T15:21:56.045194+00:00,569d4b7c89e0f5c50174ddfc4616d88c,2026-05-29T23:30:00Z,draftkings,DraftKings,player_points_rebounds,Over,Kahleah Copper,21.5,-124,2026-05-29T15:20:52Z,New York Liberty,Phoenix Mercury
2026-05-29T15:21:56.045194+00:00,569d4b7c89e0f5c50174ddfc4616d88c,2026-05-29T23:30:00Z,draftkings,DraftKings,player_points_rebounds,Under,Kahleah Copper,21.5,-109,2026-05-29T15:20:52Z,New York Liberty,Phoenix Mercury
2026-05-29T15:21:56.045194+00:00,569d4b7c89e0f5c50174ddfc4616d88c,2026-05-29T23:30:00Z,draftkings,DraftKings,player_points_rebounds,Over,Jonquel Jones,20.5,-124,2026-05-29T15:20:52Z,New York Liberty,Phoenix Mercury
2026-05-29T15:21:56.045194+00:00,569d4b7c89e0f5c50174ddfc4616d88c,2026-05-29T23:30:00Z,draftkings,DraftKings,player_points_rebounds,Under,Jonquel Jones,20.5,-109,2026-05-29T15:20:52Z,New York Liberty,Phoenix Mercury
2026-05-29T15:21:56.045194+00:00,569d4b7c89e0f5c50174ddfc4616d88c,2026-05-29T23:30:00Z,draftkings,DraftKings,player_points_rebounds,Over,Satou Sabally,18.5,-120,2026-05-29T15:20:52Z,New York Liberty,Phoenix Mercury
2026-05-29T15:21:56.045194+00:00,569d4b7c89e0f5c50174ddfc4616d88c,2026-05-29T23:30:00Z,draftkings,DraftKings,player_points_rebounds,Under,Satou Sabally,18.5,-113,2026-05-29T15:20:52Z,New York Liberty,Phoenix Mercury
2026-05-29T15:21:56.045194+00:00,569d4b7c89e0f5c50174ddfc4616d88c,2026-05-29T23:30:00Z,draftkings,DraftKings,player_points_rebounds_assists,Over,Alyssa Thomas,32.5,-125,2026-05-29T15:20:52Z,New York Liberty,Phoenix Mercury
2026-05-29T15:21:56.045194+00:00,569d4b7c89e0f5c50174ddfc4616d88c,2026-05-29T23:30:00Z,draftkings,DraftKings,player_points_rebounds_assists,Under,Alyssa Thomas,32.5,-108,2026-05-29T15:20:52Z,New York Liberty,Phoenix Mercury
2026-05-29T15:21:56.045194+00:00,569d4b7c89e0f5c50174ddfc4616d88c,2026-05-29T23:30:00Z,draftkings,DraftKings,player_points_rebounds_assists,Over,Breanna Stewart,30.5,-123,2026-05-29T15:20:52Z,New York Liberty,Phoenix Mercury
2026-05-29T15:21:56.045194+00:00,569d4b7c89e0f5c50174ddfc4616d88c,2026-05-29T23:30:00Z,draftkings,DraftKings,player_points_rebounds_assists,Under,Breanna Stewart,30.5,-110,2026-05-29T15:20:52Z,New York Liberty,Phoenix Mercury
2026-05-29T15:21:56.045194+00:00,569d4b7c89e0f5c50174ddfc4616d88c,2026-05-29T23:30:00Z,draftkings,DraftKings,player_points_rebounds_assists,Over,Kahleah Copper,24.5,-108,2026-05-29T15:20:52Z,New York Liberty,Phoenix Mercury
2026-05-29T15:21:56.045194+00:00,569d4b7c89e0f5c50174ddfc4616d88c,2026-05-29T23:30:00Z,draftkings,DraftKings,player_points_rebounds_assists,Under,Kahleah Copper,24.5,-126,2026-05-29T15:20:52Z,New York Liberty,Phoenix Mercury
2026-05-29T15:21:56.045194+00:00,569d4b7c89e0f5c50174ddfc4616d88c,2026-05-29T23:30:00Z,draftkings,DraftKings,player_points_rebounds_assists,Over,Satou Sabally,21.5,-118,2026-05-29T15:20:52Z,New York Liberty,Phoenix Mercury
2026-05-29T15:21:56.045194+00:00,569d4b7c89e0f5c50174ddfc4616d88c,2026-05-29T23:30:00Z,draftkings,DraftKings,player_points_rebounds_assists,Under,Satou Sabally,21.5,-115,2026-05-29T15:20:52Z,New York Liberty,Phoenix Mercury
2026-05-29T15:21:56.045194+00:00,569d4b7c89e0f5c50174ddfc4616d88c,2026-05-29T23:30:00Z,draftkings,DraftKings,player_rebounds,Over,Jonquel Jones,8.5,100,2026-05-29T15:20:52Z,New York Liberty,Phoenix Mercury
2026-05-29T15:21:56.045194+00:00,569d4b7c89e0f5c50174ddfc4616d88c,2026-05-29T23:30:00Z,draftkings,DraftKings,player_rebounds,Under,Jonquel Jones,8.5,-136,2026-05-29T15:20:52Z,New York Liberty,Phoenix Mercury
2026-05-29T15:21:56.045194+00:00,569d4b7c89e0f5c50174ddfc4616d88c,2026-05-29T23:30:00Z,draftkings,DraftKings,player_rebounds,Over,Breanna Stewart,8.5,106,2026-05-29T15:20:52Z,New York Liberty,Phoenix Mercury
2026-05-29T15:21:56.045194+00:00,569d4b7c89e0f5c50174ddfc4616d88c,2026-05-29T23:30:00Z,draftkings,DraftKings,player_rebounds,Under,Breanna Stewart,8.5,-144,2026-05-29T15:20:52Z,New York Liberty,Phoenix Mercury
2026-05-29T15:21:56.045194+00:00,569d4b7c89e0f5c50174ddfc4616d88c,2026-05-29T23:30:00Z,draftkings,DraftKings,player_rebounds,Over,Alyssa Thomas,7.5,-120,2026-05-29T15:20:52Z,New York Liberty,Phoenix Mercury
2026-05-29T15:21:56.045194+00:00,569d4b7c89e0f5c50174ddfc4616d88c,2026-05-29T23:30:00Z,draftkings,DraftKings,player_rebounds,Under,Alyssa Thomas,7.5,-113,2026-05-29T15:20:52Z,New York Liberty,Phoenix Mercury
2026-05-29T15:21:56.045194+00:00,569d4b7c89e0f5c50174ddfc4616d88c,2026-05-29T23:30:00Z,draftkings,DraftKings,player_rebounds,Over,Natasha Mack,7.5,-105,2026-05-29T15:20:52Z,New York Liberty,Phoenix Mercury
2026-05-29T15:21:56.045194+00:00,569d4b7c89e0f5c50174ddfc4616d88c,2026-05-29T23:30:00Z,draftkings,DraftKings,player_rebounds,Under,Natasha Mack,7.5,-129,2026-05-29T15:20:52Z,New York Liberty,Phoenix Mercury
2026-05-29T15:21:56.045194+00:00,569d4b7c89e0f5c50174ddfc4616d88c,2026-05-29T23:30:00Z,draftkings,DraftKings,player_rebounds,Over,Satou Sabally,4.5,-114,2026-05-29T15:20:52Z,New York Liberty,Phoenix Mercury
2026-05-29T15:21:56.045194+00:00,569d4b7c89e0f5c50174ddfc4616d88c,2026-05-29T23:30:00Z,draftkings,DraftKings,player_rebounds,Under,Satou Sabally,4.5,-119,2026-05-29T15:20:52Z,New York Liberty,Phoenix Mercury
2026-05-29T15:21:56.045194+00:00,569d4b7c89e0f5c50174ddfc4616d88c,2026-05-29T23:30:00Z,draftkings,DraftKings,player_rebounds,Over,Kahleah Copper,2.5,-137,2026-05-29T15:20:52Z,New York Liberty,Phoenix Mercury
2026-05-29T15:21:56.045194+00:00,569d4b7c89e0f5c50174ddfc4616d88c,2026-05-29T23:30:00Z,draftkings,DraftKings,player_rebounds,Under,Kahleah Copper,2.5,101,2026-05-29T15:20:52Z,New York Liberty,Phoenix Mercury
2026-05-29T15:21:56.045194+00:00,569d4b7c89e0f5c50174ddfc4616d88c,2026-05-29T23:30:00Z,draftkings,DraftKings,player_rebounds_assists,Over,Alyssa Thomas,16.5,-125,2026-05-29T15:20:52Z,New York Liberty,Phoenix Mercury
2026-05-29T15:21:56.045194+00:00,569d4b7c89e0f5c50174ddfc4616d88c,2026-05-29T23:30:00Z,draftkings,DraftKings,player_rebounds_assists,Under,Alyssa Thomas,16.5,-108,2026-05-29T15:20:52Z,New York Liberty,Phoenix Mercury
2026-05-29T15:21:56.045194+00:00,569d4b7c89e0f5c50174ddfc4616d88c,2026-05-29T23:30:00Z,draftkings,DraftKings,player_rebounds_assists,Over,Breanna Stewart,11.5,103,2026-05-29T15:20:52Z,New York Liberty,Phoenix Mercury
2026-05-29T15:21:56.045194+00:00,569d4b7c89e0f5c50174ddfc4616d88c,2026-05-29T23:30:00Z,draftkings,DraftKings,player_rebounds_assists,Under,Breanna Stewart,11.5,-140,2026-05-29T15:20:52Z,New York Liberty,Phoenix Mercury
2026-05-29T15:21:56.045194+00:00,569d4b7c89e0f5c50174ddfc4616d88c,2026-05-29T23:30:00Z,draftkings,DraftKings,player_rebounds_assists,Over,Satou Sabally,7.5,-108,2026-05-29T15:20:52Z,New York Liberty,Phoenix Mercury
2026-05-29T15:21:56.045194+00:00,569d4b7c89e0f5c50174ddfc4616d88c,2026-05-29T23:30:00Z,draftkings,DraftKings,player_rebounds_assists,Under,Satou Sabally,7.5,-126,2026-05-29T15:20:52Z,New York Liberty,Phoenix Mercury
2026-05-29T15:21:56.045194+00:00,569d4b7c89e0f5c50174ddfc4616d88c,2026-05-29T23:30:00Z,draftkings,DraftKings,player_threes,Over,Marine Johannes,2.5,-145,2026-05-29T15:20:52Z,New York Liberty,Phoenix Mercury
2026-05-29T15:21:56.045194+00:00,569d4b7c89e0f5c50174ddfc4616d88c,2026-05-29T23:30:00Z,draftkings,DraftKings,player_threes,Under,Marine Johannes,2.5,106,2026-05-29T15:20:52Z,New York Liberty,Phoenix Mercury
2026-05-29T15:21:56.045194+00:00,569d4b7c89e0f5c50174ddfc4616d88c,2026-05-29T23:30:00Z,draftkings,DraftKings,player_threes,Over,Kahleah Copper,2.5,126,2026-05-29T15:20:52Z,New York Liberty,Phoenix Mercury
2026-05-29T15:21:56.045194+00:00,569d4b7c89e0f5c50174ddfc4616d88c,2026-05-29T23:30:00Z,draftkings,DraftKings,player_threes,Under,Kahleah Copper,2.5,-171,2026-05-29T15:20:52Z,New York Liberty,Phoenix Mercury
2026-05-29T15:21:56.045194+00:00,569d4b7c89e0f5c50174ddfc4616d88c,2026-05-29T23:30:00Z,draftkings,DraftKings,player_threes,Over,Satou Sabally,1.5,-139,2026-05-29T15:20:52Z,New York Liberty,Phoenix Mercury
2026-05-29T15:21:56.045194+00:00,569d4b7c89e0f5c50174ddfc4616d88c,2026-05-29T23:30:00Z,draftkings,DraftKings,player_threes,Under,Satou Sabally,1.5,102,2026-05-29T15:20:52Z,New York Liberty,Phoenix Mercury
2026-05-29T15:21:56.045194+00:00,569d4b7c89e0f5c50174ddfc4616d88c,2026-05-29T23:30:00Z,draftkings,DraftKings,player_threes,Over,Jonquel Jones,1.5,165,2026-05-29T15:20:52Z,New York Liberty,Phoenix Mercury
2026-05-29T15:21:56.045194+00:00,569d4b7c89e0f5c50174ddfc4616d88c,2026-05-29T23:30:00Z,draftkings,DraftKings,player_threes,Under,Jonquel Jones,1.5,-227,2026-05-29T15:20:52Z,New York Liberty,Phoenix Mercury
2026-05-29T15:21:56.045194+00:00,569d4b7c89e0f5c50174ddfc4616d88c,2026-05-29T23:30:00Z,draftkings,DraftKings,player_threes,Over,Breanna Stewart,0.5,-183,2026-05-29T15:20:52Z,New York Liberty,Phoenix Mercury
2026-05-29T15:21:56.045194+00:00,569d4b7c89e0f5c50174ddfc4616d88c,2026-05-29T23:30:00Z,draftkings,DraftKings,player_threes,Under,Breanna Stewart,0.5,134,2026-05-29T15:20:52Z,New York Liberty,Phoenix Mercury
2026-05-29T15:21:56.045194+00:00,569d4b7c89e0f5c50174ddfc4616d88c,2026-05-29T23:30:00Z,draftkings,DraftKings,player_triple_double,Yes,Alyssa Thomas,,526,2026-05-29T15:20:52Z,New York Liberty,Phoenix Mercury
2026-05-29T15:21:56.045194+00:00,47bbb33d825d0823dec31999426b342c,2026-05-30T02:00:00Z,fanduel,FanDuel,player_assists,Over,Angel Reese,2.5,-146,2026-05-29T15:20:27Z,Portland Fire,Atlanta Dream
2026-05-29T15:21:56.045194+00:00,47bbb33d825d0823dec31999426b342c,2026-05-30T02:00:00Z,fanduel,FanDuel,player_assists,Under,Angel Reese,2.5,110,2026-05-29T15:20:27Z,Portland Fire,Atlanta Dream
2026-05-29T15:21:56.045194+00:00,47bbb33d825d0823dec31999426b342c,2026-05-30T02:00:00Z,fanduel,FanDuel,player_assists,Over,Carla Leite,4.5,108,2026-05-29T15:20:27Z,Portland Fire,Atlanta Dream
2026-05-29T15:21:56.045194+00:00,47bbb33d825d0823dec31999426b342c,2026-05-30T02:00:00Z,fanduel,FanDuel,player_assists,Under,Carla Leite,4.5,-144,2026-05-29T15:20:27Z,Portland Fire,Atlanta Dream
2026-05-29T15:21:56.045194+00:00,47bbb33d825d0823dec31999426b342c,2026-05-30T02:00:00Z,fanduel,FanDuel,player_assists,Over,Rhyne Howard,4.5,114,2026-05-29T15:20:27Z,Portland Fire,Atlanta Dream
2026-05-29T15:21:56.045194+00:00,47bbb33d825d0823dec31999426b342c,2026-05-30T02:00:00Z,fanduel,FanDuel,player_assists,Under,Rhyne Howard,4.5,-152,2026-05-29T15:20:27Z,Portland Fire,Atlanta Dream
2026-05-29T15:21:56.045194+00:00,47bbb33d825d0823dec31999426b342c,2026-05-30T02:00:00Z,fanduel,FanDuel,player_assists,Over,Jordin Canada,6.5,116,2026-05-29T15:20:27Z,Portland Fire,Atlanta Dream
2026-05-29T15:21:56.045194+00:00,47bbb33d825d0823dec31999426b342c,2026-05-30T02:00:00Z,fanduel,FanDuel,player_assists,Under,Jordin Canada,6.5,-154,2026-05-29T15:20:27Z,Portland Fire,Atlanta Dream
2026-05-29T15:21:56.045194+00:00,47bbb33d825d0823dec31999426b342c,2026-05-30T02:00:00Z,fanduel,FanDuel,player_double_double,Yes,Angel Reese,,-230,2026-05-29T15:20:27Z,Portland Fire,Atlanta Dream
2026-05-29T15:21:56.045194+00:00,47bbb33d825d0823dec31999426b342c,2026-05-30T02:00:00Z,fanduel,FanDuel,player_double_double,Yes,Jordin Canada,,1000,2026-05-29T15:20:27Z,Portland Fire,Atlanta Dream
2026-05-29T15:21:56.045194+00:00,47bbb33d825d0823dec31999426b342c,2026-05-30T02:00:00Z,fanduel,FanDuel,player_double_double,Yes,Rhyne Howard,,2200,2026-05-29T15:20:27Z,Portland Fire,Atlanta Dream
2026-05-29T15:21:56.045194+00:00,47bbb33d825d0823dec31999426b342c,2026-05-30T02:00:00Z,fanduel,FanDuel,player_points,Over,Allisha Gray,20.5,100,2026-05-29T15:20:27Z,Portland Fire,Atlanta Dream
2026-05-29T15:21:56.045194+00:00,47bbb33d825d0823dec31999426b342c,2026-05-30T02:00:00Z,fanduel,FanDuel,player_points,Under,Allisha Gray,20.5,-130,2026-05-29T15:20:27Z,Portland Fire,Atlanta Dream
2026-05-29T15:21:56.045194+00:00,47bbb33d825d0823dec31999426b342c,2026-05-30T02:00:00Z,fanduel,FanDuel,player_points,Over,Angel Reese,13.5,-130,2026-05-29T15:20:27Z,Portland Fire,Atlanta Dream
2026-05-29T15:21:56.045194+00:00,47bbb33d825d0823dec31999426b342c,2026-05-30T02:00:00Z,fanduel,FanDuel,player_points,Under,Angel Reese,13.5,100,2026-05-29T15:20:27Z,Portland Fire,Atlanta Dream
2026-05-29T15:21:56.045194+00:00,47bbb33d825d0823dec31999426b342c,2026-05-30T02:00:00Z,fanduel,FanDuel,player_points,Over,Carla Leite,15.5,-114,2026-05-29T15:20:27Z,Portland Fire,Atlanta Dream
2026-05-29T15:21:56.045194+00:00,47bbb33d825d0823dec31999426b342c,2026-05-30T02:00:00Z,fanduel,FanDuel,player_points,Under,Carla Leite,15.5,-114,2026-05-29T15:20:27Z,Portland Fire,Atlanta Dream
2026-05-29T15:21:56.045194+00:00,47bbb33d825d0823dec31999426b342c,2026-05-30T02:00:00Z,fanduel,FanDuel,player_points,Over,Bridget Carleton,14.5,-110,2026-05-29T15:20:27Z,Portland Fire,Atlanta Dream
2026-05-29T15:21:56.045194+00:00,47bbb33d825d0823dec31999426b342c,2026-05-30T02:00:00Z,fanduel,FanDuel,player_points,Under,Bridget Carleton,14.5,-118,2026-05-29T15:20:27Z,Portland Fire,Atlanta Dream
2026-05-29T15:21:56.045194+00:00,47bbb33d825d0823dec31999426b342c,2026-05-30T02:00:00Z,fanduel,FanDuel,player_points,Over,Rhyne Howard,16.5,-125,2026-05-29T15:20:27Z,Portland Fire,Atlanta Dream
2026-05-29T15:21:56.045194+00:00,47bbb33d825d0823dec31999426b342c,2026-05-30T02:00:00Z,fanduel,FanDuel,player_points,Under,Rhyne Howard,16.5,-104,2026-05-29T15:20:27Z,Portland Fire,Atlanta Dream
2026-05-29T15:21:56.045194+00:00,47bbb33d825d0823dec31999426b342c,2026-05-30T02:00:00Z,fanduel,FanDuel,player_points,Over,Jordin Canada,10.5,-114,2026-05-29T15:20:27Z,Portland Fire,Atlanta Dream
2026-05-29T15:21:56.045194+00:00,47bbb33d825d0823dec31999426b342c,2026-05-30T02:00:00Z,fanduel,FanDuel,player_points,Under,Jordin Canada,10.5,-114,2026-05-29T15:20:27Z,Portland Fire,Atlanta Dream
2026-05-29T15:21:56.045194+00:00,47bbb33d825d0823dec31999426b342c,2026-05-30T02:00:00Z,fanduel,FanDuel,player_points_assists,Over,Angel Reese,16.5,-130,2026-05-29T15:20:27Z,Portland Fire,Atlanta Dream
2026-05-29T15:21:56.045194+00:00,47bbb33d825d0823dec31999426b342c,2026-05-30T02:00:00Z,fanduel,FanDuel,player_points_assists,Under,Angel Reese,16.5,-102,2026-05-29T15:20:27Z,Portland Fire,Atlanta Dream
2026-05-29T15:21:56.045194+00:00,47bbb33d825d0823dec31999426b342c,2026-05-30T02:00:00Z,fanduel,FanDuel,player_points_assists,Over,Rhyne Howard,21.5,-108,2026-05-29T15:20:27Z,Portland Fire,Atlanta Dream
2026-05-29T15:21:56.045194+00:00,47bbb33d825d0823dec31999426b342c,2026-05-30T02:00:00Z,fanduel,FanDuel,player_points_assists,Under,Rhyne Howard,21.5,-122,2026-05-29T15:20:27Z,Portland Fire,Atlanta Dream
2026-05-29T15:21:56.045194+00:00,47bbb33d825d0823dec31999426b342c,2026-05-30T02:00:00Z,fanduel,FanDuel,player_points_assists,Over,Carla Leite,20.5,-104,2026-05-29T15:20:27Z,Portland Fire,Atlanta Dream
2026-05-29T15:21:56.045194+00:00,47bbb33d825d0823dec31999426b342c,2026-05-30T02:00:00Z,fanduel,FanDuel,player_points_assists,Under,Carla Leite,20.5,-128,2026-05-29T15:20:27Z,Portland Fire,Atlanta Dream
2026-05-29T15:21:56.045194+00:00,47bbb33d825d0823dec31999426b342c,2026-05-30T02:00:00Z,fanduel,FanDuel,player_points_assists,Over,Jordin Canada,16.5,-132,2026-05-29T15:20:27Z,Portland Fire,Atlanta Dream
2026-05-29T15:21:56.045194+00:00,47bbb33d825d0823dec31999426b342c,2026-05-30T02:00:00Z,fanduel,FanDuel,player_points_assists,Under,Jordin Canada,16.5,100,2026-05-29T15:20:27Z,Portland Fire,Atlanta Dream
2026-05-29T15:21:56.045194+00:00,47bbb33d825d0823dec31999426b342c,2026-05-30T02:00:00Z,fanduel,FanDuel,player_points_rebounds,Over,Rhyne Howard,21.5,100,2026-05-29T15:20:27Z,Portland Fire,Atlanta Dream
2026-05-29T15:21:56.045194+00:00,47bbb33d825d0823dec31999426b342c,2026-05-30T02:00:00Z,fanduel,FanDuel,player_points_rebounds,Under,Rhyne Howard,21.5,-132,2026-05-29T15:20:27Z,Portland Fire,Atlanta Dream
2026-05-29T15:21:56.045194+00:00,47bbb33d825d0823dec31999426b342c,2026-05-30T02:00:00Z,fanduel,FanDuel,player_points_rebounds,Over,Bridget Carleton,17.5,-118,2026-05-29T15:20:27Z,Portland Fire,Atlanta Dream
2026-05-29T15:21:56.045194+00:00,47bbb33d825d0823dec31999426b342c,2026-05-30T02:00:00Z,fanduel,FanDuel,player_points_rebounds,Under,Bridget Carleton,17.5,-112,2026-05-29T15:20:27Z,Portland Fire,Atlanta Dream
2026-05-29T15:21:56.045194+00:00,47bbb33d825d0823dec31999426b342c,2026-05-30T02:00:00Z,fanduel,FanDuel,player_points_rebounds,Over,Angel Reese,26.5,-112,2026-05-29T15:20:27Z,Portland Fire,Atlanta Dream
2026-05-29T15:21:56.045194+00:00,47bbb33d825d0823dec31999426b342c,2026-05-30T02:00:00Z,fanduel,FanDuel,player_points_rebounds,Under,Angel Reese,26.5,-118,2026-05-29T15:20:27Z,Portland Fire,Atlanta Dream
2026-05-29T15:21:56.045194+00:00,47bbb33d825d0823dec31999426b342c,2026-05-30T02:00:00Z,fanduel,FanDuel,player_points_rebounds,Over,Jordin Canada,13.5,-136,2026-05-29T15:20:27Z,Portland Fire,Atlanta Dream
2026-05-29T15:21:56.045194+00:00,47bbb33d825d0823dec31999426b342c,2026-05-30T02:00:00Z,fanduel,FanDuel,player_points_rebounds,Under,Jordin Canada,13.5,102,2026-05-29T15:20:27Z,Portland Fire,Atlanta Dream
2026-05-29T15:21:56.045194+00:00,47bbb33d825d0823dec31999426b342c,2026-05-30T02:00:00Z,fanduel,FanDuel,player_points_rebounds,Over,Allisha Gray,24.5,-112,2026-05-29T15:20:27Z,Portland Fire,Atlanta Dream
2026-05-29T15:21:56.045194+00:00,47bbb33d825d0823dec31999426b342c,2026-05-30T02:00:00Z,fanduel,FanDuel,player_points_rebounds,Under,Allisha Gray,24.5,-118,2026-05-29T15:20:27Z,Portland Fire,Atlanta Dream
2026-05-29T15:21:56.045194+00:00,47bbb33d825d0823dec31999426b342c,2026-05-30T02:00:00Z,fanduel,FanDuel,player_points_rebounds_assists,Over,Angel Reese,29.5,-112,2026-05-29T15:20:27Z,Portland Fire,Atlanta Dream
2026-05-29T15:21:56.045194+00:00,47bbb33d825d0823dec31999426b342c,2026-05-30T02:00:00Z,fanduel,FanDuel,player_points_rebounds_assists,Under,Angel Reese,29.5,-118,2026-05-29T15:20:27Z,Portland Fire,Atlanta Dream
2026-05-29T15:21:56.045194+00:00,47bbb33d825d0823dec31999426b342c,2026-05-30T02:00:00Z,fanduel,FanDuel,player_points_rebounds_assists,Over,Rhyne Howard,25.5,-114,2026-05-29T15:20:27Z,Portland Fire,Atlanta Dream
2026-05-29T15:21:56.045194+00:00,47bbb33d825d0823dec31999426b342c,2026-05-30T02:00:00Z,fanduel,FanDuel,player_points_rebounds_assists,Under,Rhyne Howard,25.5,-114,2026-05-29T15:20:27Z,Portland Fire,Atlanta Dream
2026-05-29T15:21:56.045194+00:00,47bbb33d825d0823dec31999426b342c,2026-05-30T02:00:00Z,fanduel,FanDuel,player_points_rebounds_assists,Over,Jordin Canada,20.5,-112,2026-05-29T15:20:27Z,Portland Fire,Atlanta Dream
2026-05-29T15:21:56.045194+00:00,47bbb33d825d0823dec31999426b342c,2026-05-30T02:00:00Z,fanduel,FanDuel,player_points_rebounds_assists,Under,Jordin Canada,20.5,-118,2026-05-29T15:20:27Z,Portland Fire,Atlanta Dream
2026-05-29T15:21:56.045194+00:00,47bbb33d825d0823dec31999426b342c,2026-05-30T02:00:00Z,fanduel,FanDuel,player_rebounds,Over,Allisha Gray,4.5,122,2026-05-29T15:20:27Z,Portland Fire,Atlanta Dream
2026-05-29T15:21:56.045194+00:00,47bbb33d825d0823dec31999426b342c,2026-05-30T02:00:00Z,fanduel,FanDuel,player_rebounds,Under,Allisha Gray,4.5,-162,2026-05-29T15:20:27Z,Portland Fire,Atlanta Dream
2026-05-29T15:21:56.045194+00:00,47bbb33d825d0823dec31999426b342c,2026-05-30T02:00:00Z,fanduel,FanDuel,player_rebounds,Over,Rhyne Howard,4.5,132,2026-05-29T15:20:27Z,Portland Fire,Atlanta Dream
2026-05-29T15:21:56.045194+00:00,47bbb33d825d0823dec31999426b342c,2026-05-30T02:00:00Z,fanduel,FanDuel,player_rebounds,Under,Rhyne Howard,4.5,-180,2026-05-29T15:20:27Z,Portland Fire,Atlanta Dream
2026-05-29T15:21:56.045194+00:00,47bbb33d825d0823dec31999426b342c,2026-05-30T02:00:00Z,fanduel,FanDuel,player_rebounds,Over,Angel Reese,12.5,-102,2026-05-29T15:20:27Z,Portland Fire,Atlanta Dream
2026-05-29T15:21:56.045194+00:00,47bbb33d825d0823dec31999426b342c,2026-05-30T02:00:00Z,fanduel,FanDuel,player_rebounds,Under,Angel Reese,12.5,-130,2026-05-29T15:20:27Z,Portland Fire,Atlanta Dream
2026-05-29T15:21:56.045194+00:00,47bbb33d825d0823dec31999426b342c,2026-05-30T02:00:00Z,fanduel,FanDuel,player_rebounds,Over,Bridget Carleton,3.5,128,2026-05-29T15:20:27Z,Portland Fire,Atlanta Dream
2026-05-29T15:21:56.045194+00:00,47bbb33d825d0823dec31999426b342c,2026-05-30T02:00:00Z,fanduel,FanDuel,player_rebounds,Under,Bridget Carleton,3.5,-172,2026-05-29T15:20:27Z,Portland Fire,Atlanta Dream
2026-05-29T15:21:56.045194+00:00,47bbb33d825d0823dec31999426b342c,2026-05-30T02:00:00Z,fanduel,FanDuel,player_rebounds,Over,Jordin Canada,3.5,110,2026-05-29T15:20:27Z,Portland Fire,Atlanta Dream
2026-05-29T15:21:56.045194+00:00,47bbb33d825d0823dec31999426b342c,2026-05-30T02:00:00Z,fanduel,FanDuel,player_rebounds,Under,Jordin Canada,3.5,-146,2026-05-29T15:20:27Z,Portland Fire,Atlanta Dream
2026-05-29T15:21:56.045194+00:00,47bbb33d825d0823dec31999426b342c,2026-05-30T02:00:00Z,fanduel,FanDuel,player_rebounds_assists,Over,Angel Reese,15.5,100,2026-05-29T15:20:27Z,Portland Fire,Atlanta Dream
2026-05-29T15:21:56.045194+00:00,47bbb33d825d0823dec31999426b342c,2026-05-30T02:00:00Z,fanduel,FanDuel,player_rebounds_assists,Under,Angel Reese,15.5,-132,2026-05-29T15:20:27Z,Portland Fire,Atlanta Dream
2026-05-29T15:21:56.045194+00:00,47bbb33d825d0823dec31999426b342c,2026-05-30T02:00:00Z,fanduel,FanDuel,player_rebounds_assists,Over,Rhyne Howard,8.5,-108,2026-05-29T15:20:27Z,Portland Fire,Atlanta Dream
2026-05-29T15:21:56.045194+00:00,47bbb33d825d0823dec31999426b342c,2026-05-30T02:00:00Z,fanduel,FanDuel,player_rebounds_assists,Under,Rhyne Howard,8.5,-122,2026-05-29T15:20:27Z,Portland Fire,Atlanta Dream
2026-05-29T15:21:56.045194+00:00,47bbb33d825d0823dec31999426b342c,2026-05-30T02:00:00Z,fanduel,FanDuel,player_rebounds_assists,Over,Jordin Canada,9.5,-114,2026-05-29T15:20:27Z,Portland Fire,Atlanta Dream
2026-05-29T15:21:56.045194+00:00,47bbb33d825d0823dec31999426b342c,2026-05-30T02:00:00Z,fanduel,FanDuel,player_rebounds_assists,Under,Jordin Canada,9.5,-114,2026-05-29T15:20:27Z,Portland Fire,Atlanta Dream
2026-05-29T15:21:56.045194+00:00,47bbb33d825d0823dec31999426b342c,2026-05-30T02:00:00Z,fanduel,FanDuel,player_threes,Over,Allisha Gray,2.5,154,2026-05-29T15:20:27Z,Portland Fire,Atlanta Dream
2026-05-29T15:21:56.045194+00:00,47bbb33d825d0823dec31999426b342c,2026-05-30T02:00:00Z,fanduel,FanDuel,player_threes,Under,Allisha Gray,2.5,-210,2026-05-29T15:20:27Z,Portland Fire,Atlanta Dream
2026-05-29T15:21:56.045194+00:00,47bbb33d825d0823dec31999426b342c,2026-05-30T02:00:00Z,fanduel,FanDuel,player_threes,Over,Bridget Carleton,2.5,130,2026-05-29T15:20:27Z,Portland Fire,Atlanta Dream
2026-05-29T15:21:56.045194+00:00,47bbb33d825d0823dec31999426b342c,2026-05-30T02:00:00Z,fanduel,FanDuel,player_threes,Under,Bridget Carleton,2.5,-174,2026-05-29T15:20:27Z,Portland Fire,Atlanta Dream
2026-05-29T15:21:56.045194+00:00,47bbb33d825d0823dec31999426b342c,2026-05-30T02:00:00Z,fanduel,FanDuel,player_threes,Over,Rhyne Howard,2.5,-148,2026-05-29T15:20:27Z,Portland Fire,Atlanta Dream
2026-05-29T15:21:56.045194+00:00,47bbb33d825d0823dec31999426b342c,2026-05-30T02:00:00Z,fanduel,FanDuel,player_threes,Under,Rhyne Howard,2.5,112,2026-05-29T15:20:27Z,Portland Fire,Atlanta Dream
2026-05-29T15:21:56.045194+00:00,47bbb33d825d0823dec31999426b342c,2026-05-30T02:00:00Z,draftkings,DraftKings,player_assists,Over,Jordin Canada,6.5,116,2026-05-29T15:21:42Z,Portland Fire,Atlanta Dream
2026-05-29T15:21:56.045194+00:00,47bbb33d825d0823dec31999426b342c,2026-05-30T02:00:00Z,draftkings,DraftKings,player_assists,Under,Jordin Canada,6.5,-158,2026-05-29T15:21:42Z,Portland Fire,Atlanta Dream
2026-05-29T15:21:56.045194+00:00,47bbb33d825d0823dec31999426b342c,2026-05-30T02:00:00Z,draftkings,DraftKings,player_assists,Over,Carla Leite,4.5,-105,2026-05-29T15:21:42Z,Portland Fire,Atlanta Dream
2026-05-29T15:21:56.045194+00:00,47bbb33d825d0823dec31999426b342c,2026-05-30T02:00:00Z,draftkings,DraftKings,player_assists,Under,Carla Leite,4.5,-130,2026-05-29T15:21:42Z,Portland Fire,Atlanta Dream
2026-05-29T15:21:56.045194+00:00,47bbb33d825d0823dec31999426b342c,2026-05-30T02:00:00Z,draftkings,DraftKings,player_assists,Over,Rhyne Howard,4.5,111,2026-05-29T15:21:42Z,Portland Fire,Atlanta Dream
2026-05-29T15:21:56.045194+00:00,47bbb33d825d0823dec31999426b342c,2026-05-30T02:00:00Z,draftkings,DraftKings,player_assists,Under,Rhyne Howard,4.5,-151,2026-05-29T15:21:42Z,Portland Fire,Atlanta Dream
2026-05-29T15:21:56.045194+00:00,47bbb33d825d0823dec31999426b342c,2026-05-30T02:00:00Z,draftkings,DraftKings,player_assists,Over,Angel Reese,2.5,-142,2026-05-29T15:21:42Z,Portland Fire,Atlanta Dream
2026-05-29T15:21:56.045194+00:00,47bbb33d825d0823dec31999426b342c,2026-05-30T02:00:00Z,draftkings,DraftKings,player_assists,Under,Angel Reese,2.5,104,2026-05-29T15:21:42Z,Portland Fire,Atlanta Dream
2026-05-29T15:21:56.045194+00:00,47bbb33d825d0823dec31999426b342c,2026-05-30T02:00:00Z,draftkings,DraftKings,player_double_double,Yes,Angel Reese,,-201,2026-05-29T15:21:42Z,Portland Fire,Atlanta Dream
2026-05-29T15:21:56.045194+00:00,47bbb33d825d0823dec31999426b342c,2026-05-30T02:00:00Z,draftkings,DraftKings,player_double_double,Yes,Jordin Canada,,1380,2026-05-29T15:21:42Z,Portland Fire,Atlanta Dream
2026-05-29T15:21:56.045194+00:00,47bbb33d825d0823dec31999426b342c,2026-05-30T02:00:00Z,draftkings,DraftKings,player_double_double,Yes,Rhyne Howard,,2000,2026-05-29T15:21:42Z,Portland Fire,Atlanta Dream
2026-05-29T15:21:56.045194+00:00,47bbb33d825d0823dec31999426b342c,2026-05-30T02:00:00Z,draftkings,DraftKings,player_points,Over,Allisha Gray,19.5,-119,2026-05-29T15:20:32Z,Portland Fire,Atlanta Dream
2026-05-29T15:21:56.045194+00:00,47bbb33d825d0823dec31999426b342c,2026-05-30T02:00:00Z,draftkings,DraftKings,player_points,Under,Allisha Gray,19.5,-111,2026-05-29T15:20:32Z,Portland Fire,Atlanta Dream
2026-05-29T15:21:56.045194+00:00,47bbb33d825d0823dec31999426b342c,2026-05-30T02:00:00Z,draftkings,DraftKings,player_points,Over,Rhyne Howard,16.5,-124,2026-05-29T15:20:32Z,Portland Fire,Atlanta Dream
2026-05-29T15:21:56.045194+00:00,47bbb33d825d0823dec31999426b342c,2026-05-30T02:00:00Z,draftkings,DraftKings,player_points,Under,Rhyne Howard,16.5,-107,2026-05-29T15:20:32Z,Portland Fire,Atlanta Dream
2026-05-29T15:21:56.045194+00:00,47bbb33d825d0823dec31999426b342c,2026-05-30T02:00:00Z,draftkings,DraftKings,player_points,Over,Carla Leite,15.5,-123,2026-05-29T15:20:32Z,Portland Fire,Atlanta Dream
2026-05-29T15:21:56.045194+00:00,47bbb33d825d0823dec31999426b342c,2026-05-30T02:00:00Z,draftkings,DraftKings,player_points,Under,Carla Leite,15.5,-108,2026-05-29T15:20:32Z,Portland Fire,Atlanta Dream
2026-05-29T15:21:56.045194+00:00,47bbb33d825d0823dec31999426b342c,2026-05-30T02:00:00Z,draftkings,DraftKings,player_points,Over,Bridget Carleton,14.5,-106,2026-05-29T15:20:32Z,Portland Fire,Atlanta Dream
2026-05-29T15:21:56.045194+00:00,47bbb33d825d0823dec31999426b342c,2026-05-30T02:00:00Z,draftkings,DraftKings,player_points,Under,Bridget Carleton,14.5,-125,2026-05-29T15:20:32Z,Portland Fire,Atlanta Dream
2026-05-29T15:21:56.045194+00:00,47bbb33d825d0823dec31999426b342c,2026-05-30T02:00:00Z,draftkings,DraftKings,player_points,Over,Angel Reese,13.5,-126,2026-05-29T15:20:32Z,Portland Fire,Atlanta Dream
2026-05-29T15:21:56.045194+00:00,47bbb33d825d0823dec31999426b342c,2026-05-30T02:00:00Z,draftkings,DraftKings,player_points,Under,Angel Reese,13.5,-105,2026-05-29T15:20:32Z,Portland Fire,Atlanta Dream
2026-05-29T15:21:56.045194+00:00,47bbb33d825d0823dec31999426b342c,2026-05-30T02:00:00Z,draftkings,DraftKings,player_points,Over,Jordin Canada,10.5,-110,2026-05-29T15:20:32Z,Portland Fire,Atlanta Dream
2026-05-29T15:21:56.045194+00:00,47bbb33d825d0823dec31999426b342c,2026-05-30T02:00:00Z,draftkings,DraftKings,player_points,Under,Jordin Canada,10.5,-121,2026-05-29T15:20:32Z,Portland Fire,Atlanta Dream
2026-05-29T15:21:56.045194+00:00,47bbb33d825d0823dec31999426b342c,2026-05-30T02:00:00Z,draftkings,DraftKings,player_points_assists,Over,Rhyne Howard,21.5,-110,2026-05-29T15:21:42Z,Portland Fire,Atlanta Dream
2026-05-29T15:21:56.045194+00:00,47bbb33d825d0823dec31999426b342c,2026-05-30T02:00:00Z,draftkings,DraftKings,player_points_assists,Under,Rhyne Howard,21.5,-123,2026-05-29T15:21:42Z,Portland Fire,Atlanta Dream
2026-05-29T15:21:56.045194+00:00,47bbb33d825d0823dec31999426b342c,2026-05-30T02:00:00Z,draftkings,DraftKings,player_points_assists,Over,Carla Leite,20.5,-113,2026-05-29T15:21:42Z,Portland Fire,Atlanta Dream
2026-05-29T15:21:56.045194+00:00,47bbb33d825d0823dec31999426b342c,2026-05-30T02:00:00Z,draftkings,DraftKings,player_points_assists,Under,Carla Leite,20.5,-121,2026-05-29T15:21:42Z,Portland Fire,Atlanta Dream
2026-05-29T15:21:56.045194+00:00,47bbb33d825d0823dec31999426b342c,2026-05-30T02:00:00Z,draftkings,DraftKings,player_points_assists,Over,Angel Reese,16.5,-123,2026-05-29T15:21:42Z,Portland Fire,Atlanta Dream
2026-05-29T15:21:56.045194+00:00,47bbb33d825d0823dec31999426b342c,2026-05-30T02:00:00Z,draftkings,DraftKings,player_points_assists,Under,Angel Reese,16.5,-110,2026-05-29T15:21:42Z,Portland Fire,Atlanta Dream
2026-05-29T15:21:56.045194+00:00,47bbb33d825d0823dec31999426b342c,2026-05-30T02:00:00Z,draftkings,DraftKings,player_points_assists,Over,Jordin Canada,16.5,-121,2026-05-29T15:21:42Z,Portland Fire,Atlanta Dream
2026-05-29T15:21:56.045194+00:00,47bbb33d825d0823dec31999426b342c,2026-05-30T02:00:00Z,draftkings,DraftKings,player_points_assists,Under,Jordin Canada,16.5,-112,2026-05-29T15:21:42Z,Portland Fire,Atlanta Dream
2026-05-29T15:21:56.045194+00:00,47bbb33d825d0823dec31999426b342c,2026-05-30T02:00:00Z,draftkings,DraftKings,player_points_rebounds,Over,Angel Reese,26.5,-108,2026-05-29T15:21:42Z,Portland Fire,Atlanta Dream
2026-05-29T15:21:56.045194+00:00,47bbb33d825d0823dec31999426b342c,2026-05-30T02:00:00Z,draftkings,DraftKings,player_points_rebounds,Under,Angel Reese,26.5,-125,2026-05-29T15:21:42Z,Portland Fire,Atlanta Dream
2026-05-29T15:21:56.045194+00:00,47bbb33d825d0823dec31999426b342c,2026-05-30T02:00:00Z,draftkings,DraftKings,player_points_rebounds,Over,Allisha Gray,24.5,-105,2026-05-29T15:21:42Z,Portland Fire,Atlanta Dream
2026-05-29T15:21:56.045194+00:00,47bbb33d825d0823dec31999426b342c,2026-05-30T02:00:00Z,draftkings,DraftKings,player_points_rebounds,Under,Allisha Gray,24.5,-130,2026-05-29T15:21:42Z,Portland Fire,Atlanta Dream
2026-05-29T15:21:56.045194+00:00,47bbb33d825d0823dec31999426b342c,2026-05-30T02:00:00Z,draftkings,DraftKings,player_points_rebounds,Over,Rhyne Howard,21.5,-108,2026-05-29T15:21:42Z,Portland Fire,Atlanta Dream
2026-05-29T15:21:56.045194+00:00,47bbb33d825d0823dec31999426b342c,2026-05-30T02:00:00Z,draftkings,DraftKings,player_points_rebounds,Under,Rhyne Howard,21.5,-126,2026-05-29T15:21:42Z,Portland Fire,Atlanta Dream
2026-05-29T15:21:56.045194+00:00,47bbb33d825d0823dec31999426b342c,2026-05-30T02:00:00Z,draftkings,DraftKings,player_points_rebounds,Over,Bridget Carleton,17.5,-119,2026-05-29T15:21:42Z,Portland Fire,Atlanta Dream
2026-05-29T15:21:56.045194+00:00,47bbb33d825d0823dec31999426b342c,2026-05-30T02:00:00Z,draftkings,DraftKings,player_points_rebounds,Under,Bridget Carleton,17.5,-114,2026-05-29T15:21:42Z,Portland Fire,Atlanta Dream
2026-05-29T15:21:56.045194+00:00,47bbb33d825d0823dec31999426b342c,2026-05-30T02:00:00Z,draftkings,DraftKings,player_points_rebounds,Over,Jordin Canada,13.5,-129,2026-05-29T15:21:42Z,Portland Fire,Atlanta Dream
2026-05-29T15:21:56.045194+00:00,47bbb33d825d0823dec31999426b342c,2026-05-30T02:00:00Z,draftkings,DraftKings,player_points_rebounds,Under,Jordin Canada,13.5,-105,2026-05-29T15:21:42Z,Portland Fire,Atlanta Dream
2026-05-29T15:21:56.045194+00:00,47bbb33d825d0823dec31999426b342c,2026-05-30T02:00:00Z,draftkings,DraftKings,player_points_rebounds_assists,Over,Angel Reese,29.5,-106,2026-05-29T15:21:42Z,Portland Fire,Atlanta Dream
2026-05-29T15:21:56.045194+00:00,47bbb33d825d0823dec31999426b342c,2026-05-30T02:00:00Z,draftkings,DraftKings,player_points_rebounds_assists,Under,Angel Reese,29.5,-128,2026-05-29T15:21:42Z,Portland Fire,Atlanta Dream
2026-05-29T15:21:56.045194+00:00,47bbb33d825d0823dec31999426b342c,2026-05-30T02:00:00Z,draftkings,DraftKings,player_points_rebounds_assists,Over,Rhyne Howard,25.5,-118,2026-05-29T15:21:42Z,Portland Fire,Atlanta Dream
2026-05-29T15:21:56.045194+00:00,47bbb33d825d0823dec31999426b342c,2026-05-30T02:00:00Z,draftkings,DraftKings,player_points_rebounds_assists,Under,Rhyne Howard,25.5,-115,2026-05-29T15:21:42Z,Portland Fire,Atlanta Dream
2026-05-29T15:21:56.045194+00:00,47bbb33d825d0823dec31999426b342c,2026-05-30T02:00:00Z,draftkings,DraftKings,player_points_rebounds_assists,Over,Jordin Canada,20.5,-105,2026-05-29T15:21:42Z,Portland Fire,Atlanta Dream
2026-05-29T15:21:56.045194+00:00,47bbb33d825d0823dec31999426b342c,2026-05-30T02:00:00Z,draftkings,DraftKings,player_points_rebounds_assists,Under,Jordin Canada,20.5,-129,2026-05-29T15:21:42Z,Portland Fire,Atlanta Dream
2026-05-29T15:21:56.045194+00:00,47bbb33d825d0823dec31999426b342c,2026-05-30T02:00:00Z,draftkings,DraftKings,player_rebounds,Over,Angel Reese,12.5,-101,2026-05-29T15:21:42Z,Portland Fire,Atlanta Dream
2026-05-29T15:21:56.045194+00:00,47bbb33d825d0823dec31999426b342c,2026-05-30T02:00:00Z,draftkings,DraftKings,player_rebounds,Under,Angel Reese,12.5,-134,2026-05-29T15:21:42Z,Portland Fire,Atlanta Dream
2026-05-29T15:21:56.045194+00:00,47bbb33d825d0823dec31999426b342c,2026-05-30T02:00:00Z,draftkings,DraftKings,player_rebounds,Over,Allisha Gray,4.5,117,2026-05-29T15:21:42Z,Portland Fire,Atlanta Dream
2026-05-29T15:21:56.045194+00:00,47bbb33d825d0823dec31999426b342c,2026-05-30T02:00:00Z,draftkings,DraftKings,player_rebounds,Under,Allisha Gray,4.5,-160,2026-05-29T15:21:42Z,Portland Fire,Atlanta Dream
2026-05-29T15:21:56.045194+00:00,47bbb33d825d0823dec31999426b342c,2026-05-30T02:00:00Z,draftkings,DraftKings,player_rebounds,Over,Rhyne Howard,4.5,119,2026-05-29T15:21:42Z,Portland Fire,Atlanta Dream
2026-05-29T15:21:56.045194+00:00,47bbb33d825d0823dec31999426b342c,2026-05-30T02:00:00Z,draftkings,DraftKings,player_rebounds,Under,Rhyne Howard,4.5,-162,2026-05-29T15:21:42Z,Portland Fire,Atlanta Dream
2026-05-29T15:21:56.045194+00:00,47bbb33d825d0823dec31999426b342c,2026-05-30T02:00:00Z,draftkings,DraftKings,player_rebounds,Over,Jordin Canada,3.5,110,2026-05-29T15:21:42Z,Portland Fire,Atlanta Dream
2026-05-29T15:21:56.045194+00:00,47bbb33d825d0823dec31999426b342c,2026-05-30T02:00:00Z,draftkings,DraftKings,player_rebounds,Under,Jordin Canada,3.5,-149,2026-05-29T15:21:42Z,Portland Fire,Atlanta Dream
2026-05-29T15:21:56.045194+00:00,47bbb33d825d0823dec31999426b342c,2026-05-30T02:00:00Z,draftkings,DraftKings,player_rebounds,Over,Bridget Carleton,3.5,113,2026-05-29T15:21:42Z,Portland Fire,Atlanta Dream
2026-05-29T15:21:56.045194+00:00,47bbb33d825d0823dec31999426b342c,2026-05-30T02:00:00Z,draftkings,DraftKings,player_rebounds,Under,Bridget Carleton,3.5,-154,2026-05-29T15:21:42Z,Portland Fire,Atlanta Dream
2026-05-29T15:21:56.045194+00:00,47bbb33d825d0823dec31999426b342c,2026-05-30T02:00:00Z,draftkings,DraftKings,player_rebounds_assists,Over,Angel Reese,15.5,102,2026-05-29T15:21:42Z,Portland Fire,Atlanta Dream
2026-05-29T15:21:56.045194+00:00,47bbb33d825d0823dec31999426b342c,2026-05-30T02:00:00Z,draftkings,DraftKings,player_rebounds_assists,Under,Angel Reese,15.5,-139,2026-05-29T15:21:42Z,Portland Fire,Atlanta Dream
2026-05-29T15:21:56.045194+00:00,47bbb33d825d0823dec31999426b342c,2026-05-30T02:00:00Z,draftkings,DraftKings,player_rebounds_assists,Over,Jordin Canada,9.5,-111,2026-05-29T15:21:42Z,Portland Fire,Atlanta Dream
2026-05-29T15:21:56.045194+00:00,47bbb33d825d0823dec31999426b342c,2026-05-30T02:00:00Z,draftkings,DraftKings,player_rebounds_assists,Under,Jordin Canada,9.5,-122,2026-05-29T15:21:42Z,Portland Fire,Atlanta Dream
2026-05-29T15:21:56.045194+00:00,47bbb33d825d0823dec31999426b342c,2026-05-30T02:00:00Z,draftkings,DraftKings,player_rebounds_assists,Over,Rhyne Howard,8.5,-111,2026-05-29T15:21:42Z,Portland Fire,Atlanta Dream
2026-05-29T15:21:56.045194+00:00,47bbb33d825d0823dec31999426b342c,2026-05-30T02:00:00Z,draftkings,DraftKings,player_rebounds_assists,Under,Rhyne Howard,8.5,-123,2026-05-29T15:21:42Z,Portland Fire,Atlanta Dream
2026-05-29T15:21:56.045194+00:00,47bbb33d825d0823dec31999426b342c,2026-05-30T02:00:00Z,draftkings,DraftKings,player_threes,Over,Rhyne Howard,2.5,-144,2026-05-29T15:21:42Z,Portland Fire,Atlanta Dream
2026-05-29T15:21:56.045194+00:00,47bbb33d825d0823dec31999426b342c,2026-05-30T02:00:00Z,draftkings,DraftKings,player_threes,Under,Rhyne Howard,2.5,106,2026-05-29T15:21:42Z,Portland Fire,Atlanta Dream
2026-05-29T15:21:56.045194+00:00,47bbb33d825d0823dec31999426b342c,2026-05-30T02:00:00Z,draftkings,DraftKings,player_threes,Over,Bridget Carleton,2.5,112,2026-05-29T15:21:42Z,Portland Fire,Atlanta Dream
2026-05-29T15:21:56.045194+00:00,47bbb33d825d0823dec31999426b342c,2026-05-30T02:00:00Z,draftkings,DraftKings,player_threes,Under,Bridget Carleton,2.5,-152,2026-05-29T15:21:42Z,Portland Fire,Atlanta Dream
2026-05-29T15:21:56.045194+00:00,47bbb33d825d0823dec31999426b342c,2026-05-30T02:00:00Z,draftkings,DraftKings,player_threes,Over,Allisha Gray,1.5,-202,2026-05-29T15:21:42Z,Portland Fire,Atlanta Dream
2026-05-29T15:21:56.045194+00:00,47bbb33d825d0823dec31999426b342c,2026-05-30T02:00:00Z,draftkings,DraftKings,player_threes,Under,Allisha Gray,1.5,147,2026-05-29T15:21:42Z,Portland Fire,Atlanta Dream
