snapshot_ts,event_id,commence_time,bookmaker,bookmaker_title,market,outcome_name,player_name,point,price,last_update,home_team,away_team
2026-05-17T19:39:19.821001+00:00,047db7f84e653a32537af273bd8eabd8,2026-05-17T17:44:34Z,fanduel,FanDuel,player_assists,Over,Jordin Canada,4.5,-215,2026-05-17T19:30:54Z,Atlanta Dream,Las Vegas Aces
2026-05-17T19:39:19.821001+00:00,047db7f84e653a32537af273bd8eabd8,2026-05-17T17:44:34Z,fanduel,FanDuel,player_assists,Under,Jordin Canada,4.5,158,2026-05-17T19:30:54Z,Atlanta Dream,Las Vegas Aces
2026-05-17T19:39:19.821001+00:00,047db7f84e653a32537af273bd8eabd8,2026-05-17T17:44:34Z,fanduel,FanDuel,player_points,Over,A'ja Wilson,21.5,102,2026-05-17T19:38:32Z,Atlanta Dream,Las Vegas Aces
2026-05-17T19:39:19.821001+00:00,047db7f84e653a32537af273bd8eabd8,2026-05-17T17:44:34Z,fanduel,FanDuel,player_points,Under,A'ja Wilson,21.5,-132,2026-05-17T19:38:32Z,Atlanta Dream,Las Vegas Aces
2026-05-17T19:39:19.821001+00:00,047db7f84e653a32537af273bd8eabd8,2026-05-17T17:44:34Z,fanduel,FanDuel,player_points,Over,Allisha Gray,27.5,108,2026-05-17T19:38:32Z,Atlanta Dream,Las Vegas Aces
2026-05-17T19:39:19.821001+00:00,047db7f84e653a32537af273bd8eabd8,2026-05-17T17:44:34Z,fanduel,FanDuel,player_points,Under,Allisha Gray,27.5,-140,2026-05-17T19:38:32Z,Atlanta Dream,Las Vegas Aces
2026-05-17T19:39:19.821001+00:00,047db7f84e653a32537af273bd8eabd8,2026-05-17T17:44:34Z,fanduel,FanDuel,player_points,Over,Angel Reese,9.5,210,2026-05-17T19:38:32Z,Atlanta Dream,Las Vegas Aces
2026-05-17T19:39:19.821001+00:00,047db7f84e653a32537af273bd8eabd8,2026-05-17T17:44:34Z,fanduel,FanDuel,player_points,Under,Angel Reese,9.5,-280,2026-05-17T19:38:32Z,Atlanta Dream,Las Vegas Aces
2026-05-17T19:39:19.821001+00:00,047db7f84e653a32537af273bd8eabd8,2026-05-17T17:44:34Z,fanduel,FanDuel,player_rebounds,Over,A'ja Wilson,5.5,162,2026-05-17T19:37:26Z,Atlanta Dream,Las Vegas Aces
2026-05-17T19:39:19.821001+00:00,047db7f84e653a32537af273bd8eabd8,2026-05-17T17:44:34Z,fanduel,FanDuel,player_rebounds,Under,A'ja Wilson,5.5,-220,2026-05-17T19:37:26Z,Atlanta Dream,Las Vegas Aces
2026-05-17T19:39:19.821001+00:00,047db7f84e653a32537af273bd8eabd8,2026-05-17T17:44:34Z,fanduel,FanDuel,player_rebounds,Over,Angel Reese,8.5,-158,2026-05-17T19:37:26Z,Atlanta Dream,Las Vegas Aces
2026-05-17T19:39:19.821001+00:00,047db7f84e653a32537af273bd8eabd8,2026-05-17T17:44:34Z,fanduel,FanDuel,player_rebounds,Under,Angel Reese,8.5,118,2026-05-17T19:37:26Z,Atlanta Dream,Las Vegas Aces
2026-05-17T19:39:19.821001+00:00,047db7f84e653a32537af273bd8eabd8,2026-05-17T17:44:34Z,fanduel,FanDuel,player_rebounds,Over,Allisha Gray,8.5,106,2026-05-17T19:37:26Z,Atlanta Dream,Las Vegas Aces
2026-05-17T19:39:19.821001+00:00,047db7f84e653a32537af273bd8eabd8,2026-05-17T17:44:34Z,fanduel,FanDuel,player_rebounds,Under,Allisha Gray,8.5,-140,2026-05-17T19:37:26Z,Atlanta Dream,Las Vegas Aces
2026-05-17T19:39:19.821001+00:00,047db7f84e653a32537af273bd8eabd8,2026-05-17T17:44:34Z,fanduel,FanDuel,player_threes,Over,Allisha Gray,1.5,205,2026-05-17T19:37:26Z,Atlanta Dream,Las Vegas Aces
2026-05-17T19:39:19.821001+00:00,047db7f84e653a32537af273bd8eabd8,2026-05-17T17:44:34Z,fanduel,FanDuel,player_threes,Under,Allisha Gray,1.5,-290,2026-05-17T19:37:26Z,Atlanta Dream,Las Vegas Aces
2026-05-17T19:39:19.821001+00:00,c3252d1d30beda6bdd6d3f599ae44ed6,2026-05-17T22:00:00Z,draftkings,DraftKings,player_assists,Over,Caitlin Clark,8.5,105,2026-05-17T19:39:20Z,Indiana Fever,Seattle Storm
2026-05-17T19:39:19.821001+00:00,c3252d1d30beda6bdd6d3f599ae44ed6,2026-05-17T22:00:00Z,draftkings,DraftKings,player_assists,Under,Caitlin Clark,8.5,-135,2026-05-17T19:39:20Z,Indiana Fever,Seattle Storm
2026-05-17T19:39:19.821001+00:00,c3252d1d30beda6bdd6d3f599ae44ed6,2026-05-17T22:00:00Z,draftkings,DraftKings,player_assists,Over,Jade Melbourne,3.5,-160,2026-05-17T19:39:20Z,Indiana Fever,Seattle Storm
2026-05-17T19:39:19.821001+00:00,c3252d1d30beda6bdd6d3f599ae44ed6,2026-05-17T22:00:00Z,draftkings,DraftKings,player_assists,Under,Jade Melbourne,3.5,124,2026-05-17T19:39:20Z,Indiana Fever,Seattle Storm
2026-05-17T19:39:19.821001+00:00,c3252d1d30beda6bdd6d3f599ae44ed6,2026-05-17T22:00:00Z,draftkings,DraftKings,player_assists,Over,Natisha Hiedeman,3.5,-105,2026-05-17T19:39:20Z,Indiana Fever,Seattle Storm
2026-05-17T19:39:19.821001+00:00,c3252d1d30beda6bdd6d3f599ae44ed6,2026-05-17T22:00:00Z,draftkings,DraftKings,player_assists,Under,Natisha Hiedeman,3.5,-125,2026-05-17T19:39:20Z,Indiana Fever,Seattle Storm
2026-05-17T19:39:19.821001+00:00,c3252d1d30beda6bdd6d3f599ae44ed6,2026-05-17T22:00:00Z,draftkings,DraftKings,player_assists,Over,Aliyah Boston,2.5,-154,2026-05-17T19:39:20Z,Indiana Fever,Seattle Storm
2026-05-17T19:39:19.821001+00:00,c3252d1d30beda6bdd6d3f599ae44ed6,2026-05-17T22:00:00Z,draftkings,DraftKings,player_assists,Under,Aliyah Boston,2.5,120,2026-05-17T19:39:20Z,Indiana Fever,Seattle Storm
2026-05-17T19:39:19.821001+00:00,c3252d1d30beda6bdd6d3f599ae44ed6,2026-05-17T22:00:00Z,draftkings,DraftKings,player_double_double,Yes,Caitlin Clark,,125,2026-05-17T19:39:20Z,Indiana Fever,Seattle Storm
2026-05-17T19:39:19.821001+00:00,c3252d1d30beda6bdd6d3f599ae44ed6,2026-05-17T22:00:00Z,draftkings,DraftKings,player_double_double,Yes,Aliyah Boston,,275,2026-05-17T19:39:20Z,Indiana Fever,Seattle Storm
2026-05-17T19:39:19.821001+00:00,c3252d1d30beda6bdd6d3f599ae44ed6,2026-05-17T22:00:00Z,draftkings,DraftKings,player_double_double,Yes,Monique Billings,,475,2026-05-17T19:39:20Z,Indiana Fever,Seattle Storm
2026-05-17T19:39:19.821001+00:00,c3252d1d30beda6bdd6d3f599ae44ed6,2026-05-17T22:00:00Z,draftkings,DraftKings,player_double_double,Yes,Flau'jae Johnson,,1700,2026-05-17T19:39:20Z,Indiana Fever,Seattle Storm
2026-05-17T19:39:19.821001+00:00,c3252d1d30beda6bdd6d3f599ae44ed6,2026-05-17T22:00:00Z,draftkings,DraftKings,player_double_double,Yes,Stefanie Dolson,,1900,2026-05-17T19:39:20Z,Indiana Fever,Seattle Storm
2026-05-17T19:39:19.821001+00:00,c3252d1d30beda6bdd6d3f599ae44ed6,2026-05-17T22:00:00Z,draftkings,DraftKings,player_points,Over,Kelsey Mitchell,22.5,105,2026-05-17T19:39:20Z,Indiana Fever,Seattle Storm
2026-05-17T19:39:19.821001+00:00,c3252d1d30beda6bdd6d3f599ae44ed6,2026-05-17T22:00:00Z,draftkings,DraftKings,player_points,Under,Kelsey Mitchell,22.5,-135,2026-05-17T19:39:20Z,Indiana Fever,Seattle Storm
2026-05-17T19:39:19.821001+00:00,c3252d1d30beda6bdd6d3f599ae44ed6,2026-05-17T22:00:00Z,draftkings,DraftKings,player_points,Over,Caitlin Clark,21.5,-110,2026-05-17T19:39:20Z,Indiana Fever,Seattle Storm
2026-05-17T19:39:19.821001+00:00,c3252d1d30beda6bdd6d3f599ae44ed6,2026-05-17T22:00:00Z,draftkings,DraftKings,player_points,Under,Caitlin Clark,21.5,-120,2026-05-17T19:39:20Z,Indiana Fever,Seattle Storm
2026-05-17T19:39:19.821001+00:00,c3252d1d30beda6bdd6d3f599ae44ed6,2026-05-17T22:00:00Z,draftkings,DraftKings,player_points,Over,Flau'jae Johnson,15.5,-120,2026-05-17T19:39:20Z,Indiana Fever,Seattle Storm
2026-05-17T19:39:19.821001+00:00,c3252d1d30beda6bdd6d3f599ae44ed6,2026-05-17T22:00:00Z,draftkings,DraftKings,player_points,Under,Flau'jae Johnson,15.5,-110,2026-05-17T19:39:20Z,Indiana Fever,Seattle Storm
2026-05-17T19:39:19.821001+00:00,c3252d1d30beda6bdd6d3f599ae44ed6,2026-05-17T22:00:00Z,draftkings,DraftKings,player_points,Over,Aliyah Boston,13.5,-130,2026-05-17T19:39:20Z,Indiana Fever,Seattle Storm
2026-05-17T19:39:19.821001+00:00,c3252d1d30beda6bdd6d3f599ae44ed6,2026-05-17T22:00:00Z,draftkings,DraftKings,player_points,Under,Aliyah Boston,13.5,100,2026-05-17T19:39:20Z,Indiana Fever,Seattle Storm
2026-05-17T19:39:19.821001+00:00,c3252d1d30beda6bdd6d3f599ae44ed6,2026-05-17T22:00:00Z,draftkings,DraftKings,player_points,Over,Natisha Hiedeman,11.5,-110,2026-05-17T19:39:20Z,Indiana Fever,Seattle Storm
2026-05-17T19:39:19.821001+00:00,c3252d1d30beda6bdd6d3f599ae44ed6,2026-05-17T22:00:00Z,draftkings,DraftKings,player_points,Under,Natisha Hiedeman,11.5,-120,2026-05-17T19:39:20Z,Indiana Fever,Seattle Storm
2026-05-17T19:39:19.821001+00:00,c3252d1d30beda6bdd6d3f599ae44ed6,2026-05-17T22:00:00Z,draftkings,DraftKings,player_points,Over,Jade Melbourne,10.5,-110,2026-05-17T19:39:20Z,Indiana Fever,Seattle Storm
2026-05-17T19:39:19.821001+00:00,c3252d1d30beda6bdd6d3f599ae44ed6,2026-05-17T22:00:00Z,draftkings,DraftKings,player_points,Under,Jade Melbourne,10.5,-120,2026-05-17T19:39:20Z,Indiana Fever,Seattle Storm
2026-05-17T19:39:19.821001+00:00,c3252d1d30beda6bdd6d3f599ae44ed6,2026-05-17T22:00:00Z,draftkings,DraftKings,player_points,Over,Monique Billings,9.5,100,2026-05-17T19:39:20Z,Indiana Fever,Seattle Storm
2026-05-17T19:39:19.821001+00:00,c3252d1d30beda6bdd6d3f599ae44ed6,2026-05-17T22:00:00Z,draftkings,DraftKings,player_points,Under,Monique Billings,9.5,-130,2026-05-17T19:39:20Z,Indiana Fever,Seattle Storm
2026-05-17T19:39:19.821001+00:00,c3252d1d30beda6bdd6d3f599ae44ed6,2026-05-17T22:00:00Z,draftkings,DraftKings,player_points,Over,Stefanie Dolson,8.5,-125,2026-05-17T19:39:20Z,Indiana Fever,Seattle Storm
2026-05-17T19:39:19.821001+00:00,c3252d1d30beda6bdd6d3f599ae44ed6,2026-05-17T22:00:00Z,draftkings,DraftKings,player_points,Under,Stefanie Dolson,8.5,-105,2026-05-17T19:39:20Z,Indiana Fever,Seattle Storm
2026-05-17T19:39:19.821001+00:00,c3252d1d30beda6bdd6d3f599ae44ed6,2026-05-17T22:00:00Z,draftkings,DraftKings,player_points,Over,Sophie Cunningham,8.5,100,2026-05-17T19:39:20Z,Indiana Fever,Seattle Storm
2026-05-17T19:39:19.821001+00:00,c3252d1d30beda6bdd6d3f599ae44ed6,2026-05-17T22:00:00Z,draftkings,DraftKings,player_points,Under,Sophie Cunningham,8.5,-130,2026-05-17T19:39:20Z,Indiana Fever,Seattle Storm
2026-05-17T19:39:19.821001+00:00,c3252d1d30beda6bdd6d3f599ae44ed6,2026-05-17T22:00:00Z,draftkings,DraftKings,player_points_rebounds_assists,Over,Caitlin Clark,34.5,-120,2026-05-17T19:39:20Z,Indiana Fever,Seattle Storm
2026-05-17T19:39:19.821001+00:00,c3252d1d30beda6bdd6d3f599ae44ed6,2026-05-17T22:00:00Z,draftkings,DraftKings,player_points_rebounds_assists,Under,Caitlin Clark,34.5,-110,2026-05-17T19:39:20Z,Indiana Fever,Seattle Storm
2026-05-17T19:39:19.821001+00:00,c3252d1d30beda6bdd6d3f599ae44ed6,2026-05-17T22:00:00Z,draftkings,DraftKings,player_points_rebounds_assists,Over,Aliyah Boston,24.5,-125,2026-05-17T19:39:20Z,Indiana Fever,Seattle Storm
2026-05-17T19:39:19.821001+00:00,c3252d1d30beda6bdd6d3f599ae44ed6,2026-05-17T22:00:00Z,draftkings,DraftKings,player_points_rebounds_assists,Under,Aliyah Boston,24.5,-105,2026-05-17T19:39:20Z,Indiana Fever,Seattle Storm
2026-05-17T19:39:19.821001+00:00,c3252d1d30beda6bdd6d3f599ae44ed6,2026-05-17T22:00:00Z,draftkings,DraftKings,player_points_rebounds_assists,Over,Natisha Hiedeman,16.5,-125,2026-05-17T19:39:20Z,Indiana Fever,Seattle Storm
2026-05-17T19:39:19.821001+00:00,c3252d1d30beda6bdd6d3f599ae44ed6,2026-05-17T22:00:00Z,draftkings,DraftKings,player_points_rebounds_assists,Under,Natisha Hiedeman,16.5,-105,2026-05-17T19:39:20Z,Indiana Fever,Seattle Storm
2026-05-17T19:39:19.821001+00:00,c3252d1d30beda6bdd6d3f599ae44ed6,2026-05-17T22:00:00Z,draftkings,DraftKings,player_rebounds,Over,Aliyah Boston,7.5,-115,2026-05-17T19:39:20Z,Indiana Fever,Seattle Storm
2026-05-17T19:39:19.821001+00:00,c3252d1d30beda6bdd6d3f599ae44ed6,2026-05-17T22:00:00Z,draftkings,DraftKings,player_rebounds,Under,Aliyah Boston,7.5,-115,2026-05-17T19:39:20Z,Indiana Fever,Seattle Storm
2026-05-17T19:39:19.821001+00:00,c3252d1d30beda6bdd6d3f599ae44ed6,2026-05-17T22:00:00Z,draftkings,DraftKings,player_rebounds,Over,Monique Billings,7.5,-105,2026-05-17T19:39:20Z,Indiana Fever,Seattle Storm
2026-05-17T19:39:19.821001+00:00,c3252d1d30beda6bdd6d3f599ae44ed6,2026-05-17T22:00:00Z,draftkings,DraftKings,player_rebounds,Under,Monique Billings,7.5,-125,2026-05-17T19:39:20Z,Indiana Fever,Seattle Storm
2026-05-17T19:39:19.821001+00:00,c3252d1d30beda6bdd6d3f599ae44ed6,2026-05-17T22:00:00Z,draftkings,DraftKings,player_rebounds,Over,Caitlin Clark,5.5,120,2026-05-17T19:39:20Z,Indiana Fever,Seattle Storm
2026-05-17T19:39:19.821001+00:00,c3252d1d30beda6bdd6d3f599ae44ed6,2026-05-17T22:00:00Z,draftkings,DraftKings,player_rebounds,Under,Caitlin Clark,5.5,-154,2026-05-17T19:39:20Z,Indiana Fever,Seattle Storm
2026-05-17T19:39:19.821001+00:00,c3252d1d30beda6bdd6d3f599ae44ed6,2026-05-17T22:00:00Z,draftkings,DraftKings,player_rebounds,Over,Stefanie Dolson,4.5,-154,2026-05-17T19:39:20Z,Indiana Fever,Seattle Storm
2026-05-17T19:39:19.821001+00:00,c3252d1d30beda6bdd6d3f599ae44ed6,2026-05-17T22:00:00Z,draftkings,DraftKings,player_rebounds,Under,Stefanie Dolson,4.5,120,2026-05-17T19:39:20Z,Indiana Fever,Seattle Storm
2026-05-17T19:39:19.821001+00:00,c3252d1d30beda6bdd6d3f599ae44ed6,2026-05-17T22:00:00Z,draftkings,DraftKings,player_rebounds,Over,Flau'jae Johnson,4.5,100,2026-05-17T19:39:20Z,Indiana Fever,Seattle Storm
2026-05-17T19:39:19.821001+00:00,c3252d1d30beda6bdd6d3f599ae44ed6,2026-05-17T22:00:00Z,draftkings,DraftKings,player_rebounds,Under,Flau'jae Johnson,4.5,-130,2026-05-17T19:39:20Z,Indiana Fever,Seattle Storm
2026-05-17T19:39:19.821001+00:00,c3252d1d30beda6bdd6d3f599ae44ed6,2026-05-17T22:00:00Z,draftkings,DraftKings,player_rebounds,Over,Sophie Cunningham,3.5,-110,2026-05-17T19:39:20Z,Indiana Fever,Seattle Storm
2026-05-17T19:39:19.821001+00:00,c3252d1d30beda6bdd6d3f599ae44ed6,2026-05-17T22:00:00Z,draftkings,DraftKings,player_rebounds,Under,Sophie Cunningham,3.5,-120,2026-05-17T19:39:20Z,Indiana Fever,Seattle Storm
2026-05-17T19:39:19.821001+00:00,c3252d1d30beda6bdd6d3f599ae44ed6,2026-05-17T22:00:00Z,draftkings,DraftKings,player_rebounds,Over,Natisha Hiedeman,2.5,-125,2026-05-17T19:39:20Z,Indiana Fever,Seattle Storm
2026-05-17T19:39:19.821001+00:00,c3252d1d30beda6bdd6d3f599ae44ed6,2026-05-17T22:00:00Z,draftkings,DraftKings,player_rebounds,Under,Natisha Hiedeman,2.5,-105,2026-05-17T19:39:20Z,Indiana Fever,Seattle Storm
2026-05-17T19:39:19.821001+00:00,c3252d1d30beda6bdd6d3f599ae44ed6,2026-05-17T22:00:00Z,draftkings,DraftKings,player_threes,Over,Caitlin Clark,2.5,-145,2026-05-17T19:39:20Z,Indiana Fever,Seattle Storm
2026-05-17T19:39:19.821001+00:00,c3252d1d30beda6bdd6d3f599ae44ed6,2026-05-17T22:00:00Z,draftkings,DraftKings,player_threes,Under,Caitlin Clark,2.5,114,2026-05-17T19:39:20Z,Indiana Fever,Seattle Storm
2026-05-17T19:39:19.821001+00:00,c3252d1d30beda6bdd6d3f599ae44ed6,2026-05-17T22:00:00Z,draftkings,DraftKings,player_threes,Over,Kelsey Mitchell,2.5,-125,2026-05-17T19:39:20Z,Indiana Fever,Seattle Storm
2026-05-17T19:39:19.821001+00:00,c3252d1d30beda6bdd6d3f599ae44ed6,2026-05-17T22:00:00Z,draftkings,DraftKings,player_threes,Under,Kelsey Mitchell,2.5,-105,2026-05-17T19:39:20Z,Indiana Fever,Seattle Storm
2026-05-17T19:39:19.821001+00:00,c3252d1d30beda6bdd6d3f599ae44ed6,2026-05-17T22:00:00Z,draftkings,DraftKings,player_threes,Over,Flau'jae Johnson,1.5,130,2026-05-17T19:39:20Z,Indiana Fever,Seattle Storm
2026-05-17T19:39:19.821001+00:00,c3252d1d30beda6bdd6d3f599ae44ed6,2026-05-17T22:00:00Z,draftkings,DraftKings,player_threes,Under,Flau'jae Johnson,1.5,-166,2026-05-17T19:39:20Z,Indiana Fever,Seattle Storm
2026-05-17T19:39:19.821001+00:00,c3252d1d30beda6bdd6d3f599ae44ed6,2026-05-17T22:00:00Z,draftkings,DraftKings,player_threes,Over,Sophie Cunningham,1.5,135,2026-05-17T19:39:20Z,Indiana Fever,Seattle Storm
2026-05-17T19:39:19.821001+00:00,c3252d1d30beda6bdd6d3f599ae44ed6,2026-05-17T22:00:00Z,draftkings,DraftKings,player_threes,Under,Sophie Cunningham,1.5,-175,2026-05-17T19:39:20Z,Indiana Fever,Seattle Storm
2026-05-17T19:39:19.821001+00:00,c3252d1d30beda6bdd6d3f599ae44ed6,2026-05-17T22:00:00Z,draftkings,DraftKings,player_threes,Over,Stefanie Dolson,1.5,150,2026-05-17T19:39:20Z,Indiana Fever,Seattle Storm
2026-05-17T19:39:19.821001+00:00,c3252d1d30beda6bdd6d3f599ae44ed6,2026-05-17T22:00:00Z,draftkings,DraftKings,player_threes,Under,Stefanie Dolson,1.5,-195,2026-05-17T19:39:20Z,Indiana Fever,Seattle Storm
2026-05-17T19:39:19.821001+00:00,c3252d1d30beda6bdd6d3f599ae44ed6,2026-05-17T22:00:00Z,draftkings,DraftKings,player_triple_double,Yes,Caitlin Clark,,2000,2026-05-17T19:39:20Z,Indiana Fever,Seattle Storm
2026-05-17T19:39:19.821001+00:00,c3252d1d30beda6bdd6d3f599ae44ed6,2026-05-17T22:00:00Z,fanduel,FanDuel,player_assists,Over,Natisha Hiedeman,3.5,-106,2026-05-17T19:38:21Z,Indiana Fever,Seattle Storm
2026-05-17T19:39:19.821001+00:00,c3252d1d30beda6bdd6d3f599ae44ed6,2026-05-17T22:00:00Z,fanduel,FanDuel,player_assists,Under,Natisha Hiedeman,3.5,-125,2026-05-17T19:38:21Z,Indiana Fever,Seattle Storm
2026-05-17T19:39:19.821001+00:00,c3252d1d30beda6bdd6d3f599ae44ed6,2026-05-17T22:00:00Z,fanduel,FanDuel,player_assists,Over,Caitlin Clark,8.5,104,2026-05-17T19:38:21Z,Indiana Fever,Seattle Storm
2026-05-17T19:39:19.821001+00:00,c3252d1d30beda6bdd6d3f599ae44ed6,2026-05-17T22:00:00Z,fanduel,FanDuel,player_assists,Under,Caitlin Clark,8.5,-138,2026-05-17T19:38:21Z,Indiana Fever,Seattle Storm
2026-05-17T19:39:19.821001+00:00,c3252d1d30beda6bdd6d3f599ae44ed6,2026-05-17T22:00:00Z,fanduel,FanDuel,player_double_double,Yes,Caitlin Clark,,140,2026-05-17T19:38:21Z,Indiana Fever,Seattle Storm
2026-05-17T19:39:19.821001+00:00,c3252d1d30beda6bdd6d3f599ae44ed6,2026-05-17T22:00:00Z,fanduel,FanDuel,player_double_double,Yes,Aliyah Boston,,250,2026-05-17T19:38:21Z,Indiana Fever,Seattle Storm
2026-05-17T19:39:19.821001+00:00,c3252d1d30beda6bdd6d3f599ae44ed6,2026-05-17T22:00:00Z,fanduel,FanDuel,player_double_double,Yes,Monique Billings,,390,2026-05-17T19:38:21Z,Indiana Fever,Seattle Storm
2026-05-17T19:39:19.821001+00:00,c3252d1d30beda6bdd6d3f599ae44ed6,2026-05-17T22:00:00Z,fanduel,FanDuel,player_double_double,Yes,Flau'jae Johnson,,1900,2026-05-17T19:38:21Z,Indiana Fever,Seattle Storm
2026-05-17T19:39:19.821001+00:00,c3252d1d30beda6bdd6d3f599ae44ed6,2026-05-17T22:00:00Z,fanduel,FanDuel,player_double_double,Yes,Stefanie Dolson,,2000,2026-05-17T19:38:21Z,Indiana Fever,Seattle Storm
2026-05-17T19:39:19.821001+00:00,c3252d1d30beda6bdd6d3f599ae44ed6,2026-05-17T22:00:00Z,fanduel,FanDuel,player_points,Over,Kelsey Mitchell,21.5,-130,2026-05-17T19:38:21Z,Indiana Fever,Seattle Storm
2026-05-17T19:39:19.821001+00:00,c3252d1d30beda6bdd6d3f599ae44ed6,2026-05-17T22:00:00Z,fanduel,FanDuel,player_points,Under,Kelsey Mitchell,21.5,100,2026-05-17T19:38:21Z,Indiana Fever,Seattle Storm
2026-05-17T19:39:19.821001+00:00,c3252d1d30beda6bdd6d3f599ae44ed6,2026-05-17T22:00:00Z,fanduel,FanDuel,player_points,Over,Natisha Hiedeman,10.5,-114,2026-05-17T19:38:21Z,Indiana Fever,Seattle Storm
2026-05-17T19:39:19.821001+00:00,c3252d1d30beda6bdd6d3f599ae44ed6,2026-05-17T22:00:00Z,fanduel,FanDuel,player_points,Under,Natisha Hiedeman,10.5,-114,2026-05-17T19:38:21Z,Indiana Fever,Seattle Storm
2026-05-17T19:39:19.821001+00:00,c3252d1d30beda6bdd6d3f599ae44ed6,2026-05-17T22:00:00Z,fanduel,FanDuel,player_points,Over,Sophie Cunningham,8.5,102,2026-05-17T19:38:21Z,Indiana Fever,Seattle Storm
2026-05-17T19:39:19.821001+00:00,c3252d1d30beda6bdd6d3f599ae44ed6,2026-05-17T22:00:00Z,fanduel,FanDuel,player_points,Under,Sophie Cunningham,8.5,-132,2026-05-17T19:38:21Z,Indiana Fever,Seattle Storm
2026-05-17T19:39:19.821001+00:00,c3252d1d30beda6bdd6d3f599ae44ed6,2026-05-17T22:00:00Z,fanduel,FanDuel,player_points,Over,Jade Melbourne,9.5,-118,2026-05-17T19:38:21Z,Indiana Fever,Seattle Storm
2026-05-17T19:39:19.821001+00:00,c3252d1d30beda6bdd6d3f599ae44ed6,2026-05-17T22:00:00Z,fanduel,FanDuel,player_points,Under,Jade Melbourne,9.5,-110,2026-05-17T19:38:21Z,Indiana Fever,Seattle Storm
2026-05-17T19:39:19.821001+00:00,c3252d1d30beda6bdd6d3f599ae44ed6,2026-05-17T22:00:00Z,fanduel,FanDuel,player_points,Over,Flau'jae Johnson,15.5,-114,2026-05-17T19:38:21Z,Indiana Fever,Seattle Storm
2026-05-17T19:39:19.821001+00:00,c3252d1d30beda6bdd6d3f599ae44ed6,2026-05-17T22:00:00Z,fanduel,FanDuel,player_points,Under,Flau'jae Johnson,15.5,-114,2026-05-17T19:38:21Z,Indiana Fever,Seattle Storm
2026-05-17T19:39:19.821001+00:00,c3252d1d30beda6bdd6d3f599ae44ed6,2026-05-17T22:00:00Z,fanduel,FanDuel,player_points,Over,Monique Billings,9.5,-102,2026-05-17T19:38:21Z,Indiana Fever,Seattle Storm
2026-05-17T19:39:19.821001+00:00,c3252d1d30beda6bdd6d3f599ae44ed6,2026-05-17T22:00:00Z,fanduel,FanDuel,player_points,Under,Monique Billings,9.5,-128,2026-05-17T19:38:21Z,Indiana Fever,Seattle Storm
2026-05-17T19:39:19.821001+00:00,c3252d1d30beda6bdd6d3f599ae44ed6,2026-05-17T22:00:00Z,fanduel,FanDuel,player_points,Over,Stefanie Dolson,8.5,-128,2026-05-17T19:38:21Z,Indiana Fever,Seattle Storm
2026-05-17T19:39:19.821001+00:00,c3252d1d30beda6bdd6d3f599ae44ed6,2026-05-17T22:00:00Z,fanduel,FanDuel,player_points,Under,Stefanie Dolson,8.5,-102,2026-05-17T19:38:21Z,Indiana Fever,Seattle Storm
2026-05-17T19:39:19.821001+00:00,c3252d1d30beda6bdd6d3f599ae44ed6,2026-05-17T22:00:00Z,fanduel,FanDuel,player_points,Over,Caitlin Clark,20.5,-130,2026-05-17T19:38:21Z,Indiana Fever,Seattle Storm
2026-05-17T19:39:19.821001+00:00,c3252d1d30beda6bdd6d3f599ae44ed6,2026-05-17T22:00:00Z,fanduel,FanDuel,player_points,Under,Caitlin Clark,20.5,100,2026-05-17T19:38:21Z,Indiana Fever,Seattle Storm
2026-05-17T19:39:19.821001+00:00,c3252d1d30beda6bdd6d3f599ae44ed6,2026-05-17T22:00:00Z,fanduel,FanDuel,player_points,Over,Aliyah Boston,14.5,104,2026-05-17T19:38:21Z,Indiana Fever,Seattle Storm
2026-05-17T19:39:19.821001+00:00,c3252d1d30beda6bdd6d3f599ae44ed6,2026-05-17T22:00:00Z,fanduel,FanDuel,player_points,Under,Aliyah Boston,14.5,-135,2026-05-17T19:38:21Z,Indiana Fever,Seattle Storm
2026-05-17T19:39:19.821001+00:00,c3252d1d30beda6bdd6d3f599ae44ed6,2026-05-17T22:00:00Z,fanduel,FanDuel,player_points_assists,Over,Natisha Hiedeman,14.5,-104,2026-05-17T19:38:21Z,Indiana Fever,Seattle Storm
2026-05-17T19:39:19.821001+00:00,c3252d1d30beda6bdd6d3f599ae44ed6,2026-05-17T22:00:00Z,fanduel,FanDuel,player_points_assists,Under,Natisha Hiedeman,14.5,-128,2026-05-17T19:38:21Z,Indiana Fever,Seattle Storm
2026-05-17T19:39:19.821001+00:00,c3252d1d30beda6bdd6d3f599ae44ed6,2026-05-17T22:00:00Z,fanduel,FanDuel,player_points_assists,Over,Aliyah Boston,16.5,-130,2026-05-17T19:38:21Z,Indiana Fever,Seattle Storm
2026-05-17T19:39:19.821001+00:00,c3252d1d30beda6bdd6d3f599ae44ed6,2026-05-17T22:00:00Z,fanduel,FanDuel,player_points_assists,Under,Aliyah Boston,16.5,-102,2026-05-17T19:38:21Z,Indiana Fever,Seattle Storm
2026-05-17T19:39:19.821001+00:00,c3252d1d30beda6bdd6d3f599ae44ed6,2026-05-17T22:00:00Z,fanduel,FanDuel,player_points_assists,Over,Caitlin Clark,29.5,-118,2026-05-17T19:38:21Z,Indiana Fever,Seattle Storm
2026-05-17T19:39:19.821001+00:00,c3252d1d30beda6bdd6d3f599ae44ed6,2026-05-17T22:00:00Z,fanduel,FanDuel,player_points_assists,Under,Caitlin Clark,29.5,-112,2026-05-17T19:38:21Z,Indiana Fever,Seattle Storm
2026-05-17T19:39:19.821001+00:00,c3252d1d30beda6bdd6d3f599ae44ed6,2026-05-17T22:00:00Z,fanduel,FanDuel,player_points_rebounds,Over,Sophie Cunningham,11.5,-130,2026-05-17T19:38:21Z,Indiana Fever,Seattle Storm
2026-05-17T19:39:19.821001+00:00,c3252d1d30beda6bdd6d3f599ae44ed6,2026-05-17T22:00:00Z,fanduel,FanDuel,player_points_rebounds,Under,Sophie Cunningham,11.5,-102,2026-05-17T19:38:21Z,Indiana Fever,Seattle Storm
2026-05-17T19:39:19.821001+00:00,c3252d1d30beda6bdd6d3f599ae44ed6,2026-05-17T22:00:00Z,fanduel,FanDuel,player_points_rebounds,Over,Flau'jae Johnson,20.5,-106,2026-05-17T19:38:21Z,Indiana Fever,Seattle Storm
2026-05-17T19:39:19.821001+00:00,c3252d1d30beda6bdd6d3f599ae44ed6,2026-05-17T22:00:00Z,fanduel,FanDuel,player_points_rebounds,Under,Flau'jae Johnson,20.5,-125,2026-05-17T19:38:21Z,Indiana Fever,Seattle Storm
2026-05-17T19:39:19.821001+00:00,c3252d1d30beda6bdd6d3f599ae44ed6,2026-05-17T22:00:00Z,fanduel,FanDuel,player_points_rebounds,Over,Stefanie Dolson,13.5,-132,2026-05-17T19:38:21Z,Indiana Fever,Seattle Storm
2026-05-17T19:39:19.821001+00:00,c3252d1d30beda6bdd6d3f599ae44ed6,2026-05-17T22:00:00Z,fanduel,FanDuel,player_points_rebounds,Under,Stefanie Dolson,13.5,100,2026-05-17T19:38:21Z,Indiana Fever,Seattle Storm
2026-05-17T19:39:19.821001+00:00,c3252d1d30beda6bdd6d3f599ae44ed6,2026-05-17T22:00:00Z,fanduel,FanDuel,player_points_rebounds,Over,Caitlin Clark,26.5,-110,2026-05-17T19:38:21Z,Indiana Fever,Seattle Storm
2026-05-17T19:39:19.821001+00:00,c3252d1d30beda6bdd6d3f599ae44ed6,2026-05-17T22:00:00Z,fanduel,FanDuel,player_points_rebounds,Under,Caitlin Clark,26.5,-120,2026-05-17T19:38:21Z,Indiana Fever,Seattle Storm
2026-05-17T19:39:19.821001+00:00,c3252d1d30beda6bdd6d3f599ae44ed6,2026-05-17T22:00:00Z,fanduel,FanDuel,player_points_rebounds,Over,Aliyah Boston,21.5,-122,2026-05-17T19:38:21Z,Indiana Fever,Seattle Storm
2026-05-17T19:39:19.821001+00:00,c3252d1d30beda6bdd6d3f599ae44ed6,2026-05-17T22:00:00Z,fanduel,FanDuel,player_points_rebounds,Under,Aliyah Boston,21.5,-108,2026-05-17T19:38:21Z,Indiana Fever,Seattle Storm
2026-05-17T19:39:19.821001+00:00,c3252d1d30beda6bdd6d3f599ae44ed6,2026-05-17T22:00:00Z,fanduel,FanDuel,player_points_rebounds_assists,Over,Caitlin Clark,34.5,-125,2026-05-17T19:38:21Z,Indiana Fever,Seattle Storm
2026-05-17T19:39:19.821001+00:00,c3252d1d30beda6bdd6d3f599ae44ed6,2026-05-17T22:00:00Z,fanduel,FanDuel,player_points_rebounds_assists,Under,Caitlin Clark,34.5,-106,2026-05-17T19:38:21Z,Indiana Fever,Seattle Storm
2026-05-17T19:39:19.821001+00:00,c3252d1d30beda6bdd6d3f599ae44ed6,2026-05-17T22:00:00Z,fanduel,FanDuel,player_points_rebounds_assists,Over,Aliyah Boston,24.5,-122,2026-05-17T19:38:21Z,Indiana Fever,Seattle Storm
2026-05-17T19:39:19.821001+00:00,c3252d1d30beda6bdd6d3f599ae44ed6,2026-05-17T22:00:00Z,fanduel,FanDuel,player_points_rebounds_assists,Under,Aliyah Boston,24.5,-108,2026-05-17T19:38:21Z,Indiana Fever,Seattle Storm
2026-05-17T19:39:19.821001+00:00,c3252d1d30beda6bdd6d3f599ae44ed6,2026-05-17T22:00:00Z,fanduel,FanDuel,player_points_rebounds_assists,Over,Natisha Hiedeman,16.5,-132,2026-05-17T19:38:21Z,Indiana Fever,Seattle Storm
2026-05-17T19:39:19.821001+00:00,c3252d1d30beda6bdd6d3f599ae44ed6,2026-05-17T22:00:00Z,fanduel,FanDuel,player_points_rebounds_assists,Under,Natisha Hiedeman,16.5,100,2026-05-17T19:38:21Z,Indiana Fever,Seattle Storm
2026-05-17T19:39:19.821001+00:00,c3252d1d30beda6bdd6d3f599ae44ed6,2026-05-17T22:00:00Z,fanduel,FanDuel,player_rebounds,Over,Sophie Cunningham,3.5,-114,2026-05-17T19:38:21Z,Indiana Fever,Seattle Storm
2026-05-17T19:39:19.821001+00:00,c3252d1d30beda6bdd6d3f599ae44ed6,2026-05-17T22:00:00Z,fanduel,FanDuel,player_rebounds,Under,Sophie Cunningham,3.5,-114,2026-05-17T19:38:21Z,Indiana Fever,Seattle Storm
2026-05-17T19:39:19.821001+00:00,c3252d1d30beda6bdd6d3f599ae44ed6,2026-05-17T22:00:00Z,fanduel,FanDuel,player_rebounds,Over,Aliyah Boston,7.5,-114,2026-05-17T19:38:21Z,Indiana Fever,Seattle Storm
2026-05-17T19:39:19.821001+00:00,c3252d1d30beda6bdd6d3f599ae44ed6,2026-05-17T22:00:00Z,fanduel,FanDuel,player_rebounds,Under,Aliyah Boston,7.5,-114,2026-05-17T19:38:21Z,Indiana Fever,Seattle Storm
2026-05-17T19:39:19.821001+00:00,c3252d1d30beda6bdd6d3f599ae44ed6,2026-05-17T22:00:00Z,fanduel,FanDuel,player_rebounds,Over,Flau'jae Johnson,4.5,100,2026-05-17T19:38:21Z,Indiana Fever,Seattle Storm
2026-05-17T19:39:19.821001+00:00,c3252d1d30beda6bdd6d3f599ae44ed6,2026-05-17T22:00:00Z,fanduel,FanDuel,player_rebounds,Under,Flau'jae Johnson,4.5,-132,2026-05-17T19:38:21Z,Indiana Fever,Seattle Storm
2026-05-17T19:39:19.821001+00:00,c3252d1d30beda6bdd6d3f599ae44ed6,2026-05-17T22:00:00Z,fanduel,FanDuel,player_rebounds,Over,Monique Billings,7.5,-108,2026-05-17T19:38:21Z,Indiana Fever,Seattle Storm
2026-05-17T19:39:19.821001+00:00,c3252d1d30beda6bdd6d3f599ae44ed6,2026-05-17T22:00:00Z,fanduel,FanDuel,player_rebounds,Under,Monique Billings,7.5,-122,2026-05-17T19:38:21Z,Indiana Fever,Seattle Storm
2026-05-17T19:39:19.821001+00:00,c3252d1d30beda6bdd6d3f599ae44ed6,2026-05-17T22:00:00Z,fanduel,FanDuel,player_rebounds,Over,Stefanie Dolson,4.5,-160,2026-05-17T19:38:21Z,Indiana Fever,Seattle Storm
2026-05-17T19:39:19.821001+00:00,c3252d1d30beda6bdd6d3f599ae44ed6,2026-05-17T22:00:00Z,fanduel,FanDuel,player_rebounds,Under,Stefanie Dolson,4.5,120,2026-05-17T19:38:21Z,Indiana Fever,Seattle Storm
2026-05-17T19:39:19.821001+00:00,c3252d1d30beda6bdd6d3f599ae44ed6,2026-05-17T22:00:00Z,fanduel,FanDuel,player_rebounds,Over,Caitlin Clark,5.5,118,2026-05-17T19:38:21Z,Indiana Fever,Seattle Storm
2026-05-17T19:39:19.821001+00:00,c3252d1d30beda6bdd6d3f599ae44ed6,2026-05-17T22:00:00Z,fanduel,FanDuel,player_rebounds,Under,Caitlin Clark,5.5,-158,2026-05-17T19:38:21Z,Indiana Fever,Seattle Storm
2026-05-17T19:39:19.821001+00:00,c3252d1d30beda6bdd6d3f599ae44ed6,2026-05-17T22:00:00Z,fanduel,FanDuel,player_rebounds_assists,Over,Aliyah Boston,10.5,-114,2026-05-17T19:38:21Z,Indiana Fever,Seattle Storm
2026-05-17T19:39:19.821001+00:00,c3252d1d30beda6bdd6d3f599ae44ed6,2026-05-17T22:00:00Z,fanduel,FanDuel,player_rebounds_assists,Under,Aliyah Boston,10.5,-114,2026-05-17T19:38:21Z,Indiana Fever,Seattle Storm
2026-05-17T19:39:19.821001+00:00,c3252d1d30beda6bdd6d3f599ae44ed6,2026-05-17T22:00:00Z,fanduel,FanDuel,player_rebounds_assists,Over,Caitlin Clark,13.5,-114,2026-05-17T19:38:21Z,Indiana Fever,Seattle Storm
2026-05-17T19:39:19.821001+00:00,c3252d1d30beda6bdd6d3f599ae44ed6,2026-05-17T22:00:00Z,fanduel,FanDuel,player_rebounds_assists,Under,Caitlin Clark,13.5,-114,2026-05-17T19:38:21Z,Indiana Fever,Seattle Storm
2026-05-17T19:39:19.821001+00:00,c3252d1d30beda6bdd6d3f599ae44ed6,2026-05-17T22:00:00Z,fanduel,FanDuel,player_threes,Over,Sophie Cunningham,1.5,140,2026-05-17T19:38:21Z,Indiana Fever,Seattle Storm
2026-05-17T19:39:19.821001+00:00,c3252d1d30beda6bdd6d3f599ae44ed6,2026-05-17T22:00:00Z,fanduel,FanDuel,player_threes,Under,Sophie Cunningham,1.5,-188,2026-05-17T19:38:21Z,Indiana Fever,Seattle Storm
2026-05-17T19:39:19.821001+00:00,c3252d1d30beda6bdd6d3f599ae44ed6,2026-05-17T22:00:00Z,fanduel,FanDuel,player_threes,Over,Kelsey Mitchell,2.5,-132,2026-05-17T19:38:21Z,Indiana Fever,Seattle Storm
2026-05-17T19:39:19.821001+00:00,c3252d1d30beda6bdd6d3f599ae44ed6,2026-05-17T22:00:00Z,fanduel,FanDuel,player_threes,Under,Kelsey Mitchell,2.5,100,2026-05-17T19:38:21Z,Indiana Fever,Seattle Storm
2026-05-17T19:39:19.821001+00:00,c3252d1d30beda6bdd6d3f599ae44ed6,2026-05-17T22:00:00Z,fanduel,FanDuel,player_threes,Over,Flau'jae Johnson,1.5,124,2026-05-17T19:38:21Z,Indiana Fever,Seattle Storm
2026-05-17T19:39:19.821001+00:00,c3252d1d30beda6bdd6d3f599ae44ed6,2026-05-17T22:00:00Z,fanduel,FanDuel,player_threes,Under,Flau'jae Johnson,1.5,-166,2026-05-17T19:38:21Z,Indiana Fever,Seattle Storm
2026-05-17T19:39:19.821001+00:00,c3252d1d30beda6bdd6d3f599ae44ed6,2026-05-17T22:00:00Z,fanduel,FanDuel,player_threes,Over,Stefanie Dolson,1.5,152,2026-05-17T19:38:21Z,Indiana Fever,Seattle Storm
2026-05-17T19:39:19.821001+00:00,c3252d1d30beda6bdd6d3f599ae44ed6,2026-05-17T22:00:00Z,fanduel,FanDuel,player_threes,Under,Stefanie Dolson,1.5,-205,2026-05-17T19:38:21Z,Indiana Fever,Seattle Storm
2026-05-17T19:39:19.821001+00:00,c3252d1d30beda6bdd6d3f599ae44ed6,2026-05-17T22:00:00Z,fanduel,FanDuel,player_threes,Over,Caitlin Clark,2.5,-148,2026-05-17T19:38:21Z,Indiana Fever,Seattle Storm
2026-05-17T19:39:19.821001+00:00,c3252d1d30beda6bdd6d3f599ae44ed6,2026-05-17T22:00:00Z,fanduel,FanDuel,player_threes,Under,Caitlin Clark,2.5,112,2026-05-17T19:38:21Z,Indiana Fever,Seattle Storm
2026-05-17T19:39:19.821001+00:00,c3252d1d30beda6bdd6d3f599ae44ed6,2026-05-17T22:00:00Z,fanduel,FanDuel,player_triple_double,Yes,Caitlin Clark,,2200,2026-05-17T19:38:21Z,Indiana Fever,Seattle Storm
2026-05-17T19:39:19.821001+00:00,c3252d1d30beda6bdd6d3f599ae44ed6,2026-05-17T22:00:00Z,williamhill_us,Caesars,player_assists,Over,Natisha Hiedeman,3.5,100,2026-05-17T19:37:27Z,Indiana Fever,Seattle Storm
2026-05-17T19:39:19.821001+00:00,c3252d1d30beda6bdd6d3f599ae44ed6,2026-05-17T22:00:00Z,williamhill_us,Caesars,player_assists,Under,Natisha Hiedeman,3.5,-137,2026-05-17T19:37:27Z,Indiana Fever,Seattle Storm
2026-05-17T19:39:19.821001+00:00,c3252d1d30beda6bdd6d3f599ae44ed6,2026-05-17T22:00:00Z,williamhill_us,Caesars,player_assists,Over,Caitlin Clark,8.5,-102,2026-05-17T19:37:27Z,Indiana Fever,Seattle Storm
2026-05-17T19:39:19.821001+00:00,c3252d1d30beda6bdd6d3f599ae44ed6,2026-05-17T22:00:00Z,williamhill_us,Caesars,player_assists,Under,Caitlin Clark,8.5,-130,2026-05-17T19:37:27Z,Indiana Fever,Seattle Storm
2026-05-17T19:39:19.821001+00:00,c3252d1d30beda6bdd6d3f599ae44ed6,2026-05-17T22:00:00Z,williamhill_us,Caesars,player_assists,Over,Jade Melbourne,3.5,-150,2026-05-17T19:37:27Z,Indiana Fever,Seattle Storm
2026-05-17T19:39:19.821001+00:00,c3252d1d30beda6bdd6d3f599ae44ed6,2026-05-17T22:00:00Z,williamhill_us,Caesars,player_assists,Under,Jade Melbourne,3.5,115,2026-05-17T19:37:27Z,Indiana Fever,Seattle Storm
2026-05-17T19:39:19.821001+00:00,c3252d1d30beda6bdd6d3f599ae44ed6,2026-05-17T22:00:00Z,williamhill_us,Caesars,player_double_double,Yes,Caitlin Clark,,141,2026-05-17T19:37:27Z,Indiana Fever,Seattle Storm
2026-05-17T19:39:19.821001+00:00,c3252d1d30beda6bdd6d3f599ae44ed6,2026-05-17T22:00:00Z,williamhill_us,Caesars,player_double_double,Yes,Aliyah Boston,,265,2026-05-17T19:37:27Z,Indiana Fever,Seattle Storm
2026-05-17T19:39:19.821001+00:00,c3252d1d30beda6bdd6d3f599ae44ed6,2026-05-17T22:00:00Z,williamhill_us,Caesars,player_double_double,Yes,Monique Billings,,450,2026-05-17T19:37:27Z,Indiana Fever,Seattle Storm
2026-05-17T19:39:19.821001+00:00,c3252d1d30beda6bdd6d3f599ae44ed6,2026-05-17T22:00:00Z,williamhill_us,Caesars,player_double_double,Yes,Flau'jae Johnson,,1750,2026-05-17T19:37:27Z,Indiana Fever,Seattle Storm
2026-05-17T19:39:19.821001+00:00,c3252d1d30beda6bdd6d3f599ae44ed6,2026-05-17T22:00:00Z,williamhill_us,Caesars,player_double_double,Yes,Stefanie Dolson,,1900,2026-05-17T19:37:27Z,Indiana Fever,Seattle Storm
2026-05-17T19:39:19.821001+00:00,c3252d1d30beda6bdd6d3f599ae44ed6,2026-05-17T22:00:00Z,williamhill_us,Caesars,player_points,Over,Monique Billings,9.5,-108,2026-05-17T19:37:27Z,Indiana Fever,Seattle Storm
2026-05-17T19:39:19.821001+00:00,c3252d1d30beda6bdd6d3f599ae44ed6,2026-05-17T22:00:00Z,williamhill_us,Caesars,player_points,Under,Monique Billings,9.5,-127,2026-05-17T19:37:27Z,Indiana Fever,Seattle Storm
2026-05-17T19:39:19.821001+00:00,c3252d1d30beda6bdd6d3f599ae44ed6,2026-05-17T22:00:00Z,williamhill_us,Caesars,player_points,Over,Stefanie Dolson,8.5,-127,2026-05-17T19:37:27Z,Indiana Fever,Seattle Storm
2026-05-17T19:39:19.821001+00:00,c3252d1d30beda6bdd6d3f599ae44ed6,2026-05-17T22:00:00Z,williamhill_us,Caesars,player_points,Under,Stefanie Dolson,8.5,-105,2026-05-17T19:37:27Z,Indiana Fever,Seattle Storm
2026-05-17T19:39:19.821001+00:00,c3252d1d30beda6bdd6d3f599ae44ed6,2026-05-17T22:00:00Z,williamhill_us,Caesars,player_points,Over,Aliyah Boston,14.5,108,2026-05-17T19:37:27Z,Indiana Fever,Seattle Storm
2026-05-17T19:39:19.821001+00:00,c3252d1d30beda6bdd6d3f599ae44ed6,2026-05-17T22:00:00Z,williamhill_us,Caesars,player_points,Under,Aliyah Boston,14.5,-150,2026-05-17T19:37:27Z,Indiana Fever,Seattle Storm
2026-05-17T19:39:19.821001+00:00,c3252d1d30beda6bdd6d3f599ae44ed6,2026-05-17T22:00:00Z,williamhill_us,Caesars,player_points,Over,Caitlin Clark,20.5,-134,2026-05-17T19:37:27Z,Indiana Fever,Seattle Storm
2026-05-17T19:39:19.821001+00:00,c3252d1d30beda6bdd6d3f599ae44ed6,2026-05-17T22:00:00Z,williamhill_us,Caesars,player_points,Under,Caitlin Clark,20.5,101,2026-05-17T19:37:27Z,Indiana Fever,Seattle Storm
2026-05-17T19:39:19.821001+00:00,c3252d1d30beda6bdd6d3f599ae44ed6,2026-05-17T22:00:00Z,williamhill_us,Caesars,player_points,Over,Jade Melbourne,9.5,-127,2026-05-17T19:37:27Z,Indiana Fever,Seattle Storm
2026-05-17T19:39:19.821001+00:00,c3252d1d30beda6bdd6d3f599ae44ed6,2026-05-17T22:00:00Z,williamhill_us,Caesars,player_points,Under,Jade Melbourne,9.5,-105,2026-05-17T19:37:27Z,Indiana Fever,Seattle Storm
2026-05-17T19:39:19.821001+00:00,c3252d1d30beda6bdd6d3f599ae44ed6,2026-05-17T22:00:00Z,williamhill_us,Caesars,player_points,Over,Sophie Cunningham,8.5,-103,2026-05-17T19:37:27Z,Indiana Fever,Seattle Storm
2026-05-17T19:39:19.821001+00:00,c3252d1d30beda6bdd6d3f599ae44ed6,2026-05-17T22:00:00Z,williamhill_us,Caesars,player_points,Under,Sophie Cunningham,8.5,-130,2026-05-17T19:37:27Z,Indiana Fever,Seattle Storm
2026-05-17T19:39:19.821001+00:00,c3252d1d30beda6bdd6d3f599ae44ed6,2026-05-17T22:00:00Z,williamhill_us,Caesars,player_points,Over,Flau'jae Johnson,15.5,-120,2026-05-17T19:37:27Z,Indiana Fever,Seattle Storm
2026-05-17T19:39:19.821001+00:00,c3252d1d30beda6bdd6d3f599ae44ed6,2026-05-17T22:00:00Z,williamhill_us,Caesars,player_points,Under,Flau'jae Johnson,15.5,-112,2026-05-17T19:37:27Z,Indiana Fever,Seattle Storm
2026-05-17T19:39:19.821001+00:00,c3252d1d30beda6bdd6d3f599ae44ed6,2026-05-17T22:00:00Z,williamhill_us,Caesars,player_points,Over,Kelsey Mitchell,21.5,-127,2026-05-17T19:37:27Z,Indiana Fever,Seattle Storm
2026-05-17T19:39:19.821001+00:00,c3252d1d30beda6bdd6d3f599ae44ed6,2026-05-17T22:00:00Z,williamhill_us,Caesars,player_points,Under,Kelsey Mitchell,21.5,-105,2026-05-17T19:37:27Z,Indiana Fever,Seattle Storm
2026-05-17T19:39:19.821001+00:00,c3252d1d30beda6bdd6d3f599ae44ed6,2026-05-17T22:00:00Z,williamhill_us,Caesars,player_points,Over,Natisha Hiedeman,10.5,-118,2026-05-17T19:37:27Z,Indiana Fever,Seattle Storm
2026-05-17T19:39:19.821001+00:00,c3252d1d30beda6bdd6d3f599ae44ed6,2026-05-17T22:00:00Z,williamhill_us,Caesars,player_points,Under,Natisha Hiedeman,10.5,-113,2026-05-17T19:37:27Z,Indiana Fever,Seattle Storm
2026-05-17T19:39:19.821001+00:00,c3252d1d30beda6bdd6d3f599ae44ed6,2026-05-17T22:00:00Z,williamhill_us,Caesars,player_rebounds,Over,Flau'jae Johnson,4.5,-107,2026-05-17T19:37:27Z,Indiana Fever,Seattle Storm
2026-05-17T19:39:19.821001+00:00,c3252d1d30beda6bdd6d3f599ae44ed6,2026-05-17T22:00:00Z,williamhill_us,Caesars,player_rebounds,Under,Flau'jae Johnson,4.5,-127,2026-05-17T19:37:27Z,Indiana Fever,Seattle Storm
2026-05-17T19:39:19.821001+00:00,c3252d1d30beda6bdd6d3f599ae44ed6,2026-05-17T22:00:00Z,williamhill_us,Caesars,player_rebounds,Over,Monique Billings,7.5,-112,2026-05-17T19:37:27Z,Indiana Fever,Seattle Storm
2026-05-17T19:39:19.821001+00:00,c3252d1d30beda6bdd6d3f599ae44ed6,2026-05-17T22:00:00Z,williamhill_us,Caesars,player_rebounds,Under,Monique Billings,7.5,-120,2026-05-17T19:37:27Z,Indiana Fever,Seattle Storm
2026-05-17T19:39:19.821001+00:00,c3252d1d30beda6bdd6d3f599ae44ed6,2026-05-17T22:00:00Z,williamhill_us,Caesars,player_rebounds,Over,Aliyah Boston,7.5,-115,2026-05-17T19:37:27Z,Indiana Fever,Seattle Storm
2026-05-17T19:39:19.821001+00:00,c3252d1d30beda6bdd6d3f599ae44ed6,2026-05-17T22:00:00Z,williamhill_us,Caesars,player_rebounds,Under,Aliyah Boston,7.5,-115,2026-05-17T19:37:27Z,Indiana Fever,Seattle Storm
2026-05-17T19:39:19.821001+00:00,c3252d1d30beda6bdd6d3f599ae44ed6,2026-05-17T22:00:00Z,williamhill_us,Caesars,player_rebounds,Over,Stefanie Dolson,4.5,-140,2026-05-17T19:37:27Z,Indiana Fever,Seattle Storm
2026-05-17T19:39:19.821001+00:00,c3252d1d30beda6bdd6d3f599ae44ed6,2026-05-17T22:00:00Z,williamhill_us,Caesars,player_rebounds,Under,Stefanie Dolson,4.5,110,2026-05-17T19:37:27Z,Indiana Fever,Seattle Storm
2026-05-17T19:39:19.821001+00:00,c3252d1d30beda6bdd6d3f599ae44ed6,2026-05-17T22:00:00Z,williamhill_us,Caesars,player_rebounds,Over,Sophie Cunningham,3.5,-113,2026-05-17T19:37:27Z,Indiana Fever,Seattle Storm
2026-05-17T19:39:19.821001+00:00,c3252d1d30beda6bdd6d3f599ae44ed6,2026-05-17T22:00:00Z,williamhill_us,Caesars,player_rebounds,Under,Sophie Cunningham,3.5,-118,2026-05-17T19:37:27Z,Indiana Fever,Seattle Storm
2026-05-17T19:39:19.821001+00:00,c3252d1d30beda6bdd6d3f599ae44ed6,2026-05-17T22:00:00Z,williamhill_us,Caesars,player_rebounds,Over,Caitlin Clark,5.5,117,2026-05-17T19:37:27Z,Indiana Fever,Seattle Storm
2026-05-17T19:39:19.821001+00:00,c3252d1d30beda6bdd6d3f599ae44ed6,2026-05-17T22:00:00Z,williamhill_us,Caesars,player_rebounds,Under,Caitlin Clark,5.5,-157,2026-05-17T19:37:27Z,Indiana Fever,Seattle Storm
2026-05-17T19:39:19.821001+00:00,c3252d1d30beda6bdd6d3f599ae44ed6,2026-05-17T22:00:00Z,williamhill_us,Caesars,player_threes,Over,Kelsey Mitchell,2.5,-130,2026-05-17T19:37:27Z,Indiana Fever,Seattle Storm
2026-05-17T19:39:19.821001+00:00,c3252d1d30beda6bdd6d3f599ae44ed6,2026-05-17T22:00:00Z,williamhill_us,Caesars,player_threes,Under,Kelsey Mitchell,2.5,-103,2026-05-17T19:37:27Z,Indiana Fever,Seattle Storm
2026-05-17T19:39:19.821001+00:00,c3252d1d30beda6bdd6d3f599ae44ed6,2026-05-17T22:00:00Z,williamhill_us,Caesars,player_threes,Over,Flau'jae Johnson,1.5,128,2026-05-17T19:37:27Z,Indiana Fever,Seattle Storm
2026-05-17T19:39:19.821001+00:00,c3252d1d30beda6bdd6d3f599ae44ed6,2026-05-17T22:00:00Z,williamhill_us,Caesars,player_threes,Under,Flau'jae Johnson,1.5,-185,2026-05-17T19:37:27Z,Indiana Fever,Seattle Storm
2026-05-17T19:39:19.821001+00:00,c3252d1d30beda6bdd6d3f599ae44ed6,2026-05-17T22:00:00Z,williamhill_us,Caesars,player_threes,Over,Caitlin Clark,2.5,-148,2026-05-17T19:37:27Z,Indiana Fever,Seattle Storm
2026-05-17T19:39:19.821001+00:00,c3252d1d30beda6bdd6d3f599ae44ed6,2026-05-17T22:00:00Z,williamhill_us,Caesars,player_threes,Under,Caitlin Clark,2.5,111,2026-05-17T19:37:27Z,Indiana Fever,Seattle Storm
2026-05-17T19:39:19.821001+00:00,c3252d1d30beda6bdd6d3f599ae44ed6,2026-05-17T22:00:00Z,williamhill_us,Caesars,player_threes,Over,Sophie Cunningham,1.5,133,2026-05-17T19:37:27Z,Indiana Fever,Seattle Storm
2026-05-17T19:39:19.821001+00:00,c3252d1d30beda6bdd6d3f599ae44ed6,2026-05-17T22:00:00Z,williamhill_us,Caesars,player_threes,Under,Sophie Cunningham,1.5,-179,2026-05-17T19:37:27Z,Indiana Fever,Seattle Storm
2026-05-17T19:39:19.821001+00:00,c3252d1d30beda6bdd6d3f599ae44ed6,2026-05-17T22:00:00Z,williamhill_us,Caesars,player_threes,Over,Stefanie Dolson,1.5,155,2026-05-17T19:37:27Z,Indiana Fever,Seattle Storm
2026-05-17T19:39:19.821001+00:00,c3252d1d30beda6bdd6d3f599ae44ed6,2026-05-17T22:00:00Z,williamhill_us,Caesars,player_threes,Under,Stefanie Dolson,1.5,-210,2026-05-17T19:37:27Z,Indiana Fever,Seattle Storm
2026-05-17T19:39:19.821001+00:00,c3252d1d30beda6bdd6d3f599ae44ed6,2026-05-17T22:00:00Z,williamhill_us,Caesars,player_triple_double,Yes,Caitlin Clark,,2000,2026-05-17T19:37:27Z,Indiana Fever,Seattle Storm
2026-05-17T19:39:19.821001+00:00,c3252d1d30beda6bdd6d3f599ae44ed6,2026-05-17T22:00:00Z,fanatics,Fanatics,player_double_double,Yes,Caitlin Clark,,150,2026-05-17T19:39:21Z,Indiana Fever,Seattle Storm
2026-05-17T19:39:19.821001+00:00,c3252d1d30beda6bdd6d3f599ae44ed6,2026-05-17T22:00:00Z,fanatics,Fanatics,player_double_double,Yes,Aliyah Boston,,330,2026-05-17T19:39:21Z,Indiana Fever,Seattle Storm
2026-05-17T19:39:19.821001+00:00,c3252d1d30beda6bdd6d3f599ae44ed6,2026-05-17T22:00:00Z,fanatics,Fanatics,player_triple_double,Yes,Caitlin Clark,,2000,2026-05-17T19:39:21Z,Indiana Fever,Seattle Storm
2026-05-17T19:39:19.821001+00:00,c3252d1d30beda6bdd6d3f599ae44ed6,2026-05-17T22:00:00Z,betonlineag,BetOnline.ag,player_assists,Over,Caitlin Clark,8.5,104,2026-05-17T19:38:10Z,Indiana Fever,Seattle Storm
2026-05-17T19:39:19.821001+00:00,c3252d1d30beda6bdd6d3f599ae44ed6,2026-05-17T22:00:00Z,betonlineag,BetOnline.ag,player_assists,Under,Caitlin Clark,8.5,-135,2026-05-17T19:38:10Z,Indiana Fever,Seattle Storm
2026-05-17T19:39:19.821001+00:00,c3252d1d30beda6bdd6d3f599ae44ed6,2026-05-17T22:00:00Z,betonlineag,BetOnline.ag,player_assists,Over,Natisha Hiedeman,3.5,-105,2026-05-17T19:38:10Z,Indiana Fever,Seattle Storm
2026-05-17T19:39:19.821001+00:00,c3252d1d30beda6bdd6d3f599ae44ed6,2026-05-17T22:00:00Z,betonlineag,BetOnline.ag,player_assists,Under,Natisha Hiedeman,3.5,-123,2026-05-17T19:38:10Z,Indiana Fever,Seattle Storm
2026-05-17T19:39:19.821001+00:00,c3252d1d30beda6bdd6d3f599ae44ed6,2026-05-17T22:00:00Z,betonlineag,BetOnline.ag,player_assists,Over,Jade Melbourne,3.5,-156,2026-05-17T19:38:10Z,Indiana Fever,Seattle Storm
2026-05-17T19:39:19.821001+00:00,c3252d1d30beda6bdd6d3f599ae44ed6,2026-05-17T22:00:00Z,betonlineag,BetOnline.ag,player_assists,Under,Jade Melbourne,3.5,120,2026-05-17T19:38:10Z,Indiana Fever,Seattle Storm
2026-05-17T19:39:19.821001+00:00,c3252d1d30beda6bdd6d3f599ae44ed6,2026-05-17T22:00:00Z,betonlineag,BetOnline.ag,player_assists,Over,Aliyah Boston,3.5,164,2026-05-17T19:38:10Z,Indiana Fever,Seattle Storm
2026-05-17T19:39:19.821001+00:00,c3252d1d30beda6bdd6d3f599ae44ed6,2026-05-17T22:00:00Z,betonlineag,BetOnline.ag,player_assists,Under,Aliyah Boston,3.5,-217,2026-05-17T19:38:10Z,Indiana Fever,Seattle Storm
2026-05-17T19:39:19.821001+00:00,c3252d1d30beda6bdd6d3f599ae44ed6,2026-05-17T22:00:00Z,betonlineag,BetOnline.ag,player_points,Over,Caitlin Clark,20.5,-130,2026-05-17T19:38:10Z,Indiana Fever,Seattle Storm
2026-05-17T19:39:19.821001+00:00,c3252d1d30beda6bdd6d3f599ae44ed6,2026-05-17T22:00:00Z,betonlineag,BetOnline.ag,player_points,Under,Caitlin Clark,20.5,101,2026-05-17T19:38:10Z,Indiana Fever,Seattle Storm
2026-05-17T19:39:19.821001+00:00,c3252d1d30beda6bdd6d3f599ae44ed6,2026-05-17T22:00:00Z,betonlineag,BetOnline.ag,player_points,Over,Kelsey Mitchell,21.5,-125,2026-05-17T19:38:10Z,Indiana Fever,Seattle Storm
2026-05-17T19:39:19.821001+00:00,c3252d1d30beda6bdd6d3f599ae44ed6,2026-05-17T22:00:00Z,betonlineag,BetOnline.ag,player_points,Under,Kelsey Mitchell,21.5,-103,2026-05-17T19:38:10Z,Indiana Fever,Seattle Storm
2026-05-17T19:39:19.821001+00:00,c3252d1d30beda6bdd6d3f599ae44ed6,2026-05-17T22:00:00Z,betonlineag,BetOnline.ag,player_points,Over,Natisha Hiedeman,10.5,-103,2026-05-17T19:38:10Z,Indiana Fever,Seattle Storm
2026-05-17T19:39:19.821001+00:00,c3252d1d30beda6bdd6d3f599ae44ed6,2026-05-17T22:00:00Z,betonlineag,BetOnline.ag,player_points,Under,Natisha Hiedeman,10.5,-125,2026-05-17T19:38:10Z,Indiana Fever,Seattle Storm
2026-05-17T19:39:19.821001+00:00,c3252d1d30beda6bdd6d3f599ae44ed6,2026-05-17T22:00:00Z,betonlineag,BetOnline.ag,player_points,Over,Flau'jae Johnson,15.5,-114,2026-05-17T19:38:10Z,Indiana Fever,Seattle Storm
2026-05-17T19:39:19.821001+00:00,c3252d1d30beda6bdd6d3f599ae44ed6,2026-05-17T22:00:00Z,betonlineag,BetOnline.ag,player_points,Under,Flau'jae Johnson,15.5,-114,2026-05-17T19:38:10Z,Indiana Fever,Seattle Storm
2026-05-17T19:39:19.821001+00:00,c3252d1d30beda6bdd6d3f599ae44ed6,2026-05-17T22:00:00Z,betonlineag,BetOnline.ag,player_points,Over,Sophie Cunningham,8.5,100,2026-05-17T19:38:10Z,Indiana Fever,Seattle Storm
2026-05-17T19:39:19.821001+00:00,c3252d1d30beda6bdd6d3f599ae44ed6,2026-05-17T22:00:00Z,betonlineag,BetOnline.ag,player_points,Under,Sophie Cunningham,8.5,-130,2026-05-17T19:38:10Z,Indiana Fever,Seattle Storm
2026-05-17T19:39:19.821001+00:00,c3252d1d30beda6bdd6d3f599ae44ed6,2026-05-17T22:00:00Z,betonlineag,BetOnline.ag,player_points,Over,Stefanie Dolson,8.5,-127,2026-05-17T19:38:10Z,Indiana Fever,Seattle Storm
2026-05-17T19:39:19.821001+00:00,c3252d1d30beda6bdd6d3f599ae44ed6,2026-05-17T22:00:00Z,betonlineag,BetOnline.ag,player_points,Under,Stefanie Dolson,8.5,-102,2026-05-17T19:38:10Z,Indiana Fever,Seattle Storm
2026-05-17T19:39:19.821001+00:00,c3252d1d30beda6bdd6d3f599ae44ed6,2026-05-17T22:00:00Z,betonlineag,BetOnline.ag,player_points,Over,Monique Billings,9.5,100,2026-05-17T19:38:10Z,Indiana Fever,Seattle Storm
2026-05-17T19:39:19.821001+00:00,c3252d1d30beda6bdd6d3f599ae44ed6,2026-05-17T22:00:00Z,betonlineag,BetOnline.ag,player_points,Under,Monique Billings,9.5,-130,2026-05-17T19:38:10Z,Indiana Fever,Seattle Storm
2026-05-17T19:39:19.821001+00:00,c3252d1d30beda6bdd6d3f599ae44ed6,2026-05-17T22:00:00Z,betonlineag,BetOnline.ag,player_points,Over,Jade Melbourne,9.5,-103,2026-05-17T19:38:10Z,Indiana Fever,Seattle Storm
2026-05-17T19:39:19.821001+00:00,c3252d1d30beda6bdd6d3f599ae44ed6,2026-05-17T22:00:00Z,betonlineag,BetOnline.ag,player_points,Under,Jade Melbourne,9.5,-125,2026-05-17T19:38:10Z,Indiana Fever,Seattle Storm
2026-05-17T19:39:19.821001+00:00,c3252d1d30beda6bdd6d3f599ae44ed6,2026-05-17T22:00:00Z,betonlineag,BetOnline.ag,player_points,Over,Aliyah Boston,13.5,-114,2026-05-17T19:38:10Z,Indiana Fever,Seattle Storm
2026-05-17T19:39:19.821001+00:00,c3252d1d30beda6bdd6d3f599ae44ed6,2026-05-17T22:00:00Z,betonlineag,BetOnline.ag,player_points,Under,Aliyah Boston,13.5,-114,2026-05-17T19:38:10Z,Indiana Fever,Seattle Storm
2026-05-17T19:39:19.821001+00:00,c3252d1d30beda6bdd6d3f599ae44ed6,2026-05-17T22:00:00Z,betonlineag,BetOnline.ag,player_points_rebounds_assists,Over,Caitlin Clark,34.5,-111,2026-05-17T19:38:10Z,Indiana Fever,Seattle Storm
2026-05-17T19:39:19.821001+00:00,c3252d1d30beda6bdd6d3f599ae44ed6,2026-05-17T22:00:00Z,betonlineag,BetOnline.ag,player_points_rebounds_assists,Under,Caitlin Clark,34.5,-116,2026-05-17T19:38:10Z,Indiana Fever,Seattle Storm
2026-05-17T19:39:19.821001+00:00,c3252d1d30beda6bdd6d3f599ae44ed6,2026-05-17T22:00:00Z,betonlineag,BetOnline.ag,player_points_rebounds_assists,Over,Aliyah Boston,24.5,-120,2026-05-17T19:38:10Z,Indiana Fever,Seattle Storm
2026-05-17T19:39:19.821001+00:00,c3252d1d30beda6bdd6d3f599ae44ed6,2026-05-17T22:00:00Z,betonlineag,BetOnline.ag,player_points_rebounds_assists,Under,Aliyah Boston,24.5,-108,2026-05-17T19:38:10Z,Indiana Fever,Seattle Storm
2026-05-17T19:39:19.821001+00:00,c3252d1d30beda6bdd6d3f599ae44ed6,2026-05-17T22:00:00Z,betonlineag,BetOnline.ag,player_points_rebounds_assists,Over,Natisha Hiedeman,16.5,-125,2026-05-17T19:38:10Z,Indiana Fever,Seattle Storm
2026-05-17T19:39:19.821001+00:00,c3252d1d30beda6bdd6d3f599ae44ed6,2026-05-17T22:00:00Z,betonlineag,BetOnline.ag,player_points_rebounds_assists,Under,Natisha Hiedeman,16.5,-103,2026-05-17T19:38:10Z,Indiana Fever,Seattle Storm
2026-05-17T19:39:19.821001+00:00,c3252d1d30beda6bdd6d3f599ae44ed6,2026-05-17T22:00:00Z,betonlineag,BetOnline.ag,player_rebounds,Over,Caitlin Clark,5.5,120,2026-05-17T19:38:10Z,Indiana Fever,Seattle Storm
2026-05-17T19:39:19.821001+00:00,c3252d1d30beda6bdd6d3f599ae44ed6,2026-05-17T22:00:00Z,betonlineag,BetOnline.ag,player_rebounds,Under,Caitlin Clark,5.5,-156,2026-05-17T19:38:10Z,Indiana Fever,Seattle Storm
2026-05-17T19:39:19.821001+00:00,c3252d1d30beda6bdd6d3f599ae44ed6,2026-05-17T22:00:00Z,betonlineag,BetOnline.ag,player_rebounds,Over,Flau'jae Johnson,4.5,103,2026-05-17T19:38:10Z,Indiana Fever,Seattle Storm
2026-05-17T19:39:19.821001+00:00,c3252d1d30beda6bdd6d3f599ae44ed6,2026-05-17T22:00:00Z,betonlineag,BetOnline.ag,player_rebounds,Under,Flau'jae Johnson,4.5,-133,2026-05-17T19:38:10Z,Indiana Fever,Seattle Storm
2026-05-17T19:39:19.821001+00:00,c3252d1d30beda6bdd6d3f599ae44ed6,2026-05-17T22:00:00Z,betonlineag,BetOnline.ag,player_rebounds,Over,Aliyah Boston,7.5,-110,2026-05-17T19:38:10Z,Indiana Fever,Seattle Storm
2026-05-17T19:39:19.821001+00:00,c3252d1d30beda6bdd6d3f599ae44ed6,2026-05-17T22:00:00Z,betonlineag,BetOnline.ag,player_rebounds,Under,Aliyah Boston,7.5,-118,2026-05-17T19:38:10Z,Indiana Fever,Seattle Storm
2026-05-17T19:39:19.821001+00:00,c3252d1d30beda6bdd6d3f599ae44ed6,2026-05-17T22:00:00Z,betonlineag,BetOnline.ag,player_rebounds,Over,Sophie Cunningham,3.5,-110,2026-05-17T19:38:10Z,Indiana Fever,Seattle Storm
2026-05-17T19:39:19.821001+00:00,c3252d1d30beda6bdd6d3f599ae44ed6,2026-05-17T22:00:00Z,betonlineag,BetOnline.ag,player_rebounds,Under,Sophie Cunningham,3.5,-118,2026-05-17T19:38:10Z,Indiana Fever,Seattle Storm
2026-05-17T19:39:19.821001+00:00,c3252d1d30beda6bdd6d3f599ae44ed6,2026-05-17T22:00:00Z,betonlineag,BetOnline.ag,player_rebounds,Over,Natisha Hiedeman,2.5,-118,2026-05-17T19:38:10Z,Indiana Fever,Seattle Storm
2026-05-17T19:39:19.821001+00:00,c3252d1d30beda6bdd6d3f599ae44ed6,2026-05-17T22:00:00Z,betonlineag,BetOnline.ag,player_rebounds,Under,Natisha Hiedeman,2.5,-110,2026-05-17T19:38:10Z,Indiana Fever,Seattle Storm
2026-05-17T19:39:19.821001+00:00,c3252d1d30beda6bdd6d3f599ae44ed6,2026-05-17T22:00:00Z,betonlineag,BetOnline.ag,player_rebounds,Over,Stefanie Dolson,4.5,-152,2026-05-17T19:38:10Z,Indiana Fever,Seattle Storm
2026-05-17T19:39:19.821001+00:00,c3252d1d30beda6bdd6d3f599ae44ed6,2026-05-17T22:00:00Z,betonlineag,BetOnline.ag,player_rebounds,Under,Stefanie Dolson,4.5,116,2026-05-17T19:38:10Z,Indiana Fever,Seattle Storm
2026-05-17T19:39:19.821001+00:00,c3252d1d30beda6bdd6d3f599ae44ed6,2026-05-17T22:00:00Z,betonlineag,BetOnline.ag,player_rebounds,Over,Monique Billings,7.5,-105,2026-05-17T19:38:10Z,Indiana Fever,Seattle Storm
2026-05-17T19:39:19.821001+00:00,c3252d1d30beda6bdd6d3f599ae44ed6,2026-05-17T22:00:00Z,betonlineag,BetOnline.ag,player_rebounds,Under,Monique Billings,7.5,-123,2026-05-17T19:38:10Z,Indiana Fever,Seattle Storm
2026-05-17T19:39:19.821001+00:00,c3252d1d30beda6bdd6d3f599ae44ed6,2026-05-17T22:00:00Z,betonlineag,BetOnline.ag,player_threes,Over,Kelsey Mitchell,2.5,-130,2026-05-17T19:38:10Z,Indiana Fever,Seattle Storm
2026-05-17T19:39:19.821001+00:00,c3252d1d30beda6bdd6d3f599ae44ed6,2026-05-17T22:00:00Z,betonlineag,BetOnline.ag,player_threes,Under,Kelsey Mitchell,2.5,100,2026-05-17T19:38:10Z,Indiana Fever,Seattle Storm
2026-05-17T19:39:19.821001+00:00,c3252d1d30beda6bdd6d3f599ae44ed6,2026-05-17T22:00:00Z,betonlineag,BetOnline.ag,player_threes,Over,Caitlin Clark,2.5,-145,2026-05-17T19:38:10Z,Indiana Fever,Seattle Storm
2026-05-17T19:39:19.821001+00:00,c3252d1d30beda6bdd6d3f599ae44ed6,2026-05-17T22:00:00Z,betonlineag,BetOnline.ag,player_threes,Under,Caitlin Clark,2.5,111,2026-05-17T19:38:10Z,Indiana Fever,Seattle Storm
2026-05-17T19:39:19.821001+00:00,c3252d1d30beda6bdd6d3f599ae44ed6,2026-05-17T22:00:00Z,betonlineag,BetOnline.ag,player_threes,Over,Natisha Hiedeman,1.5,161,2026-05-17T19:38:10Z,Indiana Fever,Seattle Storm
2026-05-17T19:39:19.821001+00:00,c3252d1d30beda6bdd6d3f599ae44ed6,2026-05-17T22:00:00Z,betonlineag,BetOnline.ag,player_threes,Under,Natisha Hiedeman,1.5,-213,2026-05-17T19:38:10Z,Indiana Fever,Seattle Storm
2026-05-17T19:39:19.821001+00:00,c3252d1d30beda6bdd6d3f599ae44ed6,2026-05-17T22:00:00Z,betonlineag,BetOnline.ag,player_threes,Over,Flau'jae Johnson,1.5,128,2026-05-17T19:38:10Z,Indiana Fever,Seattle Storm
2026-05-17T19:39:19.821001+00:00,c3252d1d30beda6bdd6d3f599ae44ed6,2026-05-17T22:00:00Z,betonlineag,BetOnline.ag,player_threes,Under,Flau'jae Johnson,1.5,-167,2026-05-17T19:38:10Z,Indiana Fever,Seattle Storm
2026-05-17T19:39:19.821001+00:00,c3252d1d30beda6bdd6d3f599ae44ed6,2026-05-17T22:00:00Z,betonlineag,BetOnline.ag,player_threes,Over,Sophie Cunningham,1.5,136,2026-05-17T19:38:10Z,Indiana Fever,Seattle Storm
2026-05-17T19:39:19.821001+00:00,c3252d1d30beda6bdd6d3f599ae44ed6,2026-05-17T22:00:00Z,betonlineag,BetOnline.ag,player_threes,Under,Sophie Cunningham,1.5,-179,2026-05-17T19:38:10Z,Indiana Fever,Seattle Storm
2026-05-17T19:39:19.821001+00:00,c3252d1d30beda6bdd6d3f599ae44ed6,2026-05-17T22:00:00Z,betonlineag,BetOnline.ag,player_threes,Over,Stefanie Dolson,1.5,140,2026-05-17T19:38:10Z,Indiana Fever,Seattle Storm
2026-05-17T19:39:19.821001+00:00,c3252d1d30beda6bdd6d3f599ae44ed6,2026-05-17T22:00:00Z,betonlineag,BetOnline.ag,player_threes,Under,Stefanie Dolson,1.5,-185,2026-05-17T19:38:10Z,Indiana Fever,Seattle Storm
2026-05-17T19:39:19.821001+00:00,49270c3572f53e9f3fc477a5d52a6a44,2026-05-17T23:00:00Z,fanduel,FanDuel,player_assists,Over,Courtney Williams,4.5,102,2026-05-17T19:39:01Z,Minnesota Lynx,Chicago Sky
2026-05-17T19:39:19.821001+00:00,49270c3572f53e9f3fc477a5d52a6a44,2026-05-17T23:00:00Z,fanduel,FanDuel,player_assists,Under,Courtney Williams,4.5,-136,2026-05-17T19:39:01Z,Minnesota Lynx,Chicago Sky
2026-05-17T19:39:19.821001+00:00,49270c3572f53e9f3fc477a5d52a6a44,2026-05-17T23:00:00Z,fanduel,FanDuel,player_assists,Over,Olivia Miles,6.5,-118,2026-05-17T19:39:01Z,Minnesota Lynx,Chicago Sky
2026-05-17T19:39:19.821001+00:00,49270c3572f53e9f3fc477a5d52a6a44,2026-05-17T23:00:00Z,fanduel,FanDuel,player_assists,Under,Olivia Miles,6.5,-112,2026-05-17T19:39:01Z,Minnesota Lynx,Chicago Sky
2026-05-17T19:39:19.821001+00:00,49270c3572f53e9f3fc477a5d52a6a44,2026-05-17T23:00:00Z,fanduel,FanDuel,player_assists,Over,Skylar Diggins-Smith,6.5,116,2026-05-17T19:39:01Z,Minnesota Lynx,Chicago Sky
2026-05-17T19:39:19.821001+00:00,49270c3572f53e9f3fc477a5d52a6a44,2026-05-17T23:00:00Z,fanduel,FanDuel,player_assists,Under,Skylar Diggins-Smith,6.5,-154,2026-05-17T19:39:01Z,Minnesota Lynx,Chicago Sky
2026-05-17T19:39:19.821001+00:00,49270c3572f53e9f3fc477a5d52a6a44,2026-05-17T23:00:00Z,fanduel,FanDuel,player_double_double,Yes,Kamilla Cardoso,,110,2026-05-17T19:39:01Z,Minnesota Lynx,Chicago Sky
2026-05-17T19:39:19.821001+00:00,49270c3572f53e9f3fc477a5d52a6a44,2026-05-17T23:00:00Z,fanduel,FanDuel,player_double_double,Yes,Natasha Howard,,320,2026-05-17T19:39:01Z,Minnesota Lynx,Chicago Sky
2026-05-17T19:39:19.821001+00:00,49270c3572f53e9f3fc477a5d52a6a44,2026-05-17T23:00:00Z,fanduel,FanDuel,player_double_double,Yes,Olivia Miles,,440,2026-05-17T19:39:01Z,Minnesota Lynx,Chicago Sky
2026-05-17T19:39:19.821001+00:00,49270c3572f53e9f3fc477a5d52a6a44,2026-05-17T23:00:00Z,fanduel,FanDuel,player_double_double,Yes,Skylar Diggins-Smith,,700,2026-05-17T19:39:01Z,Minnesota Lynx,Chicago Sky
2026-05-17T19:39:19.821001+00:00,49270c3572f53e9f3fc477a5d52a6a44,2026-05-17T23:00:00Z,fanduel,FanDuel,player_double_double,Yes,Nia Coffey,,800,2026-05-17T19:39:01Z,Minnesota Lynx,Chicago Sky
2026-05-17T19:39:19.821001+00:00,49270c3572f53e9f3fc477a5d52a6a44,2026-05-17T23:00:00Z,fanduel,FanDuel,player_double_double,Yes,Courtney Williams,,1200,2026-05-17T19:39:01Z,Minnesota Lynx,Chicago Sky
2026-05-17T19:39:19.821001+00:00,49270c3572f53e9f3fc477a5d52a6a44,2026-05-17T23:00:00Z,fanduel,FanDuel,player_double_double,Yes,Rickea Jackson,,1600,2026-05-17T19:39:01Z,Minnesota Lynx,Chicago Sky
2026-05-17T19:39:19.821001+00:00,49270c3572f53e9f3fc477a5d52a6a44,2026-05-17T23:00:00Z,fanduel,FanDuel,player_points,Over,Nia Coffey,8.5,-122,2026-05-17T19:39:01Z,Minnesota Lynx,Chicago Sky
2026-05-17T19:39:19.821001+00:00,49270c3572f53e9f3fc477a5d52a6a44,2026-05-17T23:00:00Z,fanduel,FanDuel,player_points,Under,Nia Coffey,8.5,-106,2026-05-17T19:39:01Z,Minnesota Lynx,Chicago Sky
2026-05-17T19:39:19.821001+00:00,49270c3572f53e9f3fc477a5d52a6a44,2026-05-17T23:00:00Z,fanduel,FanDuel,player_points,Over,Kamilla Cardoso,13.5,-102,2026-05-17T19:39:01Z,Minnesota Lynx,Chicago Sky
2026-05-17T19:39:19.821001+00:00,49270c3572f53e9f3fc477a5d52a6a44,2026-05-17T23:00:00Z,fanduel,FanDuel,player_points,Under,Kamilla Cardoso,13.5,-128,2026-05-17T19:39:01Z,Minnesota Lynx,Chicago Sky
2026-05-17T19:39:19.821001+00:00,49270c3572f53e9f3fc477a5d52a6a44,2026-05-17T23:00:00Z,fanduel,FanDuel,player_points,Over,Courtney Williams,15.5,-102,2026-05-17T19:39:01Z,Minnesota Lynx,Chicago Sky
2026-05-17T19:39:19.821001+00:00,49270c3572f53e9f3fc477a5d52a6a44,2026-05-17T23:00:00Z,fanduel,FanDuel,player_points,Under,Courtney Williams,15.5,-128,2026-05-17T19:39:01Z,Minnesota Lynx,Chicago Sky
2026-05-17T19:39:19.821001+00:00,49270c3572f53e9f3fc477a5d52a6a44,2026-05-17T23:00:00Z,fanduel,FanDuel,player_points,Over,Natasha Howard,14.5,-113,2026-05-17T19:39:01Z,Minnesota Lynx,Chicago Sky
2026-05-17T19:39:19.821001+00:00,49270c3572f53e9f3fc477a5d52a6a44,2026-05-17T23:00:00Z,fanduel,FanDuel,player_points,Under,Natasha Howard,14.5,-115,2026-05-17T19:39:01Z,Minnesota Lynx,Chicago Sky
2026-05-17T19:39:19.821001+00:00,49270c3572f53e9f3fc477a5d52a6a44,2026-05-17T23:00:00Z,fanduel,FanDuel,player_points,Over,Rickea Jackson,17.5,-128,2026-05-17T19:39:01Z,Minnesota Lynx,Chicago Sky
2026-05-17T19:39:19.821001+00:00,49270c3572f53e9f3fc477a5d52a6a44,2026-05-17T23:00:00Z,fanduel,FanDuel,player_points,Under,Rickea Jackson,17.5,-102,2026-05-17T19:39:01Z,Minnesota Lynx,Chicago Sky
2026-05-17T19:39:19.821001+00:00,49270c3572f53e9f3fc477a5d52a6a44,2026-05-17T23:00:00Z,fanduel,FanDuel,player_points,Over,Kayla McBride,15.5,-110,2026-05-17T19:39:01Z,Minnesota Lynx,Chicago Sky
2026-05-17T19:39:19.821001+00:00,49270c3572f53e9f3fc477a5d52a6a44,2026-05-17T23:00:00Z,fanduel,FanDuel,player_points,Under,Kayla McBride,15.5,-118,2026-05-17T19:39:01Z,Minnesota Lynx,Chicago Sky
2026-05-17T19:39:19.821001+00:00,49270c3572f53e9f3fc477a5d52a6a44,2026-05-17T23:00:00Z,fanduel,FanDuel,player_points,Over,Olivia Miles,15.5,-122,2026-05-17T19:39:01Z,Minnesota Lynx,Chicago Sky
2026-05-17T19:39:19.821001+00:00,49270c3572f53e9f3fc477a5d52a6a44,2026-05-17T23:00:00Z,fanduel,FanDuel,player_points,Under,Olivia Miles,15.5,-106,2026-05-17T19:39:01Z,Minnesota Lynx,Chicago Sky
2026-05-17T19:39:19.821001+00:00,49270c3572f53e9f3fc477a5d52a6a44,2026-05-17T23:00:00Z,fanduel,FanDuel,player_points,Over,Skylar Diggins-Smith,15.5,-128,2026-05-17T19:39:01Z,Minnesota Lynx,Chicago Sky
2026-05-17T19:39:19.821001+00:00,49270c3572f53e9f3fc477a5d52a6a44,2026-05-17T23:00:00Z,fanduel,FanDuel,player_points,Under,Skylar Diggins-Smith,15.5,-102,2026-05-17T19:39:01Z,Minnesota Lynx,Chicago Sky
2026-05-17T19:39:19.821001+00:00,49270c3572f53e9f3fc477a5d52a6a44,2026-05-17T23:00:00Z,fanduel,FanDuel,player_points_assists,Over,Courtney Williams,19.5,-118,2026-05-17T19:39:01Z,Minnesota Lynx,Chicago Sky
2026-05-17T19:39:19.821001+00:00,49270c3572f53e9f3fc477a5d52a6a44,2026-05-17T23:00:00Z,fanduel,FanDuel,player_points_assists,Under,Courtney Williams,19.5,-112,2026-05-17T19:39:01Z,Minnesota Lynx,Chicago Sky
2026-05-17T19:39:19.821001+00:00,49270c3572f53e9f3fc477a5d52a6a44,2026-05-17T23:00:00Z,fanduel,FanDuel,player_points_assists,Over,Olivia Miles,22.5,-118,2026-05-17T19:39:01Z,Minnesota Lynx,Chicago Sky
2026-05-17T19:39:19.821001+00:00,49270c3572f53e9f3fc477a5d52a6a44,2026-05-17T23:00:00Z,fanduel,FanDuel,player_points_assists,Under,Olivia Miles,22.5,-112,2026-05-17T19:39:01Z,Minnesota Lynx,Chicago Sky
2026-05-17T19:39:19.821001+00:00,49270c3572f53e9f3fc477a5d52a6a44,2026-05-17T23:00:00Z,fanduel,FanDuel,player_points_assists,Over,Skylar Diggins-Smith,22.5,-108,2026-05-17T19:39:01Z,Minnesota Lynx,Chicago Sky
2026-05-17T19:39:19.821001+00:00,49270c3572f53e9f3fc477a5d52a6a44,2026-05-17T23:00:00Z,fanduel,FanDuel,player_points_assists,Under,Skylar Diggins-Smith,22.5,-122,2026-05-17T19:39:01Z,Minnesota Lynx,Chicago Sky
2026-05-17T19:39:19.821001+00:00,49270c3572f53e9f3fc477a5d52a6a44,2026-05-17T23:00:00Z,fanduel,FanDuel,player_points_rebounds,Over,Kamilla Cardoso,22.5,-125,2026-05-17T19:39:01Z,Minnesota Lynx,Chicago Sky
2026-05-17T19:39:19.821001+00:00,49270c3572f53e9f3fc477a5d52a6a44,2026-05-17T23:00:00Z,fanduel,FanDuel,player_points_rebounds,Under,Kamilla Cardoso,22.5,-106,2026-05-17T19:39:01Z,Minnesota Lynx,Chicago Sky
2026-05-17T19:39:19.821001+00:00,49270c3572f53e9f3fc477a5d52a6a44,2026-05-17T23:00:00Z,fanduel,FanDuel,player_points_rebounds,Over,Courtney Williams,20.5,-106,2026-05-17T19:39:01Z,Minnesota Lynx,Chicago Sky
2026-05-17T19:39:19.821001+00:00,49270c3572f53e9f3fc477a5d52a6a44,2026-05-17T23:00:00Z,fanduel,FanDuel,player_points_rebounds,Under,Courtney Williams,20.5,-122,2026-05-17T19:39:01Z,Minnesota Lynx,Chicago Sky
2026-05-17T19:39:19.821001+00:00,49270c3572f53e9f3fc477a5d52a6a44,2026-05-17T23:00:00Z,fanduel,FanDuel,player_points_rebounds,Over,Natasha Howard,21.5,-125,2026-05-17T19:39:01Z,Minnesota Lynx,Chicago Sky
2026-05-17T19:39:19.821001+00:00,49270c3572f53e9f3fc477a5d52a6a44,2026-05-17T23:00:00Z,fanduel,FanDuel,player_points_rebounds,Under,Natasha Howard,21.5,-106,2026-05-17T19:39:01Z,Minnesota Lynx,Chicago Sky
2026-05-17T19:39:19.821001+00:00,49270c3572f53e9f3fc477a5d52a6a44,2026-05-17T23:00:00Z,fanduel,FanDuel,player_points_rebounds,Over,Olivia Miles,20.5,-114,2026-05-17T19:39:01Z,Minnesota Lynx,Chicago Sky
2026-05-17T19:39:19.821001+00:00,49270c3572f53e9f3fc477a5d52a6a44,2026-05-17T23:00:00Z,fanduel,FanDuel,player_points_rebounds,Under,Olivia Miles,20.5,-114,2026-05-17T19:39:01Z,Minnesota Lynx,Chicago Sky
2026-05-17T19:39:19.821001+00:00,49270c3572f53e9f3fc477a5d52a6a44,2026-05-17T23:00:00Z,fanduel,FanDuel,player_points_rebounds,Over,Rickea Jackson,23.5,-106,2026-05-17T19:39:01Z,Minnesota Lynx,Chicago Sky
2026-05-17T19:39:19.821001+00:00,49270c3572f53e9f3fc477a5d52a6a44,2026-05-17T23:00:00Z,fanduel,FanDuel,player_points_rebounds,Under,Rickea Jackson,23.5,-125,2026-05-17T19:39:01Z,Minnesota Lynx,Chicago Sky
2026-05-17T19:39:19.821001+00:00,49270c3572f53e9f3fc477a5d52a6a44,2026-05-17T23:00:00Z,fanduel,FanDuel,player_points_rebounds_assists,Over,Courtney Williams,24.5,-125,2026-05-17T19:39:01Z,Minnesota Lynx,Chicago Sky
2026-05-17T19:39:19.821001+00:00,49270c3572f53e9f3fc477a5d52a6a44,2026-05-17T23:00:00Z,fanduel,FanDuel,player_points_rebounds_assists,Under,Courtney Williams,24.5,-106,2026-05-17T19:39:01Z,Minnesota Lynx,Chicago Sky
2026-05-17T19:39:19.821001+00:00,49270c3572f53e9f3fc477a5d52a6a44,2026-05-17T23:00:00Z,fanduel,FanDuel,player_points_rebounds_assists,Over,Olivia Miles,27.5,-110,2026-05-17T19:39:01Z,Minnesota Lynx,Chicago Sky
2026-05-17T19:39:19.821001+00:00,49270c3572f53e9f3fc477a5d52a6a44,2026-05-17T23:00:00Z,fanduel,FanDuel,player_points_rebounds_assists,Under,Olivia Miles,27.5,-120,2026-05-17T19:39:01Z,Minnesota Lynx,Chicago Sky
2026-05-17T19:39:19.821001+00:00,49270c3572f53e9f3fc477a5d52a6a44,2026-05-17T23:00:00Z,fanduel,FanDuel,player_points_rebounds_assists,Over,Skylar Diggins-Smith,25.5,-106,2026-05-17T19:39:01Z,Minnesota Lynx,Chicago Sky
2026-05-17T19:39:19.821001+00:00,49270c3572f53e9f3fc477a5d52a6a44,2026-05-17T23:00:00Z,fanduel,FanDuel,player_points_rebounds_assists,Under,Skylar Diggins-Smith,25.5,-125,2026-05-17T19:39:01Z,Minnesota Lynx,Chicago Sky
2026-05-17T19:39:19.821001+00:00,49270c3572f53e9f3fc477a5d52a6a44,2026-05-17T23:00:00Z,fanduel,FanDuel,player_rebounds,Over,Courtney Williams,4.5,-162,2026-05-17T19:39:01Z,Minnesota Lynx,Chicago Sky
2026-05-17T19:39:19.821001+00:00,49270c3572f53e9f3fc477a5d52a6a44,2026-05-17T23:00:00Z,fanduel,FanDuel,player_rebounds,Under,Courtney Williams,4.5,122,2026-05-17T19:39:01Z,Minnesota Lynx,Chicago Sky
2026-05-17T19:39:19.821001+00:00,49270c3572f53e9f3fc477a5d52a6a44,2026-05-17T23:00:00Z,fanduel,FanDuel,player_rebounds,Over,Kamilla Cardoso,9.5,-130,2026-05-17T19:39:01Z,Minnesota Lynx,Chicago Sky
2026-05-17T19:39:19.821001+00:00,49270c3572f53e9f3fc477a5d52a6a44,2026-05-17T23:00:00Z,fanduel,FanDuel,player_rebounds,Under,Kamilla Cardoso,9.5,-102,2026-05-17T19:39:01Z,Minnesota Lynx,Chicago Sky
2026-05-17T19:39:19.821001+00:00,49270c3572f53e9f3fc477a5d52a6a44,2026-05-17T23:00:00Z,fanduel,FanDuel,player_rebounds,Over,Natasha Howard,7.5,120,2026-05-17T19:39:01Z,Minnesota Lynx,Chicago Sky
2026-05-17T19:39:19.821001+00:00,49270c3572f53e9f3fc477a5d52a6a44,2026-05-17T23:00:00Z,fanduel,FanDuel,player_rebounds,Under,Natasha Howard,7.5,-160,2026-05-17T19:39:01Z,Minnesota Lynx,Chicago Sky
2026-05-17T19:39:19.821001+00:00,49270c3572f53e9f3fc477a5d52a6a44,2026-05-17T23:00:00Z,fanduel,FanDuel,player_rebounds,Over,Nia Coffey,6.5,-102,2026-05-17T19:39:01Z,Minnesota Lynx,Chicago Sky
2026-05-17T19:39:19.821001+00:00,49270c3572f53e9f3fc477a5d52a6a44,2026-05-17T23:00:00Z,fanduel,FanDuel,player_rebounds,Under,Nia Coffey,6.5,-130,2026-05-17T19:39:01Z,Minnesota Lynx,Chicago Sky
2026-05-17T19:39:19.821001+00:00,49270c3572f53e9f3fc477a5d52a6a44,2026-05-17T23:00:00Z,fanduel,FanDuel,player_rebounds,Over,Olivia Miles,4.5,-114,2026-05-17T19:39:01Z,Minnesota Lynx,Chicago Sky
2026-05-17T19:39:19.821001+00:00,49270c3572f53e9f3fc477a5d52a6a44,2026-05-17T23:00:00Z,fanduel,FanDuel,player_rebounds,Under,Olivia Miles,4.5,-114,2026-05-17T19:39:01Z,Minnesota Lynx,Chicago Sky
2026-05-17T19:39:19.821001+00:00,49270c3572f53e9f3fc477a5d52a6a44,2026-05-17T23:00:00Z,fanduel,FanDuel,player_rebounds,Over,Rickea Jackson,5.5,128,2026-05-17T19:39:01Z,Minnesota Lynx,Chicago Sky
2026-05-17T19:39:19.821001+00:00,49270c3572f53e9f3fc477a5d52a6a44,2026-05-17T23:00:00Z,fanduel,FanDuel,player_rebounds,Under,Rickea Jackson,5.5,-172,2026-05-17T19:39:01Z,Minnesota Lynx,Chicago Sky
2026-05-17T19:39:19.821001+00:00,49270c3572f53e9f3fc477a5d52a6a44,2026-05-17T23:00:00Z,fanduel,FanDuel,player_rebounds,Over,Skylar Diggins-Smith,2.5,-148,2026-05-17T19:39:01Z,Minnesota Lynx,Chicago Sky
2026-05-17T19:39:19.821001+00:00,49270c3572f53e9f3fc477a5d52a6a44,2026-05-17T23:00:00Z,fanduel,FanDuel,player_rebounds,Under,Skylar Diggins-Smith,2.5,112,2026-05-17T19:39:01Z,Minnesota Lynx,Chicago Sky
2026-05-17T19:39:19.821001+00:00,49270c3572f53e9f3fc477a5d52a6a44,2026-05-17T23:00:00Z,fanduel,FanDuel,player_rebounds_assists,Over,Courtney Williams,9.5,-110,2026-05-17T19:39:01Z,Minnesota Lynx,Chicago Sky
2026-05-17T19:39:19.821001+00:00,49270c3572f53e9f3fc477a5d52a6a44,2026-05-17T23:00:00Z,fanduel,FanDuel,player_rebounds_assists,Under,Courtney Williams,9.5,-120,2026-05-17T19:39:01Z,Minnesota Lynx,Chicago Sky
2026-05-17T19:39:19.821001+00:00,49270c3572f53e9f3fc477a5d52a6a44,2026-05-17T23:00:00Z,fanduel,FanDuel,player_rebounds_assists,Over,Olivia Miles,11.5,-102,2026-05-17T19:39:01Z,Minnesota Lynx,Chicago Sky
2026-05-17T19:39:19.821001+00:00,49270c3572f53e9f3fc477a5d52a6a44,2026-05-17T23:00:00Z,fanduel,FanDuel,player_rebounds_assists,Under,Olivia Miles,11.5,-130,2026-05-17T19:39:01Z,Minnesota Lynx,Chicago Sky
2026-05-17T19:39:19.821001+00:00,49270c3572f53e9f3fc477a5d52a6a44,2026-05-17T23:00:00Z,fanduel,FanDuel,player_threes,Over,Courtney Williams,1.5,128,2026-05-17T19:39:01Z,Minnesota Lynx,Chicago Sky
2026-05-17T19:39:19.821001+00:00,49270c3572f53e9f3fc477a5d52a6a44,2026-05-17T23:00:00Z,fanduel,FanDuel,player_threes,Under,Courtney Williams,1.5,-172,2026-05-17T19:39:01Z,Minnesota Lynx,Chicago Sky
2026-05-17T19:39:19.821001+00:00,49270c3572f53e9f3fc477a5d52a6a44,2026-05-17T23:00:00Z,fanduel,FanDuel,player_threes,Over,Rickea Jackson,1.5,-160,2026-05-17T19:39:01Z,Minnesota Lynx,Chicago Sky
2026-05-17T19:39:19.821001+00:00,49270c3572f53e9f3fc477a5d52a6a44,2026-05-17T23:00:00Z,fanduel,FanDuel,player_threes,Under,Rickea Jackson,1.5,120,2026-05-17T19:39:01Z,Minnesota Lynx,Chicago Sky
2026-05-17T19:39:19.821001+00:00,49270c3572f53e9f3fc477a5d52a6a44,2026-05-17T23:00:00Z,fanduel,FanDuel,player_threes,Over,Kayla McBride,2.5,130,2026-05-17T19:39:01Z,Minnesota Lynx,Chicago Sky
2026-05-17T19:39:19.821001+00:00,49270c3572f53e9f3fc477a5d52a6a44,2026-05-17T23:00:00Z,fanduel,FanDuel,player_threes,Under,Kayla McBride,2.5,-174,2026-05-17T19:39:01Z,Minnesota Lynx,Chicago Sky
2026-05-17T19:39:19.821001+00:00,49270c3572f53e9f3fc477a5d52a6a44,2026-05-17T23:00:00Z,fanduel,FanDuel,player_threes,Over,Skylar Diggins-Smith,1.5,154,2026-05-17T19:39:01Z,Minnesota Lynx,Chicago Sky
2026-05-17T19:39:19.821001+00:00,49270c3572f53e9f3fc477a5d52a6a44,2026-05-17T23:00:00Z,fanduel,FanDuel,player_threes,Under,Skylar Diggins-Smith,1.5,-210,2026-05-17T19:39:01Z,Minnesota Lynx,Chicago Sky
2026-05-17T19:39:19.821001+00:00,49270c3572f53e9f3fc477a5d52a6a44,2026-05-17T23:00:00Z,draftkings,DraftKings,player_assists,Over,Olivia Miles,6.5,-105,2026-05-17T19:39:07Z,Minnesota Lynx,Chicago Sky
2026-05-17T19:39:19.821001+00:00,49270c3572f53e9f3fc477a5d52a6a44,2026-05-17T23:00:00Z,draftkings,DraftKings,player_assists,Under,Olivia Miles,6.5,-125,2026-05-17T19:39:07Z,Minnesota Lynx,Chicago Sky
2026-05-17T19:39:19.821001+00:00,49270c3572f53e9f3fc477a5d52a6a44,2026-05-17T23:00:00Z,draftkings,DraftKings,player_assists,Over,Skylar Diggins-Smith,5.5,-145,2026-05-17T19:39:07Z,Minnesota Lynx,Chicago Sky
2026-05-17T19:39:19.821001+00:00,49270c3572f53e9f3fc477a5d52a6a44,2026-05-17T23:00:00Z,draftkings,DraftKings,player_assists,Under,Skylar Diggins-Smith,5.5,114,2026-05-17T19:39:07Z,Minnesota Lynx,Chicago Sky
2026-05-17T19:39:19.821001+00:00,49270c3572f53e9f3fc477a5d52a6a44,2026-05-17T23:00:00Z,draftkings,DraftKings,player_assists,Over,Courtney Williams,4.5,100,2026-05-17T19:39:07Z,Minnesota Lynx,Chicago Sky
2026-05-17T19:39:19.821001+00:00,49270c3572f53e9f3fc477a5d52a6a44,2026-05-17T23:00:00Z,draftkings,DraftKings,player_assists,Under,Courtney Williams,4.5,-130,2026-05-17T19:39:07Z,Minnesota Lynx,Chicago Sky
2026-05-17T19:39:19.821001+00:00,49270c3572f53e9f3fc477a5d52a6a44,2026-05-17T23:00:00Z,draftkings,DraftKings,player_double_double,Yes,Kamilla Cardoso,,115,2026-05-17T19:39:07Z,Minnesota Lynx,Chicago Sky
2026-05-17T19:39:19.821001+00:00,49270c3572f53e9f3fc477a5d52a6a44,2026-05-17T23:00:00Z,draftkings,DraftKings,player_double_double,Yes,Natasha Howard,,340,2026-05-17T19:39:07Z,Minnesota Lynx,Chicago Sky
2026-05-17T19:39:19.821001+00:00,49270c3572f53e9f3fc477a5d52a6a44,2026-05-17T23:00:00Z,draftkings,DraftKings,player_double_double,Yes,Olivia Miles,,350,2026-05-17T19:39:07Z,Minnesota Lynx,Chicago Sky
2026-05-17T19:39:19.821001+00:00,49270c3572f53e9f3fc477a5d52a6a44,2026-05-17T23:00:00Z,draftkings,DraftKings,player_double_double,Yes,Skylar Diggins-Smith,,650,2026-05-17T19:39:07Z,Minnesota Lynx,Chicago Sky
2026-05-17T19:39:19.821001+00:00,49270c3572f53e9f3fc477a5d52a6a44,2026-05-17T23:00:00Z,draftkings,DraftKings,player_double_double,Yes,Nia Coffey,,900,2026-05-17T19:39:07Z,Minnesota Lynx,Chicago Sky
2026-05-17T19:39:19.821001+00:00,49270c3572f53e9f3fc477a5d52a6a44,2026-05-17T23:00:00Z,draftkings,DraftKings,player_double_double,Yes,Courtney Williams,,1100,2026-05-17T19:39:07Z,Minnesota Lynx,Chicago Sky
2026-05-17T19:39:19.821001+00:00,49270c3572f53e9f3fc477a5d52a6a44,2026-05-17T23:00:00Z,draftkings,DraftKings,player_double_double,Yes,Rickea Jackson,,1800,2026-05-17T19:39:07Z,Minnesota Lynx,Chicago Sky
2026-05-17T19:39:19.821001+00:00,49270c3572f53e9f3fc477a5d52a6a44,2026-05-17T23:00:00Z,draftkings,DraftKings,player_points,Over,Rickea Jackson,17.5,-130,2026-05-17T19:39:07Z,Minnesota Lynx,Chicago Sky
2026-05-17T19:39:19.821001+00:00,49270c3572f53e9f3fc477a5d52a6a44,2026-05-17T23:00:00Z,draftkings,DraftKings,player_points,Under,Rickea Jackson,17.5,100,2026-05-17T19:39:07Z,Minnesota Lynx,Chicago Sky
2026-05-17T19:39:19.821001+00:00,49270c3572f53e9f3fc477a5d52a6a44,2026-05-17T23:00:00Z,draftkings,DraftKings,player_points,Over,Kayla McBride,15.5,-125,2026-05-17T19:39:07Z,Minnesota Lynx,Chicago Sky
2026-05-17T19:39:19.821001+00:00,49270c3572f53e9f3fc477a5d52a6a44,2026-05-17T23:00:00Z,draftkings,DraftKings,player_points,Under,Kayla McBride,15.5,-105,2026-05-17T19:39:07Z,Minnesota Lynx,Chicago Sky
2026-05-17T19:39:19.821001+00:00,49270c3572f53e9f3fc477a5d52a6a44,2026-05-17T23:00:00Z,draftkings,DraftKings,player_points,Over,Skylar Diggins-Smith,15.5,-125,2026-05-17T19:39:07Z,Minnesota Lynx,Chicago Sky
2026-05-17T19:39:19.821001+00:00,49270c3572f53e9f3fc477a5d52a6a44,2026-05-17T23:00:00Z,draftkings,DraftKings,player_points,Under,Skylar Diggins-Smith,15.5,-105,2026-05-17T19:39:07Z,Minnesota Lynx,Chicago Sky
2026-05-17T19:39:19.821001+00:00,49270c3572f53e9f3fc477a5d52a6a44,2026-05-17T23:00:00Z,draftkings,DraftKings,player_points,Over,Olivia Miles,15.5,-115,2026-05-17T19:39:07Z,Minnesota Lynx,Chicago Sky
2026-05-17T19:39:19.821001+00:00,49270c3572f53e9f3fc477a5d52a6a44,2026-05-17T23:00:00Z,draftkings,DraftKings,player_points,Under,Olivia Miles,15.5,-115,2026-05-17T19:39:07Z,Minnesota Lynx,Chicago Sky
2026-05-17T19:39:19.821001+00:00,49270c3572f53e9f3fc477a5d52a6a44,2026-05-17T23:00:00Z,draftkings,DraftKings,player_points,Over,Courtney Williams,14.5,-125,2026-05-17T19:39:07Z,Minnesota Lynx,Chicago Sky
2026-05-17T19:39:19.821001+00:00,49270c3572f53e9f3fc477a5d52a6a44,2026-05-17T23:00:00Z,draftkings,DraftKings,player_points,Under,Courtney Williams,14.5,-105,2026-05-17T19:39:07Z,Minnesota Lynx,Chicago Sky
2026-05-17T19:39:19.821001+00:00,49270c3572f53e9f3fc477a5d52a6a44,2026-05-17T23:00:00Z,draftkings,DraftKings,player_points,Over,Natasha Howard,14.5,-115,2026-05-17T19:39:07Z,Minnesota Lynx,Chicago Sky
2026-05-17T19:39:19.821001+00:00,49270c3572f53e9f3fc477a5d52a6a44,2026-05-17T23:00:00Z,draftkings,DraftKings,player_points,Under,Natasha Howard,14.5,-115,2026-05-17T19:39:07Z,Minnesota Lynx,Chicago Sky
2026-05-17T19:39:19.821001+00:00,49270c3572f53e9f3fc477a5d52a6a44,2026-05-17T23:00:00Z,draftkings,DraftKings,player_points,Over,Kamilla Cardoso,13.5,-105,2026-05-17T19:39:07Z,Minnesota Lynx,Chicago Sky
2026-05-17T19:39:19.821001+00:00,49270c3572f53e9f3fc477a5d52a6a44,2026-05-17T23:00:00Z,draftkings,DraftKings,player_points,Under,Kamilla Cardoso,13.5,-125,2026-05-17T19:39:07Z,Minnesota Lynx,Chicago Sky
2026-05-17T19:39:19.821001+00:00,49270c3572f53e9f3fc477a5d52a6a44,2026-05-17T23:00:00Z,draftkings,DraftKings,player_points,Over,Nia Coffey,8.5,-130,2026-05-17T19:39:07Z,Minnesota Lynx,Chicago Sky
2026-05-17T19:39:19.821001+00:00,49270c3572f53e9f3fc477a5d52a6a44,2026-05-17T23:00:00Z,draftkings,DraftKings,player_points,Under,Nia Coffey,8.5,100,2026-05-17T19:39:07Z,Minnesota Lynx,Chicago Sky
2026-05-17T19:39:19.821001+00:00,49270c3572f53e9f3fc477a5d52a6a44,2026-05-17T23:00:00Z,draftkings,DraftKings,player_points_rebounds_assists,Over,Olivia Miles,27.5,-110,2026-05-17T19:39:07Z,Minnesota Lynx,Chicago Sky
2026-05-17T19:39:19.821001+00:00,49270c3572f53e9f3fc477a5d52a6a44,2026-05-17T23:00:00Z,draftkings,DraftKings,player_points_rebounds_assists,Under,Olivia Miles,27.5,-120,2026-05-17T19:39:07Z,Minnesota Lynx,Chicago Sky
2026-05-17T19:39:19.821001+00:00,49270c3572f53e9f3fc477a5d52a6a44,2026-05-17T23:00:00Z,draftkings,DraftKings,player_points_rebounds_assists,Over,Courtney Williams,25.5,-105,2026-05-17T19:39:07Z,Minnesota Lynx,Chicago Sky
2026-05-17T19:39:19.821001+00:00,49270c3572f53e9f3fc477a5d52a6a44,2026-05-17T23:00:00Z,draftkings,DraftKings,player_points_rebounds_assists,Under,Courtney Williams,25.5,-125,2026-05-17T19:39:07Z,Minnesota Lynx,Chicago Sky
2026-05-17T19:39:19.821001+00:00,49270c3572f53e9f3fc477a5d52a6a44,2026-05-17T23:00:00Z,draftkings,DraftKings,player_points_rebounds_assists,Over,Skylar Diggins-Smith,24.5,-120,2026-05-17T19:39:07Z,Minnesota Lynx,Chicago Sky
2026-05-17T19:39:19.821001+00:00,49270c3572f53e9f3fc477a5d52a6a44,2026-05-17T23:00:00Z,draftkings,DraftKings,player_points_rebounds_assists,Under,Skylar Diggins-Smith,24.5,-110,2026-05-17T19:39:07Z,Minnesota Lynx,Chicago Sky
2026-05-17T19:39:19.821001+00:00,49270c3572f53e9f3fc477a5d52a6a44,2026-05-17T23:00:00Z,draftkings,DraftKings,player_rebounds,Over,Kamilla Cardoso,9.5,-125,2026-05-17T19:39:07Z,Minnesota Lynx,Chicago Sky
2026-05-17T19:39:19.821001+00:00,49270c3572f53e9f3fc477a5d52a6a44,2026-05-17T23:00:00Z,draftkings,DraftKings,player_rebounds,Under,Kamilla Cardoso,9.5,-105,2026-05-17T19:39:07Z,Minnesota Lynx,Chicago Sky
2026-05-17T19:39:19.821001+00:00,49270c3572f53e9f3fc477a5d52a6a44,2026-05-17T23:00:00Z,draftkings,DraftKings,player_rebounds,Over,Natasha Howard,7.5,114,2026-05-17T19:39:07Z,Minnesota Lynx,Chicago Sky
2026-05-17T19:39:19.821001+00:00,49270c3572f53e9f3fc477a5d52a6a44,2026-05-17T23:00:00Z,draftkings,DraftKings,player_rebounds,Under,Natasha Howard,7.5,-145,2026-05-17T19:39:07Z,Minnesota Lynx,Chicago Sky
2026-05-17T19:39:19.821001+00:00,49270c3572f53e9f3fc477a5d52a6a44,2026-05-17T23:00:00Z,draftkings,DraftKings,player_rebounds,Over,Nia Coffey,6.5,-105,2026-05-17T19:39:07Z,Minnesota Lynx,Chicago Sky
2026-05-17T19:39:19.821001+00:00,49270c3572f53e9f3fc477a5d52a6a44,2026-05-17T23:00:00Z,draftkings,DraftKings,player_rebounds,Under,Nia Coffey,6.5,-125,2026-05-17T19:39:07Z,Minnesota Lynx,Chicago Sky
2026-05-17T19:39:19.821001+00:00,49270c3572f53e9f3fc477a5d52a6a44,2026-05-17T23:00:00Z,draftkings,DraftKings,player_rebounds,Over,Rickea Jackson,5.5,124,2026-05-17T19:39:07Z,Minnesota Lynx,Chicago Sky
2026-05-17T19:39:19.821001+00:00,49270c3572f53e9f3fc477a5d52a6a44,2026-05-17T23:00:00Z,draftkings,DraftKings,player_rebounds,Under,Rickea Jackson,5.5,-160,2026-05-17T19:39:07Z,Minnesota Lynx,Chicago Sky
2026-05-17T19:39:19.821001+00:00,49270c3572f53e9f3fc477a5d52a6a44,2026-05-17T23:00:00Z,draftkings,DraftKings,player_rebounds,Over,Courtney Williams,4.5,-166,2026-05-17T19:39:07Z,Minnesota Lynx,Chicago Sky
2026-05-17T19:39:19.821001+00:00,49270c3572f53e9f3fc477a5d52a6a44,2026-05-17T23:00:00Z,draftkings,DraftKings,player_rebounds,Under,Courtney Williams,4.5,130,2026-05-17T19:39:07Z,Minnesota Lynx,Chicago Sky
2026-05-17T19:39:19.821001+00:00,49270c3572f53e9f3fc477a5d52a6a44,2026-05-17T23:00:00Z,draftkings,DraftKings,player_rebounds,Over,Olivia Miles,4.5,-105,2026-05-17T19:39:07Z,Minnesota Lynx,Chicago Sky
2026-05-17T19:39:19.821001+00:00,49270c3572f53e9f3fc477a5d52a6a44,2026-05-17T23:00:00Z,draftkings,DraftKings,player_rebounds,Under,Olivia Miles,4.5,-125,2026-05-17T19:39:07Z,Minnesota Lynx,Chicago Sky
2026-05-17T19:39:19.821001+00:00,49270c3572f53e9f3fc477a5d52a6a44,2026-05-17T23:00:00Z,draftkings,DraftKings,player_rebounds,Over,Skylar Diggins-Smith,2.5,-145,2026-05-17T19:39:07Z,Minnesota Lynx,Chicago Sky
2026-05-17T19:39:19.821001+00:00,49270c3572f53e9f3fc477a5d52a6a44,2026-05-17T23:00:00Z,draftkings,DraftKings,player_rebounds,Under,Skylar Diggins-Smith,2.5,114,2026-05-17T19:39:07Z,Minnesota Lynx,Chicago Sky
2026-05-17T19:39:19.821001+00:00,49270c3572f53e9f3fc477a5d52a6a44,2026-05-17T23:00:00Z,draftkings,DraftKings,player_threes,Over,Kayla McBride,2.5,114,2026-05-17T19:39:07Z,Minnesota Lynx,Chicago Sky
2026-05-17T19:39:19.821001+00:00,49270c3572f53e9f3fc477a5d52a6a44,2026-05-17T23:00:00Z,draftkings,DraftKings,player_threes,Under,Kayla McBride,2.5,-145,2026-05-17T19:39:07Z,Minnesota Lynx,Chicago Sky
2026-05-17T19:39:19.821001+00:00,49270c3572f53e9f3fc477a5d52a6a44,2026-05-17T23:00:00Z,draftkings,DraftKings,player_threes,Over,Rickea Jackson,1.5,-154,2026-05-17T19:39:07Z,Minnesota Lynx,Chicago Sky
2026-05-17T19:39:19.821001+00:00,49270c3572f53e9f3fc477a5d52a6a44,2026-05-17T23:00:00Z,draftkings,DraftKings,player_threes,Under,Rickea Jackson,1.5,120,2026-05-17T19:39:07Z,Minnesota Lynx,Chicago Sky
2026-05-17T19:39:19.821001+00:00,49270c3572f53e9f3fc477a5d52a6a44,2026-05-17T23:00:00Z,draftkings,DraftKings,player_threes,Over,Courtney Williams,1.5,135,2026-05-17T19:39:07Z,Minnesota Lynx,Chicago Sky
2026-05-17T19:39:19.821001+00:00,49270c3572f53e9f3fc477a5d52a6a44,2026-05-17T23:00:00Z,draftkings,DraftKings,player_threes,Under,Courtney Williams,1.5,-175,2026-05-17T19:39:07Z,Minnesota Lynx,Chicago Sky
2026-05-17T19:39:19.821001+00:00,49270c3572f53e9f3fc477a5d52a6a44,2026-05-17T23:00:00Z,draftkings,DraftKings,player_threes,Over,Skylar Diggins-Smith,1.5,150,2026-05-17T19:39:07Z,Minnesota Lynx,Chicago Sky
2026-05-17T19:39:19.821001+00:00,49270c3572f53e9f3fc477a5d52a6a44,2026-05-17T23:00:00Z,draftkings,DraftKings,player_threes,Under,Skylar Diggins-Smith,1.5,-195,2026-05-17T19:39:07Z,Minnesota Lynx,Chicago Sky
2026-05-17T19:39:19.821001+00:00,49270c3572f53e9f3fc477a5d52a6a44,2026-05-17T23:00:00Z,fanatics,Fanatics,player_double_double,Yes,Courtney Williams,,1100,2026-05-17T19:38:32Z,Minnesota Lynx,Chicago Sky
2026-05-17T19:39:19.821001+00:00,49270c3572f53e9f3fc477a5d52a6a44,2026-05-17T23:00:00Z,fanatics,Fanatics,player_double_double,Yes,Olivia Miles,,450,2026-05-17T19:38:32Z,Minnesota Lynx,Chicago Sky
2026-05-17T19:39:19.821001+00:00,49270c3572f53e9f3fc477a5d52a6a44,2026-05-17T23:00:00Z,fanatics,Fanatics,player_double_double,Yes,Skylar Diggins-Smith,,750,2026-05-17T19:38:32Z,Minnesota Lynx,Chicago Sky
2026-05-17T19:39:19.821001+00:00,49270c3572f53e9f3fc477a5d52a6a44,2026-05-17T23:00:00Z,williamhill_us,Caesars,player_assists,Over,Skylar Diggins-Smith,5.5,-150,2026-05-17T19:38:03Z,Minnesota Lynx,Chicago Sky
2026-05-17T19:39:19.821001+00:00,49270c3572f53e9f3fc477a5d52a6a44,2026-05-17T23:00:00Z,williamhill_us,Caesars,player_assists,Under,Skylar Diggins-Smith,5.5,112,2026-05-17T19:38:03Z,Minnesota Lynx,Chicago Sky
2026-05-17T19:39:19.821001+00:00,49270c3572f53e9f3fc477a5d52a6a44,2026-05-17T23:00:00Z,williamhill_us,Caesars,player_assists,Over,Olivia Miles,6.5,-108,2026-05-17T19:38:03Z,Minnesota Lynx,Chicago Sky
2026-05-17T19:39:19.821001+00:00,49270c3572f53e9f3fc477a5d52a6a44,2026-05-17T23:00:00Z,williamhill_us,Caesars,player_assists,Under,Olivia Miles,6.5,-127,2026-05-17T19:38:03Z,Minnesota Lynx,Chicago Sky
2026-05-17T19:39:19.821001+00:00,49270c3572f53e9f3fc477a5d52a6a44,2026-05-17T23:00:00Z,williamhill_us,Caesars,player_assists,Over,Courtney Williams,4.5,100,2026-05-17T19:38:03Z,Minnesota Lynx,Chicago Sky
2026-05-17T19:39:19.821001+00:00,49270c3572f53e9f3fc477a5d52a6a44,2026-05-17T23:00:00Z,williamhill_us,Caesars,player_assists,Under,Courtney Williams,4.5,-135,2026-05-17T19:38:03Z,Minnesota Lynx,Chicago Sky
2026-05-17T19:39:19.821001+00:00,49270c3572f53e9f3fc477a5d52a6a44,2026-05-17T23:00:00Z,williamhill_us,Caesars,player_double_double,Yes,Kamilla Cardoso,,111,2026-05-17T19:38:03Z,Minnesota Lynx,Chicago Sky
2026-05-17T19:39:19.821001+00:00,49270c3572f53e9f3fc477a5d52a6a44,2026-05-17T23:00:00Z,williamhill_us,Caesars,player_double_double,Yes,Natasha Howard,,330,2026-05-17T19:38:03Z,Minnesota Lynx,Chicago Sky
2026-05-17T19:39:19.821001+00:00,49270c3572f53e9f3fc477a5d52a6a44,2026-05-17T23:00:00Z,williamhill_us,Caesars,player_double_double,Yes,Olivia Miles,,390,2026-05-17T19:38:03Z,Minnesota Lynx,Chicago Sky
2026-05-17T19:39:19.821001+00:00,49270c3572f53e9f3fc477a5d52a6a44,2026-05-17T23:00:00Z,williamhill_us,Caesars,player_double_double,Yes,Skylar Diggins-Smith,,675,2026-05-17T19:38:03Z,Minnesota Lynx,Chicago Sky
2026-05-17T19:39:19.821001+00:00,49270c3572f53e9f3fc477a5d52a6a44,2026-05-17T23:00:00Z,williamhill_us,Caesars,player_double_double,Yes,Nia Coffey,,850,2026-05-17T19:38:03Z,Minnesota Lynx,Chicago Sky
2026-05-17T19:39:19.821001+00:00,49270c3572f53e9f3fc477a5d52a6a44,2026-05-17T23:00:00Z,williamhill_us,Caesars,player_double_double,Yes,Courtney Williams,,1100,2026-05-17T19:38:03Z,Minnesota Lynx,Chicago Sky
2026-05-17T19:39:19.821001+00:00,49270c3572f53e9f3fc477a5d52a6a44,2026-05-17T23:00:00Z,williamhill_us,Caesars,player_double_double,Yes,Rickea Jackson,,1600,2026-05-17T19:38:03Z,Minnesota Lynx,Chicago Sky
2026-05-17T19:39:19.821001+00:00,49270c3572f53e9f3fc477a5d52a6a44,2026-05-17T23:00:00Z,williamhill_us,Caesars,player_points,Over,Nia Coffey,8.5,-130,2026-05-17T19:38:03Z,Minnesota Lynx,Chicago Sky
2026-05-17T19:39:19.821001+00:00,49270c3572f53e9f3fc477a5d52a6a44,2026-05-17T23:00:00Z,williamhill_us,Caesars,player_points,Under,Nia Coffey,8.5,-102,2026-05-17T19:38:03Z,Minnesota Lynx,Chicago Sky
2026-05-17T19:39:19.821001+00:00,49270c3572f53e9f3fc477a5d52a6a44,2026-05-17T23:00:00Z,williamhill_us,Caesars,player_points,Over,Skylar Diggins-Smith,15.5,-127,2026-05-17T19:38:03Z,Minnesota Lynx,Chicago Sky
2026-05-17T19:39:19.821001+00:00,49270c3572f53e9f3fc477a5d52a6a44,2026-05-17T23:00:00Z,williamhill_us,Caesars,player_points,Under,Skylar Diggins-Smith,15.5,-107,2026-05-17T19:38:03Z,Minnesota Lynx,Chicago Sky
2026-05-17T19:39:19.821001+00:00,49270c3572f53e9f3fc477a5d52a6a44,2026-05-17T23:00:00Z,williamhill_us,Caesars,player_points,Over,Courtney Williams,14.5,-132,2026-05-17T19:38:03Z,Minnesota Lynx,Chicago Sky
2026-05-17T19:39:19.821001+00:00,49270c3572f53e9f3fc477a5d52a6a44,2026-05-17T23:00:00Z,williamhill_us,Caesars,player_points,Under,Courtney Williams,14.5,-102,2026-05-17T19:38:03Z,Minnesota Lynx,Chicago Sky
2026-05-17T19:39:19.821001+00:00,49270c3572f53e9f3fc477a5d52a6a44,2026-05-17T23:00:00Z,williamhill_us,Caesars,player_points,Over,Kamilla Cardoso,13.5,-105,2026-05-17T19:38:03Z,Minnesota Lynx,Chicago Sky
2026-05-17T19:39:19.821001+00:00,49270c3572f53e9f3fc477a5d52a6a44,2026-05-17T23:00:00Z,williamhill_us,Caesars,player_points,Under,Kamilla Cardoso,13.5,-127,2026-05-17T19:38:03Z,Minnesota Lynx,Chicago Sky
2026-05-17T19:39:19.821001+00:00,49270c3572f53e9f3fc477a5d52a6a44,2026-05-17T23:00:00Z,williamhill_us,Caesars,player_points,Over,Kayla McBride,15.5,-115,2026-05-17T19:38:03Z,Minnesota Lynx,Chicago Sky
2026-05-17T19:39:19.821001+00:00,49270c3572f53e9f3fc477a5d52a6a44,2026-05-17T23:00:00Z,williamhill_us,Caesars,player_points,Under,Kayla McBride,15.5,-115,2026-05-17T19:38:03Z,Minnesota Lynx,Chicago Sky
2026-05-17T19:39:19.821001+00:00,49270c3572f53e9f3fc477a5d52a6a44,2026-05-17T23:00:00Z,williamhill_us,Caesars,player_points,Over,Olivia Miles,15.5,-125,2026-05-17T19:38:03Z,Minnesota Lynx,Chicago Sky
2026-05-17T19:39:19.821001+00:00,49270c3572f53e9f3fc477a5d52a6a44,2026-05-17T23:00:00Z,williamhill_us,Caesars,player_points,Under,Olivia Miles,15.5,-107,2026-05-17T19:38:03Z,Minnesota Lynx,Chicago Sky
2026-05-17T19:39:19.821001+00:00,49270c3572f53e9f3fc477a5d52a6a44,2026-05-17T23:00:00Z,williamhill_us,Caesars,player_points,Over,Natasha Howard,14.5,-118,2026-05-17T19:38:03Z,Minnesota Lynx,Chicago Sky
2026-05-17T19:39:19.821001+00:00,49270c3572f53e9f3fc477a5d52a6a44,2026-05-17T23:00:00Z,williamhill_us,Caesars,player_points,Under,Natasha Howard,14.5,-113,2026-05-17T19:38:03Z,Minnesota Lynx,Chicago Sky
2026-05-17T19:39:19.821001+00:00,49270c3572f53e9f3fc477a5d52a6a44,2026-05-17T23:00:00Z,williamhill_us,Caesars,player_points,Over,Rickea Jackson,17.5,-135,2026-05-17T19:38:03Z,Minnesota Lynx,Chicago Sky
2026-05-17T19:39:19.821001+00:00,49270c3572f53e9f3fc477a5d52a6a44,2026-05-17T23:00:00Z,williamhill_us,Caesars,player_points,Under,Rickea Jackson,17.5,-102,2026-05-17T19:38:03Z,Minnesota Lynx,Chicago Sky
2026-05-17T19:39:19.821001+00:00,49270c3572f53e9f3fc477a5d52a6a44,2026-05-17T23:00:00Z,williamhill_us,Caesars,player_rebounds,Over,Natasha Howard,7.5,114,2026-05-17T19:38:03Z,Minnesota Lynx,Chicago Sky
2026-05-17T19:39:19.821001+00:00,49270c3572f53e9f3fc477a5d52a6a44,2026-05-17T23:00:00Z,williamhill_us,Caesars,player_rebounds,Under,Natasha Howard,7.5,-152,2026-05-17T19:38:03Z,Minnesota Lynx,Chicago Sky
2026-05-17T19:39:19.821001+00:00,49270c3572f53e9f3fc477a5d52a6a44,2026-05-17T23:00:00Z,williamhill_us,Caesars,player_rebounds,Over,Olivia Miles,4.5,-113,2026-05-17T19:38:03Z,Minnesota Lynx,Chicago Sky
2026-05-17T19:39:19.821001+00:00,49270c3572f53e9f3fc477a5d52a6a44,2026-05-17T23:00:00Z,williamhill_us,Caesars,player_rebounds,Under,Olivia Miles,4.5,-118,2026-05-17T19:38:03Z,Minnesota Lynx,Chicago Sky
2026-05-17T19:39:19.821001+00:00,49270c3572f53e9f3fc477a5d52a6a44,2026-05-17T23:00:00Z,williamhill_us,Caesars,player_rebounds,Over,Kamilla Cardoso,9.5,-127,2026-05-17T19:38:03Z,Minnesota Lynx,Chicago Sky
2026-05-17T19:39:19.821001+00:00,49270c3572f53e9f3fc477a5d52a6a44,2026-05-17T23:00:00Z,williamhill_us,Caesars,player_rebounds,Under,Kamilla Cardoso,9.5,-105,2026-05-17T19:38:03Z,Minnesota Lynx,Chicago Sky
2026-05-17T19:39:19.821001+00:00,49270c3572f53e9f3fc477a5d52a6a44,2026-05-17T23:00:00Z,williamhill_us,Caesars,player_rebounds,Over,Nia Coffey,6.5,-103,2026-05-17T19:38:03Z,Minnesota Lynx,Chicago Sky
2026-05-17T19:39:19.821001+00:00,49270c3572f53e9f3fc477a5d52a6a44,2026-05-17T23:00:00Z,williamhill_us,Caesars,player_rebounds,Under,Nia Coffey,6.5,-130,2026-05-17T19:38:03Z,Minnesota Lynx,Chicago Sky
2026-05-17T19:39:19.821001+00:00,49270c3572f53e9f3fc477a5d52a6a44,2026-05-17T23:00:00Z,williamhill_us,Caesars,player_rebounds,Over,Courtney Williams,5.5,118,2026-05-17T19:38:03Z,Minnesota Lynx,Chicago Sky
2026-05-17T19:39:19.821001+00:00,49270c3572f53e9f3fc477a5d52a6a44,2026-05-17T23:00:00Z,williamhill_us,Caesars,player_rebounds,Under,Courtney Williams,5.5,-157,2026-05-17T19:38:03Z,Minnesota Lynx,Chicago Sky
2026-05-17T19:39:19.821001+00:00,49270c3572f53e9f3fc477a5d52a6a44,2026-05-17T23:00:00Z,williamhill_us,Caesars,player_rebounds,Over,Rickea Jackson,4.5,-162,2026-05-17T19:38:03Z,Minnesota Lynx,Chicago Sky
2026-05-17T19:39:19.821001+00:00,49270c3572f53e9f3fc477a5d52a6a44,2026-05-17T23:00:00Z,williamhill_us,Caesars,player_rebounds,Under,Rickea Jackson,4.5,120,2026-05-17T19:38:03Z,Minnesota Lynx,Chicago Sky
2026-05-17T19:39:19.821001+00:00,49270c3572f53e9f3fc477a5d52a6a44,2026-05-17T23:00:00Z,williamhill_us,Caesars,player_threes,Over,Courtney Williams,1.5,129,2026-05-17T19:38:03Z,Minnesota Lynx,Chicago Sky
2026-05-17T19:39:19.821001+00:00,49270c3572f53e9f3fc477a5d52a6a44,2026-05-17T23:00:00Z,williamhill_us,Caesars,player_threes,Under,Courtney Williams,1.5,-173,2026-05-17T19:38:03Z,Minnesota Lynx,Chicago Sky
2026-05-17T19:39:19.821001+00:00,49270c3572f53e9f3fc477a5d52a6a44,2026-05-17T23:00:00Z,williamhill_us,Caesars,player_threes,Over,Rickea Jackson,1.5,-162,2026-05-17T19:38:03Z,Minnesota Lynx,Chicago Sky
2026-05-17T19:39:19.821001+00:00,49270c3572f53e9f3fc477a5d52a6a44,2026-05-17T23:00:00Z,williamhill_us,Caesars,player_threes,Under,Rickea Jackson,1.5,121,2026-05-17T19:38:03Z,Minnesota Lynx,Chicago Sky
2026-05-17T19:39:19.821001+00:00,49270c3572f53e9f3fc477a5d52a6a44,2026-05-17T23:00:00Z,williamhill_us,Caesars,player_threes,Over,Skylar Diggins-Smith,1.5,155,2026-05-17T19:38:03Z,Minnesota Lynx,Chicago Sky
2026-05-17T19:39:19.821001+00:00,49270c3572f53e9f3fc477a5d52a6a44,2026-05-17T23:00:00Z,williamhill_us,Caesars,player_threes,Under,Skylar Diggins-Smith,1.5,-213,2026-05-17T19:38:03Z,Minnesota Lynx,Chicago Sky
2026-05-17T19:39:19.821001+00:00,49270c3572f53e9f3fc477a5d52a6a44,2026-05-17T23:00:00Z,williamhill_us,Caesars,player_threes,Over,Kayla McBride,2.5,124,2026-05-17T19:38:03Z,Minnesota Lynx,Chicago Sky
2026-05-17T19:39:19.821001+00:00,49270c3572f53e9f3fc477a5d52a6a44,2026-05-17T23:00:00Z,williamhill_us,Caesars,player_threes,Under,Kayla McBride,2.5,-170,2026-05-17T19:38:03Z,Minnesota Lynx,Chicago Sky
2026-05-17T19:39:19.821001+00:00,49270c3572f53e9f3fc477a5d52a6a44,2026-05-17T23:00:00Z,betonlineag,BetOnline.ag,player_assists,Over,Courtney Williams,4.5,104,2026-05-17T19:39:16Z,Minnesota Lynx,Chicago Sky
2026-05-17T19:39:19.821001+00:00,49270c3572f53e9f3fc477a5d52a6a44,2026-05-17T23:00:00Z,betonlineag,BetOnline.ag,player_assists,Under,Courtney Williams,4.5,-135,2026-05-17T19:39:16Z,Minnesota Lynx,Chicago Sky
2026-05-17T19:39:19.821001+00:00,49270c3572f53e9f3fc477a5d52a6a44,2026-05-17T23:00:00Z,betonlineag,BetOnline.ag,player_assists,Over,Olivia Miles,6.5,-109,2026-05-17T19:39:16Z,Minnesota Lynx,Chicago Sky
2026-05-17T19:39:19.821001+00:00,49270c3572f53e9f3fc477a5d52a6a44,2026-05-17T23:00:00Z,betonlineag,BetOnline.ag,player_assists,Under,Olivia Miles,6.5,-119,2026-05-17T19:39:16Z,Minnesota Lynx,Chicago Sky
2026-05-17T19:39:19.821001+00:00,49270c3572f53e9f3fc477a5d52a6a44,2026-05-17T23:00:00Z,betonlineag,BetOnline.ag,player_assists,Over,Skylar Diggins-Smith,5.5,-152,2026-05-17T19:39:16Z,Minnesota Lynx,Chicago Sky
2026-05-17T19:39:19.821001+00:00,49270c3572f53e9f3fc477a5d52a6a44,2026-05-17T23:00:00Z,betonlineag,BetOnline.ag,player_assists,Under,Skylar Diggins-Smith,5.5,117,2026-05-17T19:39:16Z,Minnesota Lynx,Chicago Sky
2026-05-17T19:39:19.821001+00:00,49270c3572f53e9f3fc477a5d52a6a44,2026-05-17T23:00:00Z,betonlineag,BetOnline.ag,player_points,Over,Kayla McBride,15.5,-115,2026-05-17T19:39:16Z,Minnesota Lynx,Chicago Sky
2026-05-17T19:39:19.821001+00:00,49270c3572f53e9f3fc477a5d52a6a44,2026-05-17T23:00:00Z,betonlineag,BetOnline.ag,player_points,Under,Kayla McBride,15.5,-112,2026-05-17T19:39:16Z,Minnesota Lynx,Chicago Sky
2026-05-17T19:39:19.821001+00:00,49270c3572f53e9f3fc477a5d52a6a44,2026-05-17T23:00:00Z,betonlineag,BetOnline.ag,player_points,Over,Kamilla Cardoso,13.5,-103,2026-05-17T19:39:16Z,Minnesota Lynx,Chicago Sky
2026-05-17T19:39:19.821001+00:00,49270c3572f53e9f3fc477a5d52a6a44,2026-05-17T23:00:00Z,betonlineag,BetOnline.ag,player_points,Under,Kamilla Cardoso,13.5,-125,2026-05-17T19:39:16Z,Minnesota Lynx,Chicago Sky
2026-05-17T19:39:19.821001+00:00,49270c3572f53e9f3fc477a5d52a6a44,2026-05-17T23:00:00Z,betonlineag,BetOnline.ag,player_points,Over,Rickea Jackson,17.5,-130,2026-05-17T19:39:16Z,Minnesota Lynx,Chicago Sky
2026-05-17T19:39:19.821001+00:00,49270c3572f53e9f3fc477a5d52a6a44,2026-05-17T23:00:00Z,betonlineag,BetOnline.ag,player_points,Under,Rickea Jackson,17.5,100,2026-05-17T19:39:16Z,Minnesota Lynx,Chicago Sky
2026-05-17T19:39:19.821001+00:00,49270c3572f53e9f3fc477a5d52a6a44,2026-05-17T23:00:00Z,betonlineag,BetOnline.ag,player_points,Over,Natasha Howard,14.5,-112,2026-05-17T19:39:16Z,Minnesota Lynx,Chicago Sky
2026-05-17T19:39:19.821001+00:00,49270c3572f53e9f3fc477a5d52a6a44,2026-05-17T23:00:00Z,betonlineag,BetOnline.ag,player_points,Under,Natasha Howard,14.5,-115,2026-05-17T19:39:16Z,Minnesota Lynx,Chicago Sky
2026-05-17T19:39:19.821001+00:00,49270c3572f53e9f3fc477a5d52a6a44,2026-05-17T23:00:00Z,betonlineag,BetOnline.ag,player_points,Over,Olivia Miles,15.5,-118,2026-05-17T19:39:16Z,Minnesota Lynx,Chicago Sky
2026-05-17T19:39:19.821001+00:00,49270c3572f53e9f3fc477a5d52a6a44,2026-05-17T23:00:00Z,betonlineag,BetOnline.ag,player_points,Under,Olivia Miles,15.5,-110,2026-05-17T19:39:16Z,Minnesota Lynx,Chicago Sky
2026-05-17T19:39:19.821001+00:00,49270c3572f53e9f3fc477a5d52a6a44,2026-05-17T23:00:00Z,betonlineag,BetOnline.ag,player_points,Over,Nia Coffey,8.5,-127,2026-05-17T19:39:16Z,Minnesota Lynx,Chicago Sky
2026-05-17T19:39:19.821001+00:00,49270c3572f53e9f3fc477a5d52a6a44,2026-05-17T23:00:00Z,betonlineag,BetOnline.ag,player_points,Under,Nia Coffey,8.5,-102,2026-05-17T19:39:16Z,Minnesota Lynx,Chicago Sky
2026-05-17T19:39:19.821001+00:00,49270c3572f53e9f3fc477a5d52a6a44,2026-05-17T23:00:00Z,betonlineag,BetOnline.ag,player_points,Over,Skylar Diggins-Smith,15.5,-123,2026-05-17T19:39:16Z,Minnesota Lynx,Chicago Sky
2026-05-17T19:39:19.821001+00:00,49270c3572f53e9f3fc477a5d52a6a44,2026-05-17T23:00:00Z,betonlineag,BetOnline.ag,player_points,Under,Skylar Diggins-Smith,15.5,-104,2026-05-17T19:39:16Z,Minnesota Lynx,Chicago Sky
2026-05-17T19:39:19.821001+00:00,49270c3572f53e9f3fc477a5d52a6a44,2026-05-17T23:00:00Z,betonlineag,BetOnline.ag,player_points,Over,Courtney Williams,14.5,-125,2026-05-17T19:39:16Z,Minnesota Lynx,Chicago Sky
2026-05-17T19:39:19.821001+00:00,49270c3572f53e9f3fc477a5d52a6a44,2026-05-17T23:00:00Z,betonlineag,BetOnline.ag,player_points,Under,Courtney Williams,14.5,-103,2026-05-17T19:39:16Z,Minnesota Lynx,Chicago Sky
2026-05-17T19:39:19.821001+00:00,49270c3572f53e9f3fc477a5d52a6a44,2026-05-17T23:00:00Z,betonlineag,BetOnline.ag,player_points,Over,Gabriela Jaquez,9.5,-102,2026-05-17T19:39:16Z,Minnesota Lynx,Chicago Sky
2026-05-17T19:39:19.821001+00:00,49270c3572f53e9f3fc477a5d52a6a44,2026-05-17T23:00:00Z,betonlineag,BetOnline.ag,player_points,Under,Gabriela Jaquez,9.5,-127,2026-05-17T19:39:16Z,Minnesota Lynx,Chicago Sky
2026-05-17T19:39:19.821001+00:00,49270c3572f53e9f3fc477a5d52a6a44,2026-05-17T23:00:00Z,betonlineag,BetOnline.ag,player_points_rebounds_assists,Over,Olivia Miles,27.5,-108,2026-05-17T19:39:16Z,Minnesota Lynx,Chicago Sky
2026-05-17T19:39:19.821001+00:00,49270c3572f53e9f3fc477a5d52a6a44,2026-05-17T23:00:00Z,betonlineag,BetOnline.ag,player_points_rebounds_assists,Under,Olivia Miles,27.5,-120,2026-05-17T19:39:16Z,Minnesota Lynx,Chicago Sky
2026-05-17T19:39:19.821001+00:00,49270c3572f53e9f3fc477a5d52a6a44,2026-05-17T23:00:00Z,betonlineag,BetOnline.ag,player_points_rebounds_assists,Over,Kamilla Cardoso,24.5,-119,2026-05-17T19:39:16Z,Minnesota Lynx,Chicago Sky
2026-05-17T19:39:19.821001+00:00,49270c3572f53e9f3fc477a5d52a6a44,2026-05-17T23:00:00Z,betonlineag,BetOnline.ag,player_points_rebounds_assists,Under,Kamilla Cardoso,24.5,-109,2026-05-17T19:39:16Z,Minnesota Lynx,Chicago Sky
2026-05-17T19:39:19.821001+00:00,49270c3572f53e9f3fc477a5d52a6a44,2026-05-17T23:00:00Z,betonlineag,BetOnline.ag,player_points_rebounds_assists,Over,Skylar Diggins-Smith,25.5,100,2026-05-17T19:39:16Z,Minnesota Lynx,Chicago Sky
2026-05-17T19:39:19.821001+00:00,49270c3572f53e9f3fc477a5d52a6a44,2026-05-17T23:00:00Z,betonlineag,BetOnline.ag,player_points_rebounds_assists,Under,Skylar Diggins-Smith,25.5,-130,2026-05-17T19:39:16Z,Minnesota Lynx,Chicago Sky
2026-05-17T19:39:19.821001+00:00,49270c3572f53e9f3fc477a5d52a6a44,2026-05-17T23:00:00Z,betonlineag,BetOnline.ag,player_points_rebounds_assists,Over,Courtney Williams,24.5,-119,2026-05-17T19:39:16Z,Minnesota Lynx,Chicago Sky
2026-05-17T19:39:19.821001+00:00,49270c3572f53e9f3fc477a5d52a6a44,2026-05-17T23:00:00Z,betonlineag,BetOnline.ag,player_points_rebounds_assists,Under,Courtney Williams,24.5,-109,2026-05-17T19:39:16Z,Minnesota Lynx,Chicago Sky
2026-05-17T19:39:19.821001+00:00,49270c3572f53e9f3fc477a5d52a6a44,2026-05-17T23:00:00Z,betonlineag,BetOnline.ag,player_rebounds,Over,Courtney Williams,4.5,-161,2026-05-17T19:39:16Z,Minnesota Lynx,Chicago Sky
2026-05-17T19:39:19.821001+00:00,49270c3572f53e9f3fc477a5d52a6a44,2026-05-17T23:00:00Z,betonlineag,BetOnline.ag,player_rebounds,Under,Courtney Williams,4.5,123,2026-05-17T19:39:16Z,Minnesota Lynx,Chicago Sky
2026-05-17T19:39:19.821001+00:00,49270c3572f53e9f3fc477a5d52a6a44,2026-05-17T23:00:00Z,betonlineag,BetOnline.ag,player_rebounds,Over,Kamilla Cardoso,9.5,-123,2026-05-17T19:39:16Z,Minnesota Lynx,Chicago Sky
2026-05-17T19:39:19.821001+00:00,49270c3572f53e9f3fc477a5d52a6a44,2026-05-17T23:00:00Z,betonlineag,BetOnline.ag,player_rebounds,Under,Kamilla Cardoso,9.5,-104,2026-05-17T19:39:16Z,Minnesota Lynx,Chicago Sky
2026-05-17T19:39:19.821001+00:00,49270c3572f53e9f3fc477a5d52a6a44,2026-05-17T23:00:00Z,betonlineag,BetOnline.ag,player_rebounds,Over,Rickea Jackson,5.5,126,2026-05-17T19:39:16Z,Minnesota Lynx,Chicago Sky
2026-05-17T19:39:19.821001+00:00,49270c3572f53e9f3fc477a5d52a6a44,2026-05-17T23:00:00Z,betonlineag,BetOnline.ag,player_rebounds,Under,Rickea Jackson,5.5,-164,2026-05-17T19:39:16Z,Minnesota Lynx,Chicago Sky
2026-05-17T19:39:19.821001+00:00,49270c3572f53e9f3fc477a5d52a6a44,2026-05-17T23:00:00Z,betonlineag,BetOnline.ag,player_rebounds,Over,Natasha Howard,7.5,118,2026-05-17T19:39:16Z,Minnesota Lynx,Chicago Sky
2026-05-17T19:39:19.821001+00:00,49270c3572f53e9f3fc477a5d52a6a44,2026-05-17T23:00:00Z,betonlineag,BetOnline.ag,player_rebounds,Under,Natasha Howard,7.5,-154,2026-05-17T19:39:16Z,Minnesota Lynx,Chicago Sky
2026-05-17T19:39:19.821001+00:00,49270c3572f53e9f3fc477a5d52a6a44,2026-05-17T23:00:00Z,betonlineag,BetOnline.ag,player_rebounds,Over,Olivia Miles,4.5,-108,2026-05-17T19:39:16Z,Minnesota Lynx,Chicago Sky
2026-05-17T19:39:19.821001+00:00,49270c3572f53e9f3fc477a5d52a6a44,2026-05-17T23:00:00Z,betonlineag,BetOnline.ag,player_rebounds,Under,Olivia Miles,4.5,-120,2026-05-17T19:39:16Z,Minnesota Lynx,Chicago Sky
2026-05-17T19:39:19.821001+00:00,49270c3572f53e9f3fc477a5d52a6a44,2026-05-17T23:00:00Z,betonlineag,BetOnline.ag,player_rebounds,Over,Nia Coffey,6.5,103,2026-05-17T19:39:16Z,Minnesota Lynx,Chicago Sky
2026-05-17T19:39:19.821001+00:00,49270c3572f53e9f3fc477a5d52a6a44,2026-05-17T23:00:00Z,betonlineag,BetOnline.ag,player_rebounds,Under,Nia Coffey,6.5,-133,2026-05-17T19:39:16Z,Minnesota Lynx,Chicago Sky
2026-05-17T19:39:19.821001+00:00,49270c3572f53e9f3fc477a5d52a6a44,2026-05-17T23:00:00Z,betonlineag,BetOnline.ag,player_rebounds,Over,Skylar Diggins-Smith,2.5,-143,2026-05-17T19:39:16Z,Minnesota Lynx,Chicago Sky
2026-05-17T19:39:19.821001+00:00,49270c3572f53e9f3fc477a5d52a6a44,2026-05-17T23:00:00Z,betonlineag,BetOnline.ag,player_rebounds,Under,Skylar Diggins-Smith,2.5,110,2026-05-17T19:39:16Z,Minnesota Lynx,Chicago Sky
2026-05-17T19:39:19.821001+00:00,49270c3572f53e9f3fc477a5d52a6a44,2026-05-17T23:00:00Z,betonlineag,BetOnline.ag,player_threes,Over,Rickea Jackson,1.5,-154,2026-05-17T19:39:16Z,Minnesota Lynx,Chicago Sky
2026-05-17T19:39:19.821001+00:00,49270c3572f53e9f3fc477a5d52a6a44,2026-05-17T23:00:00Z,betonlineag,BetOnline.ag,player_threes,Under,Rickea Jackson,1.5,118,2026-05-17T19:39:16Z,Minnesota Lynx,Chicago Sky
2026-05-17T19:39:19.821001+00:00,49270c3572f53e9f3fc477a5d52a6a44,2026-05-17T23:00:00Z,betonlineag,BetOnline.ag,player_threes,Over,Courtney Williams,1.5,134,2026-05-17T19:39:16Z,Minnesota Lynx,Chicago Sky
2026-05-17T19:39:19.821001+00:00,49270c3572f53e9f3fc477a5d52a6a44,2026-05-17T23:00:00Z,betonlineag,BetOnline.ag,player_threes,Under,Courtney Williams,1.5,-175,2026-05-17T19:39:16Z,Minnesota Lynx,Chicago Sky
2026-05-17T19:39:19.821001+00:00,49270c3572f53e9f3fc477a5d52a6a44,2026-05-17T23:00:00Z,betonlineag,BetOnline.ag,player_threes,Over,Kayla McBride,2.5,115,2026-05-17T19:39:16Z,Minnesota Lynx,Chicago Sky
2026-05-17T19:39:19.821001+00:00,49270c3572f53e9f3fc477a5d52a6a44,2026-05-17T23:00:00Z,betonlineag,BetOnline.ag,player_threes,Under,Kayla McBride,2.5,-149,2026-05-17T19:39:16Z,Minnesota Lynx,Chicago Sky
2026-05-17T19:39:19.821001+00:00,49270c3572f53e9f3fc477a5d52a6a44,2026-05-17T23:00:00Z,betonlineag,BetOnline.ag,player_threes,Over,Skylar Diggins-Smith,1.5,158,2026-05-17T19:39:16Z,Minnesota Lynx,Chicago Sky
2026-05-17T19:39:19.821001+00:00,49270c3572f53e9f3fc477a5d52a6a44,2026-05-17T23:00:00Z,betonlineag,BetOnline.ag,player_threes,Under,Skylar Diggins-Smith,1.5,-208,2026-05-17T19:39:16Z,Minnesota Lynx,Chicago Sky
2026-05-17T19:39:19.821001+00:00,ab43b3c029d14d941319d1802764dcd4,2026-05-17T23:00:00Z,draftkings,DraftKings,player_assists,Over,Kelsey Plum,5.5,-110,2026-05-17T19:39:21Z,Los Angeles Sparks,Toronto Tempo
2026-05-17T19:39:19.821001+00:00,ab43b3c029d14d941319d1802764dcd4,2026-05-17T23:00:00Z,draftkings,DraftKings,player_assists,Under,Kelsey Plum,5.5,-120,2026-05-17T19:39:21Z,Los Angeles Sparks,Toronto Tempo
2026-05-17T19:39:19.821001+00:00,ab43b3c029d14d941319d1802764dcd4,2026-05-17T23:00:00Z,draftkings,DraftKings,player_assists,Over,Brittney Sykes,4.5,-140,2026-05-17T19:39:21Z,Los Angeles Sparks,Toronto Tempo
2026-05-17T19:39:19.821001+00:00,ab43b3c029d14d941319d1802764dcd4,2026-05-17T23:00:00Z,draftkings,DraftKings,player_assists,Under,Brittney Sykes,4.5,110,2026-05-17T19:39:21Z,Los Angeles Sparks,Toronto Tempo
2026-05-17T19:39:19.821001+00:00,ab43b3c029d14d941319d1802764dcd4,2026-05-17T23:00:00Z,draftkings,DraftKings,player_assists,Over,Erica Wheeler,4.5,-110,2026-05-17T19:39:21Z,Los Angeles Sparks,Toronto Tempo
2026-05-17T19:39:19.821001+00:00,ab43b3c029d14d941319d1802764dcd4,2026-05-17T23:00:00Z,draftkings,DraftKings,player_assists,Under,Erica Wheeler,4.5,-120,2026-05-17T19:39:21Z,Los Angeles Sparks,Toronto Tempo
2026-05-17T19:39:19.821001+00:00,ab43b3c029d14d941319d1802764dcd4,2026-05-17T23:00:00Z,draftkings,DraftKings,player_assists,Over,Dearica Hamby,3.5,130,2026-05-17T19:39:21Z,Los Angeles Sparks,Toronto Tempo
2026-05-17T19:39:19.821001+00:00,ab43b3c029d14d941319d1802764dcd4,2026-05-17T23:00:00Z,draftkings,DraftKings,player_assists,Under,Dearica Hamby,3.5,-166,2026-05-17T19:39:21Z,Los Angeles Sparks,Toronto Tempo
2026-05-17T19:39:19.821001+00:00,ab43b3c029d14d941319d1802764dcd4,2026-05-17T23:00:00Z,draftkings,DraftKings,player_assists,Over,Marina Mabrey,3.5,135,2026-05-17T19:39:21Z,Los Angeles Sparks,Toronto Tempo
2026-05-17T19:39:19.821001+00:00,ab43b3c029d14d941319d1802764dcd4,2026-05-17T23:00:00Z,draftkings,DraftKings,player_assists,Under,Marina Mabrey,3.5,-175,2026-05-17T19:39:21Z,Los Angeles Sparks,Toronto Tempo
2026-05-17T19:39:19.821001+00:00,ab43b3c029d14d941319d1802764dcd4,2026-05-17T23:00:00Z,draftkings,DraftKings,player_double_double,Yes,Dearica Hamby,,280,2026-05-17T19:39:21Z,Los Angeles Sparks,Toronto Tempo
2026-05-17T19:39:19.821001+00:00,ab43b3c029d14d941319d1802764dcd4,2026-05-17T23:00:00Z,draftkings,DraftKings,player_double_double,Yes,Nneka Ogwumike,,290,2026-05-17T19:39:21Z,Los Angeles Sparks,Toronto Tempo
2026-05-17T19:39:19.821001+00:00,ab43b3c029d14d941319d1802764dcd4,2026-05-17T23:00:00Z,draftkings,DraftKings,player_double_double,Yes,Kelsey Plum,,900,2026-05-17T19:39:21Z,Los Angeles Sparks,Toronto Tempo
2026-05-17T19:39:19.821001+00:00,ab43b3c029d14d941319d1802764dcd4,2026-05-17T23:00:00Z,draftkings,DraftKings,player_double_double,Yes,Nyara Sabally,,900,2026-05-17T19:39:21Z,Los Angeles Sparks,Toronto Tempo
2026-05-17T19:39:19.821001+00:00,ab43b3c029d14d941319d1802764dcd4,2026-05-17T23:00:00Z,draftkings,DraftKings,player_double_double,Yes,Brittney Sykes,,2500,2026-05-17T19:39:21Z,Los Angeles Sparks,Toronto Tempo
2026-05-17T19:39:19.821001+00:00,ab43b3c029d14d941319d1802764dcd4,2026-05-17T23:00:00Z,draftkings,DraftKings,player_double_double,Yes,Marina Mabrey,,3000,2026-05-17T19:39:21Z,Los Angeles Sparks,Toronto Tempo
2026-05-17T19:39:19.821001+00:00,ab43b3c029d14d941319d1802764dcd4,2026-05-17T23:00:00Z,draftkings,DraftKings,player_points,Over,Kelsey Plum,21.5,-130,2026-05-17T19:38:55Z,Los Angeles Sparks,Toronto Tempo
2026-05-17T19:39:19.821001+00:00,ab43b3c029d14d941319d1802764dcd4,2026-05-17T23:00:00Z,draftkings,DraftKings,player_points,Under,Kelsey Plum,21.5,100,2026-05-17T19:38:55Z,Los Angeles Sparks,Toronto Tempo
2026-05-17T19:39:19.821001+00:00,ab43b3c029d14d941319d1802764dcd4,2026-05-17T23:00:00Z,draftkings,DraftKings,player_points,Over,Marina Mabrey,19.5,-110,2026-05-17T19:38:55Z,Los Angeles Sparks,Toronto Tempo
2026-05-17T19:39:19.821001+00:00,ab43b3c029d14d941319d1802764dcd4,2026-05-17T23:00:00Z,draftkings,DraftKings,player_points,Under,Marina Mabrey,19.5,-120,2026-05-17T19:38:55Z,Los Angeles Sparks,Toronto Tempo
2026-05-17T19:39:19.821001+00:00,ab43b3c029d14d941319d1802764dcd4,2026-05-17T23:00:00Z,draftkings,DraftKings,player_points,Over,Brittney Sykes,17.5,-125,2026-05-17T19:38:55Z,Los Angeles Sparks,Toronto Tempo
2026-05-17T19:39:19.821001+00:00,ab43b3c029d14d941319d1802764dcd4,2026-05-17T23:00:00Z,draftkings,DraftKings,player_points,Under,Brittney Sykes,17.5,-105,2026-05-17T19:38:55Z,Los Angeles Sparks,Toronto Tempo
2026-05-17T19:39:19.821001+00:00,ab43b3c029d14d941319d1802764dcd4,2026-05-17T23:00:00Z,draftkings,DraftKings,player_points,Over,Nneka Ogwumike,17.5,-120,2026-05-17T19:38:55Z,Los Angeles Sparks,Toronto Tempo
2026-05-17T19:39:19.821001+00:00,ab43b3c029d14d941319d1802764dcd4,2026-05-17T23:00:00Z,draftkings,DraftKings,player_points,Under,Nneka Ogwumike,17.5,-110,2026-05-17T19:38:55Z,Los Angeles Sparks,Toronto Tempo
2026-05-17T19:39:19.821001+00:00,ab43b3c029d14d941319d1802764dcd4,2026-05-17T23:00:00Z,draftkings,DraftKings,player_points,Over,Dearica Hamby,16.5,-120,2026-05-17T19:38:55Z,Los Angeles Sparks,Toronto Tempo
2026-05-17T19:39:19.821001+00:00,ab43b3c029d14d941319d1802764dcd4,2026-05-17T23:00:00Z,draftkings,DraftKings,player_points,Under,Dearica Hamby,16.5,-110,2026-05-17T19:38:55Z,Los Angeles Sparks,Toronto Tempo
2026-05-17T19:39:19.821001+00:00,ab43b3c029d14d941319d1802764dcd4,2026-05-17T23:00:00Z,draftkings,DraftKings,player_points,Over,Erica Wheeler,10.5,100,2026-05-17T19:38:55Z,Los Angeles Sparks,Toronto Tempo
2026-05-17T19:39:19.821001+00:00,ab43b3c029d14d941319d1802764dcd4,2026-05-17T23:00:00Z,draftkings,DraftKings,player_points,Under,Erica Wheeler,10.5,-130,2026-05-17T19:38:55Z,Los Angeles Sparks,Toronto Tempo
2026-05-17T19:39:19.821001+00:00,ab43b3c029d14d941319d1802764dcd4,2026-05-17T23:00:00Z,draftkings,DraftKings,player_points,Over,Nyara Sabally,9.5,105,2026-05-17T19:38:55Z,Los Angeles Sparks,Toronto Tempo
2026-05-17T19:39:19.821001+00:00,ab43b3c029d14d941319d1802764dcd4,2026-05-17T23:00:00Z,draftkings,DraftKings,player_points,Under,Nyara Sabally,9.5,-135,2026-05-17T19:38:55Z,Los Angeles Sparks,Toronto Tempo
2026-05-17T19:39:19.821001+00:00,ab43b3c029d14d941319d1802764dcd4,2026-05-17T23:00:00Z,draftkings,DraftKings,player_points,Over,Cameron Brink,7.5,-105,2026-05-17T19:38:55Z,Los Angeles Sparks,Toronto Tempo
2026-05-17T19:39:19.821001+00:00,ab43b3c029d14d941319d1802764dcd4,2026-05-17T23:00:00Z,draftkings,DraftKings,player_points,Under,Cameron Brink,7.5,-125,2026-05-17T19:38:55Z,Los Angeles Sparks,Toronto Tempo
2026-05-17T19:39:19.821001+00:00,ab43b3c029d14d941319d1802764dcd4,2026-05-17T23:00:00Z,draftkings,DraftKings,player_points_rebounds_assists,Over,Kelsey Plum,30.5,-115,2026-05-17T19:39:21Z,Los Angeles Sparks,Toronto Tempo
2026-05-17T19:39:19.821001+00:00,ab43b3c029d14d941319d1802764dcd4,2026-05-17T23:00:00Z,draftkings,DraftKings,player_points_rebounds_assists,Under,Kelsey Plum,30.5,-115,2026-05-17T19:39:21Z,Los Angeles Sparks,Toronto Tempo
2026-05-17T19:39:19.821001+00:00,ab43b3c029d14d941319d1802764dcd4,2026-05-17T23:00:00Z,draftkings,DraftKings,player_points_rebounds_assists,Over,Dearica Hamby,27.5,-110,2026-05-17T19:39:21Z,Los Angeles Sparks,Toronto Tempo
2026-05-17T19:39:19.821001+00:00,ab43b3c029d14d941319d1802764dcd4,2026-05-17T23:00:00Z,draftkings,DraftKings,player_points_rebounds_assists,Under,Dearica Hamby,27.5,-120,2026-05-17T19:39:21Z,Los Angeles Sparks,Toronto Tempo
2026-05-17T19:39:19.821001+00:00,ab43b3c029d14d941319d1802764dcd4,2026-05-17T23:00:00Z,draftkings,DraftKings,player_points_rebounds_assists,Over,Brittney Sykes,27.5,110,2026-05-17T19:39:21Z,Los Angeles Sparks,Toronto Tempo
2026-05-17T19:39:19.821001+00:00,ab43b3c029d14d941319d1802764dcd4,2026-05-17T23:00:00Z,draftkings,DraftKings,player_points_rebounds_assists,Under,Brittney Sykes,27.5,-140,2026-05-17T19:39:21Z,Los Angeles Sparks,Toronto Tempo
2026-05-17T19:39:19.821001+00:00,ab43b3c029d14d941319d1802764dcd4,2026-05-17T23:00:00Z,draftkings,DraftKings,player_points_rebounds_assists,Over,Marina Mabrey,26.5,-120,2026-05-17T19:39:21Z,Los Angeles Sparks,Toronto Tempo
2026-05-17T19:39:19.821001+00:00,ab43b3c029d14d941319d1802764dcd4,2026-05-17T23:00:00Z,draftkings,DraftKings,player_points_rebounds_assists,Under,Marina Mabrey,26.5,-110,2026-05-17T19:39:21Z,Los Angeles Sparks,Toronto Tempo
2026-05-17T19:39:19.821001+00:00,ab43b3c029d14d941319d1802764dcd4,2026-05-17T23:00:00Z,draftkings,DraftKings,player_rebounds,Over,Dearica Hamby,7.5,100,2026-05-17T19:39:21Z,Los Angeles Sparks,Toronto Tempo
2026-05-17T19:39:19.821001+00:00,ab43b3c029d14d941319d1802764dcd4,2026-05-17T23:00:00Z,draftkings,DraftKings,player_rebounds,Under,Dearica Hamby,7.5,-130,2026-05-17T19:39:21Z,Los Angeles Sparks,Toronto Tempo
2026-05-17T19:39:19.821001+00:00,ab43b3c029d14d941319d1802764dcd4,2026-05-17T23:00:00Z,draftkings,DraftKings,player_rebounds,Over,Nneka Ogwumike,7.5,110,2026-05-17T19:39:21Z,Los Angeles Sparks,Toronto Tempo
2026-05-17T19:39:19.821001+00:00,ab43b3c029d14d941319d1802764dcd4,2026-05-17T23:00:00Z,draftkings,DraftKings,player_rebounds,Under,Nneka Ogwumike,7.5,-140,2026-05-17T19:39:21Z,Los Angeles Sparks,Toronto Tempo
2026-05-17T19:39:19.821001+00:00,ab43b3c029d14d941319d1802764dcd4,2026-05-17T23:00:00Z,draftkings,DraftKings,player_rebounds,Over,Nyara Sabally,6.5,-120,2026-05-17T19:39:21Z,Los Angeles Sparks,Toronto Tempo
2026-05-17T19:39:19.821001+00:00,ab43b3c029d14d941319d1802764dcd4,2026-05-17T23:00:00Z,draftkings,DraftKings,player_rebounds,Under,Nyara Sabally,6.5,-110,2026-05-17T19:39:21Z,Los Angeles Sparks,Toronto Tempo
2026-05-17T19:39:19.821001+00:00,ab43b3c029d14d941319d1802764dcd4,2026-05-17T23:00:00Z,draftkings,DraftKings,player_rebounds,Over,Brittney Sykes,4.5,130,2026-05-17T19:39:21Z,Los Angeles Sparks,Toronto Tempo
2026-05-17T19:39:19.821001+00:00,ab43b3c029d14d941319d1802764dcd4,2026-05-17T23:00:00Z,draftkings,DraftKings,player_rebounds,Under,Brittney Sykes,4.5,-166,2026-05-17T19:39:21Z,Los Angeles Sparks,Toronto Tempo
2026-05-17T19:39:19.821001+00:00,ab43b3c029d14d941319d1802764dcd4,2026-05-17T23:00:00Z,draftkings,DraftKings,player_rebounds,Over,Cameron Brink,4.5,130,2026-05-17T19:39:21Z,Los Angeles Sparks,Toronto Tempo
2026-05-17T19:39:19.821001+00:00,ab43b3c029d14d941319d1802764dcd4,2026-05-17T23:00:00Z,draftkings,DraftKings,player_rebounds,Under,Cameron Brink,4.5,-166,2026-05-17T19:39:21Z,Los Angeles Sparks,Toronto Tempo
2026-05-17T19:39:19.821001+00:00,ab43b3c029d14d941319d1802764dcd4,2026-05-17T23:00:00Z,draftkings,DraftKings,player_rebounds,Over,Marina Mabrey,3.5,-154,2026-05-17T19:39:21Z,Los Angeles Sparks,Toronto Tempo
2026-05-17T19:39:19.821001+00:00,ab43b3c029d14d941319d1802764dcd4,2026-05-17T23:00:00Z,draftkings,DraftKings,player_rebounds,Under,Marina Mabrey,3.5,120,2026-05-17T19:39:21Z,Los Angeles Sparks,Toronto Tempo
2026-05-17T19:39:19.821001+00:00,ab43b3c029d14d941319d1802764dcd4,2026-05-17T23:00:00Z,draftkings,DraftKings,player_rebounds,Over,Kelsey Plum,2.5,-140,2026-05-17T19:39:21Z,Los Angeles Sparks,Toronto Tempo
2026-05-17T19:39:19.821001+00:00,ab43b3c029d14d941319d1802764dcd4,2026-05-17T23:00:00Z,draftkings,DraftKings,player_rebounds,Under,Kelsey Plum,2.5,110,2026-05-17T19:39:21Z,Los Angeles Sparks,Toronto Tempo
2026-05-17T19:39:19.821001+00:00,ab43b3c029d14d941319d1802764dcd4,2026-05-17T23:00:00Z,draftkings,DraftKings,player_threes,Over,Marina Mabrey,2.5,-154,2026-05-17T19:39:21Z,Los Angeles Sparks,Toronto Tempo
2026-05-17T19:39:19.821001+00:00,ab43b3c029d14d941319d1802764dcd4,2026-05-17T23:00:00Z,draftkings,DraftKings,player_threes,Under,Marina Mabrey,2.5,120,2026-05-17T19:39:21Z,Los Angeles Sparks,Toronto Tempo
2026-05-17T19:39:19.821001+00:00,ab43b3c029d14d941319d1802764dcd4,2026-05-17T23:00:00Z,draftkings,DraftKings,player_threes,Over,Kelsey Plum,2.5,110,2026-05-17T19:39:21Z,Los Angeles Sparks,Toronto Tempo
2026-05-17T19:39:19.821001+00:00,ab43b3c029d14d941319d1802764dcd4,2026-05-17T23:00:00Z,draftkings,DraftKings,player_threes,Under,Kelsey Plum,2.5,-140,2026-05-17T19:39:21Z,Los Angeles Sparks,Toronto Tempo
2026-05-17T19:39:19.821001+00:00,ab43b3c029d14d941319d1802764dcd4,2026-05-17T23:00:00Z,draftkings,DraftKings,player_threes,Over,Erica Wheeler,1.5,100,2026-05-17T19:39:21Z,Los Angeles Sparks,Toronto Tempo
2026-05-17T19:39:19.821001+00:00,ab43b3c029d14d941319d1802764dcd4,2026-05-17T23:00:00Z,draftkings,DraftKings,player_threes,Under,Erica Wheeler,1.5,-130,2026-05-17T19:39:21Z,Los Angeles Sparks,Toronto Tempo
2026-05-17T19:39:19.821001+00:00,ab43b3c029d14d941319d1802764dcd4,2026-05-17T23:00:00Z,draftkings,DraftKings,player_threes,Over,Nneka Ogwumike,1.5,140,2026-05-17T19:39:21Z,Los Angeles Sparks,Toronto Tempo
2026-05-17T19:39:19.821001+00:00,ab43b3c029d14d941319d1802764dcd4,2026-05-17T23:00:00Z,draftkings,DraftKings,player_threes,Under,Nneka Ogwumike,1.5,-180,2026-05-17T19:39:21Z,Los Angeles Sparks,Toronto Tempo
2026-05-17T19:39:19.821001+00:00,ab43b3c029d14d941319d1802764dcd4,2026-05-17T23:00:00Z,draftkings,DraftKings,player_threes,Over,Brittney Sykes,1.5,145,2026-05-17T19:39:21Z,Los Angeles Sparks,Toronto Tempo
2026-05-17T19:39:19.821001+00:00,ab43b3c029d14d941319d1802764dcd4,2026-05-17T23:00:00Z,draftkings,DraftKings,player_threes,Under,Brittney Sykes,1.5,-188,2026-05-17T19:39:21Z,Los Angeles Sparks,Toronto Tempo
2026-05-17T19:39:19.821001+00:00,ab43b3c029d14d941319d1802764dcd4,2026-05-17T23:00:00Z,fanatics,Fanatics,player_double_double,Yes,Dearica Hamby,,330,2026-05-17T19:38:26Z,Los Angeles Sparks,Toronto Tempo
2026-05-17T19:39:19.821001+00:00,ab43b3c029d14d941319d1802764dcd4,2026-05-17T23:00:00Z,fanatics,Fanatics,player_double_double,Yes,Kelsey Plum,,1000,2026-05-17T19:38:26Z,Los Angeles Sparks,Toronto Tempo
2026-05-17T19:39:19.821001+00:00,ab43b3c029d14d941319d1802764dcd4,2026-05-17T23:00:00Z,fanatics,Fanatics,player_double_double,Yes,Brittney Sykes,,1300,2026-05-17T19:38:26Z,Los Angeles Sparks,Toronto Tempo
2026-05-17T19:39:19.821001+00:00,ab43b3c029d14d941319d1802764dcd4,2026-05-17T23:00:00Z,fanatics,Fanatics,player_double_double,Yes,Marina Mabrey,,3500,2026-05-17T19:38:26Z,Los Angeles Sparks,Toronto Tempo
2026-05-17T19:39:19.821001+00:00,ab43b3c029d14d941319d1802764dcd4,2026-05-17T23:00:00Z,fanduel,FanDuel,player_assists,Over,Brittney Sykes,4.5,-140,2026-05-17T19:38:48Z,Los Angeles Sparks,Toronto Tempo
2026-05-17T19:39:19.821001+00:00,ab43b3c029d14d941319d1802764dcd4,2026-05-17T23:00:00Z,fanduel,FanDuel,player_assists,Under,Brittney Sykes,4.5,106,2026-05-17T19:38:48Z,Los Angeles Sparks,Toronto Tempo
2026-05-17T19:39:19.821001+00:00,ab43b3c029d14d941319d1802764dcd4,2026-05-17T23:00:00Z,fanduel,FanDuel,player_assists,Over,Erica Wheeler,4.5,-112,2026-05-17T19:38:48Z,Los Angeles Sparks,Toronto Tempo
2026-05-17T19:39:19.821001+00:00,ab43b3c029d14d941319d1802764dcd4,2026-05-17T23:00:00Z,fanduel,FanDuel,player_assists,Under,Erica Wheeler,4.5,-118,2026-05-17T19:38:48Z,Los Angeles Sparks,Toronto Tempo
2026-05-17T19:39:19.821001+00:00,ab43b3c029d14d941319d1802764dcd4,2026-05-17T23:00:00Z,fanduel,FanDuel,player_assists,Over,Dearica Hamby,3.5,134,2026-05-17T19:38:48Z,Los Angeles Sparks,Toronto Tempo
2026-05-17T19:39:19.821001+00:00,ab43b3c029d14d941319d1802764dcd4,2026-05-17T23:00:00Z,fanduel,FanDuel,player_assists,Under,Dearica Hamby,3.5,-180,2026-05-17T19:38:48Z,Los Angeles Sparks,Toronto Tempo
2026-05-17T19:39:19.821001+00:00,ab43b3c029d14d941319d1802764dcd4,2026-05-17T23:00:00Z,fanduel,FanDuel,player_assists,Over,Kelsey Plum,5.5,-118,2026-05-17T19:38:48Z,Los Angeles Sparks,Toronto Tempo
2026-05-17T19:39:19.821001+00:00,ab43b3c029d14d941319d1802764dcd4,2026-05-17T23:00:00Z,fanduel,FanDuel,player_assists,Under,Kelsey Plum,5.5,-112,2026-05-17T19:38:48Z,Los Angeles Sparks,Toronto Tempo
2026-05-17T19:39:19.821001+00:00,ab43b3c029d14d941319d1802764dcd4,2026-05-17T23:00:00Z,fanduel,FanDuel,player_double_double,Yes,Dearica Hamby,,280,2026-05-17T19:38:48Z,Los Angeles Sparks,Toronto Tempo
2026-05-17T19:39:19.821001+00:00,ab43b3c029d14d941319d1802764dcd4,2026-05-17T23:00:00Z,fanduel,FanDuel,player_double_double,Yes,Nneka Ogwumike,,300,2026-05-17T19:38:48Z,Los Angeles Sparks,Toronto Tempo
2026-05-17T19:39:19.821001+00:00,ab43b3c029d14d941319d1802764dcd4,2026-05-17T23:00:00Z,fanduel,FanDuel,player_double_double,Yes,Nyara Sabally,,750,2026-05-17T19:38:48Z,Los Angeles Sparks,Toronto Tempo
2026-05-17T19:39:19.821001+00:00,ab43b3c029d14d941319d1802764dcd4,2026-05-17T23:00:00Z,fanduel,FanDuel,player_double_double,Yes,Kelsey Plum,,1000,2026-05-17T19:38:48Z,Los Angeles Sparks,Toronto Tempo
2026-05-17T19:39:19.821001+00:00,ab43b3c029d14d941319d1802764dcd4,2026-05-17T23:00:00Z,fanduel,FanDuel,player_double_double,Yes,Brittney Sykes,,1300,2026-05-17T19:38:48Z,Los Angeles Sparks,Toronto Tempo
2026-05-17T19:39:19.821001+00:00,ab43b3c029d14d941319d1802764dcd4,2026-05-17T23:00:00Z,fanduel,FanDuel,player_points,Over,Brittney Sykes,17.5,-120,2026-05-17T19:38:48Z,Los Angeles Sparks,Toronto Tempo
2026-05-17T19:39:19.821001+00:00,ab43b3c029d14d941319d1802764dcd4,2026-05-17T23:00:00Z,fanduel,FanDuel,player_points,Under,Brittney Sykes,17.5,-108,2026-05-17T19:38:48Z,Los Angeles Sparks,Toronto Tempo
2026-05-17T19:39:19.821001+00:00,ab43b3c029d14d941319d1802764dcd4,2026-05-17T23:00:00Z,fanduel,FanDuel,player_points,Over,Erica Wheeler,9.5,-125,2026-05-17T19:38:48Z,Los Angeles Sparks,Toronto Tempo
2026-05-17T19:39:19.821001+00:00,ab43b3c029d14d941319d1802764dcd4,2026-05-17T23:00:00Z,fanduel,FanDuel,player_points,Under,Erica Wheeler,9.5,-104,2026-05-17T19:38:48Z,Los Angeles Sparks,Toronto Tempo
2026-05-17T19:39:19.821001+00:00,ab43b3c029d14d941319d1802764dcd4,2026-05-17T23:00:00Z,fanduel,FanDuel,player_points,Over,Marina Mabrey,19.5,-106,2026-05-17T19:38:48Z,Los Angeles Sparks,Toronto Tempo
2026-05-17T19:39:19.821001+00:00,ab43b3c029d14d941319d1802764dcd4,2026-05-17T23:00:00Z,fanduel,FanDuel,player_points,Under,Marina Mabrey,19.5,-122,2026-05-17T19:38:48Z,Los Angeles Sparks,Toronto Tempo
2026-05-17T19:39:19.821001+00:00,ab43b3c029d14d941319d1802764dcd4,2026-05-17T23:00:00Z,fanduel,FanDuel,player_points,Over,Kelsey Plum,21.5,-118,2026-05-17T19:38:48Z,Los Angeles Sparks,Toronto Tempo
2026-05-17T19:39:19.821001+00:00,ab43b3c029d14d941319d1802764dcd4,2026-05-17T23:00:00Z,fanduel,FanDuel,player_points,Under,Kelsey Plum,21.5,-110,2026-05-17T19:38:48Z,Los Angeles Sparks,Toronto Tempo
2026-05-17T19:39:19.821001+00:00,ab43b3c029d14d941319d1802764dcd4,2026-05-17T23:00:00Z,fanduel,FanDuel,player_points,Over,Dearica Hamby,16.5,-110,2026-05-17T19:38:48Z,Los Angeles Sparks,Toronto Tempo
2026-05-17T19:39:19.821001+00:00,ab43b3c029d14d941319d1802764dcd4,2026-05-17T23:00:00Z,fanduel,FanDuel,player_points,Under,Dearica Hamby,16.5,-118,2026-05-17T19:38:48Z,Los Angeles Sparks,Toronto Tempo
2026-05-17T19:39:19.821001+00:00,ab43b3c029d14d941319d1802764dcd4,2026-05-17T23:00:00Z,fanduel,FanDuel,player_points,Over,Nneka Ogwumike,17.5,-120,2026-05-17T19:38:48Z,Los Angeles Sparks,Toronto Tempo
2026-05-17T19:39:19.821001+00:00,ab43b3c029d14d941319d1802764dcd4,2026-05-17T23:00:00Z,fanduel,FanDuel,player_points,Under,Nneka Ogwumike,17.5,-108,2026-05-17T19:38:48Z,Los Angeles Sparks,Toronto Tempo
2026-05-17T19:39:19.821001+00:00,ab43b3c029d14d941319d1802764dcd4,2026-05-17T23:00:00Z,fanduel,FanDuel,player_points,Over,Cameron Brink,7.5,-104,2026-05-17T19:38:48Z,Los Angeles Sparks,Toronto Tempo
2026-05-17T19:39:19.821001+00:00,ab43b3c029d14d941319d1802764dcd4,2026-05-17T23:00:00Z,fanduel,FanDuel,player_points,Under,Cameron Brink,7.5,-125,2026-05-17T19:38:48Z,Los Angeles Sparks,Toronto Tempo
2026-05-17T19:39:19.821001+00:00,ab43b3c029d14d941319d1802764dcd4,2026-05-17T23:00:00Z,fanduel,FanDuel,player_points_assists,Over,Erica Wheeler,14.5,-114,2026-05-17T19:38:48Z,Los Angeles Sparks,Toronto Tempo
2026-05-17T19:39:19.821001+00:00,ab43b3c029d14d941319d1802764dcd4,2026-05-17T23:00:00Z,fanduel,FanDuel,player_points_assists,Under,Erica Wheeler,14.5,-114,2026-05-17T19:38:48Z,Los Angeles Sparks,Toronto Tempo
2026-05-17T19:39:19.821001+00:00,ab43b3c029d14d941319d1802764dcd4,2026-05-17T23:00:00Z,fanduel,FanDuel,player_points_assists,Over,Marina Mabrey,22.5,-110,2026-05-17T19:38:48Z,Los Angeles Sparks,Toronto Tempo
2026-05-17T19:39:19.821001+00:00,ab43b3c029d14d941319d1802764dcd4,2026-05-17T23:00:00Z,fanduel,FanDuel,player_points_assists,Under,Marina Mabrey,22.5,-120,2026-05-17T19:38:48Z,Los Angeles Sparks,Toronto Tempo
2026-05-17T19:39:19.821001+00:00,ab43b3c029d14d941319d1802764dcd4,2026-05-17T23:00:00Z,fanduel,FanDuel,player_points_assists,Over,Brittney Sykes,22.5,-125,2026-05-17T19:38:48Z,Los Angeles Sparks,Toronto Tempo
2026-05-17T19:39:19.821001+00:00,ab43b3c029d14d941319d1802764dcd4,2026-05-17T23:00:00Z,fanduel,FanDuel,player_points_assists,Under,Brittney Sykes,22.5,-106,2026-05-17T19:38:48Z,Los Angeles Sparks,Toronto Tempo
2026-05-17T19:39:19.821001+00:00,ab43b3c029d14d941319d1802764dcd4,2026-05-17T23:00:00Z,fanduel,FanDuel,player_points_assists,Over,Kelsey Plum,27.5,-112,2026-05-17T19:38:48Z,Los Angeles Sparks,Toronto Tempo
2026-05-17T19:39:19.821001+00:00,ab43b3c029d14d941319d1802764dcd4,2026-05-17T23:00:00Z,fanduel,FanDuel,player_points_assists,Under,Kelsey Plum,27.5,-118,2026-05-17T19:38:48Z,Los Angeles Sparks,Toronto Tempo
2026-05-17T19:39:19.821001+00:00,ab43b3c029d14d941319d1802764dcd4,2026-05-17T23:00:00Z,fanduel,FanDuel,player_points_assists,Over,Dearica Hamby,19.5,-118,2026-05-17T19:38:48Z,Los Angeles Sparks,Toronto Tempo
2026-05-17T19:39:19.821001+00:00,ab43b3c029d14d941319d1802764dcd4,2026-05-17T23:00:00Z,fanduel,FanDuel,player_points_assists,Under,Dearica Hamby,19.5,-112,2026-05-17T19:38:48Z,Los Angeles Sparks,Toronto Tempo
2026-05-17T19:39:19.821001+00:00,ab43b3c029d14d941319d1802764dcd4,2026-05-17T23:00:00Z,fanduel,FanDuel,player_points_rebounds,Over,Nneka Ogwumike,25.5,-104,2026-05-17T19:38:48Z,Los Angeles Sparks,Toronto Tempo
2026-05-17T19:39:19.821001+00:00,ab43b3c029d14d941319d1802764dcd4,2026-05-17T23:00:00Z,fanduel,FanDuel,player_points_rebounds,Under,Nneka Ogwumike,25.5,-128,2026-05-17T19:38:48Z,Los Angeles Sparks,Toronto Tempo
2026-05-17T19:39:19.821001+00:00,ab43b3c029d14d941319d1802764dcd4,2026-05-17T23:00:00Z,fanduel,FanDuel,player_points_rebounds,Over,Marina Mabrey,23.5,-110,2026-05-17T19:38:48Z,Los Angeles Sparks,Toronto Tempo
2026-05-17T19:39:19.821001+00:00,ab43b3c029d14d941319d1802764dcd4,2026-05-17T23:00:00Z,fanduel,FanDuel,player_points_rebounds,Under,Marina Mabrey,23.5,-120,2026-05-17T19:38:48Z,Los Angeles Sparks,Toronto Tempo
2026-05-17T19:39:19.821001+00:00,ab43b3c029d14d941319d1802764dcd4,2026-05-17T23:00:00Z,fanduel,FanDuel,player_points_rebounds,Over,Brittney Sykes,21.5,-130,2026-05-17T19:38:48Z,Los Angeles Sparks,Toronto Tempo
2026-05-17T19:39:19.821001+00:00,ab43b3c029d14d941319d1802764dcd4,2026-05-17T23:00:00Z,fanduel,FanDuel,player_points_rebounds,Under,Brittney Sykes,21.5,-102,2026-05-17T19:38:48Z,Los Angeles Sparks,Toronto Tempo
2026-05-17T19:39:19.821001+00:00,ab43b3c029d14d941319d1802764dcd4,2026-05-17T23:00:00Z,fanduel,FanDuel,player_points_rebounds,Over,Dearica Hamby,23.5,-125,2026-05-17T19:38:48Z,Los Angeles Sparks,Toronto Tempo
2026-05-17T19:39:19.821001+00:00,ab43b3c029d14d941319d1802764dcd4,2026-05-17T23:00:00Z,fanduel,FanDuel,player_points_rebounds,Under,Dearica Hamby,23.5,-106,2026-05-17T19:38:48Z,Los Angeles Sparks,Toronto Tempo
2026-05-17T19:39:19.821001+00:00,ab43b3c029d14d941319d1802764dcd4,2026-05-17T23:00:00Z,fanduel,FanDuel,player_points_rebounds,Over,Kelsey Plum,24.5,-118,2026-05-17T19:38:48Z,Los Angeles Sparks,Toronto Tempo
2026-05-17T19:39:19.821001+00:00,ab43b3c029d14d941319d1802764dcd4,2026-05-17T23:00:00Z,fanduel,FanDuel,player_points_rebounds,Under,Kelsey Plum,24.5,-112,2026-05-17T19:38:48Z,Los Angeles Sparks,Toronto Tempo
2026-05-17T19:39:19.821001+00:00,ab43b3c029d14d941319d1802764dcd4,2026-05-17T23:00:00Z,fanduel,FanDuel,player_points_rebounds,Over,Cameron Brink,11.5,-114,2026-05-17T19:38:48Z,Los Angeles Sparks,Toronto Tempo
2026-05-17T19:39:19.821001+00:00,ab43b3c029d14d941319d1802764dcd4,2026-05-17T23:00:00Z,fanduel,FanDuel,player_points_rebounds,Under,Cameron Brink,11.5,-114,2026-05-17T19:38:48Z,Los Angeles Sparks,Toronto Tempo
2026-05-17T19:39:19.821001+00:00,ab43b3c029d14d941319d1802764dcd4,2026-05-17T23:00:00Z,fanduel,FanDuel,player_points_rebounds_assists,Over,Marina Mabrey,26.5,-114,2026-05-17T19:38:48Z,Los Angeles Sparks,Toronto Tempo
2026-05-17T19:39:19.821001+00:00,ab43b3c029d14d941319d1802764dcd4,2026-05-17T23:00:00Z,fanduel,FanDuel,player_points_rebounds_assists,Under,Marina Mabrey,26.5,-114,2026-05-17T19:38:48Z,Los Angeles Sparks,Toronto Tempo
2026-05-17T19:39:19.821001+00:00,ab43b3c029d14d941319d1802764dcd4,2026-05-17T23:00:00Z,fanduel,FanDuel,player_points_rebounds_assists,Over,Brittney Sykes,27.5,-102,2026-05-17T19:38:48Z,Los Angeles Sparks,Toronto Tempo
2026-05-17T19:39:19.821001+00:00,ab43b3c029d14d941319d1802764dcd4,2026-05-17T23:00:00Z,fanduel,FanDuel,player_points_rebounds_assists,Under,Brittney Sykes,27.5,-130,2026-05-17T19:38:48Z,Los Angeles Sparks,Toronto Tempo
2026-05-17T19:39:19.821001+00:00,ab43b3c029d14d941319d1802764dcd4,2026-05-17T23:00:00Z,fanduel,FanDuel,player_points_rebounds_assists,Over,Dearica Hamby,27.5,-102,2026-05-17T19:38:48Z,Los Angeles Sparks,Toronto Tempo
2026-05-17T19:39:19.821001+00:00,ab43b3c029d14d941319d1802764dcd4,2026-05-17T23:00:00Z,fanduel,FanDuel,player_points_rebounds_assists,Under,Dearica Hamby,27.5,-130,2026-05-17T19:38:48Z,Los Angeles Sparks,Toronto Tempo
2026-05-17T19:39:19.821001+00:00,ab43b3c029d14d941319d1802764dcd4,2026-05-17T23:00:00Z,fanduel,FanDuel,player_points_rebounds_assists,Over,Kelsey Plum,30.5,-112,2026-05-17T19:38:48Z,Los Angeles Sparks,Toronto Tempo
2026-05-17T19:39:19.821001+00:00,ab43b3c029d14d941319d1802764dcd4,2026-05-17T23:00:00Z,fanduel,FanDuel,player_points_rebounds_assists,Under,Kelsey Plum,30.5,-118,2026-05-17T19:38:48Z,Los Angeles Sparks,Toronto Tempo
2026-05-17T19:39:19.821001+00:00,ab43b3c029d14d941319d1802764dcd4,2026-05-17T23:00:00Z,fanduel,FanDuel,player_rebounds,Over,Brittney Sykes,4.5,128,2026-05-17T19:38:48Z,Los Angeles Sparks,Toronto Tempo
2026-05-17T19:39:19.821001+00:00,ab43b3c029d14d941319d1802764dcd4,2026-05-17T23:00:00Z,fanduel,FanDuel,player_rebounds,Under,Brittney Sykes,4.5,-172,2026-05-17T19:38:48Z,Los Angeles Sparks,Toronto Tempo
2026-05-17T19:39:19.821001+00:00,ab43b3c029d14d941319d1802764dcd4,2026-05-17T23:00:00Z,fanduel,FanDuel,player_rebounds,Over,Marina Mabrey,3.5,-162,2026-05-17T19:38:48Z,Los Angeles Sparks,Toronto Tempo
2026-05-17T19:39:19.821001+00:00,ab43b3c029d14d941319d1802764dcd4,2026-05-17T23:00:00Z,fanduel,FanDuel,player_rebounds,Under,Marina Mabrey,3.5,122,2026-05-17T19:38:48Z,Los Angeles Sparks,Toronto Tempo
2026-05-17T19:39:19.821001+00:00,ab43b3c029d14d941319d1802764dcd4,2026-05-17T23:00:00Z,fanduel,FanDuel,player_rebounds,Over,Dearica Hamby,7.5,104,2026-05-17T19:38:48Z,Los Angeles Sparks,Toronto Tempo
2026-05-17T19:39:19.821001+00:00,ab43b3c029d14d941319d1802764dcd4,2026-05-17T23:00:00Z,fanduel,FanDuel,player_rebounds,Under,Dearica Hamby,7.5,-138,2026-05-17T19:38:48Z,Los Angeles Sparks,Toronto Tempo
2026-05-17T19:39:19.821001+00:00,ab43b3c029d14d941319d1802764dcd4,2026-05-17T23:00:00Z,fanduel,FanDuel,player_rebounds,Over,Nyara Sabally,6.5,-102,2026-05-17T19:38:48Z,Los Angeles Sparks,Toronto Tempo
2026-05-17T19:39:19.821001+00:00,ab43b3c029d14d941319d1802764dcd4,2026-05-17T23:00:00Z,fanduel,FanDuel,player_rebounds,Under,Nyara Sabally,6.5,-130,2026-05-17T19:38:48Z,Los Angeles Sparks,Toronto Tempo
2026-05-17T19:39:19.821001+00:00,ab43b3c029d14d941319d1802764dcd4,2026-05-17T23:00:00Z,fanduel,FanDuel,player_rebounds,Over,Kelsey Plum,2.5,-154,2026-05-17T19:38:48Z,Los Angeles Sparks,Toronto Tempo
2026-05-17T19:39:19.821001+00:00,ab43b3c029d14d941319d1802764dcd4,2026-05-17T23:00:00Z,fanduel,FanDuel,player_rebounds,Under,Kelsey Plum,2.5,116,2026-05-17T19:38:48Z,Los Angeles Sparks,Toronto Tempo
2026-05-17T19:39:19.821001+00:00,ab43b3c029d14d941319d1802764dcd4,2026-05-17T23:00:00Z,fanduel,FanDuel,player_rebounds,Over,Nneka Ogwumike,7.5,110,2026-05-17T19:38:48Z,Los Angeles Sparks,Toronto Tempo
2026-05-17T19:39:19.821001+00:00,ab43b3c029d14d941319d1802764dcd4,2026-05-17T23:00:00Z,fanduel,FanDuel,player_rebounds,Under,Nneka Ogwumike,7.5,-146,2026-05-17T19:38:48Z,Los Angeles Sparks,Toronto Tempo
2026-05-17T19:39:19.821001+00:00,ab43b3c029d14d941319d1802764dcd4,2026-05-17T23:00:00Z,fanduel,FanDuel,player_rebounds,Over,Cameron Brink,3.5,-162,2026-05-17T19:38:48Z,Los Angeles Sparks,Toronto Tempo
2026-05-17T19:39:19.821001+00:00,ab43b3c029d14d941319d1802764dcd4,2026-05-17T23:00:00Z,fanduel,FanDuel,player_rebounds,Under,Cameron Brink,3.5,122,2026-05-17T19:38:48Z,Los Angeles Sparks,Toronto Tempo
2026-05-17T19:39:19.821001+00:00,ab43b3c029d14d941319d1802764dcd4,2026-05-17T23:00:00Z,fanduel,FanDuel,player_rebounds_assists,Over,Brittney Sykes,8.5,-152,2026-05-17T19:38:48Z,Los Angeles Sparks,Toronto Tempo
2026-05-17T19:39:19.821001+00:00,ab43b3c029d14d941319d1802764dcd4,2026-05-17T23:00:00Z,fanduel,FanDuel,player_rebounds_assists,Under,Brittney Sykes,8.5,114,2026-05-17T19:38:48Z,Los Angeles Sparks,Toronto Tempo
2026-05-17T19:39:19.821001+00:00,ab43b3c029d14d941319d1802764dcd4,2026-05-17T23:00:00Z,fanduel,FanDuel,player_rebounds_assists,Over,Dearica Hamby,10.5,-112,2026-05-17T19:38:48Z,Los Angeles Sparks,Toronto Tempo
2026-05-17T19:39:19.821001+00:00,ab43b3c029d14d941319d1802764dcd4,2026-05-17T23:00:00Z,fanduel,FanDuel,player_rebounds_assists,Under,Dearica Hamby,10.5,-118,2026-05-17T19:38:48Z,Los Angeles Sparks,Toronto Tempo
2026-05-17T19:39:19.821001+00:00,ab43b3c029d14d941319d1802764dcd4,2026-05-17T23:00:00Z,fanduel,FanDuel,player_threes,Over,Brittney Sykes,1.5,148,2026-05-17T19:38:48Z,Los Angeles Sparks,Toronto Tempo
2026-05-17T19:39:19.821001+00:00,ab43b3c029d14d941319d1802764dcd4,2026-05-17T23:00:00Z,fanduel,FanDuel,player_threes,Under,Brittney Sykes,1.5,-200,2026-05-17T19:38:48Z,Los Angeles Sparks,Toronto Tempo
2026-05-17T19:39:19.821001+00:00,ab43b3c029d14d941319d1802764dcd4,2026-05-17T23:00:00Z,fanduel,FanDuel,player_threes,Over,Erica Wheeler,1.5,110,2026-05-17T19:38:48Z,Los Angeles Sparks,Toronto Tempo
2026-05-17T19:39:19.821001+00:00,ab43b3c029d14d941319d1802764dcd4,2026-05-17T23:00:00Z,fanduel,FanDuel,player_threes,Under,Erica Wheeler,1.5,-146,2026-05-17T19:38:48Z,Los Angeles Sparks,Toronto Tempo
2026-05-17T19:39:19.821001+00:00,ab43b3c029d14d941319d1802764dcd4,2026-05-17T23:00:00Z,fanduel,FanDuel,player_threes,Over,Marina Mabrey,2.5,-154,2026-05-17T19:38:48Z,Los Angeles Sparks,Toronto Tempo
2026-05-17T19:39:19.821001+00:00,ab43b3c029d14d941319d1802764dcd4,2026-05-17T23:00:00Z,fanduel,FanDuel,player_threes,Under,Marina Mabrey,2.5,116,2026-05-17T19:38:48Z,Los Angeles Sparks,Toronto Tempo
2026-05-17T19:39:19.821001+00:00,ab43b3c029d14d941319d1802764dcd4,2026-05-17T23:00:00Z,fanduel,FanDuel,player_threes,Over,Kelsey Plum,2.5,106,2026-05-17T19:38:48Z,Los Angeles Sparks,Toronto Tempo
2026-05-17T19:39:19.821001+00:00,ab43b3c029d14d941319d1802764dcd4,2026-05-17T23:00:00Z,fanduel,FanDuel,player_threes,Under,Kelsey Plum,2.5,-140,2026-05-17T19:38:48Z,Los Angeles Sparks,Toronto Tempo
2026-05-17T19:39:19.821001+00:00,ab43b3c029d14d941319d1802764dcd4,2026-05-17T23:00:00Z,fanduel,FanDuel,player_threes,Over,Nneka Ogwumike,1.5,136,2026-05-17T19:38:48Z,Los Angeles Sparks,Toronto Tempo
2026-05-17T19:39:19.821001+00:00,ab43b3c029d14d941319d1802764dcd4,2026-05-17T23:00:00Z,fanduel,FanDuel,player_threes,Under,Nneka Ogwumike,1.5,-182,2026-05-17T19:38:48Z,Los Angeles Sparks,Toronto Tempo
2026-05-17T19:39:19.821001+00:00,ab43b3c029d14d941319d1802764dcd4,2026-05-17T23:00:00Z,williamhill_us,Caesars,player_assists,Over,Marina Mabrey,3.5,130,2026-05-17T19:38:09Z,Los Angeles Sparks,Toronto Tempo
2026-05-17T19:39:19.821001+00:00,ab43b3c029d14d941319d1802764dcd4,2026-05-17T23:00:00Z,williamhill_us,Caesars,player_assists,Under,Marina Mabrey,3.5,-180,2026-05-17T19:38:09Z,Los Angeles Sparks,Toronto Tempo
2026-05-17T19:39:19.821001+00:00,ab43b3c029d14d941319d1802764dcd4,2026-05-17T23:00:00Z,williamhill_us,Caesars,player_assists,Over,Brittney Sykes,4.5,-165,2026-05-17T19:38:09Z,Los Angeles Sparks,Toronto Tempo
2026-05-17T19:39:19.821001+00:00,ab43b3c029d14d941319d1802764dcd4,2026-05-17T23:00:00Z,williamhill_us,Caesars,player_assists,Under,Brittney Sykes,4.5,112,2026-05-17T19:38:09Z,Los Angeles Sparks,Toronto Tempo
2026-05-17T19:39:19.821001+00:00,ab43b3c029d14d941319d1802764dcd4,2026-05-17T23:00:00Z,williamhill_us,Caesars,player_assists,Over,Dearica Hamby,3.5,150,2026-05-17T19:38:09Z,Los Angeles Sparks,Toronto Tempo
2026-05-17T19:39:19.821001+00:00,ab43b3c029d14d941319d1802764dcd4,2026-05-17T23:00:00Z,williamhill_us,Caesars,player_assists,Under,Dearica Hamby,3.5,-200,2026-05-17T19:38:09Z,Los Angeles Sparks,Toronto Tempo
2026-05-17T19:39:19.821001+00:00,ab43b3c029d14d941319d1802764dcd4,2026-05-17T23:00:00Z,williamhill_us,Caesars,player_assists,Over,Erica Wheeler,4.5,-111,2026-05-17T19:38:09Z,Los Angeles Sparks,Toronto Tempo
2026-05-17T19:39:19.821001+00:00,ab43b3c029d14d941319d1802764dcd4,2026-05-17T23:00:00Z,williamhill_us,Caesars,player_assists,Under,Erica Wheeler,4.5,-120,2026-05-17T19:38:09Z,Los Angeles Sparks,Toronto Tempo
2026-05-17T19:39:19.821001+00:00,ab43b3c029d14d941319d1802764dcd4,2026-05-17T23:00:00Z,williamhill_us,Caesars,player_assists,Over,Kelsey Plum,5.5,-115,2026-05-17T19:38:09Z,Los Angeles Sparks,Toronto Tempo
2026-05-17T19:39:19.821001+00:00,ab43b3c029d14d941319d1802764dcd4,2026-05-17T23:00:00Z,williamhill_us,Caesars,player_assists,Under,Kelsey Plum,5.5,-115,2026-05-17T19:38:09Z,Los Angeles Sparks,Toronto Tempo
2026-05-17T19:39:19.821001+00:00,ab43b3c029d14d941319d1802764dcd4,2026-05-17T23:00:00Z,williamhill_us,Caesars,player_double_double,Yes,Dearica Hamby,,280,2026-05-17T19:38:09Z,Los Angeles Sparks,Toronto Tempo
2026-05-17T19:39:19.821001+00:00,ab43b3c029d14d941319d1802764dcd4,2026-05-17T23:00:00Z,williamhill_us,Caesars,player_double_double,Yes,Nneka Ogwumike,,285,2026-05-17T19:38:09Z,Los Angeles Sparks,Toronto Tempo
2026-05-17T19:39:19.821001+00:00,ab43b3c029d14d941319d1802764dcd4,2026-05-17T23:00:00Z,williamhill_us,Caesars,player_double_double,Yes,Nyara Sabally,,800,2026-05-17T19:38:09Z,Los Angeles Sparks,Toronto Tempo
2026-05-17T19:39:19.821001+00:00,ab43b3c029d14d941319d1802764dcd4,2026-05-17T23:00:00Z,williamhill_us,Caesars,player_double_double,Yes,Kelsey Plum,,900,2026-05-17T19:38:09Z,Los Angeles Sparks,Toronto Tempo
2026-05-17T19:39:19.821001+00:00,ab43b3c029d14d941319d1802764dcd4,2026-05-17T23:00:00Z,williamhill_us,Caesars,player_double_double,Yes,Brittney Sykes,,1700,2026-05-17T19:38:09Z,Los Angeles Sparks,Toronto Tempo
2026-05-17T19:39:19.821001+00:00,ab43b3c029d14d941319d1802764dcd4,2026-05-17T23:00:00Z,williamhill_us,Caesars,player_points,Over,Nneka Ogwumike,17.5,-125,2026-05-17T19:38:09Z,Los Angeles Sparks,Toronto Tempo
2026-05-17T19:39:19.821001+00:00,ab43b3c029d14d941319d1802764dcd4,2026-05-17T23:00:00Z,williamhill_us,Caesars,player_points,Under,Nneka Ogwumike,17.5,-107,2026-05-17T19:38:09Z,Los Angeles Sparks,Toronto Tempo
2026-05-17T19:39:19.821001+00:00,ab43b3c029d14d941319d1802764dcd4,2026-05-17T23:00:00Z,williamhill_us,Caesars,player_points,Over,Marina Mabrey,19.5,-107,2026-05-17T19:38:09Z,Los Angeles Sparks,Toronto Tempo
2026-05-17T19:39:19.821001+00:00,ab43b3c029d14d941319d1802764dcd4,2026-05-17T23:00:00Z,williamhill_us,Caesars,player_points,Under,Marina Mabrey,19.5,-125,2026-05-17T19:38:09Z,Los Angeles Sparks,Toronto Tempo
2026-05-17T19:39:19.821001+00:00,ab43b3c029d14d941319d1802764dcd4,2026-05-17T23:00:00Z,williamhill_us,Caesars,player_points,Over,Erica Wheeler,9.5,-137,2026-05-17T19:38:09Z,Los Angeles Sparks,Toronto Tempo
2026-05-17T19:39:19.821001+00:00,ab43b3c029d14d941319d1802764dcd4,2026-05-17T23:00:00Z,williamhill_us,Caesars,player_points,Under,Erica Wheeler,9.5,105,2026-05-17T19:38:09Z,Los Angeles Sparks,Toronto Tempo
2026-05-17T19:39:19.821001+00:00,ab43b3c029d14d941319d1802764dcd4,2026-05-17T23:00:00Z,williamhill_us,Caesars,player_points,Over,Dearica Hamby,16.5,-118,2026-05-17T19:38:09Z,Los Angeles Sparks,Toronto Tempo
2026-05-17T19:39:19.821001+00:00,ab43b3c029d14d941319d1802764dcd4,2026-05-17T23:00:00Z,williamhill_us,Caesars,player_points,Under,Dearica Hamby,16.5,-113,2026-05-17T19:38:09Z,Los Angeles Sparks,Toronto Tempo
2026-05-17T19:39:19.821001+00:00,ab43b3c029d14d941319d1802764dcd4,2026-05-17T23:00:00Z,williamhill_us,Caesars,player_points,Over,Brittney Sykes,17.5,-125,2026-05-17T19:38:09Z,Los Angeles Sparks,Toronto Tempo
2026-05-17T19:39:19.821001+00:00,ab43b3c029d14d941319d1802764dcd4,2026-05-17T23:00:00Z,williamhill_us,Caesars,player_points,Under,Brittney Sykes,17.5,-107,2026-05-17T19:38:09Z,Los Angeles Sparks,Toronto Tempo
2026-05-17T19:39:19.821001+00:00,ab43b3c029d14d941319d1802764dcd4,2026-05-17T23:00:00Z,williamhill_us,Caesars,player_points,Over,Nyara Sabally,9.5,107,2026-05-17T19:38:09Z,Los Angeles Sparks,Toronto Tempo
2026-05-17T19:39:19.821001+00:00,ab43b3c029d14d941319d1802764dcd4,2026-05-17T23:00:00Z,williamhill_us,Caesars,player_points,Under,Nyara Sabally,9.5,-145,2026-05-17T19:38:09Z,Los Angeles Sparks,Toronto Tempo
2026-05-17T19:39:19.821001+00:00,ab43b3c029d14d941319d1802764dcd4,2026-05-17T23:00:00Z,williamhill_us,Caesars,player_points,Over,Kelsey Plum,21.5,-118,2026-05-17T19:38:09Z,Los Angeles Sparks,Toronto Tempo
2026-05-17T19:39:19.821001+00:00,ab43b3c029d14d941319d1802764dcd4,2026-05-17T23:00:00Z,williamhill_us,Caesars,player_points,Under,Kelsey Plum,21.5,-113,2026-05-17T19:38:09Z,Los Angeles Sparks,Toronto Tempo
2026-05-17T19:39:19.821001+00:00,ab43b3c029d14d941319d1802764dcd4,2026-05-17T23:00:00Z,williamhill_us,Caesars,player_points,Over,Cameron Brink,7.5,-102,2026-05-17T19:38:09Z,Los Angeles Sparks,Toronto Tempo
2026-05-17T19:39:19.821001+00:00,ab43b3c029d14d941319d1802764dcd4,2026-05-17T23:00:00Z,williamhill_us,Caesars,player_points,Under,Cameron Brink,7.5,-128,2026-05-17T19:38:09Z,Los Angeles Sparks,Toronto Tempo
2026-05-17T19:39:19.821001+00:00,ab43b3c029d14d941319d1802764dcd4,2026-05-17T23:00:00Z,williamhill_us,Caesars,player_rebounds,Over,Cameron Brink,3.5,-175,2026-05-17T19:38:09Z,Los Angeles Sparks,Toronto Tempo
2026-05-17T19:39:19.821001+00:00,ab43b3c029d14d941319d1802764dcd4,2026-05-17T23:00:00Z,williamhill_us,Caesars,player_rebounds,Under,Cameron Brink,3.5,122,2026-05-17T19:38:09Z,Los Angeles Sparks,Toronto Tempo
2026-05-17T19:39:19.821001+00:00,ab43b3c029d14d941319d1802764dcd4,2026-05-17T23:00:00Z,williamhill_us,Caesars,player_rebounds,Over,Nneka Ogwumike,7.5,108,2026-05-17T19:38:09Z,Los Angeles Sparks,Toronto Tempo
2026-05-17T19:39:19.821001+00:00,ab43b3c029d14d941319d1802764dcd4,2026-05-17T23:00:00Z,williamhill_us,Caesars,player_rebounds,Under,Nneka Ogwumike,7.5,-143,2026-05-17T19:38:09Z,Los Angeles Sparks,Toronto Tempo
2026-05-17T19:39:19.821001+00:00,ab43b3c029d14d941319d1802764dcd4,2026-05-17T23:00:00Z,williamhill_us,Caesars,player_rebounds,Over,Marina Mabrey,3.5,-152,2026-05-17T19:38:09Z,Los Angeles Sparks,Toronto Tempo
2026-05-17T19:39:19.821001+00:00,ab43b3c029d14d941319d1802764dcd4,2026-05-17T23:00:00Z,williamhill_us,Caesars,player_rebounds,Under,Marina Mabrey,3.5,115,2026-05-17T19:38:09Z,Los Angeles Sparks,Toronto Tempo
2026-05-17T19:39:19.821001+00:00,ab43b3c029d14d941319d1802764dcd4,2026-05-17T23:00:00Z,williamhill_us,Caesars,player_rebounds,Over,Nyara Sabally,6.5,-113,2026-05-17T19:38:09Z,Los Angeles Sparks,Toronto Tempo
2026-05-17T19:39:19.821001+00:00,ab43b3c029d14d941319d1802764dcd4,2026-05-17T23:00:00Z,williamhill_us,Caesars,player_rebounds,Under,Nyara Sabally,6.5,-115,2026-05-17T19:38:09Z,Los Angeles Sparks,Toronto Tempo
2026-05-17T19:39:19.821001+00:00,ab43b3c029d14d941319d1802764dcd4,2026-05-17T23:00:00Z,williamhill_us,Caesars,player_rebounds,Over,Dearica Hamby,7.5,101,2026-05-17T19:38:09Z,Los Angeles Sparks,Toronto Tempo
2026-05-17T19:39:19.821001+00:00,ab43b3c029d14d941319d1802764dcd4,2026-05-17T23:00:00Z,williamhill_us,Caesars,player_rebounds,Under,Dearica Hamby,7.5,-134,2026-05-17T19:38:09Z,Los Angeles Sparks,Toronto Tempo
2026-05-17T19:39:19.821001+00:00,ab43b3c029d14d941319d1802764dcd4,2026-05-17T23:00:00Z,williamhill_us,Caesars,player_rebounds,Over,Brittney Sykes,3.5,-170,2026-05-17T19:38:09Z,Los Angeles Sparks,Toronto Tempo
2026-05-17T19:39:19.821001+00:00,ab43b3c029d14d941319d1802764dcd4,2026-05-17T23:00:00Z,williamhill_us,Caesars,player_rebounds,Under,Brittney Sykes,3.5,127,2026-05-17T19:38:09Z,Los Angeles Sparks,Toronto Tempo
2026-05-17T19:39:19.821001+00:00,ab43b3c029d14d941319d1802764dcd4,2026-05-17T23:00:00Z,williamhill_us,Caesars,player_threes,Over,Marina Mabrey,2.5,-154,2026-05-17T19:38:09Z,Los Angeles Sparks,Toronto Tempo
2026-05-17T19:39:19.821001+00:00,ab43b3c029d14d941319d1802764dcd4,2026-05-17T23:00:00Z,williamhill_us,Caesars,player_threes,Under,Marina Mabrey,2.5,116,2026-05-17T19:38:09Z,Los Angeles Sparks,Toronto Tempo
2026-05-17T19:39:19.821001+00:00,ab43b3c029d14d941319d1802764dcd4,2026-05-17T23:00:00Z,williamhill_us,Caesars,player_threes,Over,Brittney Sykes,1.5,139,2026-05-17T19:38:09Z,Los Angeles Sparks,Toronto Tempo
2026-05-17T19:39:19.821001+00:00,ab43b3c029d14d941319d1802764dcd4,2026-05-17T23:00:00Z,williamhill_us,Caesars,player_threes,Under,Brittney Sykes,1.5,-190,2026-05-17T19:38:09Z,Los Angeles Sparks,Toronto Tempo
2026-05-17T19:39:19.821001+00:00,ab43b3c029d14d941319d1802764dcd4,2026-05-17T23:00:00Z,williamhill_us,Caesars,player_threes,Over,Kelsey Plum,2.5,108,2026-05-17T19:38:09Z,Los Angeles Sparks,Toronto Tempo
2026-05-17T19:39:19.821001+00:00,ab43b3c029d14d941319d1802764dcd4,2026-05-17T23:00:00Z,williamhill_us,Caesars,player_threes,Under,Kelsey Plum,2.5,-143,2026-05-17T19:38:09Z,Los Angeles Sparks,Toronto Tempo
2026-05-17T19:39:19.821001+00:00,ab43b3c029d14d941319d1802764dcd4,2026-05-17T23:00:00Z,williamhill_us,Caesars,player_threes,Over,Nneka Ogwumike,1.5,160,2026-05-17T19:38:09Z,Los Angeles Sparks,Toronto Tempo
2026-05-17T19:39:19.821001+00:00,ab43b3c029d14d941319d1802764dcd4,2026-05-17T23:00:00Z,williamhill_us,Caesars,player_threes,Under,Nneka Ogwumike,1.5,-215,2026-05-17T19:38:09Z,Los Angeles Sparks,Toronto Tempo
2026-05-17T19:39:19.821001+00:00,ab43b3c029d14d941319d1802764dcd4,2026-05-17T23:00:00Z,williamhill_us,Caesars,player_threes,Over,Erica Wheeler,1.5,104,2026-05-17T19:38:09Z,Los Angeles Sparks,Toronto Tempo
2026-05-17T19:39:19.821001+00:00,ab43b3c029d14d941319d1802764dcd4,2026-05-17T23:00:00Z,williamhill_us,Caesars,player_threes,Under,Erica Wheeler,1.5,-137,2026-05-17T19:38:09Z,Los Angeles Sparks,Toronto Tempo
2026-05-17T19:39:19.821001+00:00,ab43b3c029d14d941319d1802764dcd4,2026-05-17T23:00:00Z,betonlineag,BetOnline.ag,player_assists,Over,Dearica Hamby,3.5,152,2026-05-17T19:39:22Z,Los Angeles Sparks,Toronto Tempo
2026-05-17T19:39:19.821001+00:00,ab43b3c029d14d941319d1802764dcd4,2026-05-17T23:00:00Z,betonlineag,BetOnline.ag,player_assists,Under,Dearica Hamby,3.5,-200,2026-05-17T19:39:22Z,Los Angeles Sparks,Toronto Tempo
2026-05-17T19:39:19.821001+00:00,ab43b3c029d14d941319d1802764dcd4,2026-05-17T23:00:00Z,betonlineag,BetOnline.ag,player_assists,Over,Kelsey Plum,5.5,-112,2026-05-17T19:39:22Z,Los Angeles Sparks,Toronto Tempo
2026-05-17T19:39:19.821001+00:00,ab43b3c029d14d941319d1802764dcd4,2026-05-17T23:00:00Z,betonlineag,BetOnline.ag,player_assists,Under,Kelsey Plum,5.5,-115,2026-05-17T19:39:22Z,Los Angeles Sparks,Toronto Tempo
2026-05-17T19:39:19.821001+00:00,ab43b3c029d14d941319d1802764dcd4,2026-05-17T23:00:00Z,betonlineag,BetOnline.ag,player_assists,Over,Marina Mabrey,3.5,128,2026-05-17T19:39:22Z,Los Angeles Sparks,Toronto Tempo
2026-05-17T19:39:19.821001+00:00,ab43b3c029d14d941319d1802764dcd4,2026-05-17T23:00:00Z,betonlineag,BetOnline.ag,player_assists,Under,Marina Mabrey,3.5,-167,2026-05-17T19:39:22Z,Los Angeles Sparks,Toronto Tempo
2026-05-17T19:39:19.821001+00:00,ab43b3c029d14d941319d1802764dcd4,2026-05-17T23:00:00Z,betonlineag,BetOnline.ag,player_assists,Over,Erica Wheeler,4.5,-110,2026-05-17T19:39:22Z,Los Angeles Sparks,Toronto Tempo
2026-05-17T19:39:19.821001+00:00,ab43b3c029d14d941319d1802764dcd4,2026-05-17T23:00:00Z,betonlineag,BetOnline.ag,player_assists,Under,Erica Wheeler,4.5,-118,2026-05-17T19:39:22Z,Los Angeles Sparks,Toronto Tempo
2026-05-17T19:39:19.821001+00:00,ab43b3c029d14d941319d1802764dcd4,2026-05-17T23:00:00Z,betonlineag,BetOnline.ag,player_assists,Over,Brittney Sykes,4.5,-141,2026-05-17T19:39:22Z,Los Angeles Sparks,Toronto Tempo
2026-05-17T19:39:19.821001+00:00,ab43b3c029d14d941319d1802764dcd4,2026-05-17T23:00:00Z,betonlineag,BetOnline.ag,player_assists,Under,Brittney Sykes,4.5,109,2026-05-17T19:39:22Z,Los Angeles Sparks,Toronto Tempo
2026-05-17T19:39:19.821001+00:00,ab43b3c029d14d941319d1802764dcd4,2026-05-17T23:00:00Z,betonlineag,BetOnline.ag,player_points,Over,Dearica Hamby,16.5,-112,2026-05-17T19:39:22Z,Los Angeles Sparks,Toronto Tempo
2026-05-17T19:39:19.821001+00:00,ab43b3c029d14d941319d1802764dcd4,2026-05-17T23:00:00Z,betonlineag,BetOnline.ag,player_points,Under,Dearica Hamby,16.5,-115,2026-05-17T19:39:22Z,Los Angeles Sparks,Toronto Tempo
2026-05-17T19:39:19.821001+00:00,ab43b3c029d14d941319d1802764dcd4,2026-05-17T23:00:00Z,betonlineag,BetOnline.ag,player_points,Over,Kelsey Plum,21.5,-119,2026-05-17T19:39:22Z,Los Angeles Sparks,Toronto Tempo
2026-05-17T19:39:19.821001+00:00,ab43b3c029d14d941319d1802764dcd4,2026-05-17T23:00:00Z,betonlineag,BetOnline.ag,player_points,Under,Kelsey Plum,21.5,-109,2026-05-17T19:39:22Z,Los Angeles Sparks,Toronto Tempo
2026-05-17T19:39:19.821001+00:00,ab43b3c029d14d941319d1802764dcd4,2026-05-17T23:00:00Z,betonlineag,BetOnline.ag,player_points,Over,Nneka Ogwumike,17.5,-116,2026-05-17T19:39:22Z,Los Angeles Sparks,Toronto Tempo
2026-05-17T19:39:19.821001+00:00,ab43b3c029d14d941319d1802764dcd4,2026-05-17T23:00:00Z,betonlineag,BetOnline.ag,player_points,Under,Nneka Ogwumike,17.5,-111,2026-05-17T19:39:22Z,Los Angeles Sparks,Toronto Tempo
2026-05-17T19:39:19.821001+00:00,ab43b3c029d14d941319d1802764dcd4,2026-05-17T23:00:00Z,betonlineag,BetOnline.ag,player_points,Over,Brittney Sykes,17.5,-111,2026-05-17T19:39:22Z,Los Angeles Sparks,Toronto Tempo
2026-05-17T19:39:19.821001+00:00,ab43b3c029d14d941319d1802764dcd4,2026-05-17T23:00:00Z,betonlineag,BetOnline.ag,player_points,Under,Brittney Sykes,17.5,-116,2026-05-17T19:39:22Z,Los Angeles Sparks,Toronto Tempo
2026-05-17T19:39:19.821001+00:00,ab43b3c029d14d941319d1802764dcd4,2026-05-17T23:00:00Z,betonlineag,BetOnline.ag,player_points,Over,Nyara Sabally,9.5,110,2026-05-17T19:39:22Z,Los Angeles Sparks,Toronto Tempo
2026-05-17T19:39:19.821001+00:00,ab43b3c029d14d941319d1802764dcd4,2026-05-17T23:00:00Z,betonlineag,BetOnline.ag,player_points,Under,Nyara Sabally,9.5,-143,2026-05-17T19:39:22Z,Los Angeles Sparks,Toronto Tempo
2026-05-17T19:39:19.821001+00:00,ab43b3c029d14d941319d1802764dcd4,2026-05-17T23:00:00Z,betonlineag,BetOnline.ag,player_points,Over,Erica Wheeler,9.5,-143,2026-05-17T19:39:22Z,Los Angeles Sparks,Toronto Tempo
2026-05-17T19:39:19.821001+00:00,ab43b3c029d14d941319d1802764dcd4,2026-05-17T23:00:00Z,betonlineag,BetOnline.ag,player_points,Under,Erica Wheeler,9.5,110,2026-05-17T19:39:22Z,Los Angeles Sparks,Toronto Tempo
2026-05-17T19:39:19.821001+00:00,ab43b3c029d14d941319d1802764dcd4,2026-05-17T23:00:00Z,betonlineag,BetOnline.ag,player_points,Over,Cameron Brink,7.5,115,2026-05-17T19:39:22Z,Los Angeles Sparks,Toronto Tempo
2026-05-17T19:39:19.821001+00:00,ab43b3c029d14d941319d1802764dcd4,2026-05-17T23:00:00Z,betonlineag,BetOnline.ag,player_points,Under,Cameron Brink,7.5,-149,2026-05-17T19:39:22Z,Los Angeles Sparks,Toronto Tempo
2026-05-17T19:39:19.821001+00:00,ab43b3c029d14d941319d1802764dcd4,2026-05-17T23:00:00Z,betonlineag,BetOnline.ag,player_points,Over,Marina Mabrey,18.5,-125,2026-05-17T19:39:22Z,Los Angeles Sparks,Toronto Tempo
2026-05-17T19:39:19.821001+00:00,ab43b3c029d14d941319d1802764dcd4,2026-05-17T23:00:00Z,betonlineag,BetOnline.ag,player_points,Under,Marina Mabrey,18.5,-103,2026-05-17T19:39:22Z,Los Angeles Sparks,Toronto Tempo
2026-05-17T19:39:19.821001+00:00,ab43b3c029d14d941319d1802764dcd4,2026-05-17T23:00:00Z,betonlineag,BetOnline.ag,player_points_rebounds_assists,Over,Dearica Hamby,27.5,102,2026-05-17T19:39:22Z,Los Angeles Sparks,Toronto Tempo
2026-05-17T19:39:19.821001+00:00,ab43b3c029d14d941319d1802764dcd4,2026-05-17T23:00:00Z,betonlineag,BetOnline.ag,player_points_rebounds_assists,Under,Dearica Hamby,27.5,-132,2026-05-17T19:39:22Z,Los Angeles Sparks,Toronto Tempo
2026-05-17T19:39:19.821001+00:00,ab43b3c029d14d941319d1802764dcd4,2026-05-17T23:00:00Z,betonlineag,BetOnline.ag,player_points_rebounds_assists,Over,Kelsey Plum,30.5,110,2026-05-17T19:39:22Z,Los Angeles Sparks,Toronto Tempo
2026-05-17T19:39:19.821001+00:00,ab43b3c029d14d941319d1802764dcd4,2026-05-17T23:00:00Z,betonlineag,BetOnline.ag,player_points_rebounds_assists,Under,Kelsey Plum,30.5,-143,2026-05-17T19:39:22Z,Los Angeles Sparks,Toronto Tempo
2026-05-17T19:39:19.821001+00:00,ab43b3c029d14d941319d1802764dcd4,2026-05-17T23:00:00Z,betonlineag,BetOnline.ag,player_points_rebounds_assists,Over,Brittney Sykes,27.5,104,2026-05-17T19:39:22Z,Los Angeles Sparks,Toronto Tempo
2026-05-17T19:39:19.821001+00:00,ab43b3c029d14d941319d1802764dcd4,2026-05-17T23:00:00Z,betonlineag,BetOnline.ag,player_points_rebounds_assists,Under,Brittney Sykes,27.5,-135,2026-05-17T19:39:22Z,Los Angeles Sparks,Toronto Tempo
2026-05-17T19:39:19.821001+00:00,ab43b3c029d14d941319d1802764dcd4,2026-05-17T23:00:00Z,betonlineag,BetOnline.ag,player_points_rebounds_assists,Over,Marina Mabrey,25.5,-103,2026-05-17T19:39:22Z,Los Angeles Sparks,Toronto Tempo
2026-05-17T19:39:19.821001+00:00,ab43b3c029d14d941319d1802764dcd4,2026-05-17T23:00:00Z,betonlineag,BetOnline.ag,player_points_rebounds_assists,Under,Marina Mabrey,25.5,-125,2026-05-17T19:39:22Z,Los Angeles Sparks,Toronto Tempo
2026-05-17T19:39:19.821001+00:00,ab43b3c029d14d941319d1802764dcd4,2026-05-17T23:00:00Z,betonlineag,BetOnline.ag,player_rebounds,Over,Dearica Hamby,7.5,-103,2026-05-17T19:39:22Z,Los Angeles Sparks,Toronto Tempo
2026-05-17T19:39:19.821001+00:00,ab43b3c029d14d941319d1802764dcd4,2026-05-17T23:00:00Z,betonlineag,BetOnline.ag,player_rebounds,Under,Dearica Hamby,7.5,-125,2026-05-17T19:39:22Z,Los Angeles Sparks,Toronto Tempo
2026-05-17T19:39:19.821001+00:00,ab43b3c029d14d941319d1802764dcd4,2026-05-17T23:00:00Z,betonlineag,BetOnline.ag,player_rebounds,Over,Kelsey Plum,2.5,-135,2026-05-17T19:39:22Z,Los Angeles Sparks,Toronto Tempo
2026-05-17T19:39:19.821001+00:00,ab43b3c029d14d941319d1802764dcd4,2026-05-17T23:00:00Z,betonlineag,BetOnline.ag,player_rebounds,Under,Kelsey Plum,2.5,105,2026-05-17T19:39:22Z,Los Angeles Sparks,Toronto Tempo
2026-05-17T19:39:19.821001+00:00,ab43b3c029d14d941319d1802764dcd4,2026-05-17T23:00:00Z,betonlineag,BetOnline.ag,player_rebounds,Over,Nneka Ogwumike,7.5,112,2026-05-17T19:39:22Z,Los Angeles Sparks,Toronto Tempo
2026-05-17T19:39:19.821001+00:00,ab43b3c029d14d941319d1802764dcd4,2026-05-17T23:00:00Z,betonlineag,BetOnline.ag,player_rebounds,Under,Nneka Ogwumike,7.5,-145,2026-05-17T19:39:22Z,Los Angeles Sparks,Toronto Tempo
2026-05-17T19:39:19.821001+00:00,ab43b3c029d14d941319d1802764dcd4,2026-05-17T23:00:00Z,betonlineag,BetOnline.ag,player_rebounds,Over,Brittney Sykes,4.5,130,2026-05-17T19:39:22Z,Los Angeles Sparks,Toronto Tempo
2026-05-17T19:39:19.821001+00:00,ab43b3c029d14d941319d1802764dcd4,2026-05-17T23:00:00Z,betonlineag,BetOnline.ag,player_rebounds,Under,Brittney Sykes,4.5,-169,2026-05-17T19:39:22Z,Los Angeles Sparks,Toronto Tempo
2026-05-17T19:39:19.821001+00:00,ab43b3c029d14d941319d1802764dcd4,2026-05-17T23:00:00Z,betonlineag,BetOnline.ag,player_rebounds,Over,Marina Mabrey,3.5,-154,2026-05-17T19:39:22Z,Los Angeles Sparks,Toronto Tempo
2026-05-17T19:39:19.821001+00:00,ab43b3c029d14d941319d1802764dcd4,2026-05-17T23:00:00Z,betonlineag,BetOnline.ag,player_rebounds,Under,Marina Mabrey,3.5,118,2026-05-17T19:39:22Z,Los Angeles Sparks,Toronto Tempo
2026-05-17T19:39:19.821001+00:00,ab43b3c029d14d941319d1802764dcd4,2026-05-17T23:00:00Z,betonlineag,BetOnline.ag,player_rebounds,Over,Nyara Sabally,6.5,-109,2026-05-17T19:39:22Z,Los Angeles Sparks,Toronto Tempo
2026-05-17T19:39:19.821001+00:00,ab43b3c029d14d941319d1802764dcd4,2026-05-17T23:00:00Z,betonlineag,BetOnline.ag,player_rebounds,Under,Nyara Sabally,6.5,-119,2026-05-17T19:39:22Z,Los Angeles Sparks,Toronto Tempo
2026-05-17T19:39:19.821001+00:00,ab43b3c029d14d941319d1802764dcd4,2026-05-17T23:00:00Z,betonlineag,BetOnline.ag,player_rebounds,Over,Cameron Brink,3.5,-156,2026-05-17T19:39:22Z,Los Angeles Sparks,Toronto Tempo
2026-05-17T19:39:19.821001+00:00,ab43b3c029d14d941319d1802764dcd4,2026-05-17T23:00:00Z,betonlineag,BetOnline.ag,player_rebounds,Under,Cameron Brink,3.5,120,2026-05-17T19:39:22Z,Los Angeles Sparks,Toronto Tempo
2026-05-17T19:39:19.821001+00:00,ab43b3c029d14d941319d1802764dcd4,2026-05-17T23:00:00Z,betonlineag,BetOnline.ag,player_threes,Over,Kelsey Plum,2.5,110,2026-05-17T19:39:22Z,Los Angeles Sparks,Toronto Tempo
2026-05-17T19:39:19.821001+00:00,ab43b3c029d14d941319d1802764dcd4,2026-05-17T23:00:00Z,betonlineag,BetOnline.ag,player_threes,Under,Kelsey Plum,2.5,-143,2026-05-17T19:39:22Z,Los Angeles Sparks,Toronto Tempo
2026-05-17T19:39:19.821001+00:00,ab43b3c029d14d941319d1802764dcd4,2026-05-17T23:00:00Z,betonlineag,BetOnline.ag,player_threes,Over,Nneka Ogwumike,1.5,152,2026-05-17T19:39:22Z,Los Angeles Sparks,Toronto Tempo
2026-05-17T19:39:19.821001+00:00,ab43b3c029d14d941319d1802764dcd4,2026-05-17T23:00:00Z,betonlineag,BetOnline.ag,player_threes,Under,Nneka Ogwumike,1.5,-200,2026-05-17T19:39:22Z,Los Angeles Sparks,Toronto Tempo
2026-05-17T19:39:19.821001+00:00,ab43b3c029d14d941319d1802764dcd4,2026-05-17T23:00:00Z,betonlineag,BetOnline.ag,player_threes,Over,Marina Mabrey,2.5,-152,2026-05-17T19:39:22Z,Los Angeles Sparks,Toronto Tempo
2026-05-17T19:39:19.821001+00:00,ab43b3c029d14d941319d1802764dcd4,2026-05-17T23:00:00Z,betonlineag,BetOnline.ag,player_threes,Under,Marina Mabrey,2.5,117,2026-05-17T19:39:22Z,Los Angeles Sparks,Toronto Tempo
2026-05-17T19:39:19.821001+00:00,ab43b3c029d14d941319d1802764dcd4,2026-05-17T23:00:00Z,betonlineag,BetOnline.ag,player_threes,Over,Brittney Sykes,1.5,170,2026-05-17T19:39:22Z,Los Angeles Sparks,Toronto Tempo
2026-05-17T19:39:19.821001+00:00,ab43b3c029d14d941319d1802764dcd4,2026-05-17T23:00:00Z,betonlineag,BetOnline.ag,player_threes,Under,Brittney Sykes,1.5,-227,2026-05-17T19:39:22Z,Los Angeles Sparks,Toronto Tempo
2026-05-17T19:39:19.821001+00:00,ab43b3c029d14d941319d1802764dcd4,2026-05-17T23:00:00Z,betonlineag,BetOnline.ag,player_threes,Over,Erica Wheeler,1.5,109,2026-05-17T19:39:22Z,Los Angeles Sparks,Toronto Tempo
2026-05-17T19:39:19.821001+00:00,ab43b3c029d14d941319d1802764dcd4,2026-05-17T23:00:00Z,betonlineag,BetOnline.ag,player_threes,Under,Erica Wheeler,1.5,-141,2026-05-17T19:39:22Z,Los Angeles Sparks,Toronto Tempo
