snapshot_ts,event_id,commence_time,bookmaker,bookmaker_title,market,outcome_name,player_name,point,price,last_update,home_team,away_team
2026-05-24T16:31:08.157662+00:00,9f967a04d5e2a5818cfde979a104ccbd,2026-05-24T19:00:00Z,fanduel,FanDuel,player_assists,Over,Jordin Canada,5.5,-110,2026-05-24T16:31:07Z,Atlanta Dream,Phoenix Mercury
2026-05-24T16:31:08.157662+00:00,9f967a04d5e2a5818cfde979a104ccbd,2026-05-24T19:00:00Z,fanduel,FanDuel,player_assists,Under,Jordin Canada,5.5,-120,2026-05-24T16:31:07Z,Atlanta Dream,Phoenix Mercury
2026-05-24T16:31:08.157662+00:00,9f967a04d5e2a5818cfde979a104ccbd,2026-05-24T19:00:00Z,fanduel,FanDuel,player_assists,Over,Rhyne Howard,4.5,-102,2026-05-24T16:31:07Z,Atlanta Dream,Phoenix Mercury
2026-05-24T16:31:08.157662+00:00,9f967a04d5e2a5818cfde979a104ccbd,2026-05-24T19:00:00Z,fanduel,FanDuel,player_assists,Under,Rhyne Howard,4.5,-130,2026-05-24T16:31:07Z,Atlanta Dream,Phoenix Mercury
2026-05-24T16:31:08.157662+00:00,9f967a04d5e2a5818cfde979a104ccbd,2026-05-24T19:00:00Z,fanduel,FanDuel,player_assists,Over,Alyssa Thomas,8.5,104,2026-05-24T16:31:07Z,Atlanta Dream,Phoenix Mercury
2026-05-24T16:31:08.157662+00:00,9f967a04d5e2a5818cfde979a104ccbd,2026-05-24T19:00:00Z,fanduel,FanDuel,player_assists,Under,Alyssa Thomas,8.5,-138,2026-05-24T16:31:07Z,Atlanta Dream,Phoenix Mercury
2026-05-24T16:31:08.157662+00:00,9f967a04d5e2a5818cfde979a104ccbd,2026-05-24T19:00:00Z,fanduel,FanDuel,player_double_double,Yes,Angel Reese,,-190,2026-05-24T16:31:07Z,Atlanta Dream,Phoenix Mercury
2026-05-24T16:31:08.157662+00:00,9f967a04d5e2a5818cfde979a104ccbd,2026-05-24T19:00:00Z,fanduel,FanDuel,player_double_double,Yes,Alyssa Thomas,,-130,2026-05-24T16:31:07Z,Atlanta Dream,Phoenix Mercury
2026-05-24T16:31:08.157662+00:00,9f967a04d5e2a5818cfde979a104ccbd,2026-05-24T19:00:00Z,fanduel,FanDuel,player_double_double,Yes,Natasha Mack,,350,2026-05-24T16:31:07Z,Atlanta Dream,Phoenix Mercury
2026-05-24T16:31:08.157662+00:00,9f967a04d5e2a5818cfde979a104ccbd,2026-05-24T19:00:00Z,fanduel,FanDuel,player_double_double,Yes,DeWanna Bonner,,1000,2026-05-24T16:31:07Z,Atlanta Dream,Phoenix Mercury
2026-05-24T16:31:08.157662+00:00,9f967a04d5e2a5818cfde979a104ccbd,2026-05-24T19:00:00Z,fanduel,FanDuel,player_double_double,Yes,Jordin Canada,,1600,2026-05-24T16:31:07Z,Atlanta Dream,Phoenix Mercury
2026-05-24T16:31:08.157662+00:00,9f967a04d5e2a5818cfde979a104ccbd,2026-05-24T19:00:00Z,fanduel,FanDuel,player_double_double,Yes,Naz Hillmon,,1800,2026-05-24T16:31:07Z,Atlanta Dream,Phoenix Mercury
2026-05-24T16:31:08.157662+00:00,9f967a04d5e2a5818cfde979a104ccbd,2026-05-24T19:00:00Z,fanduel,FanDuel,player_double_double,Yes,Allisha Gray,,2000,2026-05-24T16:31:07Z,Atlanta Dream,Phoenix Mercury
2026-05-24T16:31:08.157662+00:00,9f967a04d5e2a5818cfde979a104ccbd,2026-05-24T19:00:00Z,fanduel,FanDuel,player_double_double,Yes,Rhyne Howard,,2200,2026-05-24T16:31:07Z,Atlanta Dream,Phoenix Mercury
2026-05-24T16:31:08.157662+00:00,9f967a04d5e2a5818cfde979a104ccbd,2026-05-24T19:00:00Z,fanduel,FanDuel,player_points,Over,Jordin Canada,10.5,-115,2026-05-24T16:31:07Z,Atlanta Dream,Phoenix Mercury
2026-05-24T16:31:08.157662+00:00,9f967a04d5e2a5818cfde979a104ccbd,2026-05-24T19:00:00Z,fanduel,FanDuel,player_points,Under,Jordin Canada,10.5,-113,2026-05-24T16:31:07Z,Atlanta Dream,Phoenix Mercury
2026-05-24T16:31:08.157662+00:00,9f967a04d5e2a5818cfde979a104ccbd,2026-05-24T19:00:00Z,fanduel,FanDuel,player_points,Over,Allisha Gray,19.5,-113,2026-05-24T16:31:07Z,Atlanta Dream,Phoenix Mercury
2026-05-24T16:31:08.157662+00:00,9f967a04d5e2a5818cfde979a104ccbd,2026-05-24T19:00:00Z,fanduel,FanDuel,player_points,Under,Allisha Gray,19.5,-115,2026-05-24T16:31:07Z,Atlanta Dream,Phoenix Mercury
2026-05-24T16:31:08.157662+00:00,9f967a04d5e2a5818cfde979a104ccbd,2026-05-24T19:00:00Z,fanduel,FanDuel,player_points,Over,Angel Reese,13.5,106,2026-05-24T16:31:07Z,Atlanta Dream,Phoenix Mercury
2026-05-24T16:31:08.157662+00:00,9f967a04d5e2a5818cfde979a104ccbd,2026-05-24T19:00:00Z,fanduel,FanDuel,player_points,Under,Angel Reese,13.5,-138,2026-05-24T16:31:07Z,Atlanta Dream,Phoenix Mercury
2026-05-24T16:31:08.157662+00:00,9f967a04d5e2a5818cfde979a104ccbd,2026-05-24T19:00:00Z,fanduel,FanDuel,player_points,Over,Kahleah Copper,19.5,102,2026-05-24T16:31:07Z,Atlanta Dream,Phoenix Mercury
2026-05-24T16:31:08.157662+00:00,9f967a04d5e2a5818cfde979a104ccbd,2026-05-24T19:00:00Z,fanduel,FanDuel,player_points,Under,Kahleah Copper,19.5,-132,2026-05-24T16:31:07Z,Atlanta Dream,Phoenix Mercury
2026-05-24T16:31:08.157662+00:00,9f967a04d5e2a5818cfde979a104ccbd,2026-05-24T19:00:00Z,fanduel,FanDuel,player_points,Over,Rhyne Howard,16.5,-113,2026-05-24T16:31:07Z,Atlanta Dream,Phoenix Mercury
2026-05-24T16:31:08.157662+00:00,9f967a04d5e2a5818cfde979a104ccbd,2026-05-24T19:00:00Z,fanduel,FanDuel,player_points,Under,Rhyne Howard,16.5,-115,2026-05-24T16:31:07Z,Atlanta Dream,Phoenix Mercury
2026-05-24T16:31:08.157662+00:00,9f967a04d5e2a5818cfde979a104ccbd,2026-05-24T19:00:00Z,fanduel,FanDuel,player_points,Over,DeWanna Bonner,10.5,-125,2026-05-24T16:31:07Z,Atlanta Dream,Phoenix Mercury
2026-05-24T16:31:08.157662+00:00,9f967a04d5e2a5818cfde979a104ccbd,2026-05-24T19:00:00Z,fanduel,FanDuel,player_points,Under,DeWanna Bonner,10.5,-104,2026-05-24T16:31:07Z,Atlanta Dream,Phoenix Mercury
2026-05-24T16:31:08.157662+00:00,9f967a04d5e2a5818cfde979a104ccbd,2026-05-24T19:00:00Z,fanduel,FanDuel,player_points,Over,Jovana Nogic,12.5,-120,2026-05-24T16:31:07Z,Atlanta Dream,Phoenix Mercury
2026-05-24T16:31:08.157662+00:00,9f967a04d5e2a5818cfde979a104ccbd,2026-05-24T19:00:00Z,fanduel,FanDuel,player_points,Under,Jovana Nogic,12.5,-108,2026-05-24T16:31:07Z,Atlanta Dream,Phoenix Mercury
2026-05-24T16:31:08.157662+00:00,9f967a04d5e2a5818cfde979a104ccbd,2026-05-24T19:00:00Z,fanduel,FanDuel,player_points,Over,Alyssa Thomas,16.5,-118,2026-05-24T16:31:07Z,Atlanta Dream,Phoenix Mercury
2026-05-24T16:31:08.157662+00:00,9f967a04d5e2a5818cfde979a104ccbd,2026-05-24T19:00:00Z,fanduel,FanDuel,player_points,Under,Alyssa Thomas,16.5,-110,2026-05-24T16:31:07Z,Atlanta Dream,Phoenix Mercury
2026-05-24T16:31:08.157662+00:00,9f967a04d5e2a5818cfde979a104ccbd,2026-05-24T19:00:00Z,fanduel,FanDuel,player_points,Over,Natasha Mack,9.5,104,2026-05-24T16:31:07Z,Atlanta Dream,Phoenix Mercury
2026-05-24T16:31:08.157662+00:00,9f967a04d5e2a5818cfde979a104ccbd,2026-05-24T19:00:00Z,fanduel,FanDuel,player_points,Under,Natasha Mack,9.5,-135,2026-05-24T16:31:07Z,Atlanta Dream,Phoenix Mercury
2026-05-24T16:31:08.157662+00:00,9f967a04d5e2a5818cfde979a104ccbd,2026-05-24T19:00:00Z,fanduel,FanDuel,player_points,Over,Naz Hillmon,8.5,-118,2026-05-24T16:31:07Z,Atlanta Dream,Phoenix Mercury
2026-05-24T16:31:08.157662+00:00,9f967a04d5e2a5818cfde979a104ccbd,2026-05-24T19:00:00Z,fanduel,FanDuel,player_points,Under,Naz Hillmon,8.5,-110,2026-05-24T16:31:07Z,Atlanta Dream,Phoenix Mercury
2026-05-24T16:31:08.157662+00:00,9f967a04d5e2a5818cfde979a104ccbd,2026-05-24T19:00:00Z,fanduel,FanDuel,player_points_assists,Over,Jordin Canada,16.5,-106,2026-05-24T16:31:07Z,Atlanta Dream,Phoenix Mercury
2026-05-24T16:31:08.157662+00:00,9f967a04d5e2a5818cfde979a104ccbd,2026-05-24T19:00:00Z,fanduel,FanDuel,player_points_assists,Under,Jordin Canada,16.5,-125,2026-05-24T16:31:07Z,Atlanta Dream,Phoenix Mercury
2026-05-24T16:31:08.157662+00:00,9f967a04d5e2a5818cfde979a104ccbd,2026-05-24T19:00:00Z,fanduel,FanDuel,player_points_assists,Over,Rhyne Howard,21.5,-102,2026-05-24T16:31:07Z,Atlanta Dream,Phoenix Mercury
2026-05-24T16:31:08.157662+00:00,9f967a04d5e2a5818cfde979a104ccbd,2026-05-24T19:00:00Z,fanduel,FanDuel,player_points_assists,Under,Rhyne Howard,21.5,-130,2026-05-24T16:31:07Z,Atlanta Dream,Phoenix Mercury
2026-05-24T16:31:08.157662+00:00,9f967a04d5e2a5818cfde979a104ccbd,2026-05-24T19:00:00Z,fanduel,FanDuel,player_points_assists,Over,Alyssa Thomas,25.5,-106,2026-05-24T16:31:07Z,Atlanta Dream,Phoenix Mercury
2026-05-24T16:31:08.157662+00:00,9f967a04d5e2a5818cfde979a104ccbd,2026-05-24T19:00:00Z,fanduel,FanDuel,player_points_assists,Under,Alyssa Thomas,25.5,-125,2026-05-24T16:31:07Z,Atlanta Dream,Phoenix Mercury
2026-05-24T16:31:08.157662+00:00,9f967a04d5e2a5818cfde979a104ccbd,2026-05-24T19:00:00Z,fanduel,FanDuel,player_points_rebounds,Over,Rhyne Howard,20.5,-112,2026-05-24T16:31:07Z,Atlanta Dream,Phoenix Mercury
2026-05-24T16:31:08.157662+00:00,9f967a04d5e2a5818cfde979a104ccbd,2026-05-24T19:00:00Z,fanduel,FanDuel,player_points_rebounds,Under,Rhyne Howard,20.5,-118,2026-05-24T16:31:07Z,Atlanta Dream,Phoenix Mercury
2026-05-24T16:31:08.157662+00:00,9f967a04d5e2a5818cfde979a104ccbd,2026-05-24T19:00:00Z,fanduel,FanDuel,player_points_rebounds,Over,DeWanna Bonner,16.5,-125,2026-05-24T16:31:07Z,Atlanta Dream,Phoenix Mercury
2026-05-24T16:31:08.157662+00:00,9f967a04d5e2a5818cfde979a104ccbd,2026-05-24T19:00:00Z,fanduel,FanDuel,player_points_rebounds,Under,DeWanna Bonner,16.5,-106,2026-05-24T16:31:07Z,Atlanta Dream,Phoenix Mercury
2026-05-24T16:31:08.157662+00:00,9f967a04d5e2a5818cfde979a104ccbd,2026-05-24T19:00:00Z,fanduel,FanDuel,player_points_rebounds,Over,Allisha Gray,24.5,-108,2026-05-24T16:31:07Z,Atlanta Dream,Phoenix Mercury
2026-05-24T16:31:08.157662+00:00,9f967a04d5e2a5818cfde979a104ccbd,2026-05-24T19:00:00Z,fanduel,FanDuel,player_points_rebounds,Under,Allisha Gray,24.5,-122,2026-05-24T16:31:07Z,Atlanta Dream,Phoenix Mercury
2026-05-24T16:31:08.157662+00:00,9f967a04d5e2a5818cfde979a104ccbd,2026-05-24T19:00:00Z,fanduel,FanDuel,player_points_rebounds,Over,Alyssa Thomas,24.5,-125,2026-05-24T16:31:07Z,Atlanta Dream,Phoenix Mercury
2026-05-24T16:31:08.157662+00:00,9f967a04d5e2a5818cfde979a104ccbd,2026-05-24T19:00:00Z,fanduel,FanDuel,player_points_rebounds,Under,Alyssa Thomas,24.5,-106,2026-05-24T16:31:07Z,Atlanta Dream,Phoenix Mercury
2026-05-24T16:31:08.157662+00:00,9f967a04d5e2a5818cfde979a104ccbd,2026-05-24T19:00:00Z,fanduel,FanDuel,player_points_rebounds,Over,Natasha Mack,17.5,-112,2026-05-24T16:31:07Z,Atlanta Dream,Phoenix Mercury
2026-05-24T16:31:08.157662+00:00,9f967a04d5e2a5818cfde979a104ccbd,2026-05-24T19:00:00Z,fanduel,FanDuel,player_points_rebounds,Under,Natasha Mack,17.5,-118,2026-05-24T16:31:07Z,Atlanta Dream,Phoenix Mercury
2026-05-24T16:31:08.157662+00:00,9f967a04d5e2a5818cfde979a104ccbd,2026-05-24T19:00:00Z,fanduel,FanDuel,player_points_rebounds,Over,Angel Reese,25.5,-112,2026-05-24T16:31:07Z,Atlanta Dream,Phoenix Mercury
2026-05-24T16:31:08.157662+00:00,9f967a04d5e2a5818cfde979a104ccbd,2026-05-24T19:00:00Z,fanduel,FanDuel,player_points_rebounds,Under,Angel Reese,25.5,-118,2026-05-24T16:31:07Z,Atlanta Dream,Phoenix Mercury
2026-05-24T16:31:08.157662+00:00,9f967a04d5e2a5818cfde979a104ccbd,2026-05-24T19:00:00Z,fanduel,FanDuel,player_points_rebounds,Over,Naz Hillmon,14.5,-104,2026-05-24T16:31:07Z,Atlanta Dream,Phoenix Mercury
2026-05-24T16:31:08.157662+00:00,9f967a04d5e2a5818cfde979a104ccbd,2026-05-24T19:00:00Z,fanduel,FanDuel,player_points_rebounds,Under,Naz Hillmon,14.5,-128,2026-05-24T16:31:07Z,Atlanta Dream,Phoenix Mercury
2026-05-24T16:31:08.157662+00:00,9f967a04d5e2a5818cfde979a104ccbd,2026-05-24T19:00:00Z,fanduel,FanDuel,player_points_rebounds_assists,Over,Rhyne Howard,25.5,-102,2026-05-24T16:31:07Z,Atlanta Dream,Phoenix Mercury
2026-05-24T16:31:08.157662+00:00,9f967a04d5e2a5818cfde979a104ccbd,2026-05-24T19:00:00Z,fanduel,FanDuel,player_points_rebounds_assists,Under,Rhyne Howard,25.5,-130,2026-05-24T16:31:07Z,Atlanta Dream,Phoenix Mercury
2026-05-24T16:31:08.157662+00:00,9f967a04d5e2a5818cfde979a104ccbd,2026-05-24T19:00:00Z,fanduel,FanDuel,player_points_rebounds_assists,Over,Angel Reese,28.5,-106,2026-05-24T16:31:07Z,Atlanta Dream,Phoenix Mercury
2026-05-24T16:31:08.157662+00:00,9f967a04d5e2a5818cfde979a104ccbd,2026-05-24T19:00:00Z,fanduel,FanDuel,player_points_rebounds_assists,Under,Angel Reese,28.5,-125,2026-05-24T16:31:07Z,Atlanta Dream,Phoenix Mercury
2026-05-24T16:31:08.157662+00:00,9f967a04d5e2a5818cfde979a104ccbd,2026-05-24T19:00:00Z,fanduel,FanDuel,player_points_rebounds_assists,Over,Alyssa Thomas,33.5,-110,2026-05-24T16:31:07Z,Atlanta Dream,Phoenix Mercury
2026-05-24T16:31:08.157662+00:00,9f967a04d5e2a5818cfde979a104ccbd,2026-05-24T19:00:00Z,fanduel,FanDuel,player_points_rebounds_assists,Under,Alyssa Thomas,33.5,-120,2026-05-24T16:31:07Z,Atlanta Dream,Phoenix Mercury
2026-05-24T16:31:08.157662+00:00,9f967a04d5e2a5818cfde979a104ccbd,2026-05-24T19:00:00Z,fanduel,FanDuel,player_points_rebounds_assists,Over,Allisha Gray,27.5,-106,2026-05-24T16:31:07Z,Atlanta Dream,Phoenix Mercury
2026-05-24T16:31:08.157662+00:00,9f967a04d5e2a5818cfde979a104ccbd,2026-05-24T19:00:00Z,fanduel,FanDuel,player_points_rebounds_assists,Under,Allisha Gray,27.5,-125,2026-05-24T16:31:07Z,Atlanta Dream,Phoenix Mercury
2026-05-24T16:31:08.157662+00:00,9f967a04d5e2a5818cfde979a104ccbd,2026-05-24T19:00:00Z,fanduel,FanDuel,player_points_rebounds_assists,Over,Jordin Canada,19.5,-118,2026-05-24T16:31:07Z,Atlanta Dream,Phoenix Mercury
2026-05-24T16:31:08.157662+00:00,9f967a04d5e2a5818cfde979a104ccbd,2026-05-24T19:00:00Z,fanduel,FanDuel,player_points_rebounds_assists,Under,Jordin Canada,19.5,-112,2026-05-24T16:31:07Z,Atlanta Dream,Phoenix Mercury
2026-05-24T16:31:08.157662+00:00,9f967a04d5e2a5818cfde979a104ccbd,2026-05-24T19:00:00Z,fanduel,FanDuel,player_rebounds,Over,Allisha Gray,4.5,-132,2026-05-24T16:31:07Z,Atlanta Dream,Phoenix Mercury
2026-05-24T16:31:08.157662+00:00,9f967a04d5e2a5818cfde979a104ccbd,2026-05-24T19:00:00Z,fanduel,FanDuel,player_rebounds,Under,Allisha Gray,4.5,100,2026-05-24T16:31:07Z,Atlanta Dream,Phoenix Mercury
2026-05-24T16:31:08.157662+00:00,9f967a04d5e2a5818cfde979a104ccbd,2026-05-24T19:00:00Z,fanduel,FanDuel,player_rebounds,Over,Rhyne Howard,3.5,-148,2026-05-24T16:31:07Z,Atlanta Dream,Phoenix Mercury
2026-05-24T16:31:08.157662+00:00,9f967a04d5e2a5818cfde979a104ccbd,2026-05-24T19:00:00Z,fanduel,FanDuel,player_rebounds,Under,Rhyne Howard,3.5,112,2026-05-24T16:31:07Z,Atlanta Dream,Phoenix Mercury
2026-05-24T16:31:08.157662+00:00,9f967a04d5e2a5818cfde979a104ccbd,2026-05-24T19:00:00Z,fanduel,FanDuel,player_rebounds,Over,DeWanna Bonner,5.5,-144,2026-05-24T16:31:07Z,Atlanta Dream,Phoenix Mercury
2026-05-24T16:31:08.157662+00:00,9f967a04d5e2a5818cfde979a104ccbd,2026-05-24T19:00:00Z,fanduel,FanDuel,player_rebounds,Under,DeWanna Bonner,5.5,108,2026-05-24T16:31:07Z,Atlanta Dream,Phoenix Mercury
2026-05-24T16:31:08.157662+00:00,9f967a04d5e2a5818cfde979a104ccbd,2026-05-24T19:00:00Z,fanduel,FanDuel,player_rebounds,Over,Angel Reese,12.5,-104,2026-05-24T16:31:07Z,Atlanta Dream,Phoenix Mercury
2026-05-24T16:31:08.157662+00:00,9f967a04d5e2a5818cfde979a104ccbd,2026-05-24T19:00:00Z,fanduel,FanDuel,player_rebounds,Under,Angel Reese,12.5,-128,2026-05-24T16:31:07Z,Atlanta Dream,Phoenix Mercury
2026-05-24T16:31:08.157662+00:00,9f967a04d5e2a5818cfde979a104ccbd,2026-05-24T19:00:00Z,fanduel,FanDuel,player_rebounds,Over,Alyssa Thomas,7.5,-130,2026-05-24T16:31:07Z,Atlanta Dream,Phoenix Mercury
2026-05-24T16:31:08.157662+00:00,9f967a04d5e2a5818cfde979a104ccbd,2026-05-24T19:00:00Z,fanduel,FanDuel,player_rebounds,Under,Alyssa Thomas,7.5,-102,2026-05-24T16:31:07Z,Atlanta Dream,Phoenix Mercury
2026-05-24T16:31:08.157662+00:00,9f967a04d5e2a5818cfde979a104ccbd,2026-05-24T19:00:00Z,fanduel,FanDuel,player_rebounds,Over,Natasha Mack,8.5,114,2026-05-24T16:31:07Z,Atlanta Dream,Phoenix Mercury
2026-05-24T16:31:08.157662+00:00,9f967a04d5e2a5818cfde979a104ccbd,2026-05-24T19:00:00Z,fanduel,FanDuel,player_rebounds,Under,Natasha Mack,8.5,-152,2026-05-24T16:31:07Z,Atlanta Dream,Phoenix Mercury
2026-05-24T16:31:08.157662+00:00,9f967a04d5e2a5818cfde979a104ccbd,2026-05-24T19:00:00Z,fanduel,FanDuel,player_rebounds,Over,Naz Hillmon,5.5,-106,2026-05-24T16:31:07Z,Atlanta Dream,Phoenix Mercury
2026-05-24T16:31:08.157662+00:00,9f967a04d5e2a5818cfde979a104ccbd,2026-05-24T19:00:00Z,fanduel,FanDuel,player_rebounds,Under,Naz Hillmon,5.5,-125,2026-05-24T16:31:07Z,Atlanta Dream,Phoenix Mercury
2026-05-24T16:31:08.157662+00:00,9f967a04d5e2a5818cfde979a104ccbd,2026-05-24T19:00:00Z,fanduel,FanDuel,player_rebounds_assists,Over,Kahleah Copper,4.5,-166,2026-05-24T16:31:07Z,Atlanta Dream,Phoenix Mercury
2026-05-24T16:31:08.157662+00:00,9f967a04d5e2a5818cfde979a104ccbd,2026-05-24T19:00:00Z,fanduel,FanDuel,player_rebounds_assists,Under,Kahleah Copper,4.5,124,2026-05-24T16:31:07Z,Atlanta Dream,Phoenix Mercury
2026-05-24T16:31:08.157662+00:00,9f967a04d5e2a5818cfde979a104ccbd,2026-05-24T19:00:00Z,fanduel,FanDuel,player_rebounds_assists,Over,Rhyne Howard,8.5,-102,2026-05-24T16:31:07Z,Atlanta Dream,Phoenix Mercury
2026-05-24T16:31:08.157662+00:00,9f967a04d5e2a5818cfde979a104ccbd,2026-05-24T19:00:00Z,fanduel,FanDuel,player_rebounds_assists,Under,Rhyne Howard,8.5,-130,2026-05-24T16:31:07Z,Atlanta Dream,Phoenix Mercury
2026-05-24T16:31:08.157662+00:00,9f967a04d5e2a5818cfde979a104ccbd,2026-05-24T19:00:00Z,fanduel,FanDuel,player_rebounds_assists,Over,Alyssa Thomas,16.5,-104,2026-05-24T16:31:07Z,Atlanta Dream,Phoenix Mercury
2026-05-24T16:31:08.157662+00:00,9f967a04d5e2a5818cfde979a104ccbd,2026-05-24T19:00:00Z,fanduel,FanDuel,player_rebounds_assists,Under,Alyssa Thomas,16.5,-128,2026-05-24T16:31:07Z,Atlanta Dream,Phoenix Mercury
2026-05-24T16:31:08.157662+00:00,9f967a04d5e2a5818cfde979a104ccbd,2026-05-24T19:00:00Z,fanduel,FanDuel,player_threes,Over,Kahleah Copper,1.5,-146,2026-05-24T16:31:07Z,Atlanta Dream,Phoenix Mercury
2026-05-24T16:31:08.157662+00:00,9f967a04d5e2a5818cfde979a104ccbd,2026-05-24T19:00:00Z,fanduel,FanDuel,player_threes,Under,Kahleah Copper,1.5,110,2026-05-24T16:31:07Z,Atlanta Dream,Phoenix Mercury
2026-05-24T16:31:08.157662+00:00,9f967a04d5e2a5818cfde979a104ccbd,2026-05-24T19:00:00Z,fanduel,FanDuel,player_threes,Over,Rhyne Howard,2.5,-125,2026-05-24T16:31:07Z,Atlanta Dream,Phoenix Mercury
2026-05-24T16:31:08.157662+00:00,9f967a04d5e2a5818cfde979a104ccbd,2026-05-24T19:00:00Z,fanduel,FanDuel,player_threes,Under,Rhyne Howard,2.5,-106,2026-05-24T16:31:07Z,Atlanta Dream,Phoenix Mercury
2026-05-24T16:31:08.157662+00:00,9f967a04d5e2a5818cfde979a104ccbd,2026-05-24T19:00:00Z,fanduel,FanDuel,player_threes,Over,DeWanna Bonner,1.5,140,2026-05-24T16:31:07Z,Atlanta Dream,Phoenix Mercury
2026-05-24T16:31:08.157662+00:00,9f967a04d5e2a5818cfde979a104ccbd,2026-05-24T19:00:00Z,fanduel,FanDuel,player_threes,Under,DeWanna Bonner,1.5,-188,2026-05-24T16:31:07Z,Atlanta Dream,Phoenix Mercury
2026-05-24T16:31:08.157662+00:00,9f967a04d5e2a5818cfde979a104ccbd,2026-05-24T19:00:00Z,fanduel,FanDuel,player_threes,Over,Allisha Gray,1.5,-200,2026-05-24T16:31:07Z,Atlanta Dream,Phoenix Mercury
2026-05-24T16:31:08.157662+00:00,9f967a04d5e2a5818cfde979a104ccbd,2026-05-24T19:00:00Z,fanduel,FanDuel,player_threes,Under,Allisha Gray,1.5,148,2026-05-24T16:31:07Z,Atlanta Dream,Phoenix Mercury
2026-05-24T16:31:08.157662+00:00,9f967a04d5e2a5818cfde979a104ccbd,2026-05-24T19:00:00Z,fanduel,FanDuel,player_threes,Over,Jovana Nogic,2.5,132,2026-05-24T16:31:07Z,Atlanta Dream,Phoenix Mercury
2026-05-24T16:31:08.157662+00:00,9f967a04d5e2a5818cfde979a104ccbd,2026-05-24T19:00:00Z,fanduel,FanDuel,player_threes,Under,Jovana Nogic,2.5,-178,2026-05-24T16:31:07Z,Atlanta Dream,Phoenix Mercury
2026-05-24T16:31:08.157662+00:00,9f967a04d5e2a5818cfde979a104ccbd,2026-05-24T19:00:00Z,fanduel,FanDuel,player_triple_double,Yes,Alyssa Thomas,,500,2026-05-24T16:31:07Z,Atlanta Dream,Phoenix Mercury
2026-05-24T16:31:08.157662+00:00,9f967a04d5e2a5818cfde979a104ccbd,2026-05-24T19:00:00Z,draftkings,DraftKings,player_assists,Over,Alyssa Thomas,8.5,-102,2026-05-24T16:31:02Z,Atlanta Dream,Phoenix Mercury
2026-05-24T16:31:08.157662+00:00,9f967a04d5e2a5818cfde979a104ccbd,2026-05-24T19:00:00Z,draftkings,DraftKings,player_assists,Under,Alyssa Thomas,8.5,-134,2026-05-24T16:31:02Z,Atlanta Dream,Phoenix Mercury
2026-05-24T16:31:08.157662+00:00,9f967a04d5e2a5818cfde979a104ccbd,2026-05-24T19:00:00Z,draftkings,DraftKings,player_assists,Over,Jordin Canada,5.5,-112,2026-05-24T16:31:02Z,Atlanta Dream,Phoenix Mercury
2026-05-24T16:31:08.157662+00:00,9f967a04d5e2a5818cfde979a104ccbd,2026-05-24T19:00:00Z,draftkings,DraftKings,player_assists,Under,Jordin Canada,5.5,-121,2026-05-24T16:31:02Z,Atlanta Dream,Phoenix Mercury
2026-05-24T16:31:08.157662+00:00,9f967a04d5e2a5818cfde979a104ccbd,2026-05-24T19:00:00Z,draftkings,DraftKings,player_assists,Over,Rhyne Howard,4.5,108,2026-05-24T16:31:02Z,Atlanta Dream,Phoenix Mercury
2026-05-24T16:31:08.157662+00:00,9f967a04d5e2a5818cfde979a104ccbd,2026-05-24T19:00:00Z,draftkings,DraftKings,player_assists,Under,Rhyne Howard,4.5,-146,2026-05-24T16:31:02Z,Atlanta Dream,Phoenix Mercury
2026-05-24T16:31:08.157662+00:00,9f967a04d5e2a5818cfde979a104ccbd,2026-05-24T19:00:00Z,draftkings,DraftKings,player_assists,Over,Allisha Gray,2.5,-135,2026-05-24T16:31:02Z,Atlanta Dream,Phoenix Mercury
2026-05-24T16:31:08.157662+00:00,9f967a04d5e2a5818cfde979a104ccbd,2026-05-24T19:00:00Z,draftkings,DraftKings,player_assists,Under,Allisha Gray,2.5,-101,2026-05-24T16:31:02Z,Atlanta Dream,Phoenix Mercury
2026-05-24T16:31:08.157662+00:00,9f967a04d5e2a5818cfde979a104ccbd,2026-05-24T19:00:00Z,draftkings,DraftKings,player_double_double,Yes,Angel Reese,,-201,2026-05-24T16:31:02Z,Atlanta Dream,Phoenix Mercury
2026-05-24T16:31:08.157662+00:00,9f967a04d5e2a5818cfde979a104ccbd,2026-05-24T19:00:00Z,draftkings,DraftKings,player_double_double,Yes,Alyssa Thomas,,-109,2026-05-24T16:31:02Z,Atlanta Dream,Phoenix Mercury
2026-05-24T16:31:08.157662+00:00,9f967a04d5e2a5818cfde979a104ccbd,2026-05-24T19:00:00Z,draftkings,DraftKings,player_double_double,Yes,Natasha Mack,,426,2026-05-24T16:31:02Z,Atlanta Dream,Phoenix Mercury
2026-05-24T16:31:08.157662+00:00,9f967a04d5e2a5818cfde979a104ccbd,2026-05-24T19:00:00Z,draftkings,DraftKings,player_double_double,Yes,DeWanna Bonner,,1060,2026-05-24T16:31:02Z,Atlanta Dream,Phoenix Mercury
2026-05-24T16:31:08.157662+00:00,9f967a04d5e2a5818cfde979a104ccbd,2026-05-24T19:00:00Z,draftkings,DraftKings,player_double_double,Yes,Jordin Canada,,1300,2026-05-24T16:31:02Z,Atlanta Dream,Phoenix Mercury
2026-05-24T16:31:08.157662+00:00,9f967a04d5e2a5818cfde979a104ccbd,2026-05-24T19:00:00Z,draftkings,DraftKings,player_double_double,Yes,Allisha Gray,,1520,2026-05-24T16:31:02Z,Atlanta Dream,Phoenix Mercury
2026-05-24T16:31:08.157662+00:00,9f967a04d5e2a5818cfde979a104ccbd,2026-05-24T19:00:00Z,draftkings,DraftKings,player_double_double,Yes,Naz Hillmon,,1640,2026-05-24T16:31:02Z,Atlanta Dream,Phoenix Mercury
2026-05-24T16:31:08.157662+00:00,9f967a04d5e2a5818cfde979a104ccbd,2026-05-24T19:00:00Z,draftkings,DraftKings,player_double_double,Yes,Rhyne Howard,,1980,2026-05-24T16:31:02Z,Atlanta Dream,Phoenix Mercury
2026-05-24T16:31:08.157662+00:00,9f967a04d5e2a5818cfde979a104ccbd,2026-05-24T19:00:00Z,draftkings,DraftKings,player_points,Over,Allisha Gray,19.5,-111,2026-05-24T16:31:02Z,Atlanta Dream,Phoenix Mercury
2026-05-24T16:31:08.157662+00:00,9f967a04d5e2a5818cfde979a104ccbd,2026-05-24T19:00:00Z,draftkings,DraftKings,player_points,Under,Allisha Gray,19.5,-119,2026-05-24T16:31:02Z,Atlanta Dream,Phoenix Mercury
2026-05-24T16:31:08.157662+00:00,9f967a04d5e2a5818cfde979a104ccbd,2026-05-24T19:00:00Z,draftkings,DraftKings,player_points,Over,Kahleah Copper,18.5,-114,2026-05-24T16:31:02Z,Atlanta Dream,Phoenix Mercury
2026-05-24T16:31:08.157662+00:00,9f967a04d5e2a5818cfde979a104ccbd,2026-05-24T19:00:00Z,draftkings,DraftKings,player_points,Under,Kahleah Copper,18.5,-117,2026-05-24T16:31:02Z,Atlanta Dream,Phoenix Mercury
2026-05-24T16:31:08.157662+00:00,9f967a04d5e2a5818cfde979a104ccbd,2026-05-24T19:00:00Z,draftkings,DraftKings,player_points,Over,Alyssa Thomas,16.5,-123,2026-05-24T16:31:02Z,Atlanta Dream,Phoenix Mercury
2026-05-24T16:31:08.157662+00:00,9f967a04d5e2a5818cfde979a104ccbd,2026-05-24T19:00:00Z,draftkings,DraftKings,player_points,Under,Alyssa Thomas,16.5,-108,2026-05-24T16:31:02Z,Atlanta Dream,Phoenix Mercury
2026-05-24T16:31:08.157662+00:00,9f967a04d5e2a5818cfde979a104ccbd,2026-05-24T19:00:00Z,draftkings,DraftKings,player_points,Over,Rhyne Howard,16.5,-115,2026-05-24T16:31:02Z,Atlanta Dream,Phoenix Mercury
2026-05-24T16:31:08.157662+00:00,9f967a04d5e2a5818cfde979a104ccbd,2026-05-24T19:00:00Z,draftkings,DraftKings,player_points,Under,Rhyne Howard,16.5,-115,2026-05-24T16:31:02Z,Atlanta Dream,Phoenix Mercury
2026-05-24T16:31:08.157662+00:00,9f967a04d5e2a5818cfde979a104ccbd,2026-05-24T19:00:00Z,draftkings,DraftKings,player_points,Over,Angel Reese,12.5,-133,2026-05-24T16:31:02Z,Atlanta Dream,Phoenix Mercury
2026-05-24T16:31:08.157662+00:00,9f967a04d5e2a5818cfde979a104ccbd,2026-05-24T19:00:00Z,draftkings,DraftKings,player_points,Under,Angel Reese,12.5,100,2026-05-24T16:31:02Z,Atlanta Dream,Phoenix Mercury
2026-05-24T16:31:08.157662+00:00,9f967a04d5e2a5818cfde979a104ccbd,2026-05-24T19:00:00Z,draftkings,DraftKings,player_points,Over,Jovana Nogic,12.5,-123,2026-05-24T16:31:02Z,Atlanta Dream,Phoenix Mercury
2026-05-24T16:31:08.157662+00:00,9f967a04d5e2a5818cfde979a104ccbd,2026-05-24T19:00:00Z,draftkings,DraftKings,player_points,Under,Jovana Nogic,12.5,-108,2026-05-24T16:31:02Z,Atlanta Dream,Phoenix Mercury
2026-05-24T16:31:08.157662+00:00,9f967a04d5e2a5818cfde979a104ccbd,2026-05-24T19:00:00Z,draftkings,DraftKings,player_points,Over,DeWanna Bonner,11.5,-107,2026-05-24T16:31:02Z,Atlanta Dream,Phoenix Mercury
2026-05-24T16:31:08.157662+00:00,9f967a04d5e2a5818cfde979a104ccbd,2026-05-24T19:00:00Z,draftkings,DraftKings,player_points,Under,DeWanna Bonner,11.5,-124,2026-05-24T16:31:02Z,Atlanta Dream,Phoenix Mercury
2026-05-24T16:31:08.157662+00:00,9f967a04d5e2a5818cfde979a104ccbd,2026-05-24T19:00:00Z,draftkings,DraftKings,player_points,Over,Jordin Canada,10.5,-124,2026-05-24T16:31:02Z,Atlanta Dream,Phoenix Mercury
2026-05-24T16:31:08.157662+00:00,9f967a04d5e2a5818cfde979a104ccbd,2026-05-24T19:00:00Z,draftkings,DraftKings,player_points,Under,Jordin Canada,10.5,-107,2026-05-24T16:31:02Z,Atlanta Dream,Phoenix Mercury
2026-05-24T16:31:08.157662+00:00,9f967a04d5e2a5818cfde979a104ccbd,2026-05-24T19:00:00Z,draftkings,DraftKings,player_points,Over,Natasha Mack,8.5,-128,2026-05-24T16:31:02Z,Atlanta Dream,Phoenix Mercury
2026-05-24T16:31:08.157662+00:00,9f967a04d5e2a5818cfde979a104ccbd,2026-05-24T19:00:00Z,draftkings,DraftKings,player_points,Under,Natasha Mack,8.5,-104,2026-05-24T16:31:02Z,Atlanta Dream,Phoenix Mercury
2026-05-24T16:31:08.157662+00:00,9f967a04d5e2a5818cfde979a104ccbd,2026-05-24T19:00:00Z,draftkings,DraftKings,player_points,Over,Naz Hillmon,8.5,-115,2026-05-24T16:31:02Z,Atlanta Dream,Phoenix Mercury
2026-05-24T16:31:08.157662+00:00,9f967a04d5e2a5818cfde979a104ccbd,2026-05-24T19:00:00Z,draftkings,DraftKings,player_points,Under,Naz Hillmon,8.5,-115,2026-05-24T16:31:02Z,Atlanta Dream,Phoenix Mercury
2026-05-24T16:31:08.157662+00:00,9f967a04d5e2a5818cfde979a104ccbd,2026-05-24T19:00:00Z,draftkings,DraftKings,player_points_assists,Over,Alyssa Thomas,25.5,-110,2026-05-24T16:31:02Z,Atlanta Dream,Phoenix Mercury
2026-05-24T16:31:08.157662+00:00,9f967a04d5e2a5818cfde979a104ccbd,2026-05-24T19:00:00Z,draftkings,DraftKings,player_points_assists,Under,Alyssa Thomas,25.5,-123,2026-05-24T16:31:02Z,Atlanta Dream,Phoenix Mercury
2026-05-24T16:31:08.157662+00:00,9f967a04d5e2a5818cfde979a104ccbd,2026-05-24T19:00:00Z,draftkings,DraftKings,player_points_assists,Over,Allisha Gray,22.5,-110,2026-05-24T16:31:02Z,Atlanta Dream,Phoenix Mercury
2026-05-24T16:31:08.157662+00:00,9f967a04d5e2a5818cfde979a104ccbd,2026-05-24T19:00:00Z,draftkings,DraftKings,player_points_assists,Under,Allisha Gray,22.5,-123,2026-05-24T16:31:02Z,Atlanta Dream,Phoenix Mercury
2026-05-24T16:31:08.157662+00:00,9f967a04d5e2a5818cfde979a104ccbd,2026-05-24T19:00:00Z,draftkings,DraftKings,player_points_assists,Over,Rhyne Howard,20.5,-130,2026-05-24T16:31:02Z,Atlanta Dream,Phoenix Mercury
2026-05-24T16:31:08.157662+00:00,9f967a04d5e2a5818cfde979a104ccbd,2026-05-24T19:00:00Z,draftkings,DraftKings,player_points_assists,Under,Rhyne Howard,20.5,-105,2026-05-24T16:31:02Z,Atlanta Dream,Phoenix Mercury
2026-05-24T16:31:08.157662+00:00,9f967a04d5e2a5818cfde979a104ccbd,2026-05-24T19:00:00Z,draftkings,DraftKings,player_points_assists,Over,Jordin Canada,16.5,-113,2026-05-24T16:31:02Z,Atlanta Dream,Phoenix Mercury
2026-05-24T16:31:08.157662+00:00,9f967a04d5e2a5818cfde979a104ccbd,2026-05-24T19:00:00Z,draftkings,DraftKings,player_points_assists,Under,Jordin Canada,16.5,-120,2026-05-24T16:31:02Z,Atlanta Dream,Phoenix Mercury
2026-05-24T16:31:08.157662+00:00,9f967a04d5e2a5818cfde979a104ccbd,2026-05-24T19:00:00Z,draftkings,DraftKings,player_points_rebounds,Over,Angel Reese,25.5,-118,2026-05-24T16:31:02Z,Atlanta Dream,Phoenix Mercury
2026-05-24T16:31:08.157662+00:00,9f967a04d5e2a5818cfde979a104ccbd,2026-05-24T19:00:00Z,draftkings,DraftKings,player_points_rebounds,Under,Angel Reese,25.5,-115,2026-05-24T16:31:02Z,Atlanta Dream,Phoenix Mercury
2026-05-24T16:31:08.157662+00:00,9f967a04d5e2a5818cfde979a104ccbd,2026-05-24T19:00:00Z,draftkings,DraftKings,player_points_rebounds,Over,Alyssa Thomas,24.5,-122,2026-05-24T16:31:02Z,Atlanta Dream,Phoenix Mercury
2026-05-24T16:31:08.157662+00:00,9f967a04d5e2a5818cfde979a104ccbd,2026-05-24T19:00:00Z,draftkings,DraftKings,player_points_rebounds,Under,Alyssa Thomas,24.5,-111,2026-05-24T16:31:02Z,Atlanta Dream,Phoenix Mercury
2026-05-24T16:31:08.157662+00:00,9f967a04d5e2a5818cfde979a104ccbd,2026-05-24T19:00:00Z,draftkings,DraftKings,player_points_rebounds,Over,Allisha Gray,24.5,-116,2026-05-24T16:31:02Z,Atlanta Dream,Phoenix Mercury
2026-05-24T16:31:08.157662+00:00,9f967a04d5e2a5818cfde979a104ccbd,2026-05-24T19:00:00Z,draftkings,DraftKings,player_points_rebounds,Under,Allisha Gray,24.5,-117,2026-05-24T16:31:02Z,Atlanta Dream,Phoenix Mercury
2026-05-24T16:31:08.157662+00:00,9f967a04d5e2a5818cfde979a104ccbd,2026-05-24T19:00:00Z,draftkings,DraftKings,player_points_rebounds,Over,Kahleah Copper,21.5,-117,2026-05-24T16:31:02Z,Atlanta Dream,Phoenix Mercury
2026-05-24T16:31:08.157662+00:00,9f967a04d5e2a5818cfde979a104ccbd,2026-05-24T19:00:00Z,draftkings,DraftKings,player_points_rebounds,Under,Kahleah Copper,21.5,-116,2026-05-24T16:31:02Z,Atlanta Dream,Phoenix Mercury
2026-05-24T16:31:08.157662+00:00,9f967a04d5e2a5818cfde979a104ccbd,2026-05-24T19:00:00Z,draftkings,DraftKings,player_points_rebounds,Over,Rhyne Howard,20.5,-121,2026-05-24T16:31:02Z,Atlanta Dream,Phoenix Mercury
2026-05-24T16:31:08.157662+00:00,9f967a04d5e2a5818cfde979a104ccbd,2026-05-24T19:00:00Z,draftkings,DraftKings,player_points_rebounds,Under,Rhyne Howard,20.5,-112,2026-05-24T16:31:02Z,Atlanta Dream,Phoenix Mercury
2026-05-24T16:31:08.157662+00:00,9f967a04d5e2a5818cfde979a104ccbd,2026-05-24T19:00:00Z,draftkings,DraftKings,player_points_rebounds,Over,DeWanna Bonner,17.5,-107,2026-05-24T16:31:02Z,Atlanta Dream,Phoenix Mercury
2026-05-24T16:31:08.157662+00:00,9f967a04d5e2a5818cfde979a104ccbd,2026-05-24T19:00:00Z,draftkings,DraftKings,player_points_rebounds,Under,DeWanna Bonner,17.5,-126,2026-05-24T16:31:02Z,Atlanta Dream,Phoenix Mercury
2026-05-24T16:31:08.157662+00:00,9f967a04d5e2a5818cfde979a104ccbd,2026-05-24T19:00:00Z,draftkings,DraftKings,player_points_rebounds,Over,Natasha Mack,17.5,-103,2026-05-24T16:31:02Z,Atlanta Dream,Phoenix Mercury
2026-05-24T16:31:08.157662+00:00,9f967a04d5e2a5818cfde979a104ccbd,2026-05-24T19:00:00Z,draftkings,DraftKings,player_points_rebounds,Under,Natasha Mack,17.5,-132,2026-05-24T16:31:02Z,Atlanta Dream,Phoenix Mercury
2026-05-24T16:31:08.157662+00:00,9f967a04d5e2a5818cfde979a104ccbd,2026-05-24T19:00:00Z,draftkings,DraftKings,player_points_rebounds,Over,Naz Hillmon,14.5,-106,2026-05-24T16:31:02Z,Atlanta Dream,Phoenix Mercury
2026-05-24T16:31:08.157662+00:00,9f967a04d5e2a5818cfde979a104ccbd,2026-05-24T19:00:00Z,draftkings,DraftKings,player_points_rebounds,Under,Naz Hillmon,14.5,-128,2026-05-24T16:31:02Z,Atlanta Dream,Phoenix Mercury
2026-05-24T16:31:08.157662+00:00,9f967a04d5e2a5818cfde979a104ccbd,2026-05-24T19:00:00Z,draftkings,DraftKings,player_points_rebounds_assists,Over,Alyssa Thomas,33.5,-110,2026-05-24T16:31:02Z,Atlanta Dream,Phoenix Mercury
2026-05-24T16:31:08.157662+00:00,9f967a04d5e2a5818cfde979a104ccbd,2026-05-24T19:00:00Z,draftkings,DraftKings,player_points_rebounds_assists,Under,Alyssa Thomas,33.5,-123,2026-05-24T16:31:02Z,Atlanta Dream,Phoenix Mercury
2026-05-24T16:31:08.157662+00:00,9f967a04d5e2a5818cfde979a104ccbd,2026-05-24T19:00:00Z,draftkings,DraftKings,player_points_rebounds_assists,Over,Angel Reese,28.5,-117,2026-05-24T16:31:02Z,Atlanta Dream,Phoenix Mercury
2026-05-24T16:31:08.157662+00:00,9f967a04d5e2a5818cfde979a104ccbd,2026-05-24T19:00:00Z,draftkings,DraftKings,player_points_rebounds_assists,Under,Angel Reese,28.5,-116,2026-05-24T16:31:02Z,Atlanta Dream,Phoenix Mercury
2026-05-24T16:31:08.157662+00:00,9f967a04d5e2a5818cfde979a104ccbd,2026-05-24T19:00:00Z,draftkings,DraftKings,player_points_rebounds_assists,Over,Allisha Gray,27.5,-114,2026-05-24T16:31:02Z,Atlanta Dream,Phoenix Mercury
2026-05-24T16:31:08.157662+00:00,9f967a04d5e2a5818cfde979a104ccbd,2026-05-24T19:00:00Z,draftkings,DraftKings,player_points_rebounds_assists,Under,Allisha Gray,27.5,-119,2026-05-24T16:31:02Z,Atlanta Dream,Phoenix Mercury
2026-05-24T16:31:08.157662+00:00,9f967a04d5e2a5818cfde979a104ccbd,2026-05-24T19:00:00Z,draftkings,DraftKings,player_points_rebounds_assists,Over,Rhyne Howard,25.5,-107,2026-05-24T16:31:02Z,Atlanta Dream,Phoenix Mercury
2026-05-24T16:31:08.157662+00:00,9f967a04d5e2a5818cfde979a104ccbd,2026-05-24T19:00:00Z,draftkings,DraftKings,player_points_rebounds_assists,Under,Rhyne Howard,25.5,-127,2026-05-24T16:31:02Z,Atlanta Dream,Phoenix Mercury
2026-05-24T16:31:08.157662+00:00,9f967a04d5e2a5818cfde979a104ccbd,2026-05-24T19:00:00Z,draftkings,DraftKings,player_points_rebounds_assists,Over,Jordin Canada,19.5,-129,2026-05-24T16:31:02Z,Atlanta Dream,Phoenix Mercury
2026-05-24T16:31:08.157662+00:00,9f967a04d5e2a5818cfde979a104ccbd,2026-05-24T19:00:00Z,draftkings,DraftKings,player_points_rebounds_assists,Under,Jordin Canada,19.5,-105,2026-05-24T16:31:02Z,Atlanta Dream,Phoenix Mercury
2026-05-24T16:31:08.157662+00:00,9f967a04d5e2a5818cfde979a104ccbd,2026-05-24T19:00:00Z,draftkings,DraftKings,player_rebounds,Over,Angel Reese,12.5,-103,2026-05-24T16:31:02Z,Atlanta Dream,Phoenix Mercury
2026-05-24T16:31:08.157662+00:00,9f967a04d5e2a5818cfde979a104ccbd,2026-05-24T19:00:00Z,draftkings,DraftKings,player_rebounds,Under,Angel Reese,12.5,-132,2026-05-24T16:31:02Z,Atlanta Dream,Phoenix Mercury
2026-05-24T16:31:08.157662+00:00,9f967a04d5e2a5818cfde979a104ccbd,2026-05-24T19:00:00Z,draftkings,DraftKings,player_rebounds,Over,Natasha Mack,7.5,-148,2026-05-24T16:31:02Z,Atlanta Dream,Phoenix Mercury
2026-05-24T16:31:08.157662+00:00,9f967a04d5e2a5818cfde979a104ccbd,2026-05-24T19:00:00Z,draftkings,DraftKings,player_rebounds,Under,Natasha Mack,7.5,109,2026-05-24T16:31:02Z,Atlanta Dream,Phoenix Mercury
2026-05-24T16:31:08.157662+00:00,9f967a04d5e2a5818cfde979a104ccbd,2026-05-24T19:00:00Z,draftkings,DraftKings,player_rebounds,Over,Alyssa Thomas,7.5,-123,2026-05-24T16:31:02Z,Atlanta Dream,Phoenix Mercury
2026-05-24T16:31:08.157662+00:00,9f967a04d5e2a5818cfde979a104ccbd,2026-05-24T19:00:00Z,draftkings,DraftKings,player_rebounds,Under,Alyssa Thomas,7.5,-110,2026-05-24T16:31:02Z,Atlanta Dream,Phoenix Mercury
2026-05-24T16:31:08.157662+00:00,9f967a04d5e2a5818cfde979a104ccbd,2026-05-24T19:00:00Z,draftkings,DraftKings,player_rebounds,Over,DeWanna Bonner,5.5,-133,2026-05-24T16:31:02Z,Atlanta Dream,Phoenix Mercury
2026-05-24T16:31:08.157662+00:00,9f967a04d5e2a5818cfde979a104ccbd,2026-05-24T19:00:00Z,draftkings,DraftKings,player_rebounds,Under,DeWanna Bonner,5.5,-102,2026-05-24T16:31:02Z,Atlanta Dream,Phoenix Mercury
2026-05-24T16:31:08.157662+00:00,9f967a04d5e2a5818cfde979a104ccbd,2026-05-24T19:00:00Z,draftkings,DraftKings,player_rebounds,Over,Naz Hillmon,5.5,-114,2026-05-24T16:31:02Z,Atlanta Dream,Phoenix Mercury
2026-05-24T16:31:08.157662+00:00,9f967a04d5e2a5818cfde979a104ccbd,2026-05-24T19:00:00Z,draftkings,DraftKings,player_rebounds,Under,Naz Hillmon,5.5,-119,2026-05-24T16:31:02Z,Atlanta Dream,Phoenix Mercury
2026-05-24T16:31:08.157662+00:00,9f967a04d5e2a5818cfde979a104ccbd,2026-05-24T19:00:00Z,draftkings,DraftKings,player_rebounds,Over,Allisha Gray,4.5,-152,2026-05-24T16:31:02Z,Atlanta Dream,Phoenix Mercury
2026-05-24T16:31:08.157662+00:00,9f967a04d5e2a5818cfde979a104ccbd,2026-05-24T19:00:00Z,draftkings,DraftKings,player_rebounds,Under,Allisha Gray,4.5,112,2026-05-24T16:31:02Z,Atlanta Dream,Phoenix Mercury
2026-05-24T16:31:08.157662+00:00,9f967a04d5e2a5818cfde979a104ccbd,2026-05-24T19:00:00Z,draftkings,DraftKings,player_rebounds,Over,Rhyne Howard,3.5,-166,2026-05-24T16:31:02Z,Atlanta Dream,Phoenix Mercury
2026-05-24T16:31:08.157662+00:00,9f967a04d5e2a5818cfde979a104ccbd,2026-05-24T19:00:00Z,draftkings,DraftKings,player_rebounds,Under,Rhyne Howard,3.5,122,2026-05-24T16:31:02Z,Atlanta Dream,Phoenix Mercury
2026-05-24T16:31:08.157662+00:00,9f967a04d5e2a5818cfde979a104ccbd,2026-05-24T19:00:00Z,draftkings,DraftKings,player_rebounds,Over,Kahleah Copper,2.5,-134,2026-05-24T16:31:02Z,Atlanta Dream,Phoenix Mercury
2026-05-24T16:31:08.157662+00:00,9f967a04d5e2a5818cfde979a104ccbd,2026-05-24T19:00:00Z,draftkings,DraftKings,player_rebounds,Under,Kahleah Copper,2.5,-102,2026-05-24T16:31:02Z,Atlanta Dream,Phoenix Mercury
2026-05-24T16:31:08.157662+00:00,9f967a04d5e2a5818cfde979a104ccbd,2026-05-24T19:00:00Z,draftkings,DraftKings,player_rebounds_assists,Over,Alyssa Thomas,16.5,-102,2026-05-24T16:31:02Z,Atlanta Dream,Phoenix Mercury
2026-05-24T16:31:08.157662+00:00,9f967a04d5e2a5818cfde979a104ccbd,2026-05-24T19:00:00Z,draftkings,DraftKings,player_rebounds_assists,Under,Alyssa Thomas,16.5,-133,2026-05-24T16:31:02Z,Atlanta Dream,Phoenix Mercury
2026-05-24T16:31:08.157662+00:00,9f967a04d5e2a5818cfde979a104ccbd,2026-05-24T19:00:00Z,draftkings,DraftKings,player_threes,Over,Rhyne Howard,2.5,-121,2026-05-24T16:31:02Z,Atlanta Dream,Phoenix Mercury
2026-05-24T16:31:08.157662+00:00,9f967a04d5e2a5818cfde979a104ccbd,2026-05-24T19:00:00Z,draftkings,DraftKings,player_threes,Under,Rhyne Howard,2.5,-112,2026-05-24T16:31:02Z,Atlanta Dream,Phoenix Mercury
2026-05-24T16:31:08.157662+00:00,9f967a04d5e2a5818cfde979a104ccbd,2026-05-24T19:00:00Z,draftkings,DraftKings,player_threes,Over,Jovana Nogic,2.5,132,2026-05-24T16:31:02Z,Atlanta Dream,Phoenix Mercury
2026-05-24T16:31:08.157662+00:00,9f967a04d5e2a5818cfde979a104ccbd,2026-05-24T19:00:00Z,draftkings,DraftKings,player_threes,Under,Jovana Nogic,2.5,-181,2026-05-24T16:31:02Z,Atlanta Dream,Phoenix Mercury
2026-05-24T16:31:08.157662+00:00,9f967a04d5e2a5818cfde979a104ccbd,2026-05-24T19:00:00Z,draftkings,DraftKings,player_threes,Over,Allisha Gray,2.5,136,2026-05-24T16:31:02Z,Atlanta Dream,Phoenix Mercury
2026-05-24T16:31:08.157662+00:00,9f967a04d5e2a5818cfde979a104ccbd,2026-05-24T19:00:00Z,draftkings,DraftKings,player_threes,Under,Allisha Gray,2.5,-186,2026-05-24T16:31:02Z,Atlanta Dream,Phoenix Mercury
2026-05-24T16:31:08.157662+00:00,9f967a04d5e2a5818cfde979a104ccbd,2026-05-24T19:00:00Z,draftkings,DraftKings,player_threes,Over,Kahleah Copper,1.5,-167,2026-05-24T16:31:02Z,Atlanta Dream,Phoenix Mercury
2026-05-24T16:31:08.157662+00:00,9f967a04d5e2a5818cfde979a104ccbd,2026-05-24T19:00:00Z,draftkings,DraftKings,player_threes,Under,Kahleah Copper,1.5,122,2026-05-24T16:31:02Z,Atlanta Dream,Phoenix Mercury
2026-05-24T16:31:08.157662+00:00,9f967a04d5e2a5818cfde979a104ccbd,2026-05-24T19:00:00Z,draftkings,DraftKings,player_threes,Over,DeWanna Bonner,1.5,120,2026-05-24T16:31:02Z,Atlanta Dream,Phoenix Mercury
2026-05-24T16:31:08.157662+00:00,9f967a04d5e2a5818cfde979a104ccbd,2026-05-24T19:00:00Z,draftkings,DraftKings,player_threes,Under,DeWanna Bonner,1.5,-163,2026-05-24T16:31:02Z,Atlanta Dream,Phoenix Mercury
2026-05-24T16:31:08.157662+00:00,9f967a04d5e2a5818cfde979a104ccbd,2026-05-24T19:00:00Z,draftkings,DraftKings,player_triple_double,Yes,Alyssa Thomas,,610,2026-05-24T16:31:02Z,Atlanta Dream,Phoenix Mercury
2026-05-24T16:31:08.157662+00:00,9f967a04d5e2a5818cfde979a104ccbd,2026-05-24T19:00:00Z,draftkings,DraftKings,player_triple_double,Yes,Angel Reese,,6000,2026-05-24T16:31:02Z,Atlanta Dream,Phoenix Mercury
2026-05-24T16:31:08.157662+00:00,079e09e1badc61fa59b8c253166e85d5,2026-05-24T19:30:00Z,fanduel,FanDuel,player_assists,Over,Paige Bueckers,5.5,-106,2026-05-24T16:30:31Z,New York Liberty,Dallas Wings
2026-05-24T16:31:08.157662+00:00,079e09e1badc61fa59b8c253166e85d5,2026-05-24T19:30:00Z,fanduel,FanDuel,player_assists,Under,Paige Bueckers,5.5,-125,2026-05-24T16:30:31Z,New York Liberty,Dallas Wings
2026-05-24T16:31:08.157662+00:00,079e09e1badc61fa59b8c253166e85d5,2026-05-24T19:30:00Z,fanduel,FanDuel,player_assists,Over,Jonquel Jones,2.5,124,2026-05-24T16:30:31Z,New York Liberty,Dallas Wings
2026-05-24T16:31:08.157662+00:00,079e09e1badc61fa59b8c253166e85d5,2026-05-24T19:30:00Z,fanduel,FanDuel,player_assists,Under,Jonquel Jones,2.5,-166,2026-05-24T16:30:31Z,New York Liberty,Dallas Wings
2026-05-24T16:31:08.157662+00:00,079e09e1badc61fa59b8c253166e85d5,2026-05-24T19:30:00Z,fanduel,FanDuel,player_assists,Over,Odyssey Sims,3.5,120,2026-05-24T16:30:31Z,New York Liberty,Dallas Wings
2026-05-24T16:31:08.157662+00:00,079e09e1badc61fa59b8c253166e85d5,2026-05-24T19:30:00Z,fanduel,FanDuel,player_assists,Under,Odyssey Sims,3.5,-160,2026-05-24T16:30:31Z,New York Liberty,Dallas Wings
2026-05-24T16:31:08.157662+00:00,079e09e1badc61fa59b8c253166e85d5,2026-05-24T19:30:00Z,fanduel,FanDuel,player_assists,Over,Breanna Stewart,2.5,-132,2026-05-24T16:30:31Z,New York Liberty,Dallas Wings
2026-05-24T16:31:08.157662+00:00,079e09e1badc61fa59b8c253166e85d5,2026-05-24T19:30:00Z,fanduel,FanDuel,player_assists,Under,Breanna Stewart,2.5,100,2026-05-24T16:30:31Z,New York Liberty,Dallas Wings
2026-05-24T16:31:08.157662+00:00,079e09e1badc61fa59b8c253166e85d5,2026-05-24T19:30:00Z,fanduel,FanDuel,player_assists,Over,Jessica Shepard,4.5,-114,2026-05-24T16:30:31Z,New York Liberty,Dallas Wings
2026-05-24T16:31:08.157662+00:00,079e09e1badc61fa59b8c253166e85d5,2026-05-24T19:30:00Z,fanduel,FanDuel,player_assists,Under,Jessica Shepard,4.5,-114,2026-05-24T16:30:31Z,New York Liberty,Dallas Wings
2026-05-24T16:31:08.157662+00:00,079e09e1badc61fa59b8c253166e85d5,2026-05-24T19:30:00Z,fanduel,FanDuel,player_assists,Over,Sabrina Ionescu,4.5,-120,2026-05-24T16:30:31Z,New York Liberty,Dallas Wings
2026-05-24T16:31:08.157662+00:00,079e09e1badc61fa59b8c253166e85d5,2026-05-24T19:30:00Z,fanduel,FanDuel,player_assists,Under,Sabrina Ionescu,4.5,-110,2026-05-24T16:30:31Z,New York Liberty,Dallas Wings
2026-05-24T16:31:08.157662+00:00,079e09e1badc61fa59b8c253166e85d5,2026-05-24T19:30:00Z,fanduel,FanDuel,player_double_double,Yes,Breanna Stewart,,150,2026-05-24T16:30:31Z,New York Liberty,Dallas Wings
2026-05-24T16:31:08.157662+00:00,079e09e1badc61fa59b8c253166e85d5,2026-05-24T19:30:00Z,fanduel,FanDuel,player_double_double,Yes,Jessica Shepard,,210,2026-05-24T16:30:31Z,New York Liberty,Dallas Wings
2026-05-24T16:31:08.157662+00:00,079e09e1badc61fa59b8c253166e85d5,2026-05-24T19:30:00Z,fanduel,FanDuel,player_double_double,Yes,Jonquel Jones,,250,2026-05-24T16:30:31Z,New York Liberty,Dallas Wings
2026-05-24T16:31:08.157662+00:00,079e09e1badc61fa59b8c253166e85d5,2026-05-24T19:30:00Z,fanduel,FanDuel,player_double_double,Yes,Paige Bueckers,,1200,2026-05-24T16:30:31Z,New York Liberty,Dallas Wings
2026-05-24T16:31:08.157662+00:00,079e09e1badc61fa59b8c253166e85d5,2026-05-24T19:30:00Z,fanduel,FanDuel,player_double_double,Yes,Sabrina Ionescu,,1900,2026-05-24T16:30:31Z,New York Liberty,Dallas Wings
2026-05-24T16:31:08.157662+00:00,079e09e1badc61fa59b8c253166e85d5,2026-05-24T19:30:00Z,fanduel,FanDuel,player_points,Over,Paige Bueckers,18.5,-110,2026-05-24T16:30:31Z,New York Liberty,Dallas Wings
2026-05-24T16:31:08.157662+00:00,079e09e1badc61fa59b8c253166e85d5,2026-05-24T19:30:00Z,fanduel,FanDuel,player_points,Under,Paige Bueckers,18.5,-118,2026-05-24T16:30:31Z,New York Liberty,Dallas Wings
2026-05-24T16:31:08.157662+00:00,079e09e1badc61fa59b8c253166e85d5,2026-05-24T19:30:00Z,fanduel,FanDuel,player_points,Over,Azzi Fudd,8.5,-110,2026-05-24T16:30:31Z,New York Liberty,Dallas Wings
2026-05-24T16:31:08.157662+00:00,079e09e1badc61fa59b8c253166e85d5,2026-05-24T19:30:00Z,fanduel,FanDuel,player_points,Under,Azzi Fudd,8.5,-118,2026-05-24T16:30:31Z,New York Liberty,Dallas Wings
2026-05-24T16:31:08.157662+00:00,079e09e1badc61fa59b8c253166e85d5,2026-05-24T19:30:00Z,fanduel,FanDuel,player_points,Over,Jonquel Jones,12.5,100,2026-05-24T16:30:31Z,New York Liberty,Dallas Wings
2026-05-24T16:31:08.157662+00:00,079e09e1badc61fa59b8c253166e85d5,2026-05-24T19:30:00Z,fanduel,FanDuel,player_points,Under,Jonquel Jones,12.5,-130,2026-05-24T16:30:31Z,New York Liberty,Dallas Wings
2026-05-24T16:31:08.157662+00:00,079e09e1badc61fa59b8c253166e85d5,2026-05-24T19:30:00Z,fanduel,FanDuel,player_points,Over,Breanna Stewart,19.5,-102,2026-05-24T16:30:31Z,New York Liberty,Dallas Wings
2026-05-24T16:31:08.157662+00:00,079e09e1badc61fa59b8c253166e85d5,2026-05-24T19:30:00Z,fanduel,FanDuel,player_points,Under,Breanna Stewart,19.5,-128,2026-05-24T16:30:31Z,New York Liberty,Dallas Wings
2026-05-24T16:31:08.157662+00:00,079e09e1badc61fa59b8c253166e85d5,2026-05-24T19:30:00Z,fanduel,FanDuel,player_points,Over,Arike Ogunbowale,15.5,-125,2026-05-24T16:30:31Z,New York Liberty,Dallas Wings
2026-05-24T16:31:08.157662+00:00,079e09e1badc61fa59b8c253166e85d5,2026-05-24T19:30:00Z,fanduel,FanDuel,player_points,Under,Arike Ogunbowale,15.5,-104,2026-05-24T16:30:31Z,New York Liberty,Dallas Wings
2026-05-24T16:31:08.157662+00:00,079e09e1badc61fa59b8c253166e85d5,2026-05-24T19:30:00Z,fanduel,FanDuel,player_points,Over,Satou Sabally,9.5,-113,2026-05-24T16:30:31Z,New York Liberty,Dallas Wings
2026-05-24T16:31:08.157662+00:00,079e09e1badc61fa59b8c253166e85d5,2026-05-24T19:30:00Z,fanduel,FanDuel,player_points,Under,Satou Sabally,9.5,-115,2026-05-24T16:30:31Z,New York Liberty,Dallas Wings
2026-05-24T16:31:08.157662+00:00,079e09e1badc61fa59b8c253166e85d5,2026-05-24T19:30:00Z,fanduel,FanDuel,player_points,Over,Jessica Shepard,9.5,-125,2026-05-24T16:30:31Z,New York Liberty,Dallas Wings
2026-05-24T16:31:08.157662+00:00,079e09e1badc61fa59b8c253166e85d5,2026-05-24T19:30:00Z,fanduel,FanDuel,player_points,Under,Jessica Shepard,9.5,-104,2026-05-24T16:30:31Z,New York Liberty,Dallas Wings
2026-05-24T16:31:08.157662+00:00,079e09e1badc61fa59b8c253166e85d5,2026-05-24T19:30:00Z,fanduel,FanDuel,player_points,Over,Sabrina Ionescu,13.5,104,2026-05-24T16:30:31Z,New York Liberty,Dallas Wings
2026-05-24T16:31:08.157662+00:00,079e09e1badc61fa59b8c253166e85d5,2026-05-24T19:30:00Z,fanduel,FanDuel,player_points,Under,Sabrina Ionescu,13.5,-135,2026-05-24T16:30:31Z,New York Liberty,Dallas Wings
2026-05-24T16:31:08.157662+00:00,079e09e1badc61fa59b8c253166e85d5,2026-05-24T19:30:00Z,fanduel,FanDuel,player_points_assists,Over,Jonquel Jones,14.5,-114,2026-05-24T16:30:31Z,New York Liberty,Dallas Wings
2026-05-24T16:31:08.157662+00:00,079e09e1badc61fa59b8c253166e85d5,2026-05-24T19:30:00Z,fanduel,FanDuel,player_points_assists,Under,Jonquel Jones,14.5,-114,2026-05-24T16:30:31Z,New York Liberty,Dallas Wings
2026-05-24T16:31:08.157662+00:00,079e09e1badc61fa59b8c253166e85d5,2026-05-24T19:30:00Z,fanduel,FanDuel,player_points_assists,Over,Paige Bueckers,24.5,-102,2026-05-24T16:30:31Z,New York Liberty,Dallas Wings
2026-05-24T16:31:08.157662+00:00,079e09e1badc61fa59b8c253166e85d5,2026-05-24T19:30:00Z,fanduel,FanDuel,player_points_assists,Under,Paige Bueckers,24.5,-130,2026-05-24T16:30:31Z,New York Liberty,Dallas Wings
2026-05-24T16:31:08.157662+00:00,079e09e1badc61fa59b8c253166e85d5,2026-05-24T19:30:00Z,fanduel,FanDuel,player_points_assists,Over,Odyssey Sims,10.5,-132,2026-05-24T16:30:31Z,New York Liberty,Dallas Wings
2026-05-24T16:31:08.157662+00:00,079e09e1badc61fa59b8c253166e85d5,2026-05-24T19:30:00Z,fanduel,FanDuel,player_points_assists,Under,Odyssey Sims,10.5,100,2026-05-24T16:30:31Z,New York Liberty,Dallas Wings
2026-05-24T16:31:08.157662+00:00,079e09e1badc61fa59b8c253166e85d5,2026-05-24T19:30:00Z,fanduel,FanDuel,player_points_assists,Over,Breanna Stewart,22.5,-102,2026-05-24T16:30:31Z,New York Liberty,Dallas Wings
2026-05-24T16:31:08.157662+00:00,079e09e1badc61fa59b8c253166e85d5,2026-05-24T19:30:00Z,fanduel,FanDuel,player_points_assists,Under,Breanna Stewart,22.5,-130,2026-05-24T16:30:31Z,New York Liberty,Dallas Wings
2026-05-24T16:31:08.157662+00:00,079e09e1badc61fa59b8c253166e85d5,2026-05-24T19:30:00Z,fanduel,FanDuel,player_points_assists,Over,Jessica Shepard,14.5,-118,2026-05-24T16:30:31Z,New York Liberty,Dallas Wings
2026-05-24T16:31:08.157662+00:00,079e09e1badc61fa59b8c253166e85d5,2026-05-24T19:30:00Z,fanduel,FanDuel,player_points_assists,Under,Jessica Shepard,14.5,-112,2026-05-24T16:30:31Z,New York Liberty,Dallas Wings
2026-05-24T16:31:08.157662+00:00,079e09e1badc61fa59b8c253166e85d5,2026-05-24T19:30:00Z,fanduel,FanDuel,player_points_assists,Over,Sabrina Ionescu,17.5,-125,2026-05-24T16:30:31Z,New York Liberty,Dallas Wings
2026-05-24T16:31:08.157662+00:00,079e09e1badc61fa59b8c253166e85d5,2026-05-24T19:30:00Z,fanduel,FanDuel,player_points_assists,Under,Sabrina Ionescu,17.5,-106,2026-05-24T16:30:31Z,New York Liberty,Dallas Wings
2026-05-24T16:31:08.157662+00:00,079e09e1badc61fa59b8c253166e85d5,2026-05-24T19:30:00Z,fanduel,FanDuel,player_points_rebounds,Over,Paige Bueckers,21.5,-114,2026-05-24T16:30:31Z,New York Liberty,Dallas Wings
2026-05-24T16:31:08.157662+00:00,079e09e1badc61fa59b8c253166e85d5,2026-05-24T19:30:00Z,fanduel,FanDuel,player_points_rebounds,Under,Paige Bueckers,21.5,-114,2026-05-24T16:30:31Z,New York Liberty,Dallas Wings
2026-05-24T16:31:08.157662+00:00,079e09e1badc61fa59b8c253166e85d5,2026-05-24T19:30:00Z,fanduel,FanDuel,player_points_rebounds,Over,Jonquel Jones,20.5,-106,2026-05-24T16:30:31Z,New York Liberty,Dallas Wings
2026-05-24T16:31:08.157662+00:00,079e09e1badc61fa59b8c253166e85d5,2026-05-24T19:30:00Z,fanduel,FanDuel,player_points_rebounds,Under,Jonquel Jones,20.5,-125,2026-05-24T16:30:31Z,New York Liberty,Dallas Wings
2026-05-24T16:31:08.157662+00:00,079e09e1badc61fa59b8c253166e85d5,2026-05-24T19:30:00Z,fanduel,FanDuel,player_points_rebounds,Over,Breanna Stewart,27.5,-114,2026-05-24T16:30:31Z,New York Liberty,Dallas Wings
2026-05-24T16:31:08.157662+00:00,079e09e1badc61fa59b8c253166e85d5,2026-05-24T19:30:00Z,fanduel,FanDuel,player_points_rebounds,Under,Breanna Stewart,27.5,-114,2026-05-24T16:30:31Z,New York Liberty,Dallas Wings
2026-05-24T16:31:08.157662+00:00,079e09e1badc61fa59b8c253166e85d5,2026-05-24T19:30:00Z,fanduel,FanDuel,player_points_rebounds,Over,Jessica Shepard,18.5,-128,2026-05-24T16:30:31Z,New York Liberty,Dallas Wings
2026-05-24T16:31:08.157662+00:00,079e09e1badc61fa59b8c253166e85d5,2026-05-24T19:30:00Z,fanduel,FanDuel,player_points_rebounds,Under,Jessica Shepard,18.5,-104,2026-05-24T16:30:31Z,New York Liberty,Dallas Wings
2026-05-24T16:31:08.157662+00:00,079e09e1badc61fa59b8c253166e85d5,2026-05-24T19:30:00Z,fanduel,FanDuel,player_points_rebounds,Over,Sabrina Ionescu,16.5,-130,2026-05-24T16:30:31Z,New York Liberty,Dallas Wings
2026-05-24T16:31:08.157662+00:00,079e09e1badc61fa59b8c253166e85d5,2026-05-24T19:30:00Z,fanduel,FanDuel,player_points_rebounds,Under,Sabrina Ionescu,16.5,-102,2026-05-24T16:30:31Z,New York Liberty,Dallas Wings
2026-05-24T16:31:08.157662+00:00,079e09e1badc61fa59b8c253166e85d5,2026-05-24T19:30:00Z,fanduel,FanDuel,player_points_rebounds_assists,Over,Paige Bueckers,27.5,-106,2026-05-24T16:30:31Z,New York Liberty,Dallas Wings
2026-05-24T16:31:08.157662+00:00,079e09e1badc61fa59b8c253166e85d5,2026-05-24T19:30:00Z,fanduel,FanDuel,player_points_rebounds_assists,Under,Paige Bueckers,27.5,-125,2026-05-24T16:30:31Z,New York Liberty,Dallas Wings
2026-05-24T16:31:08.157662+00:00,079e09e1badc61fa59b8c253166e85d5,2026-05-24T19:30:00Z,fanduel,FanDuel,player_points_rebounds_assists,Over,Jonquel Jones,22.5,-118,2026-05-24T16:30:31Z,New York Liberty,Dallas Wings
2026-05-24T16:31:08.157662+00:00,079e09e1badc61fa59b8c253166e85d5,2026-05-24T19:30:00Z,fanduel,FanDuel,player_points_rebounds_assists,Under,Jonquel Jones,22.5,-112,2026-05-24T16:30:31Z,New York Liberty,Dallas Wings
2026-05-24T16:31:08.157662+00:00,079e09e1badc61fa59b8c253166e85d5,2026-05-24T19:30:00Z,fanduel,FanDuel,player_points_rebounds_assists,Over,Breanna Stewart,30.5,-114,2026-05-24T16:30:31Z,New York Liberty,Dallas Wings
2026-05-24T16:31:08.157662+00:00,079e09e1badc61fa59b8c253166e85d5,2026-05-24T19:30:00Z,fanduel,FanDuel,player_points_rebounds_assists,Under,Breanna Stewart,30.5,-114,2026-05-24T16:30:31Z,New York Liberty,Dallas Wings
2026-05-24T16:31:08.157662+00:00,079e09e1badc61fa59b8c253166e85d5,2026-05-24T19:30:00Z,fanduel,FanDuel,player_points_rebounds_assists,Over,Jessica Shepard,23.5,-118,2026-05-24T16:30:31Z,New York Liberty,Dallas Wings
2026-05-24T16:31:08.157662+00:00,079e09e1badc61fa59b8c253166e85d5,2026-05-24T19:30:00Z,fanduel,FanDuel,player_points_rebounds_assists,Under,Jessica Shepard,23.5,-112,2026-05-24T16:30:31Z,New York Liberty,Dallas Wings
2026-05-24T16:31:08.157662+00:00,079e09e1badc61fa59b8c253166e85d5,2026-05-24T19:30:00Z,fanduel,FanDuel,player_points_rebounds_assists,Over,Sabrina Ionescu,21.5,-122,2026-05-24T16:30:31Z,New York Liberty,Dallas Wings
2026-05-24T16:31:08.157662+00:00,079e09e1badc61fa59b8c253166e85d5,2026-05-24T19:30:00Z,fanduel,FanDuel,player_points_rebounds_assists,Under,Sabrina Ionescu,21.5,-108,2026-05-24T16:30:31Z,New York Liberty,Dallas Wings
2026-05-24T16:31:08.157662+00:00,079e09e1badc61fa59b8c253166e85d5,2026-05-24T19:30:00Z,fanduel,FanDuel,player_rebounds,Over,Paige Bueckers,3.5,142,2026-05-24T16:30:31Z,New York Liberty,Dallas Wings
2026-05-24T16:31:08.157662+00:00,079e09e1badc61fa59b8c253166e85d5,2026-05-24T19:30:00Z,fanduel,FanDuel,player_rebounds,Under,Paige Bueckers,3.5,-192,2026-05-24T16:30:31Z,New York Liberty,Dallas Wings
2026-05-24T16:31:08.157662+00:00,079e09e1badc61fa59b8c253166e85d5,2026-05-24T19:30:00Z,fanduel,FanDuel,player_rebounds,Over,Jessica Shepard,9.5,114,2026-05-24T16:30:31Z,New York Liberty,Dallas Wings
2026-05-24T16:31:08.157662+00:00,079e09e1badc61fa59b8c253166e85d5,2026-05-24T19:30:00Z,fanduel,FanDuel,player_rebounds,Under,Jessica Shepard,9.5,-152,2026-05-24T16:30:31Z,New York Liberty,Dallas Wings
2026-05-24T16:31:08.157662+00:00,079e09e1badc61fa59b8c253166e85d5,2026-05-24T19:30:00Z,fanduel,FanDuel,player_rebounds,Over,Jonquel Jones,7.5,-138,2026-05-24T16:30:31Z,New York Liberty,Dallas Wings
2026-05-24T16:31:08.157662+00:00,079e09e1badc61fa59b8c253166e85d5,2026-05-24T19:30:00Z,fanduel,FanDuel,player_rebounds,Under,Jonquel Jones,7.5,104,2026-05-24T16:30:31Z,New York Liberty,Dallas Wings
2026-05-24T16:31:08.157662+00:00,079e09e1badc61fa59b8c253166e85d5,2026-05-24T19:30:00Z,fanduel,FanDuel,player_rebounds,Over,Breanna Stewart,8.5,106,2026-05-24T16:30:31Z,New York Liberty,Dallas Wings
2026-05-24T16:31:08.157662+00:00,079e09e1badc61fa59b8c253166e85d5,2026-05-24T19:30:00Z,fanduel,FanDuel,player_rebounds,Under,Breanna Stewart,8.5,-140,2026-05-24T16:30:31Z,New York Liberty,Dallas Wings
2026-05-24T16:31:08.157662+00:00,079e09e1badc61fa59b8c253166e85d5,2026-05-24T19:30:00Z,fanduel,FanDuel,player_rebounds,Over,Sabrina Ionescu,3.5,-136,2026-05-24T16:30:31Z,New York Liberty,Dallas Wings
2026-05-24T16:31:08.157662+00:00,079e09e1badc61fa59b8c253166e85d5,2026-05-24T19:30:00Z,fanduel,FanDuel,player_rebounds,Under,Sabrina Ionescu,3.5,102,2026-05-24T16:30:31Z,New York Liberty,Dallas Wings
2026-05-24T16:31:08.157662+00:00,079e09e1badc61fa59b8c253166e85d5,2026-05-24T19:30:00Z,fanduel,FanDuel,player_rebounds,Over,Satou Sabally,4.5,116,2026-05-24T16:30:31Z,New York Liberty,Dallas Wings
2026-05-24T16:31:08.157662+00:00,079e09e1badc61fa59b8c253166e85d5,2026-05-24T19:30:00Z,fanduel,FanDuel,player_rebounds,Under,Satou Sabally,4.5,-154,2026-05-24T16:30:31Z,New York Liberty,Dallas Wings
2026-05-24T16:31:08.157662+00:00,079e09e1badc61fa59b8c253166e85d5,2026-05-24T19:30:00Z,fanduel,FanDuel,player_rebounds_assists,Over,Paige Bueckers,8.5,-118,2026-05-24T16:30:31Z,New York Liberty,Dallas Wings
2026-05-24T16:31:08.157662+00:00,079e09e1badc61fa59b8c253166e85d5,2026-05-24T19:30:00Z,fanduel,FanDuel,player_rebounds_assists,Under,Paige Bueckers,8.5,-112,2026-05-24T16:30:31Z,New York Liberty,Dallas Wings
2026-05-24T16:31:08.157662+00:00,079e09e1badc61fa59b8c253166e85d5,2026-05-24T19:30:00Z,fanduel,FanDuel,player_rebounds_assists,Over,Jonquel Jones,10.5,-102,2026-05-24T16:30:31Z,New York Liberty,Dallas Wings
2026-05-24T16:31:08.157662+00:00,079e09e1badc61fa59b8c253166e85d5,2026-05-24T19:30:00Z,fanduel,FanDuel,player_rebounds_assists,Under,Jonquel Jones,10.5,-130,2026-05-24T16:30:31Z,New York Liberty,Dallas Wings
2026-05-24T16:31:08.157662+00:00,079e09e1badc61fa59b8c253166e85d5,2026-05-24T19:30:00Z,fanduel,FanDuel,player_rebounds_assists,Over,Breanna Stewart,11.5,102,2026-05-24T16:30:31Z,New York Liberty,Dallas Wings
2026-05-24T16:31:08.157662+00:00,079e09e1badc61fa59b8c253166e85d5,2026-05-24T19:30:00Z,fanduel,FanDuel,player_rebounds_assists,Under,Breanna Stewart,11.5,-136,2026-05-24T16:30:31Z,New York Liberty,Dallas Wings
2026-05-24T16:31:08.157662+00:00,079e09e1badc61fa59b8c253166e85d5,2026-05-24T19:30:00Z,fanduel,FanDuel,player_rebounds_assists,Over,Sabrina Ionescu,8.5,-112,2026-05-24T16:30:31Z,New York Liberty,Dallas Wings
2026-05-24T16:31:08.157662+00:00,079e09e1badc61fa59b8c253166e85d5,2026-05-24T19:30:00Z,fanduel,FanDuel,player_rebounds_assists,Under,Sabrina Ionescu,8.5,-118,2026-05-24T16:30:31Z,New York Liberty,Dallas Wings
2026-05-24T16:31:08.157662+00:00,079e09e1badc61fa59b8c253166e85d5,2026-05-24T19:30:00Z,fanduel,FanDuel,player_rebounds_assists,Over,Jessica Shepard,13.5,-114,2026-05-24T16:30:31Z,New York Liberty,Dallas Wings
2026-05-24T16:31:08.157662+00:00,079e09e1badc61fa59b8c253166e85d5,2026-05-24T19:30:00Z,fanduel,FanDuel,player_rebounds_assists,Under,Jessica Shepard,13.5,-114,2026-05-24T16:30:31Z,New York Liberty,Dallas Wings
2026-05-24T16:31:08.157662+00:00,079e09e1badc61fa59b8c253166e85d5,2026-05-24T19:30:00Z,fanduel,FanDuel,player_threes,Over,Breanna Stewart,0.5,-245,2026-05-24T16:30:31Z,New York Liberty,Dallas Wings
2026-05-24T16:31:08.157662+00:00,079e09e1badc61fa59b8c253166e85d5,2026-05-24T19:30:00Z,fanduel,FanDuel,player_threes,Under,Breanna Stewart,0.5,178,2026-05-24T16:30:31Z,New York Liberty,Dallas Wings
2026-05-24T16:31:08.157662+00:00,079e09e1badc61fa59b8c253166e85d5,2026-05-24T19:30:00Z,fanduel,FanDuel,player_threes,Over,Paige Bueckers,1.5,118,2026-05-24T16:30:31Z,New York Liberty,Dallas Wings
2026-05-24T16:31:08.157662+00:00,079e09e1badc61fa59b8c253166e85d5,2026-05-24T19:30:00Z,fanduel,FanDuel,player_threes,Under,Paige Bueckers,1.5,-158,2026-05-24T16:30:31Z,New York Liberty,Dallas Wings
2026-05-24T16:31:08.157662+00:00,079e09e1badc61fa59b8c253166e85d5,2026-05-24T19:30:00Z,fanduel,FanDuel,player_threes,Over,Jonquel Jones,1.5,162,2026-05-24T16:30:31Z,New York Liberty,Dallas Wings
2026-05-24T16:31:08.157662+00:00,079e09e1badc61fa59b8c253166e85d5,2026-05-24T19:30:00Z,fanduel,FanDuel,player_threes,Under,Jonquel Jones,1.5,-220,2026-05-24T16:30:31Z,New York Liberty,Dallas Wings
2026-05-24T16:31:08.157662+00:00,079e09e1badc61fa59b8c253166e85d5,2026-05-24T19:30:00Z,fanduel,FanDuel,player_threes,Over,Sabrina Ionescu,1.5,-198,2026-05-24T16:30:31Z,New York Liberty,Dallas Wings
2026-05-24T16:31:08.157662+00:00,079e09e1badc61fa59b8c253166e85d5,2026-05-24T19:30:00Z,fanduel,FanDuel,player_threes,Under,Sabrina Ionescu,1.5,146,2026-05-24T16:30:31Z,New York Liberty,Dallas Wings
2026-05-24T16:31:08.157662+00:00,079e09e1badc61fa59b8c253166e85d5,2026-05-24T19:30:00Z,fanduel,FanDuel,player_threes,Over,Arike Ogunbowale,1.5,-158,2026-05-24T16:30:31Z,New York Liberty,Dallas Wings
2026-05-24T16:31:08.157662+00:00,079e09e1badc61fa59b8c253166e85d5,2026-05-24T19:30:00Z,fanduel,FanDuel,player_threes,Under,Arike Ogunbowale,1.5,118,2026-05-24T16:30:31Z,New York Liberty,Dallas Wings
2026-05-24T16:31:08.157662+00:00,079e09e1badc61fa59b8c253166e85d5,2026-05-24T19:30:00Z,draftkings,DraftKings,player_assists,Over,Paige Bueckers,5.5,107,2026-05-24T16:30:23Z,New York Liberty,Dallas Wings
2026-05-24T16:31:08.157662+00:00,079e09e1badc61fa59b8c253166e85d5,2026-05-24T19:30:00Z,draftkings,DraftKings,player_assists,Under,Paige Bueckers,5.5,-145,2026-05-24T16:30:23Z,New York Liberty,Dallas Wings
2026-05-24T16:31:08.157662+00:00,079e09e1badc61fa59b8c253166e85d5,2026-05-24T19:30:00Z,draftkings,DraftKings,player_assists,Over,Sabrina Ionescu,4.5,-136,2026-05-24T16:30:23Z,New York Liberty,Dallas Wings
2026-05-24T16:31:08.157662+00:00,079e09e1badc61fa59b8c253166e85d5,2026-05-24T19:30:00Z,draftkings,DraftKings,player_assists,Under,Sabrina Ionescu,4.5,100,2026-05-24T16:30:23Z,New York Liberty,Dallas Wings
2026-05-24T16:31:08.157662+00:00,079e09e1badc61fa59b8c253166e85d5,2026-05-24T19:30:00Z,draftkings,DraftKings,player_assists,Over,Jessica Shepard,4.5,-134,2026-05-24T16:30:23Z,New York Liberty,Dallas Wings
2026-05-24T16:31:08.157662+00:00,079e09e1badc61fa59b8c253166e85d5,2026-05-24T19:30:00Z,draftkings,DraftKings,player_assists,Under,Jessica Shepard,4.5,-102,2026-05-24T16:30:23Z,New York Liberty,Dallas Wings
2026-05-24T16:31:08.157662+00:00,079e09e1badc61fa59b8c253166e85d5,2026-05-24T19:30:00Z,draftkings,DraftKings,player_assists,Over,Odyssey Sims,3.5,124,2026-05-24T16:30:23Z,New York Liberty,Dallas Wings
2026-05-24T16:31:08.157662+00:00,079e09e1badc61fa59b8c253166e85d5,2026-05-24T19:30:00Z,draftkings,DraftKings,player_assists,Under,Odyssey Sims,3.5,-170,2026-05-24T16:30:23Z,New York Liberty,Dallas Wings
2026-05-24T16:31:08.157662+00:00,079e09e1badc61fa59b8c253166e85d5,2026-05-24T19:30:00Z,draftkings,DraftKings,player_assists,Over,Breanna Stewart,2.5,-148,2026-05-24T16:30:23Z,New York Liberty,Dallas Wings
2026-05-24T16:31:08.157662+00:00,079e09e1badc61fa59b8c253166e85d5,2026-05-24T19:30:00Z,draftkings,DraftKings,player_assists,Under,Breanna Stewart,2.5,109,2026-05-24T16:30:23Z,New York Liberty,Dallas Wings
2026-05-24T16:31:08.157662+00:00,079e09e1badc61fa59b8c253166e85d5,2026-05-24T19:30:00Z,draftkings,DraftKings,player_assists,Over,Arike Ogunbowale,2.5,-120,2026-05-24T16:30:23Z,New York Liberty,Dallas Wings
2026-05-24T16:31:08.157662+00:00,079e09e1badc61fa59b8c253166e85d5,2026-05-24T19:30:00Z,draftkings,DraftKings,player_assists,Under,Arike Ogunbowale,2.5,-113,2026-05-24T16:30:23Z,New York Liberty,Dallas Wings
2026-05-24T16:31:08.157662+00:00,079e09e1badc61fa59b8c253166e85d5,2026-05-24T19:30:00Z,draftkings,DraftKings,player_assists,Over,Jonquel Jones,2.5,103,2026-05-24T16:30:23Z,New York Liberty,Dallas Wings
2026-05-24T16:31:08.157662+00:00,079e09e1badc61fa59b8c253166e85d5,2026-05-24T19:30:00Z,draftkings,DraftKings,player_assists,Under,Jonquel Jones,2.5,-141,2026-05-24T16:30:23Z,New York Liberty,Dallas Wings
2026-05-24T16:31:08.157662+00:00,079e09e1badc61fa59b8c253166e85d5,2026-05-24T19:30:00Z,draftkings,DraftKings,player_double_double,Yes,Jessica Shepard,,182,2026-05-24T16:30:23Z,New York Liberty,Dallas Wings
2026-05-24T16:31:08.157662+00:00,079e09e1badc61fa59b8c253166e85d5,2026-05-24T19:30:00Z,draftkings,DraftKings,player_double_double,Yes,Breanna Stewart,,201,2026-05-24T16:30:23Z,New York Liberty,Dallas Wings
2026-05-24T16:31:08.157662+00:00,079e09e1badc61fa59b8c253166e85d5,2026-05-24T19:30:00Z,draftkings,DraftKings,player_double_double,Yes,Jonquel Jones,,260,2026-05-24T16:30:23Z,New York Liberty,Dallas Wings
2026-05-24T16:31:08.157662+00:00,079e09e1badc61fa59b8c253166e85d5,2026-05-24T19:30:00Z,draftkings,DraftKings,player_double_double,Yes,Paige Bueckers,,1180,2026-05-24T16:30:23Z,New York Liberty,Dallas Wings
2026-05-24T16:31:08.157662+00:00,079e09e1badc61fa59b8c253166e85d5,2026-05-24T19:30:00Z,draftkings,DraftKings,player_double_double,Yes,Satou Sabally,,1940,2026-05-24T16:30:23Z,New York Liberty,Dallas Wings
2026-05-24T16:31:08.157662+00:00,079e09e1badc61fa59b8c253166e85d5,2026-05-24T19:30:00Z,draftkings,DraftKings,player_double_double,Yes,Sabrina Ionescu,,2200,2026-05-24T16:30:23Z,New York Liberty,Dallas Wings
2026-05-24T16:31:08.157662+00:00,079e09e1badc61fa59b8c253166e85d5,2026-05-24T19:30:00Z,draftkings,DraftKings,player_double_double,Yes,Arike Ogunbowale,,5700,2026-05-24T16:30:23Z,New York Liberty,Dallas Wings
2026-05-24T16:31:08.157662+00:00,079e09e1badc61fa59b8c253166e85d5,2026-05-24T19:30:00Z,draftkings,DraftKings,player_points,Over,Breanna Stewart,19.5,-104,2026-05-24T16:30:23Z,New York Liberty,Dallas Wings
2026-05-24T16:31:08.157662+00:00,079e09e1badc61fa59b8c253166e85d5,2026-05-24T19:30:00Z,draftkings,DraftKings,player_points,Under,Breanna Stewart,19.5,-128,2026-05-24T16:30:23Z,New York Liberty,Dallas Wings
2026-05-24T16:31:08.157662+00:00,079e09e1badc61fa59b8c253166e85d5,2026-05-24T19:30:00Z,draftkings,DraftKings,player_points,Over,Paige Bueckers,18.5,-121,2026-05-24T16:30:23Z,New York Liberty,Dallas Wings
2026-05-24T16:31:08.157662+00:00,079e09e1badc61fa59b8c253166e85d5,2026-05-24T19:30:00Z,draftkings,DraftKings,player_points,Under,Paige Bueckers,18.5,-110,2026-05-24T16:30:23Z,New York Liberty,Dallas Wings
2026-05-24T16:31:08.157662+00:00,079e09e1badc61fa59b8c253166e85d5,2026-05-24T19:30:00Z,draftkings,DraftKings,player_points,Over,Arike Ogunbowale,15.5,-120,2026-05-24T16:30:23Z,New York Liberty,Dallas Wings
2026-05-24T16:31:08.157662+00:00,079e09e1badc61fa59b8c253166e85d5,2026-05-24T19:30:00Z,draftkings,DraftKings,player_points,Under,Arike Ogunbowale,15.5,-110,2026-05-24T16:30:23Z,New York Liberty,Dallas Wings
2026-05-24T16:31:08.157662+00:00,079e09e1badc61fa59b8c253166e85d5,2026-05-24T19:30:00Z,draftkings,DraftKings,player_points,Over,Sabrina Ionescu,13.5,-122,2026-05-24T16:30:23Z,New York Liberty,Dallas Wings
2026-05-24T16:31:08.157662+00:00,079e09e1badc61fa59b8c253166e85d5,2026-05-24T19:30:00Z,draftkings,DraftKings,player_points,Under,Sabrina Ionescu,13.5,-109,2026-05-24T16:30:23Z,New York Liberty,Dallas Wings
2026-05-24T16:31:08.157662+00:00,079e09e1badc61fa59b8c253166e85d5,2026-05-24T19:30:00Z,draftkings,DraftKings,player_points,Over,Jonquel Jones,12.5,-114,2026-05-24T16:30:23Z,New York Liberty,Dallas Wings
2026-05-24T16:31:08.157662+00:00,079e09e1badc61fa59b8c253166e85d5,2026-05-24T19:30:00Z,draftkings,DraftKings,player_points,Under,Jonquel Jones,12.5,-116,2026-05-24T16:30:23Z,New York Liberty,Dallas Wings
2026-05-24T16:31:08.157662+00:00,079e09e1badc61fa59b8c253166e85d5,2026-05-24T19:30:00Z,draftkings,DraftKings,player_points,Over,Jessica Shepard,10.5,-104,2026-05-24T16:30:23Z,New York Liberty,Dallas Wings
2026-05-24T16:31:08.157662+00:00,079e09e1badc61fa59b8c253166e85d5,2026-05-24T19:30:00Z,draftkings,DraftKings,player_points,Under,Jessica Shepard,10.5,-128,2026-05-24T16:30:23Z,New York Liberty,Dallas Wings
2026-05-24T16:31:08.157662+00:00,079e09e1badc61fa59b8c253166e85d5,2026-05-24T19:30:00Z,draftkings,DraftKings,player_points,Over,Satou Sabally,9.5,-108,2026-05-24T16:30:23Z,New York Liberty,Dallas Wings
2026-05-24T16:31:08.157662+00:00,079e09e1badc61fa59b8c253166e85d5,2026-05-24T19:30:00Z,draftkings,DraftKings,player_points,Under,Satou Sabally,9.5,-123,2026-05-24T16:30:23Z,New York Liberty,Dallas Wings
2026-05-24T16:31:08.157662+00:00,079e09e1badc61fa59b8c253166e85d5,2026-05-24T19:30:00Z,draftkings,DraftKings,player_points,Over,Azzi Fudd,8.5,-122,2026-05-24T16:30:23Z,New York Liberty,Dallas Wings
2026-05-24T16:31:08.157662+00:00,079e09e1badc61fa59b8c253166e85d5,2026-05-24T19:30:00Z,draftkings,DraftKings,player_points,Under,Azzi Fudd,8.5,-109,2026-05-24T16:30:23Z,New York Liberty,Dallas Wings
2026-05-24T16:31:08.157662+00:00,079e09e1badc61fa59b8c253166e85d5,2026-05-24T19:30:00Z,draftkings,DraftKings,player_points_assists,Over,Paige Bueckers,24.5,-107,2026-05-24T16:30:23Z,New York Liberty,Dallas Wings
2026-05-24T16:31:08.157662+00:00,079e09e1badc61fa59b8c253166e85d5,2026-05-24T19:30:00Z,draftkings,DraftKings,player_points_assists,Under,Paige Bueckers,24.5,-127,2026-05-24T16:30:23Z,New York Liberty,Dallas Wings
2026-05-24T16:31:08.157662+00:00,079e09e1badc61fa59b8c253166e85d5,2026-05-24T19:30:00Z,draftkings,DraftKings,player_points_assists,Over,Breanna Stewart,22.5,-105,2026-05-24T16:30:23Z,New York Liberty,Dallas Wings
2026-05-24T16:31:08.157662+00:00,079e09e1badc61fa59b8c253166e85d5,2026-05-24T19:30:00Z,draftkings,DraftKings,player_points_assists,Under,Breanna Stewart,22.5,-130,2026-05-24T16:30:23Z,New York Liberty,Dallas Wings
2026-05-24T16:31:08.157662+00:00,079e09e1badc61fa59b8c253166e85d5,2026-05-24T19:30:00Z,draftkings,DraftKings,player_points_assists,Over,Sabrina Ionescu,18.5,-119,2026-05-24T16:30:23Z,New York Liberty,Dallas Wings
2026-05-24T16:31:08.157662+00:00,079e09e1badc61fa59b8c253166e85d5,2026-05-24T19:30:00Z,draftkings,DraftKings,player_points_assists,Under,Sabrina Ionescu,18.5,-114,2026-05-24T16:30:23Z,New York Liberty,Dallas Wings
2026-05-24T16:31:08.157662+00:00,079e09e1badc61fa59b8c253166e85d5,2026-05-24T19:30:00Z,draftkings,DraftKings,player_points_assists,Over,Arike Ogunbowale,18.5,-115,2026-05-24T16:30:23Z,New York Liberty,Dallas Wings
2026-05-24T16:31:08.157662+00:00,079e09e1badc61fa59b8c253166e85d5,2026-05-24T19:30:00Z,draftkings,DraftKings,player_points_assists,Under,Arike Ogunbowale,18.5,-118,2026-05-24T16:30:23Z,New York Liberty,Dallas Wings
2026-05-24T16:31:08.157662+00:00,079e09e1badc61fa59b8c253166e85d5,2026-05-24T19:30:00Z,draftkings,DraftKings,player_points_assists,Over,Jessica Shepard,15.5,-107,2026-05-24T16:30:23Z,New York Liberty,Dallas Wings
2026-05-24T16:31:08.157662+00:00,079e09e1badc61fa59b8c253166e85d5,2026-05-24T19:30:00Z,draftkings,DraftKings,player_points_assists,Under,Jessica Shepard,15.5,-127,2026-05-24T16:30:23Z,New York Liberty,Dallas Wings
2026-05-24T16:31:08.157662+00:00,079e09e1badc61fa59b8c253166e85d5,2026-05-24T19:30:00Z,draftkings,DraftKings,player_points_assists,Over,Jonquel Jones,15.5,-102,2026-05-24T16:30:23Z,New York Liberty,Dallas Wings
2026-05-24T16:31:08.157662+00:00,079e09e1badc61fa59b8c253166e85d5,2026-05-24T19:30:00Z,draftkings,DraftKings,player_points_assists,Under,Jonquel Jones,15.5,-134,2026-05-24T16:30:23Z,New York Liberty,Dallas Wings
2026-05-24T16:31:08.157662+00:00,079e09e1badc61fa59b8c253166e85d5,2026-05-24T19:30:00Z,draftkings,DraftKings,player_points_rebounds,Over,Breanna Stewart,27.5,-111,2026-05-24T16:30:23Z,New York Liberty,Dallas Wings
2026-05-24T16:31:08.157662+00:00,079e09e1badc61fa59b8c253166e85d5,2026-05-24T19:30:00Z,draftkings,DraftKings,player_points_rebounds,Under,Breanna Stewart,27.5,-123,2026-05-24T16:30:23Z,New York Liberty,Dallas Wings
2026-05-24T16:31:08.157662+00:00,079e09e1badc61fa59b8c253166e85d5,2026-05-24T19:30:00Z,draftkings,DraftKings,player_points_rebounds,Over,Paige Bueckers,21.5,-126,2026-05-24T16:30:23Z,New York Liberty,Dallas Wings
2026-05-24T16:31:08.157662+00:00,079e09e1badc61fa59b8c253166e85d5,2026-05-24T19:30:00Z,draftkings,DraftKings,player_points_rebounds,Under,Paige Bueckers,21.5,-108,2026-05-24T16:30:23Z,New York Liberty,Dallas Wings
2026-05-24T16:31:08.157662+00:00,079e09e1badc61fa59b8c253166e85d5,2026-05-24T19:30:00Z,draftkings,DraftKings,player_points_rebounds,Over,Jonquel Jones,20.5,-128,2026-05-24T16:30:23Z,New York Liberty,Dallas Wings
2026-05-24T16:31:08.157662+00:00,079e09e1badc61fa59b8c253166e85d5,2026-05-24T19:30:00Z,draftkings,DraftKings,player_points_rebounds,Under,Jonquel Jones,20.5,-106,2026-05-24T16:30:23Z,New York Liberty,Dallas Wings
2026-05-24T16:31:08.157662+00:00,079e09e1badc61fa59b8c253166e85d5,2026-05-24T19:30:00Z,draftkings,DraftKings,player_points_rebounds,Over,Jessica Shepard,19.5,-124,2026-05-24T16:30:23Z,New York Liberty,Dallas Wings
2026-05-24T16:31:08.157662+00:00,079e09e1badc61fa59b8c253166e85d5,2026-05-24T19:30:00Z,draftkings,DraftKings,player_points_rebounds,Under,Jessica Shepard,19.5,-109,2026-05-24T16:30:23Z,New York Liberty,Dallas Wings
2026-05-24T16:31:08.157662+00:00,079e09e1badc61fa59b8c253166e85d5,2026-05-24T19:30:00Z,draftkings,DraftKings,player_points_rebounds,Over,Arike Ogunbowale,18.5,-104,2026-05-24T16:30:23Z,New York Liberty,Dallas Wings
2026-05-24T16:31:08.157662+00:00,079e09e1badc61fa59b8c253166e85d5,2026-05-24T19:30:00Z,draftkings,DraftKings,player_points_rebounds,Under,Arike Ogunbowale,18.5,-130,2026-05-24T16:30:23Z,New York Liberty,Dallas Wings
2026-05-24T16:31:08.157662+00:00,079e09e1badc61fa59b8c253166e85d5,2026-05-24T19:30:00Z,draftkings,DraftKings,player_points_rebounds,Over,Sabrina Ionescu,17.5,-124,2026-05-24T16:30:23Z,New York Liberty,Dallas Wings
2026-05-24T16:31:08.157662+00:00,079e09e1badc61fa59b8c253166e85d5,2026-05-24T19:30:00Z,draftkings,DraftKings,player_points_rebounds,Under,Sabrina Ionescu,17.5,-110,2026-05-24T16:30:23Z,New York Liberty,Dallas Wings
2026-05-24T16:31:08.157662+00:00,079e09e1badc61fa59b8c253166e85d5,2026-05-24T19:30:00Z,draftkings,DraftKings,player_points_rebounds,Over,Satou Sabally,13.5,-122,2026-05-24T16:30:23Z,New York Liberty,Dallas Wings
2026-05-24T16:31:08.157662+00:00,079e09e1badc61fa59b8c253166e85d5,2026-05-24T19:30:00Z,draftkings,DraftKings,player_points_rebounds,Under,Satou Sabally,13.5,-111,2026-05-24T16:30:23Z,New York Liberty,Dallas Wings
2026-05-24T16:31:08.157662+00:00,079e09e1badc61fa59b8c253166e85d5,2026-05-24T19:30:00Z,draftkings,DraftKings,player_points_rebounds_assists,Over,Breanna Stewart,30.5,-109,2026-05-24T16:30:23Z,New York Liberty,Dallas Wings
2026-05-24T16:31:08.157662+00:00,079e09e1badc61fa59b8c253166e85d5,2026-05-24T19:30:00Z,draftkings,DraftKings,player_points_rebounds_assists,Under,Breanna Stewart,30.5,-125,2026-05-24T16:30:23Z,New York Liberty,Dallas Wings
2026-05-24T16:31:08.157662+00:00,079e09e1badc61fa59b8c253166e85d5,2026-05-24T19:30:00Z,draftkings,DraftKings,player_points_rebounds_assists,Over,Paige Bueckers,27.5,-109,2026-05-24T16:30:23Z,New York Liberty,Dallas Wings
2026-05-24T16:31:08.157662+00:00,079e09e1badc61fa59b8c253166e85d5,2026-05-24T19:30:00Z,draftkings,DraftKings,player_points_rebounds_assists,Under,Paige Bueckers,27.5,-124,2026-05-24T16:30:23Z,New York Liberty,Dallas Wings
2026-05-24T16:31:08.157662+00:00,079e09e1badc61fa59b8c253166e85d5,2026-05-24T19:30:00Z,draftkings,DraftKings,player_points_rebounds_assists,Over,Jessica Shepard,24.5,-126,2026-05-24T16:30:23Z,New York Liberty,Dallas Wings
2026-05-24T16:31:08.157662+00:00,079e09e1badc61fa59b8c253166e85d5,2026-05-24T19:30:00Z,draftkings,DraftKings,player_points_rebounds_assists,Under,Jessica Shepard,24.5,-108,2026-05-24T16:30:23Z,New York Liberty,Dallas Wings
2026-05-24T16:31:08.157662+00:00,079e09e1badc61fa59b8c253166e85d5,2026-05-24T19:30:00Z,draftkings,DraftKings,player_points_rebounds_assists,Over,Jonquel Jones,23.5,-112,2026-05-24T16:30:23Z,New York Liberty,Dallas Wings
2026-05-24T16:31:08.157662+00:00,079e09e1badc61fa59b8c253166e85d5,2026-05-24T19:30:00Z,draftkings,DraftKings,player_points_rebounds_assists,Under,Jonquel Jones,23.5,-122,2026-05-24T16:30:23Z,New York Liberty,Dallas Wings
2026-05-24T16:31:08.157662+00:00,079e09e1badc61fa59b8c253166e85d5,2026-05-24T19:30:00Z,draftkings,DraftKings,player_points_rebounds_assists,Over,Sabrina Ionescu,22.5,-118,2026-05-24T16:30:23Z,New York Liberty,Dallas Wings
2026-05-24T16:31:08.157662+00:00,079e09e1badc61fa59b8c253166e85d5,2026-05-24T19:30:00Z,draftkings,DraftKings,player_points_rebounds_assists,Under,Sabrina Ionescu,22.5,-115,2026-05-24T16:30:23Z,New York Liberty,Dallas Wings
2026-05-24T16:31:08.157662+00:00,079e09e1badc61fa59b8c253166e85d5,2026-05-24T19:30:00Z,draftkings,DraftKings,player_points_rebounds_assists,Over,Arike Ogunbowale,20.5,-121,2026-05-24T16:30:23Z,New York Liberty,Dallas Wings
2026-05-24T16:31:08.157662+00:00,079e09e1badc61fa59b8c253166e85d5,2026-05-24T19:30:00Z,draftkings,DraftKings,player_points_rebounds_assists,Under,Arike Ogunbowale,20.5,-112,2026-05-24T16:30:23Z,New York Liberty,Dallas Wings
2026-05-24T16:31:08.157662+00:00,079e09e1badc61fa59b8c253166e85d5,2026-05-24T19:30:00Z,draftkings,DraftKings,player_rebounds,Over,Jessica Shepard,9.5,-112,2026-05-24T16:30:23Z,New York Liberty,Dallas Wings
2026-05-24T16:31:08.157662+00:00,079e09e1badc61fa59b8c253166e85d5,2026-05-24T19:30:00Z,draftkings,DraftKings,player_rebounds,Under,Jessica Shepard,9.5,-122,2026-05-24T16:30:23Z,New York Liberty,Dallas Wings
2026-05-24T16:31:08.157662+00:00,079e09e1badc61fa59b8c253166e85d5,2026-05-24T19:30:00Z,draftkings,DraftKings,player_rebounds,Over,Jonquel Jones,8.5,105,2026-05-24T16:30:23Z,New York Liberty,Dallas Wings
2026-05-24T16:31:08.157662+00:00,079e09e1badc61fa59b8c253166e85d5,2026-05-24T19:30:00Z,draftkings,DraftKings,player_rebounds,Under,Jonquel Jones,8.5,-142,2026-05-24T16:30:23Z,New York Liberty,Dallas Wings
2026-05-24T16:31:08.157662+00:00,079e09e1badc61fa59b8c253166e85d5,2026-05-24T19:30:00Z,draftkings,DraftKings,player_rebounds,Over,Breanna Stewart,8.5,112,2026-05-24T16:30:23Z,New York Liberty,Dallas Wings
2026-05-24T16:31:08.157662+00:00,079e09e1badc61fa59b8c253166e85d5,2026-05-24T19:30:00Z,draftkings,DraftKings,player_rebounds,Under,Breanna Stewart,8.5,-152,2026-05-24T16:30:23Z,New York Liberty,Dallas Wings
2026-05-24T16:31:08.157662+00:00,079e09e1badc61fa59b8c253166e85d5,2026-05-24T19:30:00Z,draftkings,DraftKings,player_rebounds,Over,Satou Sabally,4.5,104,2026-05-24T16:30:23Z,New York Liberty,Dallas Wings
2026-05-24T16:31:08.157662+00:00,079e09e1badc61fa59b8c253166e85d5,2026-05-24T19:30:00Z,draftkings,DraftKings,player_rebounds,Under,Satou Sabally,4.5,-142,2026-05-24T16:30:23Z,New York Liberty,Dallas Wings
2026-05-24T16:31:08.157662+00:00,079e09e1badc61fa59b8c253166e85d5,2026-05-24T19:30:00Z,draftkings,DraftKings,player_rebounds,Over,Sabrina Ionescu,3.5,-148,2026-05-24T16:30:23Z,New York Liberty,Dallas Wings
2026-05-24T16:31:08.157662+00:00,079e09e1badc61fa59b8c253166e85d5,2026-05-24T19:30:00Z,draftkings,DraftKings,player_rebounds,Under,Sabrina Ionescu,3.5,109,2026-05-24T16:30:23Z,New York Liberty,Dallas Wings
2026-05-24T16:31:08.157662+00:00,079e09e1badc61fa59b8c253166e85d5,2026-05-24T19:30:00Z,draftkings,DraftKings,player_rebounds,Over,Paige Bueckers,3.5,130,2026-05-24T16:30:23Z,New York Liberty,Dallas Wings
2026-05-24T16:31:08.157662+00:00,079e09e1badc61fa59b8c253166e85d5,2026-05-24T19:30:00Z,draftkings,DraftKings,player_rebounds,Under,Paige Bueckers,3.5,-177,2026-05-24T16:30:23Z,New York Liberty,Dallas Wings
2026-05-24T16:31:08.157662+00:00,079e09e1badc61fa59b8c253166e85d5,2026-05-24T19:30:00Z,draftkings,DraftKings,player_rebounds,Over,Arike Ogunbowale,2.5,132,2026-05-24T16:30:23Z,New York Liberty,Dallas Wings
2026-05-24T16:31:08.157662+00:00,079e09e1badc61fa59b8c253166e85d5,2026-05-24T19:30:00Z,draftkings,DraftKings,player_rebounds,Under,Arike Ogunbowale,2.5,-180,2026-05-24T16:30:23Z,New York Liberty,Dallas Wings
2026-05-24T16:31:08.157662+00:00,079e09e1badc61fa59b8c253166e85d5,2026-05-24T19:30:00Z,draftkings,DraftKings,player_rebounds_assists,Over,Jessica Shepard,14.5,-107,2026-05-24T16:30:23Z,New York Liberty,Dallas Wings
2026-05-24T16:31:08.157662+00:00,079e09e1badc61fa59b8c253166e85d5,2026-05-24T19:30:00Z,draftkings,DraftKings,player_rebounds_assists,Under,Jessica Shepard,14.5,-127,2026-05-24T16:30:23Z,New York Liberty,Dallas Wings
2026-05-24T16:31:08.157662+00:00,079e09e1badc61fa59b8c253166e85d5,2026-05-24T19:30:00Z,draftkings,DraftKings,player_rebounds_assists,Over,Breanna Stewart,10.5,-146,2026-05-24T16:30:23Z,New York Liberty,Dallas Wings
2026-05-24T16:31:08.157662+00:00,079e09e1badc61fa59b8c253166e85d5,2026-05-24T19:30:00Z,draftkings,DraftKings,player_rebounds_assists,Under,Breanna Stewart,10.5,107,2026-05-24T16:30:23Z,New York Liberty,Dallas Wings
2026-05-24T16:31:08.157662+00:00,079e09e1badc61fa59b8c253166e85d5,2026-05-24T19:30:00Z,draftkings,DraftKings,player_rebounds_assists,Over,Jonquel Jones,10.5,-126,2026-05-24T16:30:23Z,New York Liberty,Dallas Wings
2026-05-24T16:31:08.157662+00:00,079e09e1badc61fa59b8c253166e85d5,2026-05-24T19:30:00Z,draftkings,DraftKings,player_rebounds_assists,Under,Jonquel Jones,10.5,-108,2026-05-24T16:30:23Z,New York Liberty,Dallas Wings
2026-05-24T16:31:08.157662+00:00,079e09e1badc61fa59b8c253166e85d5,2026-05-24T19:30:00Z,draftkings,DraftKings,player_threes,Over,Sabrina Ionescu,1.5,-185,2026-05-24T16:30:23Z,New York Liberty,Dallas Wings
2026-05-24T16:31:08.157662+00:00,079e09e1badc61fa59b8c253166e85d5,2026-05-24T19:30:00Z,draftkings,DraftKings,player_threes,Under,Sabrina Ionescu,1.5,135,2026-05-24T16:30:23Z,New York Liberty,Dallas Wings
2026-05-24T16:31:08.157662+00:00,079e09e1badc61fa59b8c253166e85d5,2026-05-24T19:30:00Z,draftkings,DraftKings,player_threes,Over,Arike Ogunbowale,1.5,-169,2026-05-24T16:30:23Z,New York Liberty,Dallas Wings
2026-05-24T16:31:08.157662+00:00,079e09e1badc61fa59b8c253166e85d5,2026-05-24T19:30:00Z,draftkings,DraftKings,player_threes,Under,Arike Ogunbowale,1.5,124,2026-05-24T16:30:23Z,New York Liberty,Dallas Wings
2026-05-24T16:31:08.157662+00:00,079e09e1badc61fa59b8c253166e85d5,2026-05-24T19:30:00Z,draftkings,DraftKings,player_threes,Over,Paige Bueckers,1.5,101,2026-05-24T16:30:23Z,New York Liberty,Dallas Wings
2026-05-24T16:31:08.157662+00:00,079e09e1badc61fa59b8c253166e85d5,2026-05-24T19:30:00Z,draftkings,DraftKings,player_threes,Under,Paige Bueckers,1.5,-137,2026-05-24T16:30:23Z,New York Liberty,Dallas Wings
2026-05-24T16:31:08.157662+00:00,079e09e1badc61fa59b8c253166e85d5,2026-05-24T19:30:00Z,draftkings,DraftKings,player_threes,Over,Jonquel Jones,1.5,158,2026-05-24T16:30:23Z,New York Liberty,Dallas Wings
2026-05-24T16:31:08.157662+00:00,079e09e1badc61fa59b8c253166e85d5,2026-05-24T19:30:00Z,draftkings,DraftKings,player_threes,Under,Jonquel Jones,1.5,-218,2026-05-24T16:30:23Z,New York Liberty,Dallas Wings
2026-05-24T16:31:08.157662+00:00,079e09e1badc61fa59b8c253166e85d5,2026-05-24T19:30:00Z,draftkings,DraftKings,player_threes,Over,Breanna Stewart,0.5,-238,2026-05-24T16:30:23Z,New York Liberty,Dallas Wings
2026-05-24T16:31:08.157662+00:00,079e09e1badc61fa59b8c253166e85d5,2026-05-24T19:30:00Z,draftkings,DraftKings,player_threes,Under,Breanna Stewart,0.5,172,2026-05-24T16:30:23Z,New York Liberty,Dallas Wings
2026-05-24T16:31:08.157662+00:00,079e09e1badc61fa59b8c253166e85d5,2026-05-24T19:30:00Z,draftkings,DraftKings,player_triple_double,Yes,Jessica Shepard,,2400,2026-05-24T16:30:23Z,New York Liberty,Dallas Wings
2026-05-24T16:31:08.157662+00:00,8174f74e0b58b0f8115cf4096632a244,2026-05-24T22:00:00Z,fanduel,FanDuel,player_assists,Over,Sonia Citron,2.5,110,2026-05-24T16:31:01Z,Seattle Storm,Washington Mystics
2026-05-24T16:31:08.157662+00:00,8174f74e0b58b0f8115cf4096632a244,2026-05-24T22:00:00Z,fanduel,FanDuel,player_assists,Under,Sonia Citron,2.5,-146,2026-05-24T16:31:01Z,Seattle Storm,Washington Mystics
2026-05-24T16:31:08.157662+00:00,8174f74e0b58b0f8115cf4096632a244,2026-05-24T22:00:00Z,fanduel,FanDuel,player_double_double,Yes,Kiki Iriafen,,-140,2026-05-24T16:31:01Z,Seattle Storm,Washington Mystics
2026-05-24T16:31:08.157662+00:00,8174f74e0b58b0f8115cf4096632a244,2026-05-24T22:00:00Z,fanduel,FanDuel,player_double_double,Yes,Shakira Austin,,160,2026-05-24T16:31:01Z,Seattle Storm,Washington Mystics
2026-05-24T16:31:08.157662+00:00,8174f74e0b58b0f8115cf4096632a244,2026-05-24T22:00:00Z,fanduel,FanDuel,player_double_double,Yes,Flau'jae Johnson,,1400,2026-05-24T16:31:01Z,Seattle Storm,Washington Mystics
2026-05-24T16:31:08.157662+00:00,8174f74e0b58b0f8115cf4096632a244,2026-05-24T22:00:00Z,fanduel,FanDuel,player_points,Over,Shakira Austin,14.5,-120,2026-05-24T16:31:01Z,Seattle Storm,Washington Mystics
2026-05-24T16:31:08.157662+00:00,8174f74e0b58b0f8115cf4096632a244,2026-05-24T22:00:00Z,fanduel,FanDuel,player_points,Under,Shakira Austin,14.5,-108,2026-05-24T16:31:01Z,Seattle Storm,Washington Mystics
2026-05-24T16:31:08.157662+00:00,8174f74e0b58b0f8115cf4096632a244,2026-05-24T22:00:00Z,fanduel,FanDuel,player_points,Over,Sonia Citron,17.5,-113,2026-05-24T16:31:01Z,Seattle Storm,Washington Mystics
2026-05-24T16:31:08.157662+00:00,8174f74e0b58b0f8115cf4096632a244,2026-05-24T22:00:00Z,fanduel,FanDuel,player_points,Under,Sonia Citron,17.5,-115,2026-05-24T16:31:01Z,Seattle Storm,Washington Mystics
2026-05-24T16:31:08.157662+00:00,8174f74e0b58b0f8115cf4096632a244,2026-05-24T22:00:00Z,fanduel,FanDuel,player_points,Over,Kiki Iriafen,14.5,-125,2026-05-24T16:31:01Z,Seattle Storm,Washington Mystics
2026-05-24T16:31:08.157662+00:00,8174f74e0b58b0f8115cf4096632a244,2026-05-24T22:00:00Z,fanduel,FanDuel,player_points,Under,Kiki Iriafen,14.5,-104,2026-05-24T16:31:01Z,Seattle Storm,Washington Mystics
2026-05-24T16:31:08.157662+00:00,8174f74e0b58b0f8115cf4096632a244,2026-05-24T22:00:00Z,fanduel,FanDuel,player_points,Over,Flau'jae Johnson,14.5,102,2026-05-24T16:31:01Z,Seattle Storm,Washington Mystics
2026-05-24T16:31:08.157662+00:00,8174f74e0b58b0f8115cf4096632a244,2026-05-24T22:00:00Z,fanduel,FanDuel,player_points,Under,Flau'jae Johnson,14.5,-132,2026-05-24T16:31:01Z,Seattle Storm,Washington Mystics
2026-05-24T16:31:08.157662+00:00,8174f74e0b58b0f8115cf4096632a244,2026-05-24T22:00:00Z,fanduel,FanDuel,player_points,Over,Natisha Hiedeman,13.5,-113,2026-05-24T16:31:01Z,Seattle Storm,Washington Mystics
2026-05-24T16:31:08.157662+00:00,8174f74e0b58b0f8115cf4096632a244,2026-05-24T22:00:00Z,fanduel,FanDuel,player_points,Under,Natisha Hiedeman,13.5,-115,2026-05-24T16:31:01Z,Seattle Storm,Washington Mystics
2026-05-24T16:31:08.157662+00:00,8174f74e0b58b0f8115cf4096632a244,2026-05-24T22:00:00Z,fanduel,FanDuel,player_points_assists,Over,Sonia Citron,19.5,-130,2026-05-24T16:31:01Z,Seattle Storm,Washington Mystics
2026-05-24T16:31:08.157662+00:00,8174f74e0b58b0f8115cf4096632a244,2026-05-24T22:00:00Z,fanduel,FanDuel,player_points_assists,Under,Sonia Citron,19.5,-102,2026-05-24T16:31:01Z,Seattle Storm,Washington Mystics
2026-05-24T16:31:08.157662+00:00,8174f74e0b58b0f8115cf4096632a244,2026-05-24T22:00:00Z,fanduel,FanDuel,player_points_rebounds,Over,Sonia Citron,21.5,-106,2026-05-24T16:31:01Z,Seattle Storm,Washington Mystics
2026-05-24T16:31:08.157662+00:00,8174f74e0b58b0f8115cf4096632a244,2026-05-24T22:00:00Z,fanduel,FanDuel,player_points_rebounds,Under,Sonia Citron,21.5,-125,2026-05-24T16:31:01Z,Seattle Storm,Washington Mystics
2026-05-24T16:31:08.157662+00:00,8174f74e0b58b0f8115cf4096632a244,2026-05-24T22:00:00Z,fanduel,FanDuel,player_points_rebounds,Over,Flau'jae Johnson,19.5,-104,2026-05-24T16:31:01Z,Seattle Storm,Washington Mystics
2026-05-24T16:31:08.157662+00:00,8174f74e0b58b0f8115cf4096632a244,2026-05-24T22:00:00Z,fanduel,FanDuel,player_points_rebounds,Under,Flau'jae Johnson,19.5,-128,2026-05-24T16:31:01Z,Seattle Storm,Washington Mystics
2026-05-24T16:31:08.157662+00:00,8174f74e0b58b0f8115cf4096632a244,2026-05-24T22:00:00Z,fanduel,FanDuel,player_points_rebounds,Over,Kiki Iriafen,25.5,-112,2026-05-24T16:31:01Z,Seattle Storm,Washington Mystics
2026-05-24T16:31:08.157662+00:00,8174f74e0b58b0f8115cf4096632a244,2026-05-24T22:00:00Z,fanduel,FanDuel,player_points_rebounds,Under,Kiki Iriafen,25.5,-118,2026-05-24T16:31:01Z,Seattle Storm,Washington Mystics
2026-05-24T16:31:08.157662+00:00,8174f74e0b58b0f8115cf4096632a244,2026-05-24T22:00:00Z,fanduel,FanDuel,player_points_rebounds,Over,Shakira Austin,23.5,-112,2026-05-24T16:31:01Z,Seattle Storm,Washington Mystics
2026-05-24T16:31:08.157662+00:00,8174f74e0b58b0f8115cf4096632a244,2026-05-24T22:00:00Z,fanduel,FanDuel,player_points_rebounds,Under,Shakira Austin,23.5,-118,2026-05-24T16:31:01Z,Seattle Storm,Washington Mystics
2026-05-24T16:31:08.157662+00:00,8174f74e0b58b0f8115cf4096632a244,2026-05-24T22:00:00Z,fanduel,FanDuel,player_points_rebounds_assists,Over,Sonia Citron,23.5,-122,2026-05-24T16:31:01Z,Seattle Storm,Washington Mystics
2026-05-24T16:31:08.157662+00:00,8174f74e0b58b0f8115cf4096632a244,2026-05-24T22:00:00Z,fanduel,FanDuel,player_points_rebounds_assists,Under,Sonia Citron,23.5,-108,2026-05-24T16:31:01Z,Seattle Storm,Washington Mystics
2026-05-24T16:31:08.157662+00:00,8174f74e0b58b0f8115cf4096632a244,2026-05-24T22:00:00Z,fanduel,FanDuel,player_rebounds,Over,Flau'jae Johnson,4.5,-160,2026-05-24T16:31:01Z,Seattle Storm,Washington Mystics
2026-05-24T16:31:08.157662+00:00,8174f74e0b58b0f8115cf4096632a244,2026-05-24T22:00:00Z,fanduel,FanDuel,player_rebounds,Under,Flau'jae Johnson,4.5,120,2026-05-24T16:31:01Z,Seattle Storm,Washington Mystics
2026-05-24T16:31:08.157662+00:00,8174f74e0b58b0f8115cf4096632a244,2026-05-24T22:00:00Z,fanduel,FanDuel,player_rebounds,Over,Kiki Iriafen,10.5,-108,2026-05-24T16:31:01Z,Seattle Storm,Washington Mystics
2026-05-24T16:31:08.157662+00:00,8174f74e0b58b0f8115cf4096632a244,2026-05-24T22:00:00Z,fanduel,FanDuel,player_rebounds,Under,Kiki Iriafen,10.5,-122,2026-05-24T16:31:01Z,Seattle Storm,Washington Mystics
2026-05-24T16:31:08.157662+00:00,8174f74e0b58b0f8115cf4096632a244,2026-05-24T22:00:00Z,fanduel,FanDuel,player_rebounds,Over,Shakira Austin,8.5,100,2026-05-24T16:31:01Z,Seattle Storm,Washington Mystics
2026-05-24T16:31:08.157662+00:00,8174f74e0b58b0f8115cf4096632a244,2026-05-24T22:00:00Z,fanduel,FanDuel,player_rebounds,Under,Shakira Austin,8.5,-132,2026-05-24T16:31:01Z,Seattle Storm,Washington Mystics
2026-05-24T16:31:08.157662+00:00,8174f74e0b58b0f8115cf4096632a244,2026-05-24T22:00:00Z,fanduel,FanDuel,player_rebounds,Over,Sonia Citron,3.5,-128,2026-05-24T16:31:01Z,Seattle Storm,Washington Mystics
2026-05-24T16:31:08.157662+00:00,8174f74e0b58b0f8115cf4096632a244,2026-05-24T22:00:00Z,fanduel,FanDuel,player_rebounds,Under,Sonia Citron,3.5,-104,2026-05-24T16:31:01Z,Seattle Storm,Washington Mystics
2026-05-24T16:31:08.157662+00:00,8174f74e0b58b0f8115cf4096632a244,2026-05-24T22:00:00Z,fanduel,FanDuel,player_rebounds_assists,Over,Sonia Citron,6.5,116,2026-05-24T16:31:01Z,Seattle Storm,Washington Mystics
2026-05-24T16:31:08.157662+00:00,8174f74e0b58b0f8115cf4096632a244,2026-05-24T22:00:00Z,fanduel,FanDuel,player_rebounds_assists,Under,Sonia Citron,6.5,-154,2026-05-24T16:31:01Z,Seattle Storm,Washington Mystics
2026-05-24T16:31:08.157662+00:00,8174f74e0b58b0f8115cf4096632a244,2026-05-24T22:00:00Z,fanduel,FanDuel,player_threes,Over,Flau'jae Johnson,1.5,148,2026-05-24T16:31:01Z,Seattle Storm,Washington Mystics
2026-05-24T16:31:08.157662+00:00,8174f74e0b58b0f8115cf4096632a244,2026-05-24T22:00:00Z,fanduel,FanDuel,player_threes,Under,Flau'jae Johnson,1.5,-200,2026-05-24T16:31:01Z,Seattle Storm,Washington Mystics
2026-05-24T16:31:08.157662+00:00,8174f74e0b58b0f8115cf4096632a244,2026-05-24T22:00:00Z,fanduel,FanDuel,player_threes,Over,Natisha Hiedeman,1.5,108,2026-05-24T16:31:01Z,Seattle Storm,Washington Mystics
2026-05-24T16:31:08.157662+00:00,8174f74e0b58b0f8115cf4096632a244,2026-05-24T22:00:00Z,fanduel,FanDuel,player_threes,Under,Natisha Hiedeman,1.5,-144,2026-05-24T16:31:01Z,Seattle Storm,Washington Mystics
2026-05-24T16:31:08.157662+00:00,8174f74e0b58b0f8115cf4096632a244,2026-05-24T22:00:00Z,fanduel,FanDuel,player_threes,Over,Sonia Citron,1.5,116,2026-05-24T16:31:01Z,Seattle Storm,Washington Mystics
2026-05-24T16:31:08.157662+00:00,8174f74e0b58b0f8115cf4096632a244,2026-05-24T22:00:00Z,fanduel,FanDuel,player_threes,Under,Sonia Citron,1.5,-154,2026-05-24T16:31:01Z,Seattle Storm,Washington Mystics
2026-05-24T16:31:08.157662+00:00,8174f74e0b58b0f8115cf4096632a244,2026-05-24T22:00:00Z,draftkings,DraftKings,player_assists,Over,Natisha Hiedeman,4.5,-106,2026-05-24T16:30:46Z,Seattle Storm,Washington Mystics
2026-05-24T16:31:08.157662+00:00,8174f74e0b58b0f8115cf4096632a244,2026-05-24T22:00:00Z,draftkings,DraftKings,player_assists,Under,Natisha Hiedeman,4.5,-128,2026-05-24T16:30:46Z,Seattle Storm,Washington Mystics
2026-05-24T16:31:08.157662+00:00,8174f74e0b58b0f8115cf4096632a244,2026-05-24T22:00:00Z,draftkings,DraftKings,player_assists,Over,Sonia Citron,2.5,-111,2026-05-24T16:30:46Z,Seattle Storm,Washington Mystics
2026-05-24T16:31:08.157662+00:00,8174f74e0b58b0f8115cf4096632a244,2026-05-24T22:00:00Z,draftkings,DraftKings,player_assists,Under,Sonia Citron,2.5,-122,2026-05-24T16:30:46Z,Seattle Storm,Washington Mystics
2026-05-24T16:31:08.157662+00:00,8174f74e0b58b0f8115cf4096632a244,2026-05-24T22:00:00Z,draftkings,DraftKings,player_double_double,Yes,Kiki Iriafen,,-122,2026-05-24T16:30:46Z,Seattle Storm,Washington Mystics
2026-05-24T16:31:08.157662+00:00,8174f74e0b58b0f8115cf4096632a244,2026-05-24T22:00:00Z,draftkings,DraftKings,player_double_double,Yes,Shakira Austin,,184,2026-05-24T16:30:46Z,Seattle Storm,Washington Mystics
2026-05-24T16:31:08.157662+00:00,8174f74e0b58b0f8115cf4096632a244,2026-05-24T22:00:00Z,draftkings,DraftKings,player_double_double,Yes,Flau'jae Johnson,,1400,2026-05-24T16:30:46Z,Seattle Storm,Washington Mystics
2026-05-24T16:31:08.157662+00:00,8174f74e0b58b0f8115cf4096632a244,2026-05-24T22:00:00Z,draftkings,DraftKings,player_double_double,Yes,Sonia Citron,,3500,2026-05-24T16:30:46Z,Seattle Storm,Washington Mystics
2026-05-24T16:31:08.157662+00:00,8174f74e0b58b0f8115cf4096632a244,2026-05-24T22:00:00Z,draftkings,DraftKings,player_points,Over,Sonia Citron,18.5,-104,2026-05-24T16:30:46Z,Seattle Storm,Washington Mystics
2026-05-24T16:31:08.157662+00:00,8174f74e0b58b0f8115cf4096632a244,2026-05-24T22:00:00Z,draftkings,DraftKings,player_points,Under,Sonia Citron,18.5,-128,2026-05-24T16:30:46Z,Seattle Storm,Washington Mystics
2026-05-24T16:31:08.157662+00:00,8174f74e0b58b0f8115cf4096632a244,2026-05-24T22:00:00Z,draftkings,DraftKings,player_points,Over,Kiki Iriafen,14.5,-125,2026-05-24T16:30:46Z,Seattle Storm,Washington Mystics
2026-05-24T16:31:08.157662+00:00,8174f74e0b58b0f8115cf4096632a244,2026-05-24T22:00:00Z,draftkings,DraftKings,player_points,Under,Kiki Iriafen,14.5,-106,2026-05-24T16:30:46Z,Seattle Storm,Washington Mystics
2026-05-24T16:31:08.157662+00:00,8174f74e0b58b0f8115cf4096632a244,2026-05-24T22:00:00Z,draftkings,DraftKings,player_points,Over,Shakira Austin,14.5,-121,2026-05-24T16:30:46Z,Seattle Storm,Washington Mystics
2026-05-24T16:31:08.157662+00:00,8174f74e0b58b0f8115cf4096632a244,2026-05-24T22:00:00Z,draftkings,DraftKings,player_points,Under,Shakira Austin,14.5,-109,2026-05-24T16:30:46Z,Seattle Storm,Washington Mystics
2026-05-24T16:31:08.157662+00:00,8174f74e0b58b0f8115cf4096632a244,2026-05-24T22:00:00Z,draftkings,DraftKings,player_points,Over,Flau'jae Johnson,14.5,-110,2026-05-24T16:30:46Z,Seattle Storm,Washington Mystics
2026-05-24T16:31:08.157662+00:00,8174f74e0b58b0f8115cf4096632a244,2026-05-24T22:00:00Z,draftkings,DraftKings,player_points,Under,Flau'jae Johnson,14.5,-120,2026-05-24T16:30:46Z,Seattle Storm,Washington Mystics
2026-05-24T16:31:08.157662+00:00,8174f74e0b58b0f8115cf4096632a244,2026-05-24T22:00:00Z,draftkings,DraftKings,player_points,Over,Natisha Hiedeman,13.5,-118,2026-05-24T16:30:46Z,Seattle Storm,Washington Mystics
2026-05-24T16:31:08.157662+00:00,8174f74e0b58b0f8115cf4096632a244,2026-05-24T22:00:00Z,draftkings,DraftKings,player_points,Under,Natisha Hiedeman,13.5,-112,2026-05-24T16:30:46Z,Seattle Storm,Washington Mystics
2026-05-24T16:31:08.157662+00:00,8174f74e0b58b0f8115cf4096632a244,2026-05-24T22:00:00Z,draftkings,DraftKings,player_points_assists,Over,Sonia Citron,20.5,-122,2026-05-24T16:30:46Z,Seattle Storm,Washington Mystics
2026-05-24T16:31:08.157662+00:00,8174f74e0b58b0f8115cf4096632a244,2026-05-24T22:00:00Z,draftkings,DraftKings,player_points_assists,Under,Sonia Citron,20.5,-111,2026-05-24T16:30:46Z,Seattle Storm,Washington Mystics
2026-05-24T16:31:08.157662+00:00,8174f74e0b58b0f8115cf4096632a244,2026-05-24T22:00:00Z,draftkings,DraftKings,player_points_assists,Over,Natisha Hiedeman,18.5,-109,2026-05-24T16:30:46Z,Seattle Storm,Washington Mystics
2026-05-24T16:31:08.157662+00:00,8174f74e0b58b0f8115cf4096632a244,2026-05-24T22:00:00Z,draftkings,DraftKings,player_points_assists,Under,Natisha Hiedeman,18.5,-125,2026-05-24T16:30:46Z,Seattle Storm,Washington Mystics
2026-05-24T16:31:08.157662+00:00,8174f74e0b58b0f8115cf4096632a244,2026-05-24T22:00:00Z,draftkings,DraftKings,player_points_rebounds,Over,Kiki Iriafen,25.5,-111,2026-05-24T16:30:46Z,Seattle Storm,Washington Mystics
2026-05-24T16:31:08.157662+00:00,8174f74e0b58b0f8115cf4096632a244,2026-05-24T22:00:00Z,draftkings,DraftKings,player_points_rebounds,Under,Kiki Iriafen,25.5,-122,2026-05-24T16:30:46Z,Seattle Storm,Washington Mystics
2026-05-24T16:31:08.157662+00:00,8174f74e0b58b0f8115cf4096632a244,2026-05-24T22:00:00Z,draftkings,DraftKings,player_points_rebounds,Over,Shakira Austin,23.5,-112,2026-05-24T16:30:46Z,Seattle Storm,Washington Mystics
2026-05-24T16:31:08.157662+00:00,8174f74e0b58b0f8115cf4096632a244,2026-05-24T22:00:00Z,draftkings,DraftKings,player_points_rebounds,Under,Shakira Austin,23.5,-121,2026-05-24T16:30:46Z,Seattle Storm,Washington Mystics
2026-05-24T16:31:08.157662+00:00,8174f74e0b58b0f8115cf4096632a244,2026-05-24T22:00:00Z,draftkings,DraftKings,player_points_rebounds,Over,Sonia Citron,21.5,-128,2026-05-24T16:30:46Z,Seattle Storm,Washington Mystics
2026-05-24T16:31:08.157662+00:00,8174f74e0b58b0f8115cf4096632a244,2026-05-24T22:00:00Z,draftkings,DraftKings,player_points_rebounds,Under,Sonia Citron,21.5,-106,2026-05-24T16:30:46Z,Seattle Storm,Washington Mystics
2026-05-24T16:31:08.157662+00:00,8174f74e0b58b0f8115cf4096632a244,2026-05-24T22:00:00Z,draftkings,DraftKings,player_points_rebounds,Over,Flau'jae Johnson,19.5,-114,2026-05-24T16:30:46Z,Seattle Storm,Washington Mystics
2026-05-24T16:31:08.157662+00:00,8174f74e0b58b0f8115cf4096632a244,2026-05-24T22:00:00Z,draftkings,DraftKings,player_points_rebounds,Under,Flau'jae Johnson,19.5,-119,2026-05-24T16:30:46Z,Seattle Storm,Washington Mystics
2026-05-24T16:31:08.157662+00:00,8174f74e0b58b0f8115cf4096632a244,2026-05-24T22:00:00Z,draftkings,DraftKings,player_points_rebounds_assists,Over,Sonia Citron,24.5,-117,2026-05-24T16:30:46Z,Seattle Storm,Washington Mystics
2026-05-24T16:31:08.157662+00:00,8174f74e0b58b0f8115cf4096632a244,2026-05-24T22:00:00Z,draftkings,DraftKings,player_points_rebounds_assists,Under,Sonia Citron,24.5,-116,2026-05-24T16:30:46Z,Seattle Storm,Washington Mystics
2026-05-24T16:31:08.157662+00:00,8174f74e0b58b0f8115cf4096632a244,2026-05-24T22:00:00Z,draftkings,DraftKings,player_rebounds,Over,Kiki Iriafen,10.5,-105,2026-05-24T16:30:46Z,Seattle Storm,Washington Mystics
2026-05-24T16:31:08.157662+00:00,8174f74e0b58b0f8115cf4096632a244,2026-05-24T22:00:00Z,draftkings,DraftKings,player_rebounds,Under,Kiki Iriafen,10.5,-129,2026-05-24T16:30:46Z,Seattle Storm,Washington Mystics
2026-05-24T16:31:08.157662+00:00,8174f74e0b58b0f8115cf4096632a244,2026-05-24T22:00:00Z,draftkings,DraftKings,player_rebounds,Over,Shakira Austin,8.5,-104,2026-05-24T16:30:46Z,Seattle Storm,Washington Mystics
2026-05-24T16:31:08.157662+00:00,8174f74e0b58b0f8115cf4096632a244,2026-05-24T22:00:00Z,draftkings,DraftKings,player_rebounds,Under,Shakira Austin,8.5,-131,2026-05-24T16:30:46Z,Seattle Storm,Washington Mystics
2026-05-24T16:31:08.157662+00:00,8174f74e0b58b0f8115cf4096632a244,2026-05-24T22:00:00Z,draftkings,DraftKings,player_rebounds,Over,Flau'jae Johnson,5.5,117,2026-05-24T16:30:46Z,Seattle Storm,Washington Mystics
2026-05-24T16:31:08.157662+00:00,8174f74e0b58b0f8115cf4096632a244,2026-05-24T22:00:00Z,draftkings,DraftKings,player_rebounds,Under,Flau'jae Johnson,5.5,-160,2026-05-24T16:30:46Z,Seattle Storm,Washington Mystics
2026-05-24T16:31:08.157662+00:00,8174f74e0b58b0f8115cf4096632a244,2026-05-24T22:00:00Z,draftkings,DraftKings,player_rebounds,Over,Sonia Citron,3.5,-132,2026-05-24T16:30:46Z,Seattle Storm,Washington Mystics
2026-05-24T16:31:08.157662+00:00,8174f74e0b58b0f8115cf4096632a244,2026-05-24T22:00:00Z,draftkings,DraftKings,player_rebounds,Under,Sonia Citron,3.5,-103,2026-05-24T16:30:46Z,Seattle Storm,Washington Mystics
2026-05-24T16:31:08.157662+00:00,8174f74e0b58b0f8115cf4096632a244,2026-05-24T22:00:00Z,draftkings,DraftKings,player_threes,Over,Sonia Citron,1.5,-108,2026-05-24T16:30:46Z,Seattle Storm,Washington Mystics
2026-05-24T16:31:08.157662+00:00,8174f74e0b58b0f8115cf4096632a244,2026-05-24T22:00:00Z,draftkings,DraftKings,player_threes,Under,Sonia Citron,1.5,-126,2026-05-24T16:30:46Z,Seattle Storm,Washington Mystics
2026-05-24T16:31:08.157662+00:00,8174f74e0b58b0f8115cf4096632a244,2026-05-24T22:00:00Z,draftkings,DraftKings,player_threes,Over,Natisha Hiedeman,1.5,109,2026-05-24T16:30:46Z,Seattle Storm,Washington Mystics
2026-05-24T16:31:08.157662+00:00,8174f74e0b58b0f8115cf4096632a244,2026-05-24T22:00:00Z,draftkings,DraftKings,player_threes,Under,Natisha Hiedeman,1.5,-148,2026-05-24T16:30:46Z,Seattle Storm,Washington Mystics
2026-05-24T16:31:08.157662+00:00,8174f74e0b58b0f8115cf4096632a244,2026-05-24T22:00:00Z,draftkings,DraftKings,player_threes,Over,Flau'jae Johnson,1.5,157,2026-05-24T16:30:46Z,Seattle Storm,Washington Mystics
2026-05-24T16:31:08.157662+00:00,8174f74e0b58b0f8115cf4096632a244,2026-05-24T22:00:00Z,draftkings,DraftKings,player_threes,Under,Flau'jae Johnson,1.5,-217,2026-05-24T16:30:46Z,Seattle Storm,Washington Mystics
