player_id,player_name,team,asof_date,is_home,days_rest,games_last7,games_last14,season_game_number,lag1_pts,lag1_reb,lag1_ast,lag1_threes,lag1_fg3a,lag1_stl,lag1_blk,lag1_tov,lag1_fgm,lag1_fga,lag1_fg_pct,lag1_ftm,lag1_fta,lag1_ft_pct,lag1_oreb,lag1_dreb,lag1_pf,lag1_plus_minus,lag1_min,lag1_pts_per_min,lag1_reb_per_min,lag1_ast_per_min,lag1_fg3m_per_min,lag1_fg3a_per_min,lag1_fga_per_min,lag1_fta_per_min,lag1_tov_per_min,lag1_usage_per_min,b2b,roll3_min,roll3_min_std,roll3_pts,roll3_reb,roll3_ast,roll3_threes,roll3_fg3a,roll3_stl,roll3_blk,roll3_tov,roll3_fgm,roll3_fga,roll3_fg_pct,roll3_ftm,roll3_fta,roll3_ft_pct,roll3_oreb,roll3_dreb,roll3_pf,roll3_plus_minus,roll3_pts_per_min,roll3_pts_per_min_std,roll3_reb_per_min,roll3_reb_per_min_std,roll3_ast_per_min,roll3_ast_per_min_std,roll3_fg3m_per_min,roll3_fg3m_per_min_std,roll3_fg3a_per_min,roll3_fg3a_per_min_std,roll3_fga_per_min,roll3_fga_per_min_std,roll3_fta_per_min,roll3_fta_per_min_std,roll3_tov_per_min,roll3_tov_per_min_std,roll3_usage_per_min,roll3_usage_per_min_std,roll5_min,roll5_min_std,roll5_pts,roll5_reb,roll5_ast,roll5_threes,roll5_fg3a,roll5_stl,roll5_blk,roll5_tov,roll5_fgm,roll5_fga,roll5_fg_pct,roll5_ftm,roll5_fta,roll5_ft_pct,roll5_oreb,roll5_dreb,roll5_pf,roll5_plus_minus,roll5_pts_per_min,roll5_pts_per_min_std,roll5_reb_per_min,roll5_reb_per_min_std,roll5_ast_per_min,roll5_ast_per_min_std,roll5_fg3m_per_min,roll5_fg3m_per_min_std,roll5_fg3a_per_min,roll5_fg3a_per_min_std,roll5_fga_per_min,roll5_fga_per_min_std,roll5_fta_per_min,roll5_fta_per_min_std,roll5_tov_per_min,roll5_tov_per_min_std,roll5_usage_per_min,roll5_usage_per_min_std,roll10_min,roll10_min_std,roll10_pts,roll10_reb,roll10_ast,roll10_threes,roll10_fg3a,roll10_stl,roll10_blk,roll10_tov,roll10_fgm,roll10_fga,roll10_fg_pct,roll10_ftm,roll10_fta,roll10_ft_pct,roll10_oreb,roll10_dreb,roll10_pf,roll10_plus_minus,roll10_pts_per_min,roll10_pts_per_min_std,roll10_reb_per_min,roll10_reb_per_min_std,roll10_ast_per_min,roll10_ast_per_min_std,roll10_fg3m_per_min,roll10_fg3m_per_min_std,roll10_fg3a_per_min,roll10_fg3a_per_min_std,roll10_fga_per_min,roll10_fga_per_min_std,roll10_fta_per_min,roll10_fta_per_min_std,roll10_tov_per_min,roll10_tov_per_min_std,roll10_usage_per_min,roll10_usage_per_min_std,injury_status,team_on_slate,playing_today,opponent,home,pred_pts,pred_reb,pred_ast,pred_pra,pred_threes,pred_stl,pred_blk,pred_tov,mean_pts,mean_reb,mean_ast,mean_threes,mean_pra,mean_stl,mean_blk,mean_tov,sd_pts,sd_reb,sd_ast,sd_threes,sd_pra,sd_stl,sd_blk,sd_tov
981,Courtney Vandersloot,CHI,2026-05-23,1.0,8.0,0.0,1.0,43.0,0,0,0,0,0,0,0,0,0,0,,0,0,,0,0,0,0.0,0.0,,,,,,,,,,0.0,0.0,0.0,0.0,0.0,0.0,0.0,0.0,0.0,0.0,0.0,0.0,0.0,,0.0,0.0,,0.0,0.0,0.0,0.0,,,,,,,,,,,,,,,,,,,0.0,0.0,0.0,0.0,0.0,0.0,0.0,0.0,0.0,0.0,0.0,0.0,,0.0,0.0,,0.0,0.0,0.0,0.0,,,,,,,,,,,,,,,,,,,0.0,0.0,0.0,0.0,0.0,0.0,0.0,0.0,0.0,0.0,0.0,0.0,,0.0,0.0,,0.0,0.0,0.0,0.0,,,,,,,,,,,,,,,,,,,,True,True,MIN,True,2.962580442428589,1.108722,0.5700586,4.6413609981536865,0.16564154624938965,0.27217916,0.14926842,0.4932288,2.622230291366577,1.1346869468688965,0.52334064245224,0.2091739922761917,4.2802581787109375,0.27217915654182434,0.14926841855049133,0.4932287931442261,7.5,3.0,2.5,1.3,9.0,1.2,1.3,1.5
2491205,Skylar Diggins,CHI,2026-05-23,1.0,8.0,0.0,1.0,51.0,0,2,3,0,2,1,0,0,0,5,,0,0,,1,1,3,-9.0,12.0,0.0,0.16666666666666666,0.25,0.0,0.16666666666666666,0.4166666666666667,0.0,0.0,0.4166666666666667,0.0,20.666666666666668,13.316656236958778,6.666666666666667,2.3333333333333335,4.333333333333333,1.0,3.0,1.3333333333333333,0.3333333333333333,1.3333333333333333,2.0,7.666666666666667,,1.6666666666666667,2.6666666666666665,,1.0,1.3333333333333333,2.0,-6.333333333333333,0.287037037037037,0.2580992567549326,0.1164021164021164,0.04783899820112463,0.2341269841269841,0.061090493326748596,0.027777777777777776,0.048112522432468774,0.14947089947089945,0.015023567052381767,0.3783068783068783,0.03327975033177044,0.16137566137566137,0.23305962422473048,0.0515873015873016,0.04507070115714504,0.5008994708994711,0.10400088344554412,24.6,11.304866208850065,11.6,2.0,4.4,1.8,3.6,1.2,0.4,1.6,4.0,10.8,,1.8,2.8,,0.8,1.2,2.4,-7.0,0.41310134310134305,0.27018147715026664,0.09094017094017094,0.051498569026814614,0.19586080586080587,0.08065406722555041,0.0549084249084249,0.05207723367253028,0.14704517704517706,0.02272668370073588,0.42588522588522587,0.08688632377388412,0.13704517704517705,0.1684588485558771,0.05380952380952379,0.051551880391330816,0.5399946275946277,0.12672933132831823,27.8,8.482662055955993,13.8,2.2,5.2,1.8,4.6,1.7,0.5,1.7,4.8,12.0,,2.4,3.3,,1.0,1.2,2.1,-1.8,0.4679389384561798,0.23437451618676208,0.08551188275326208,0.04542869411002517,0.1947821718511374,0.05490332972171542,0.05713476178993421,0.05168127653573851,0.1635763278866727,0.054009059808373686,0.42805830185140525,0.07867315536971153,0.13069231534748776,0.11491737957244355,0.05659352142110763,0.04029056736365277,0.5421564420254075,0.10501227397755206,,True,True,MIN,True,11.117900848388672,2.0603492,3.45357,16.6318199634552,1.0354267358779907,0.87939346,0.4068787,1.9634194,9.12,3.1333333333333333,2.34,1.0266666666666666,14.593333333333334,0.7266666666666667,0.26,0.92,4.301813571041869,1.7613126418163874,1.5909326405183428,0.9014556130072197,5.022743827387134,0.8555440114661289,0.482078831727758,1.0034606785187616
2529137,Natasha Cloud,CHI,2026-05-23,1.0,8.0,0.0,1.0,50.0,7,3,7,0,2,2,0,1,3,8,,1,3,,0,3,5,-11.0,23.0,0.30434782608695654,0.13043478260869565,0.30434782608695654,0.0,0.08695652173913043,0.34782608695652173,0.13043478260869565,0.043478260869565216,0.44869565217391305,0.0,28.666666666666668,6.0277137733417145,7.333333333333333,2.6666666666666665,3.6666666666666665,1.0,2.6666666666666665,2.0,0.3333333333333333,2.0,2.3333333333333335,6.333333333333333,,1.6666666666666667,2.3333333333333335,,0.3333333333333333,2.3333333333333335,3.6666666666666665,-14.333333333333334,0.2633540372670807,0.055651619340626506,0.0958592132505176,0.030783484297507633,0.1443064182194617,0.13878385922837225,0.03333333333333333,0.035951592548908354,0.09565217391304348,0.04351373885251424,0.23260869565217393,0.09984508273458045,0.08633540372670807,0.038853401672132706,0.06449275362318842,0.04329635118815251,0.3350890269151139,0.1036375749243661,29.0,8.57321409974112,9.4,3.0,3.4,1.2,3.2,2.2,0.2,2.4,3.4,7.2,,1.4,2.0,,0.2,2.8,2.8,-4.6,0.2940650539391958,0.17577990853176476,0.09804184373978424,0.040838950736478793,0.12211016672115071,0.10587205155491802,0.034999999999999996,0.03680478007996641,0.10844393592677344,0.03877757816781672,0.25219679633867276,0.0766395037112786,0.06680124223602484,0.04661960325756982,0.0797482837528604,0.037109575800789316,0.3613376266753841,0.08475572475403259,27.3,11.37296990431455,10.0,3.2,3.6,1.5,3.6,1.3,0.4,2.2,3.6,7.4,,1.3,1.6,,0.3,2.9,2.3,-3.3,0.34518946644571014,0.1485236746918543,0.11303001673317364,0.05893783254766565,0.13454547294942462,0.07960953870578255,0.050328554360812426,0.03593366786228955,0.12880497435995578,0.04666059557615872,0.2709137916736155,0.0732141697448796,0.05686488766198911,0.04833886101063971,0.07901189001801684,0.02826354464937454,0.3749462322629075,0.08692132645589695,,True,True,MIN,True,9.681265830993652,3.120485,3.6447396,16.44649052619934,1.0770368576049805,1.0658015,0.2914082,1.7695353,9.146666666666667,4.306666666666667,2.473333333333333,0.92,15.926666666666666,0.74,0.24666666666666667,1.16,4.814404312985033,2.211927264225074,1.4683172530334023,1.086400785468543,5.625059012036131,0.7609643005205085,0.5283517346953216,1.1318421562508911
2566081,Elizabeth Williams,CHI,2026-05-23,1.0,8.0,0.0,1.0,48.0,1,4,1,0,0,0,1,1,0,2,,1,2,,1,3,3,-5.0,17.0,0.058823529411764705,0.23529411764705882,0.058823529411764705,0.0,0.0,0.11764705882352941,0.11764705882352941,0.058823529411764705,0.22823529411764706,0.0,9.333333333333334,8.621678104251716,1.6666666666666667,2.6666666666666665,0.6666666666666666,0.0,0.0,0.0,0.3333333333333333,0.3333333333333333,0.6666666666666666,2.0,,0.3333333333333333,0.6666666666666666,,1.0,1.6666666666666667,1.6666666666666667,-2.6666666666666665,0.2112299465240643,0.21553522207290485,0.2994652406417112,0.09075167245174941,0.0748663101604278,0.022687918112937352,0.0,0.0,0.0,0.0,0.24064171122994654,0.17394070553251972,0.058823529411764705,0.0831890330807703,0.02941176470588234,0.04159451654038515,0.29593582887700537,0.09574301443659565,16.8,12.235195135346226,5.6,5.2,1.8,0.0,0.0,0.4,0.8,1.6,2.2,4.4,,1.2,2.0,,1.2,4.0,1.4,-7.2,0.31134413992869875,0.16990300400569797,0.30858678698752223,0.05751815159669225,0.0999331550802139,0.03177068085111265,0.0,0.0,0.0,0.0,0.2739666889483066,0.16363043292712628,0.09191176470588236,0.11909343738486611,0.07981004901960784,0.06963828494964938,0.3942179144385027,0.16624950945559328,16.2,8.270429251254136,5.9,3.9,1.4,0.0,0.0,0.5,0.6,1.3,2.5,4.4,,0.9,1.4,,1.3,2.6,1.3,-4.0,0.35099388175368573,0.16808644219514343,0.23032394711316279,0.11442350142624338,0.07965927500241227,0.039493358298086645,0.0,0.0,0.0,0.0,0.27579906023533474,0.11422689295590227,0.07183257918552036,0.09300214689127141,0.0686501452432825,0.06071284349837579,0.3760555403202462,0.12476702330825241,,True,True,MIN,True,6.262105941772461,3.8616982,1.572976,11.69678008556366,0.14737415313720703,0.35626704,0.61544913,1.2155356,4.273333333333333,4.166666666666667,1.3,0.32666666666666666,9.74,0.38666666666666666,0.22,0.7666666666666667,3.3939095777911086,1.9745604292826513,1.0692676621563626,0.5715087245372744,3.909697345490228,0.5631656555184766,0.46,0.8595864638818418
2566186,Rachel Banham,CHI,2026-05-23,1.0,8.0,0.0,1.0,50.0,5,0,1,1,3,0,1,1,2,5,,0,0,,0,0,3,0.0,16.0,0.3125,0.0,0.0625,0.0625,0.1875,0.3125,0.0,0.0625,0.375,0.0,16.666666666666668,1.1547005383792395,8.666666666666666,0.3333333333333333,1.0,2.3333333333333335,3.6666666666666665,0.3333333333333333,0.3333333333333333,1.3333333333333333,2.6666666666666665,4.333333333333333,,1.0,1.3333333333333333,,0.0,0.3333333333333333,2.3333333333333335,-3.0,0.5208333333333334,0.21949278651776538,0.018518518518518517,0.0320750149549792,0.06018518518518518,0.004009376869373578,0.13888888888888887,0.0669697969513399,0.2199074074074074,0.031314234394603346,0.261574074074074,0.046238389711662546,0.08333333333333333,0.1443375672974064,0.0787037037037037,0.028065638085606796,0.37694444444444447,0.04461512366069777,23.4,9.262828941527527,8.6,1.4,3.0,1.8,5.0,0.4,0.4,2.2,2.4,6.2,,2.0,2.6,,0.0,1.4,2.2,-10.0,0.4148172905525847,0.23389014720602652,0.046939988116458706,0.04505423750649054,0.10848187759952466,0.10879441975876933,0.09545454545454546,0.07898658291174175,0.21554515745692218,0.02303987531489315,0.2647875816993464,0.05584644863854081,0.10383244206773619,0.10652674718085754,0.08893345216874629,0.026065675220664282,0.3994073083778966,0.060101542119160016,24.7,6.684143758012533,8.3,1.6,2.9,1.7,4.4,0.7,0.3,2.1,2.6,6.3,,1.4,1.7,,0.0,1.6,1.9,-7.2,0.3628036373809619,0.2177557921001043,0.056764828256289354,0.04888605991476148,0.1091770994133423,0.08205621118765027,0.07911594856756146,0.0634438709399153,0.17929524960597068,0.0560409497057732,0.25384472701028676,0.08454584334159071,0.06760852872617577,0.08557368480932973,0.08168260697767339,0.051447754998850556,0.36527508662747754,0.10942269513522576,,True,True,MIN,True,6.0126471519470215,1.0117933,2.051182,9.07562243938446,1.1854952573776245,0.35296047,0.2538699,1.3293462,7.18,2.046666666666667,1.8866666666666667,1.0333333333333334,11.113333333333333,0.32666666666666666,0.18666666666666668,0.8533333333333334,3.9666442576397833,1.4063506754085988,1.31927589566735,0.9689627902499088,4.4818696495497905,0.5715087245372744,0.48147920227380775,0.9618500691664764
3142010,Azura Stevens,CHI,2026-05-23,1.0,8.0,0.0,1.0,47.0,0,0,0,0,0,0,0,0,0,0,,0,0,,0,0,0,0.0,0.0,,,,,,,,,,0.0,17.666666666666668,15.307950004273378,4.333333333333333,7.0,1.6666666666666667,0.6666666666666666,4.333333333333333,1.0,0.0,0.0,1.0,5.0,,1.6666666666666667,2.0,,1.0,6.0,0.6666666666666666,-4.0,0.24430199430199423,0.07353104704646475,0.39743589743589736,0.09065471553673664,0.09401709401709402,0.024174590809796507,0.03774928774928778,0.0010072746170748667,0.24430199430199429,0.07353104704646432,0.28205128205128216,0.07252377242938947,0.1111111111111111,0.15713484026367722,0.0,0.0,0.3309401709401709,0.14166310214540637,21.4,12.157302332343304,5.8,8.0,1.6,0.8,4.4,1.0,0.0,0.6,1.8,6.8,,1.4,1.6,,1.2,6.8,1.2,-0.6,0.2617343304843305,0.13435907422657528,0.3737179487179487,0.06061902168503224,0.07409188034188034,0.028780591844926755,0.03762464387464387,0.0034544159544155515,0.20548433048433046,0.06173615628029223,0.316025641025641,0.05896971367806802,0.07222222222222222,0.10482201257840673,0.029166666666666667,0.03938179688543837,0.3769700854700855,0.09767918382508983,24.2,8.841819822738854,6.8,7.6,2.3,1.1,4.0,1.1,0.6,0.9,2.3,6.7,,1.1,1.3,,1.1,6.5,1.4,-0.7,0.26993191055729676,0.14412065328508303,0.31332284367879476,0.09849101839088859,0.09268651355785207,0.04215906705221163,0.0446537480884286,0.019755839457622593,0.16400289477844787,0.06055622128620985,0.27464680604280156,0.07907864650520186,0.050514288853183924,0.0749861713868403,0.037372420765079274,0.033840416454482616,0.3342455139032818,0.09991689663690884,,True,True,MIN,True,4.616549968719482,4.7559075,1.006111,10.378568530082703,0.6673498749732971,0.56459236,0.4658423,0.58703977,4.926666666666667,4.84,1.2866666666666666,0.5933333333333334,11.053333333333333,0.4666666666666667,0.24666666666666667,0.47333333333333333,3.22923451541624,1.9046609497055726,1.060419204319164,0.8172854798389334,4.057563582030752,0.6497862896539309,0.5024827249656338,0.6801633790658111
4066548,DiJonai Carrington,CHI,2026-05-23,1.0,8.0,0.0,1.0,47.0,0,0,0,0,0,0,0,0,0,0,,0,0,,0,0,0,0.0,0.0,,,,,,,,,,0.0,0.0,0.0,0.0,0.0,0.0,0.0,0.0,0.0,0.0,0.0,0.0,0.0,,0.0,0.0,,0.0,0.0,0.0,0.0,,,,,,,,,,,,,,,,,,,0.0,0.0,0.0,0.0,0.0,0.0,0.0,0.0,0.0,0.0,0.0,0.0,,0.0,0.0,,0.0,0.0,0.0,0.0,,,,,,,,,,,,,,,,,,,2.5,5.317685377848001,1.7,0.2,0.2,0.4,0.7,0.1,0.1,0.1,0.6,1.2,,0.1,0.2,,0.1,0.1,0.3,2.2,0.6655844155844157,0.1698892915837798,0.07142857142857142,0.10101525445522196,0.09090909090909093,0.128564869306645,0.16233766233766234,0.02754961485142441,0.26948051948051943,0.12397326683140801,0.45779220779220775,0.2617213410885278,0.0714285714285714,0.10101525445522067,0.03571428571428568,0.05050762722761057,0.524935064935065,0.3566756802764351,,True,True,MIN,True,2.112980365753174,0.5371169,0.044519313,2.694616563618183,0.10400263220071793,0.0492011,0.072051235,0.27962843,1.772630214691162,0.5630818605422974,-0.002198636531829834,0.14753508567810059,2.3335134983062744,0.04920110106468201,0.07205123454332352,0.2796284258365631,7.5,3.0,2.5,1.3,9.0,1.2,1.3,1.5
4432865,Jacy Sheldon,CHI,2026-05-23,1.0,8.0,0.0,1.0,47.0,8,0,3,1,2,0,0,2,3,6,,1,1,,0,0,5,-7.0,26.0,0.3076923076923077,0.0,0.11538461538461539,0.038461538461538464,0.07692307692307693,0.23076923076923078,0.038461538461538464,0.07692307692307693,0.32461538461538464,0.0,20.0,5.196152422706632,4.333333333333333,1.0,1.6666666666666667,0.3333333333333333,1.6666666666666667,0.3333333333333333,0.0,1.6666666666666667,1.6666666666666667,5.333333333333333,,0.6666666666666666,0.6666666666666666,,0.3333333333333333,0.6666666666666666,2.6666666666666665,-9.666666666666666,0.2006033182503771,0.09729383663873388,0.0588235294117647,0.058823529411764705,0.07767722473604825,0.06727996057222004,0.012820512820512822,0.022205779584216375,0.08446455505279034,0.03012818153158096,0.273001508295626,0.03657422519753286,0.032428355957767725,0.029872250860238852,0.08446455505279034,0.030128181531580964,0.37173453996983413,0.044005015371025205,12.0,11.554220008291344,2.6,0.6,1.0,0.2,1.0,0.2,0.0,1.0,1.0,3.2,,0.4,0.4,,0.2,0.4,1.6,-5.8,0.2006033182503771,0.09729383663873388,0.0588235294117647,0.058823529411764705,0.07767722473604825,0.06727996057222004,0.01282051282051283,0.022205779584216375,0.08446455505279037,0.03012818153158096,0.2730015082956259,0.03657422519753286,0.032428355957767725,0.029872250860238852,0.08446455505279034,0.030128181531580964,0.37173453996983413,0.044005015371025205,6.0,9.966610925150702,1.3,0.3,0.5,0.1,0.5,0.1,0.0,0.5,0.5,1.6,,0.2,0.2,,0.1,0.2,0.8,-2.9,0.2006033182503771,0.09729383663873388,0.0588235294117647,0.058823529411764705,0.07767722473604827,0.06727996057222004,0.012820512820512822,0.022205779584216375,0.08446455505279034,0.03012818153158096,0.2730015082956259,0.03657422519753286,0.032428355957767725,0.029872250860238852,0.08446455505279034,0.030128181531580964,0.37173453996983413,0.044005015371025205,,True,True,MIN,True,7.217464447021484,2.4945862,1.9924785,11.704529166221619,0.6851144433021545,0.5675772,0.24706091,1.3506253,5.006666666666667,2.7,1.58,0.6066666666666667,9.286666666666667,0.54,0.15333333333333332,0.7466666666666667,3.559956304351064,1.6881943016134133,1.1620097532579778,0.8786100133481041,4.012209144875454,0.7083313725463056,0.36030850978324425,0.8655377262462658
4433405,Kamilla Cardoso,CHI,2026-05-23,1.0,8.0,0.0,1.0,46.0,7,8,1,0,0,0,1,2,2,6,,3,4,,2,6,4,-2.0,23.0,0.30434782608695654,0.34782608695652173,0.043478260869565216,0.0,0.0,0.2608695652173913,0.17391304347826086,0.08695652173913043,0.42434782608695654,0.0,18.666666666666668,3.785938897200182,6.666666666666667,5.333333333333333,0.6666666666666666,0.0,0.0,0.3333333333333333,1.0,2.6666666666666665,2.0,5.0,,2.6666666666666665,4.333333333333333,,1.3333333333333333,4.0,4.0,-9.666666666666666,0.3600277067348678,0.20608828404257604,0.2777067348678602,0.06116868804335178,0.034100596760443296,0.030512412903961252,0.0,0.0,0.0,0.0,0.2695545609548167,0.03932885620881062,0.2368925831202046,0.1534057233126635,0.15276001705029837,0.13905219498052207,0.5265473145780052,0.13531325195023586,25.0,9.137833441248533,10.8,6.8,1.4,0.0,0.0,0.4,1.8,2.4,4.0,8.4,,2.8,4.0,,1.6,5.2,3.0,-13.0,0.41147116949546614,0.1751627940908201,0.2731896974863727,0.10020182640231884,0.04975328734919528,0.032880470394462714,0.0,0.0,0.0,0.0,0.3177933426334961,0.07408099421402647,0.18405474179131467,0.14130608267238134,0.11539338396755276,0.11306612746109936,0.5141708129892273,0.10099596346421266,27.6,7.2141835604900235,12.2,8.0,2.3,0.0,0.0,0.3,1.9,2.5,5.0,9.9,,2.2,3.5,,2.6,5.4,3.1,-9.4,0.43710432120062104,0.1643193922760493,0.2871188032248898,0.10012807181405993,0.07715123035486454,0.04293806681925934,0.0,0.0,0.0,0.0,0.3508301629653519,0.08591813623084531,0.1393676212250381,0.12256887401880807,0.09815062649013025,0.0858913431190588,0.5103025427944989,0.07220251014659751,,True,True,MIN,True,11.809868812561035,7.1103206,2.04195,20.96213936805725,0.0,0.5731863,1.327433,1.9806794,7.126666666666667,6.3933333333333335,1.6333333333333333,0.36,15.153333333333334,0.5733333333333334,0.5666666666666667,1.3133333333333332,4.159000948411636,2.492379496696993,1.2879786057574438,0.5689756878227166,4.954104919716129,0.7243080989621904,0.706320670013903,1.0528479894499911
4433424,Maddy Westbeld,CHI,2026-05-23,1.0,24.0,0.0,0.0,48.0,5,5,2,1,2,1,1,1,2,4,,0,0,,0,5,1,8.0,12.0,0.4166666666666667,0.4166666666666667,0.16666666666666666,0.08333333333333333,0.16666666666666666,0.3333333333333333,0.0,0.08333333333333333,0.4166666666666667,0.0,22.666666666666668,9.237604307034013,12.333333333333334,4.666666666666667,2.3333333333333335,2.3333333333333335,4.0,1.6666666666666667,0.6666666666666666,0.3333333333333333,3.6666666666666665,7.0,,2.6666666666666665,2.6666666666666665,,0.3333333333333333,4.333333333333333,2.0,-1.0,0.5198412698412699,0.333616659634662,0.24603174603174605,0.1726532533159293,0.11507936507936507,0.04811252243246882,0.0992063492063492,0.07273929674533079,0.17460317460317462,0.036369648372665445,0.3134920634920635,0.12617550075860828,0.09523809523809523,0.08247860988423225,0.027777777777777776,0.048112522432468816,0.3831746031746032,0.12832103778304363,20.4,7.3688533707762165,9.2,4.2,2.0,1.6,3.2,1.0,0.4,0.6,3.0,6.6,,1.6,1.6,,0.8,3.4,2.0,-2.4,0.42629072681704266,0.2972979061475498,0.232531328320802,0.12932605857657165,0.10343358395989974,0.039973915968127244,0.07285714285714286,0.0671031628697201,0.15248120300751877,0.04095678278585843,0.32844611528822054,0.09237595127326628,0.05714285714285714,0.07824607964359516,0.04052631578947368,0.03855859383471226,0.39411528822055136,0.09226581645332392,11.1,11.288637355027989,5.0,2.2,1.1,0.9,1.7,0.5,0.2,0.4,1.6,3.6,,0.9,1.0,,0.4,1.8,1.0,-0.7,0.4293163464216096,0.26601459028354646,0.21229462545252017,0.12584644770288664,0.10471317181843498,0.03589087957668057,0.07923280423280422,0.0620174324005658,0.14558618769145085,0.04033873897616605,0.32926065162907264,0.08264764918384601,0.08465608465608465,0.09715876343820554,0.05229044834307992,0.044941973868992,0.41879977722082984,0.10230507656938617,,True,True,MIN,True,6.916821479797363,3.0295784,1.4342436,11.380643486976624,0.7070685029029846,0.7380907,0.44708183,1.216532,6.506666666666667,3.5933333333333333,1.3266666666666667,0.7933333333333333,11.426666666666666,0.5733333333333334,0.22666666666666666,0.88,4.103245328057077,1.883601750783736,1.2137911224295919,0.9040403137520411,4.65094494580283,0.7243080989621904,0.47814456205442957,0.9586101049609969
4433433,Aicha Coulibaly,CHI,2026-05-23,1.0,8.0,0.0,1.0,4.0,8,1,0,0,1,1,0,0,4,6,,0,0,,0,1,4,12.0,16.0,0.5,0.0625,0.0,0.0,0.0625,0.375,0.0,0.0,0.375,0.0,15.333333333333334,0.5773502691896255,5.666666666666667,1.3333333333333333,0.3333333333333333,0.0,0.6666666666666666,1.3333333333333333,1.0,0.3333333333333333,2.0,4.0,,1.6666666666666667,2.0,,0.3333333333333333,1.0,3.3333333333333335,-2.0,0.3666666666666667,0.20275875100994065,0.08749999999999998,0.03974746672570607,0.022222222222222223,0.03849001794597505,0.0,0.0,0.04305555555555555,0.037345360165968754,0.25833333333333336,0.10103629710818449,0.13333333333333333,0.17638342073763938,0.022222222222222223,0.03849001794597505,0.33922222222222226,0.09707747955647096,15.333333333333334,0.5773502691896255,5.666666666666667,1.3333333333333333,0.3333333333333333,0.0,0.6666666666666666,1.3333333333333333,1.0,0.3333333333333333,2.0,4.0,,1.6666666666666667,2.0,,0.3333333333333333,1.0,3.3333333333333335,-2.0,0.3666666666666667,0.20275875100994065,0.08749999999999998,0.03974746672570607,0.022222222222222223,0.03849001794597505,0.0,0.0,0.04305555555555555,0.037345360165968754,0.25833333333333336,0.10103629710818449,0.13333333333333333,0.17638342073763938,0.022222222222222223,0.03849001794597505,0.33922222222222226,0.09707747955647096,15.333333333333334,0.5773502691896255,5.666666666666667,1.3333333333333333,0.3333333333333333,0.0,0.6666666666666666,1.3333333333333333,1.0,0.3333333333333333,2.0,4.0,,1.6666666666666667,2.0,,0.3333333333333333,1.0,3.3333333333333335,-2.0,0.3666666666666667,0.20275875100994065,0.08749999999999998,0.03974746672570607,0.022222222222222223,0.03849001794597505,0.0,0.0,0.04305555555555555,0.037345360165968754,0.25833333333333336,0.10103629710818449,0.13333333333333333,0.17638342073763938,0.022222222222222223,0.03849001794597505,0.33922222222222226,0.09707747955647096,,True,True,MIN,True,6.63026237487793,2.4199646,0.5344826,9.584709525108337,0.29087749123573303,0.8175596,0.7572886,0.9555564,4.713333333333333,2.7466666666666666,0.6333333333333333,0.3466666666666667,8.093333333333334,0.74,0.36,0.6333333333333333,2.8620194890244117,1.8445836627512695,0.7520342781785652,0.5536143864540451,3.483956881988575,0.8750619025722314,0.6140575434490376,0.7156970184527963
4433630,Rickea Jackson,CHI,2026-05-23,1.0,8.0,0.0,1.0,45.0,29,6,0,4,10,0,3,2,10,22,,5,6,,1,5,0,-21.0,32.0,0.90625,0.1875,0.0,0.125,0.3125,0.6875,0.1875,0.0625,0.8325,0.0,25.0,6.082762530298216,17.666666666666668,4.0,1.0,1.3333333333333333,4.333333333333333,0.0,1.0,3.0,5.0,13.333333333333334,,6.333333333333333,6.666666666666667,,0.3333333333333333,3.6666666666666665,1.0,-11.666666666666666,0.6765422077922079,0.25071940417567934,0.15557359307359306,0.02783905531924897,0.0468975468975469,0.04763544254038691,0.041666666666666664,0.07216878364870323,0.15034271284271286,0.1420906270507369,0.5076659451659452,0.16002874922576332,0.2811147186147186,0.129240390134511,0.1312229437229437,0.13406460361661324,0.7625793650793652,0.14125612449013045,23.4,4.87852436706018,14.2,3.2,1.2,1.2,4.4,0.0,0.6,2.0,4.2,11.2,,4.6,4.8,,0.4,2.8,0.8,-8.8,0.5759253246753246,0.23070469112134925,0.1306168831168831,0.04987646021443062,0.05632034632034631,0.038861826542117346,0.04409090909090909,0.051164133873655274,0.17566017316017316,0.10672241668779782,0.455508658008658,0.14453669036347921,0.20685064935064937,0.13675810677591424,0.08782467532467533,0.11303236979595711,0.6343476190476192,0.21356494362931458,27.3,6.05621810850449,15.0,2.7,0.8,1.6,5.3,0.2,0.6,2.0,4.8,11.7,,3.8,4.2,,0.3,2.4,0.8,-6.0,0.5401042476042476,0.1903780190389209,0.10169478669478668,0.04978152088364194,0.034062950937950934,0.03658505230469631,0.056090275465275466,0.04884700381066541,0.1915849197099197,0.10153907667844973,0.4245690420690421,0.11495642346965379,0.15871963684463683,0.1253537409993964,0.07686283623783623,0.08233470784636855,0.5712685185185186,0.17868478082085795,,True,True,MIN,True,15.661894798278809,3.6831303,1.7240574,21.069082498550415,1.683091402053833,0.7054645,0.6383635,1.8861375,11.0,4.153333333333333,1.34,1.2066666666666668,16.493333333333332,0.68,0.38,1.2533333333333334,5.022615520489963,1.9484580798387447,1.1766052864066183,1.008607400770433,5.707009335506256,0.8510385811857573,0.6289674077406555,1.0404272626613016
4594786,Sydney Taylor,CHI,2026-05-23,1.0,8.0,0.0,1.0,4.0,5,0,0,0,1,0,1,0,1,3,,3,3,,0,0,1,8.0,7.0,0.7142857142857143,0.0,0.0,0.0,0.14285714285714285,0.42857142857142855,0.42857142857142855,0.0,0.6171428571428572,0.0,11.666666666666666,5.033222956847166,11.333333333333334,1.0,1.6666666666666667,1.0,3.3333333333333335,0.0,0.6666666666666666,1.3333333333333333,3.3333333333333335,7.0,,3.6666666666666665,5.333333333333333,,0.3333333333333333,0.6666666666666666,2.3333333333333335,3.0,0.8708938120702827,0.42591458889803885,0.08021390374331551,0.09277728113848917,0.15151515151515152,0.262431940540739,0.06951871657754011,0.061671457725512274,0.24548001018589252,0.14531841127805942,0.5492742551566081,0.18702072613394943,0.4191494779730074,0.23276338530743745,0.08912655971479501,0.0882487971086386,0.8228265851795263,0.3490812727504836,11.666666666666666,5.033222956847166,11.333333333333334,1.0,1.6666666666666667,1.0,3.3333333333333335,0.0,0.6666666666666666,1.3333333333333333,3.3333333333333335,7.0,,3.6666666666666665,5.333333333333333,,0.3333333333333333,0.6666666666666666,2.3333333333333335,3.0,0.8708938120702827,0.42591458889803885,0.08021390374331551,0.09277728113848917,0.15151515151515152,0.262431940540739,0.06951871657754011,0.061671457725512274,0.24548001018589252,0.14531841127805942,0.5492742551566081,0.18702072613394943,0.4191494779730074,0.23276338530743745,0.08912655971479501,0.0882487971086386,0.8228265851795263,0.3490812727504836,11.666666666666666,5.033222956847166,11.333333333333334,1.0,1.6666666666666667,1.0,3.3333333333333335,0.0,0.6666666666666666,1.3333333333333333,3.3333333333333335,7.0,,3.6666666666666665,5.333333333333333,,0.3333333333333333,0.6666666666666666,2.3333333333333335,3.0,0.8708938120702827,0.42591458889803885,0.08021390374331551,0.09277728113848917,0.15151515151515152,0.262431940540739,0.06951871657754011,0.061671457725512274,0.24548001018589252,0.14531841127805942,0.5492742551566081,0.18702072613394943,0.4191494779730074,0.23276338530743745,0.08912655971479501,0.0882487971086386,0.8228265851795263,0.3490812727504836,,True,True,MIN,True,8.838078498840332,1.6853745,1.3076482,11.831101179122925,0.7738755345344543,0.1521687,0.55899656,1.4286873,8.49772834777832,1.7113394737243652,1.2609301805496216,0.8174079656600952,11.46999740600586,0.15216870605945587,0.5589965581893921,1.428687334060669,7.5,3.0,2.5,1.3,9.0,1.2,1.3,1.5
4858656,Gabriela Jaquez,CHI,2026-05-23,1.0,8.0,0.0,1.0,4.0,13,3,0,0,1,1,0,2,4,5,,5,7,,1,2,2,-5.0,29.0,0.4482758620689655,0.10344827586206896,0.0,0.0,0.034482758620689655,0.1724137931034483,0.2413793103448276,0.06896551724137931,0.34758620689655173,0.0,20.0,8.54400374531753,9.666666666666666,3.3333333333333335,0.0,0.0,1.0,0.6666666666666666,0.0,1.0,2.6666666666666665,5.0,,4.333333333333333,5.333333333333333,,0.6666666666666666,2.6666666666666665,1.6666666666666667,-3.6666666666666665,0.4710627142569066,0.1504228774065565,0.19822544867916916,0.120132050886118,0.0,0.0,0.0,0.0,0.04658197217180884,0.053664479210272446,0.2533776971163541,0.14523918238838407,0.2690562613430127,0.04070103099834586,0.05076628352490422,0.04454795384763788,0.4225287356321839,0.11921529666938006,20.0,8.54400374531753,9.666666666666666,3.3333333333333335,0.0,0.0,1.0,0.6666666666666666,0.0,1.0,2.6666666666666665,5.0,,4.333333333333333,5.333333333333333,,0.6666666666666666,2.6666666666666665,1.6666666666666667,-3.6666666666666665,0.4710627142569066,0.1504228774065565,0.19822544867916916,0.120132050886118,0.0,0.0,0.0,0.0,0.04658197217180884,0.053664479210272446,0.2533776971163541,0.14523918238838407,0.2690562613430127,0.04070103099834586,0.05076628352490422,0.04454795384763788,0.4225287356321839,0.11921529666938006,20.0,8.54400374531753,9.666666666666666,3.3333333333333335,0.0,0.0,1.0,0.6666666666666666,0.0,1.0,2.6666666666666665,5.0,,4.333333333333333,5.333333333333333,,0.6666666666666666,2.6666666666666665,1.6666666666666667,-3.6666666666666665,0.4710627142569066,0.1504228774065565,0.19822544867916916,0.120132050886118,0.0,0.0,0.0,0.0,0.04658197217180884,0.053664479210272446,0.2533776971163541,0.14523918238838407,0.2690562613430127,0.04070103099834586,0.05076628352490422,0.04454795384763788,0.4225287356321839,0.11921529666938006,,True,True,MIN,True,10.567468643188477,4.011083,0.86035913,15.438910901546478,0.671203076839447,0.6483566,0.36012828,1.4242141,7.0,4.406666666666666,0.8333333333333334,0.5866666666666667,12.24,0.4666666666666667,0.2866666666666667,0.8066666666666666,3.696845502136472,1.97685496573612,0.8975274678557507,0.8098285140832114,4.3091839908115634,0.6394442031083626,0.5925837962310103,0.9430211497569335
1068,Nneka Ogwumike,LAS,2026-05-23,0.0,8.0,0.0,1.0,51.0,20,5,3,1,2,1,0,2,8,11,,3,3,,0,5,4,14.0,32.0,0.625,0.15625,0.09375,0.03125,0.0625,0.34375,0.09375,0.0625,0.4475,0.0,28.0,6.9282032302755185,17.666666666666668,6.0,3.3333333333333335,1.3333333333333333,2.6666666666666665,1.0,0.0,1.0,5.666666666666667,11.0,,5.0,6.0,,1.3333333333333333,4.666666666666667,2.0,10.333333333333334,0.6583333333333333,0.17736497211494012,0.2125,0.06343057228182641,0.13541666666666666,0.10045469542700992,0.05416666666666667,0.03969283100678677,0.10208333333333335,0.044341243028734864,0.39999999999999997,0.05340002340823465,0.23124999999999998,0.1291498644985739,0.03124999999999999,0.031249999999999924,0.5329999999999999,0.07925118295647134,29.0,5.65685424949238,17.6,7.2,3.2,1.8,3.2,0.8,0.0,1.4,6.2,12.4,,3.4,4.0,,1.4,5.8,2.0,0.8,0.6176579520697169,0.17311048713857172,0.24558278867102395,0.06375300003360072,0.12111928104575162,0.07412330509896078,0.06343681917211327,0.041965901124999226,0.11288398692810457,0.036923287253025974,0.425838779956427,0.08436192965226588,0.15051470588235294,0.14489296625285222,0.04685457516339869,0.042180526747383616,0.538919825708061,0.07351957006918935,30.4,4.452215428550396,17.7,7.2,2.2,1.8,4.5,1.1,0.1,1.7,6.4,13.6,,3.1,3.6,,1.9,5.3,1.8,0.8,0.586250247573777,0.13086033008476128,0.2384331055654585,0.07459595191176242,0.0790583531392355,0.07375264427451543,0.05989230540701129,0.04953245367390095,0.14843298177857,0.08365628607764869,0.4449585313923549,0.06653546021355035,0.12663633887898595,0.10343017031839666,0.05481530996236879,0.03792110374074114,0.5554938304614775,0.0649875624310614,,True,True,LVA,False,16.40756607055664,6.434426,2.3190076,25.160999536514282,1.3903183937072754,0.8352747,0.49219215,2.123459,16.3715,5.302,3.095,1.989,24.7685,0.852,0.32,1.3735,6.14894200249116,2.306468295901767,1.718131252262178,1.4099216290276564,6.780406164087812,0.9263347127253734,0.5599999999999999,1.1606023220724657
2284331,Emma Cannon,LAS,2026-05-23,0.0,8.0,0.0,1.0,48.0,0,0,0,0,0,0,0,0,0,0,,0,0,,0,0,0,0.0,0.0,,,,,,,,,,0.0,5.0,4.358898943540674,1.0,0.6666666666666666,0.6666666666666666,0.3333333333333333,1.0,0.3333333333333333,0.0,0.3333333333333333,0.3333333333333333,1.0,,0.0,0.0,,0.0,0.6666666666666666,0.3333333333333333,-1.6666666666666667,0.1874999999999999,0.2651650429449553,0.13392857142857142,0.012626906806902628,0.13392857142857142,0.012626906806902628,0.0625,0.08838834764831845,0.19642857142857145,0.07576144084141581,0.19642857142857154,0.07576144084141581,0.0,0.0,0.07142857142857145,0.10101525445522107,0.26785714285714285,0.025253813613805257,3.0,4.123105625617661,0.6,0.4,0.4,0.2,0.6,0.2,0.0,0.2,0.2,0.6,,0.0,0.0,,0.0,0.4,0.2,-1.0,0.1875,0.2651650429449553,0.13392857142857148,0.012626906806902628,0.13392857142857142,0.012626906806902628,0.0625,0.08838834764831845,0.19642857142857142,0.07576144084141581,0.19642857142857142,0.07576144084141581,0.0,0.0,0.07142857142857142,0.10101525445522107,0.26785714285714285,0.025253813613805257,1.5,3.1710495984067415,0.3,0.2,0.2,0.1,0.3,0.1,0.0,0.1,0.1,0.3,,0.0,0.0,,0.0,0.2,0.1,-0.5,0.1875,0.2651650429449553,0.13392857142857142,0.012626906806902628,0.13392857142857142,0.012626906806902628,0.0625,0.08838834764831845,0.19642857142857142,0.07576144084141581,0.19642857142857145,0.07576144084141581,0.0,0.0,0.07142857142857142,0.10101525445522107,0.26785714285714285,0.025253813613805257,,True,True,LVA,False,2.8033087253570557,1.0151759,0.4701273,4.288611978292465,0.20287823677062988,0.25966653,0.10654639,0.4476579,2.462958574295044,1.0411409139633179,0.4234093725681305,0.24641069769859314,3.927509069442749,0.2596665322780609,0.10654638707637787,0.44765791296958923,7.5,3.0,2.5,1.3,9.0,1.2,1.3,1.5
2491214,Erica Wheeler,LAS,2026-05-23,0.0,8.0,0.0,1.0,51.0,10,2,7,2,4,1,0,3,3,5,,2,2,,0,2,1,16.0,33.0,0.30303030303030304,0.06060606060606061,0.21212121212121213,0.06060606060606061,0.12121212121212122,0.15151515151515152,0.06060606060606061,0.09090909090909091,0.26909090909090905,0.0,25.666666666666668,12.701705922171763,10.666666666666666,1.3333333333333333,4.666666666666667,2.0,5.333333333333333,1.0,0.0,2.3333333333333335,3.6666666666666665,8.666666666666666,,1.3333333333333333,1.3333333333333333,,0.0,1.3333333333333333,3.0,5.0,0.4444444444444444,0.12616157572522008,0.040404040404040394,0.034990925405431805,0.18181818181818185,0.03030303030303041,0.101010101010101,0.06998185081086372,0.2626262626262626,0.17231032433567658,0.3636363636363636,0.18432613728176422,0.04040404040404041,0.03499092540543187,0.09090909090909091,0.0,0.4723232323232323,0.17829447410957652,24.8,9.121403400793104,10.6,1.6,3.6,1.8,5.2,1.0,0.0,1.4,3.8,9.2,,1.2,1.2,,0.4,1.2,3.2,-0.6,0.44666666666666666,0.09600849365548082,0.05842424242424242,0.035155694631364996,0.14436363636363636,0.06519364388449587,0.08678787878787879,0.056142282843370486,0.243030303030303,0.12513353748638598,0.388,0.13498318094052592,0.04133333333333333,0.024849963001119836,0.05454545454545454,0.04979295977319695,0.4607321212121212,0.12746752238725198,24.6,6.915361322607971,11.2,2.1,3.1,2.5,5.9,1.0,0.1,1.3,3.9,9.2,,0.9,0.9,,0.3,1.8,3.1,0.9,0.4678194893397983,0.12508380025910595,0.08114634974102937,0.05317570294839685,0.12828939767326494,0.06121207631081431,0.10939659377617043,0.056240808637602946,0.2605150174958527,0.09296083006090165,0.38360485309884623,0.10473330378951104,0.035020733652312605,0.03296855896793278,0.05296417684146517,0.04295444872360592,0.451978152747329,0.11093598437489056,,True,True,LVA,False,10.548977851867676,2.6023774,3.4821887,16.633543968200684,1.756098747253418,1.0028448,0.19094709,1.9248337,13.655,2.5085,3.6245,2.2415,19.788,0.881,0.2055,1.909,5.864040842286146,1.567777965784696,1.875499866702208,1.4832996157216518,6.2932548017699075,0.9283528424042229,0.4596408924366934,1.3545179954507804
2566106,Dearica Hamby,LAS,2026-05-23,0.0,8.0,0.0,1.0,48.0,19,7,4,0,0,0,0,2,8,10,,3,3,,1,6,4,6.0,32.0,0.59375,0.21875,0.125,0.0,0.0,0.3125,0.09375,0.0625,0.41625,0.0,26.0,6.557438524301993,15.666666666666666,5.666666666666667,3.0,0.0,0.0,1.6666666666666667,0.0,2.3333333333333335,6.0,9.333333333333334,,3.6666666666666665,4.333333333333333,,1.0,4.666666666666667,2.6666666666666665,-2.0,0.6111720272904484,0.0660732218944331,0.21716617933723195,0.006006656535854709,0.11379142300194932,0.010137740771303921,0.0,0.0,0.0,0.0,0.3523797920727745,0.1144949583784666,0.18589587394411952,0.11573266639357348,0.09295808966861598,0.026539047814518782,0.5271320662768031,0.12197076745670724,26.4,4.878524367060189,17.4,6.8,3.6,0.2,0.4,1.4,0.2,2.0,6.4,11.6,,4.4,5.6,,2.2,4.6,2.2,1.8,0.6591170094777172,0.12279232724776838,0.25636867311958056,0.053956087268520074,0.13475761242185924,0.029914281482414255,0.008,0.01788854381999832,0.014896551724137935,0.020491000315645654,0.43487615110573363,0.14202557431683965,0.220503041607851,0.10753840640345963,0.07756795724944546,0.03001901077413266,0.6094654466626335,0.14198938375287878,29.0,4.966554808583777,19.2,8.0,3.1,0.1,0.8,1.3,0.2,2.5,7.8,13.2,,3.5,5.0,,2.5,5.5,2.5,2.5,0.6583728385531924,0.13695354891878717,0.2731795265549803,0.053595825083097515,0.10993772876985217,0.05336641097195315,0.004,0.012649110640673518,0.027885986299779404,0.028550905347378037,0.45122595434074564,0.11772433241376032,0.18056417111657583,0.09480232100888628,0.08920966405040814,0.052884441215438956,0.6198838536824471,0.11094837527832269,,True,True,LVA,False,17.285625457763672,7.2045856,3.0456827,27.53589367866516,0.2470206320285797,1.0600336,0.46477044,2.5058289,12.6045,5.497,3.112,0.8685,21.2135,0.873,0.318,1.876,5.2936830042986145,2.2829785369118127,1.7828224813480449,0.9472105098656792,5.938679798574764,0.9465046222813706,0.5760867990155651,1.3797188119323445
3065570,Kelsey Plum,LAS,2026-05-23,0.0,8.0,0.0,1.0,47.0,27,0,9,4,8,3,0,2,10,16,,3,4,,0,0,3,8.0,33.0,0.8181818181818182,0.0,0.2727272727272727,0.12121212121212122,0.24242424242424243,0.48484848484848486,0.12121212121212122,0.06060606060606061,0.5987878787878789,0.0,28.333333333333332,8.9628864398325,18.333333333333332,1.6666666666666667,7.0,2.3333333333333335,5.0,1.6666666666666667,0.0,3.0,6.0,12.333333333333334,,4.0,4.333333333333333,,0.3333333333333333,1.3333333333333333,3.0,1.6666666666666667,0.6605268369974252,0.19592855444540663,0.05773420479302834,0.05885378065028363,0.24341453753218464,0.026213468789202176,0.0872449990097049,0.05033904889641643,0.16686472568825508,0.06786007614245045,0.4285006932065755,0.050121162875272726,0.1722123192711428,0.09143974485827097,0.10625866508219449,0.0434301707182686,0.6105327787680729,0.011717270143656778,28.4,7.092249290598857,16.8,1.4,5.6,2.6,5.6,1.2,0.0,2.2,5.6,13.2,,3.0,3.6,,0.2,1.2,2.8,1.2,0.5993464052287582,0.1619904475079709,0.049034462269756385,0.04347338987573337,0.19301841948900772,0.07541043928210116,0.09325609031491384,0.03891156676770871,0.19027035056446823,0.05894859938600256,0.4646761734997029,0.07604671443522133,0.13817587641117055,0.07974920963576373,0.07814913844325608,0.04940398954519587,0.6036226975638741,0.04998078491810571,31.4,5.796550698475765,16.6,2.1,5.5,2.1,5.5,1.2,0.0,2.7,5.3,12.9,,3.9,4.3,,0.1,2.0,2.3,1.8,0.538112283406401,0.14031265264890405,0.06582701303289537,0.04091914214284604,0.17586508968861908,0.06999414031826703,0.06995298201180553,0.03998845769971505,0.17333000112411878,0.051344226729002074,0.4143250240309063,0.09828512500608802,0.14227130491836376,0.07941791519887607,0.08550365682718623,0.0576647764312976,0.5624280550221726,0.08829092844223212,,True,True,LVA,False,15.575854301452637,2.171583,5.2251916,22.972628831863403,1.8117952346801758,1.3587106,0.19611908,2.704801,19.1965,2.361,4.226,2.7695,25.7835,1.141,0.1975,1.994,6.490214769173668,1.5266561498909963,2.0376270512534918,1.6239980757377763,6.850301288994522,1.0881723209124556,0.4387410967757636,1.4099517722248518
3146151,Ariel Atkins,LAS,2026-05-23,0.0,20.0,0.0,0.0,48.0,4,2,3,1,2,1,1,1,1,4,,1,2,,0,2,0,16.0,17.0,0.23529411764705882,0.11764705882352941,0.17647058823529413,0.058823529411764705,0.11764705882352941,0.23529411764705882,0.11764705882352941,0.058823529411764705,0.3458823529411765,0.0,5.666666666666667,9.814954576223638,1.3333333333333333,0.6666666666666666,1.0,0.3333333333333333,0.6666666666666666,0.3333333333333333,0.3333333333333333,0.3333333333333333,0.3333333333333333,1.3333333333333333,,0.3333333333333333,0.6666666666666666,,0.0,0.6666666666666666,0.0,5.333333333333333,0.23529411764705882,,0.11764705882352941,,0.17647058823529413,,0.058823529411764705,,0.11764705882352941,,0.23529411764705882,,0.11764705882352941,,0.058823529411764705,,0.3458823529411765,,8.4,11.844830095868831,2.8,0.6,0.8,0.2,0.8,0.4,0.2,1.2,1.0,2.4,,0.6,0.8,,0.0,0.6,1.0,0.2,0.3176470588235294,0.11646464631307842,0.07882352941176471,0.05490476183330839,0.10823529411764707,0.09649927837369356,0.029411764705882353,0.04159451654038515,0.0988235294117647,0.026620490585846496,0.2776470588235294,0.05989610381815462,0.0988235294117647,0.026620490585846496,0.12941176470588237,0.09982683969692437,0.45054117647058833,0.1480099276573065,19.5,14.1989827491659,7.8,2.5,2.7,0.7,1.7,0.5,0.4,1.7,2.8,6.3,,1.5,1.7,,0.7,1.8,1.8,-1.7,0.38013800347725296,0.23585736237805927,0.12615039119095914,0.06308436324383214,0.13823022312373226,0.0844447278031154,0.03532490582439873,0.03126610444808523,0.08726709649376992,0.046197323085717036,0.3124395102868734,0.1063649480902161,0.08720370906983484,0.07164735065041,0.08760323094755143,0.05325410862423185,0.4384123732251521,0.14750934353305892,,True,True,LVA,False,7.3420562744140625,2.337661,2.233617,11.913334369659424,0.5527499914169312,0.63792527,0.37049,1.457972,5.555,2.0525,1.7475,0.6665,9.355,0.495,0.2245,1.1205,3.639502026376685,1.4344837921705496,1.3201302019119174,0.8174825686214967,4.162688434173281,0.6978359406049534,0.48176731935655415,1.0487991943170056
4398764,Rae Burrell,LAS,2026-05-23,0.0,8.0,0.0,1.0,37.0,13,5,2,2,3,0,0,5,5,6,,1,2,,1,4,2,10.0,35.0,0.37142857142857144,0.14285714285714285,0.05714285714285714,0.05714285714285714,0.08571428571428572,0.17142857142857143,0.05714285714285714,0.14285714285714285,0.3394285714285714,0.0,26.666666666666668,8.504900548115382,9.0,3.0,1.0,1.0,3.0,0.6666666666666666,0.3333333333333333,3.0,3.6666666666666665,7.333333333333333,,0.6666666666666666,1.0,,1.3333333333333333,1.6666666666666667,0.6666666666666666,4.333333333333333,0.3213403880070547,0.08584048018727533,0.10934744268077601,0.034425434384379484,0.03139329805996472,0.028986468788785524,0.03139329805996472,0.028986468788785524,0.11499118165784832,0.03139726110966294,0.2855379188712523,0.1181806566229201,0.03139329805996474,0.028986468788785556,0.10317460317460315,0.044188606054206526,0.40252557319223986,0.11460637228647638,26.4,6.3874877690685254,12.0,3.2,1.6,1.4,3.8,1.2,0.4,2.2,4.4,9.2,,1.8,2.0,,1.4,1.8,1.2,5.0,0.44377874554786095,0.18365265601194192,0.11748252857698135,0.04036719227498845,0.05871603880599383,0.04787655285248107,0.050020386632080784,0.03333366197313332,0.14875482893473896,0.06722796341694236,0.358429198099363,0.13565401484757386,0.07250914225426969,0.059973686876712666,0.07749696580281287,0.047145475121853395,0.4678301864940545,0.127192591201034,22.1,6.590397054300547,9.5,2.8,1.6,1.0,3.2,0.7,0.3,1.6,3.6,7.9,,1.3,1.6,,1.1,1.7,1.0,0.0,0.4149099048734099,0.18672271287025186,0.12811831267869697,0.05646735347957109,0.0745753897519462,0.046988712962542006,0.04296565890308492,0.03279819082462215,0.14834912258381444,0.05886008486979412,0.362947488966782,0.10190284252013287,0.06683101222989173,0.07408931058777325,0.06453795658561697,0.05981355416908334,0.45689109093355124,0.13748985989335638,,True,True,LVA,False,11.758748054504395,3.9551375,2.03523,17.749115467071533,1.2463709115982056,1.0572248,0.34703803,1.464273,11.9085,3.739,1.9845,1.664,17.632,0.8025,0.325,2.0775,5.321477966693088,1.9495843146681295,1.3569302671839847,1.2865084531397375,5.8205305600091135,0.8743533324692027,0.5825590098865522,1.420033010179693
4398907,Kate Martin,LAS,2026-05-23,0.0,8.0,0.0,1.0,51.0,0,1,0,0,1,0,0,0,0,2,,0,0,,0,1,1,-1.0,6.0,0.0,0.16666666666666666,0.0,0.0,0.16666666666666666,0.3333333333333333,0.0,0.0,0.3333333333333333,0.0,11.666666666666666,9.814954576223636,4.333333333333333,3.0,0.6666666666666666,1.0,2.6666666666666665,0.0,0.0,0.3333333333333333,1.3333333333333333,3.6666666666666665,,0.6666666666666666,1.3333333333333333,,0.6666666666666666,2.3333333333333335,1.0,2.3333333333333335,0.393719806763285,0.4185579843335776,0.21256038647342998,0.07949025445364417,0.028985507246376812,0.050204371233880496,0.08454106280193237,0.0833595841871372,0.23913043478260873,0.08543352262718537,0.36473429951690833,0.12261874537678315,0.057971014492753624,0.10040874246776095,0.014492753623188406,0.025102185616940248,0.40473429951690826,0.08585795596119404,13.2,10.377861051295685,4.8,2.2,0.8,1.0,3.2,0.0,0.2,0.4,1.2,4.2,,1.4,2.2,,0.6,1.6,0.6,-3.2,0.32084726867335567,0.3463042971782203,0.14292084726867335,0.1139829720207674,0.03277591973244147,0.04502025062331462,0.0661092530657748,0.0696494930158971,0.2696321070234114,0.09472980032088497,0.3926867335562988,0.1505281491223781,0.08862876254180603,0.12595204051940165,0.01638795986622074,0.022510125311657317,0.44807134894091416,0.10480955192998788,14.9,7.460265112953798,5.6,2.9,0.7,1.3,3.8,0.1,0.1,0.5,1.5,4.8,,1.3,1.9,,0.7,2.2,0.9,-0.5,0.3554236343366778,0.320742911556465,0.17787068004459308,0.09354306317595457,0.031387959866220734,0.04233012611295311,0.0830546265328874,0.08318364177387895,0.26520066889632105,0.08960220557023374,0.3604459308807135,0.1183215968290937,0.09264771460423635,0.1130145119168028,0.024860646599777037,0.02714892275318324,0.4260715719063545,0.12184856761494424,,True,True,LVA,False,4.34829568862915,2.1526642,0.48571375,6.9866736233234406,0.8081197142601013,0.1260218,0.19318146,0.7810731,5.697,2.1575,0.752,0.8615,8.6065,0.1675,0.1545,0.7685,3.6694946518560294,1.4881847163574822,0.8703424613334685,0.9051617258810716,4.049772555341843,0.41405766506611136,0.40820307446171933,0.85141514550776
4433404,Cameron Brink,LAS,2026-05-23,0.0,8.0,0.0,1.0,35.0,10,3,1,0,1,1,1,1,3,6,,4,6,,0,3,3,-12.0,16.0,0.625,0.1875,0.0625,0.0,0.0625,0.375,0.375,0.0625,0.6025,0.0,11.0,5.5677643628300215,4.0,3.0,0.3333333333333333,0.0,1.0,0.6666666666666666,0.6666666666666666,1.6666666666666667,1.3333333333333333,3.3333333333333335,,1.3333333333333333,2.0,,0.6666666666666666,2.3333333333333335,3.0,-4.0,0.3416666666666666,0.3165569985537098,0.30694444444444446,0.1086800008860535,0.020833333333333332,0.036084391824351615,0.0,0.0,0.11527777777777776,0.07410734206641167,0.3138888888888889,0.12810947286222452,0.125,0.21650635094610965,0.13194444444444445,0.17718542808573712,0.5008333333333334,0.10125257198379346,12.6,4.505552130427522,4.4,4.8,0.6,0.0,1.6,0.8,1.0,1.2,1.8,4.6,,0.8,1.6,,0.6,4.2,2.4,0.0,0.3383333333333334,0.2287951534063214,0.38416666666666666,0.1486163031284104,0.03916666666666667,0.05919013619026587,0.0,0.0,0.13583333333333333,0.0639824194603486,0.36166666666666664,0.11420011675417252,0.10166666666666666,0.16334183651335488,0.0925,0.13845627067377225,0.4989,0.074587346260758,12.5,3.59783885748715,4.4,4.2,0.5,0.2,1.6,0.6,1.0,1.6,1.6,4.1,,1.0,1.6,,0.8,3.4,2.7,-4.4,0.3419773527126469,0.21271818379882446,0.33722936377348145,0.12325860879235638,0.036250000000000004,0.06352705508989899,0.017424242424242425,0.03677690249444632,0.13747766122766122,0.11535732484214915,0.3256205722382193,0.19373697894709555,0.11558949220713925,0.14247478272115469,0.12642962429727136,0.13213459417309667,0.502909573106632,0.1909992845523153,,True,True,LVA,False,6.2711591720581055,4.2583117,1.0166669,11.546137809753418,0.3578087091445923,0.4439339,0.8191681,1.0130721,4.114,2.929,0.8355,0.539,7.8785,0.548,0.376,1.3025,3.0731098255675797,1.6985167058348292,0.9013543975595836,0.7310807068990399,3.6747432223217995,0.7487963675125567,0.5963421836496224,1.1175838894687056
4433795,Sania Feagin,LAS,2026-05-23,0.0,20.0,0.0,0.0,47.0,8,3,0,0,0,1,0,1,2,3,,4,4,,2,1,1,-5.0,10.0,0.8,0.3,0.0,0.0,0.0,0.3,0.4,0.1,0.576,0.0,6.666666666666667,5.773502691896257,4.0,1.0,0.6666666666666666,0.0,0.0,0.3333333333333333,0.0,0.3333333333333333,1.3333333333333333,1.6666666666666667,,1.3333333333333333,1.3333333333333333,,0.6666666666666666,0.3333333333333333,1.3333333333333333,-2.6666666666666665,0.6000000000000001,0.282842712474619,0.15,0.21213203435596426,0.1,0.14142135623730953,0.0,0.0,0.0,0.0,0.25,0.07071067811865474,0.2,0.28284271247461906,0.05000000000000003,0.07071067811865477,0.388,0.2658721497261418,4.6,4.979959839195493,2.4,0.8,0.6,0.0,0.0,0.2,0.0,0.2,0.8,1.4,,0.8,0.8,,0.4,0.4,1.0,-2.2,0.30000000000000004,0.38297084310253526,0.2,0.2449489742783178,0.175,0.23629078131263043,0.0,0.0,0.0,0.0,0.5,0.35590260840104376,0.1,0.2,0.025000000000000015,0.05,0.569,0.33001616122042676,2.5,4.034572812303402,1.4,0.6,0.3,0.0,0.0,0.1,0.0,0.1,0.5,0.9,,0.4,0.4,,0.3,0.3,0.6,-1.6,0.44000000000000006,0.4560701700396552,0.36,0.4159326868617084,0.13999999999999999,0.21908902300206645,0.0,0.0,0.0,0.0,0.6,0.38078865529319544,0.08,0.17888543819998318,0.02,0.044721359549995794,0.6552,0.34472481778949426,,True,True,LVA,False,3.2966814041137695,1.7394744,0.47144067,5.507596492767334,0.015876121819019318,0.10426751,0.19626985,0.6940272,2.956331253051758,1.7654393911361694,0.42472273111343384,0.05940857529640198,5.146494388580322,0.10426750779151917,0.19626985490322113,0.6940271854400635,7.5,3.0,2.5,1.3,9.0,1.2,1.3,1.5
4609797,Ta'Niya Latson,LAS,2026-05-23,0.0,8.0,0.0,1.0,3.0,0,0,0,0,0,0,0,0,0,0,,0,0,,0,0,0,-7.0,2.0,0.0,0.0,0.0,0.0,0.0,0.0,0.0,0.0,0.0,0.0,8.0,8.48528137423857,3.5,0.5,1.0,0.0,1.0,0.0,0.0,2.0,1.0,2.5,,1.5,3.0,,0.0,0.5,1.0,-1.5,0.25,0.3535533905932738,0.03571428571428571,0.050507627227610534,0.07142857142857142,0.10101525445522107,0.0,0.0,0.07142857142857142,0.10101525445522107,0.17857142857142858,0.2525381361380527,0.21428571428571427,0.3030457633656632,0.14285714285714285,0.20203050891044214,0.41571428571428576,0.5879087809293867,8.0,8.48528137423857,3.5,0.5,1.0,0.0,1.0,0.0,0.0,2.0,1.0,2.5,,1.5,3.0,,0.0,0.5,1.0,-1.5,0.25,0.3535533905932738,0.03571428571428571,0.050507627227610534,0.07142857142857142,0.10101525445522107,0.0,0.0,0.07142857142857142,0.10101525445522107,0.17857142857142858,0.2525381361380527,0.21428571428571427,0.3030457633656632,0.14285714285714285,0.20203050891044214,0.41571428571428576,0.5879087809293867,8.0,8.48528137423857,3.5,0.5,1.0,0.0,1.0,0.0,0.0,2.0,1.0,2.5,,1.5,3.0,,0.0,0.5,1.0,-1.5,0.25,0.3535533905932738,0.03571428571428571,0.050507627227610534,0.07142857142857142,0.10101525445522107,0.0,0.0,0.07142857142857142,0.10101525445522107,0.17857142857142858,0.2525381361380527,0.21428571428571427,0.3030457633656632,0.14285714285714285,0.20203050891044214,0.41571428571428576,0.5879087809293867,,True,True,LVA,False,3.9359354972839355,1.142382,1.0912211,6.169538617134094,0.059224314987659454,0.19040482,0.11134125,1.1191952,2.0765,0.689,0.8835,0.2175,3.649,0.176,0.0825,0.966,2.206501246317346,0.8241838387156109,0.943359820005071,0.47137432047153355,2.5510388080152757,0.41835869777022683,0.28929872104798526,0.9928967720765337
4874375,Jihyun Park,LAS,2026-05-23,0.0,8.0,0.0,1.0,3.0,0,0,0,0,0,0,0,0,0,0,,0,0,,0,0,0,0.0,0.0,,,,,,,,,,0.0,5.0,7.0710678118654755,1.0,1.0,0.0,0.0,1.0,0.0,0.0,0.0,0.5,1.5,,0.0,0.0,,0.0,1.0,0.5,-1.0,0.2,,0.2,,0.0,,0.0,,0.2,,0.3,,0.0,,0.0,,0.3,,5.0,7.0710678118654755,1.0,1.0,0.0,0.0,1.0,0.0,0.0,0.0,0.5,1.5,,0.0,0.0,,0.0,1.0,0.5,-1.0,0.2,,0.2,,0.0,,0.0,,0.2,,0.3,,0.0,,0.0,,0.3,,5.0,7.0710678118654755,1.0,1.0,0.0,0.0,1.0,0.0,0.0,0.0,0.5,1.5,,0.0,0.0,,0.0,1.0,0.5,-1.0,0.2,,0.2,,0.0,,0.0,,0.2,,0.3,,0.0,,0.0,,0.3,,,True,True,LVA,False,2.9637317657470703,1.5016963,0.4698241,4.935252219438553,0.3231750726699829,0.3028863,0.14660425,0.5435919,2.6233816146850586,1.5276613235473633,0.4231061637401581,0.36670753359794617,4.574149131774902,0.30288630723953247,0.1466042548418045,0.5435919165611267,7.5,3.0,2.5,1.3,9.0,1.2,1.3,1.5
5105729,Chance Gray,LAS,2026-05-23,0.0,8.0,0.0,1.0,3.0,0,1,0,0,2,0,0,1,0,2,,0,0,,0,1,0,-14.0,11.0,0.0,0.09090909090909091,0.0,0.0,0.18181818181818182,0.18181818181818182,0.0,0.09090909090909091,0.2727272727272727,0.0,12.0,1.4142135623730951,3.0,1.5,0.5,0.5,2.5,0.5,0.0,1.0,1.0,3.5,,0.5,1.0,,0.5,1.0,0.0,-13.0,0.23076923076923078,0.3263569759322527,0.12237762237762238,0.04450322399076174,0.038461538461538464,0.05439282932204212,0.038461538461538464,0.05439282932204212,0.2062937062937063,0.03461361865948135,0.28321678321678323,0.14339927730356558,0.07692307692307693,0.10878565864408424,0.08391608391608392,0.009889605331280384,0.40097902097902094,0.18137536177568223,12.0,1.4142135623730951,3.0,1.5,0.5,0.5,2.5,0.5,0.0,1.0,1.0,3.5,,0.5,1.0,,0.5,1.0,0.0,-13.0,0.23076923076923078,0.3263569759322527,0.12237762237762238,0.04450322399076174,0.038461538461538464,0.05439282932204212,0.038461538461538464,0.05439282932204212,0.2062937062937063,0.03461361865948135,0.28321678321678323,0.14339927730356558,0.07692307692307693,0.10878565864408424,0.08391608391608392,0.009889605331280384,0.40097902097902094,0.18137536177568223,12.0,1.4142135623730951,3.0,1.5,0.5,0.5,2.5,0.5,0.0,1.0,1.0,3.5,,0.5,1.0,,0.5,1.0,0.0,-13.0,0.23076923076923078,0.3263569759322527,0.12237762237762238,0.04450322399076174,0.038461538461538464,0.05439282932204212,0.038461538461538464,0.05439282932204212,0.2062937062937063,0.03461361865948135,0.28321678321678323,0.14339927730356558,0.07692307692307693,0.10878565864408424,0.08391608391608392,0.009889605331280384,0.40097902097902094,0.18137536177568223,,True,True,LVA,False,4.874416828155518,1.791824,1.0124474,7.678688168525696,0.6977567076683044,0.41750804,0.14469865,0.8949823,3.5495,1.584,0.792,0.516,5.9255,0.3515,0.138,0.7905,2.965223389561063,1.2461717377632988,0.8773459978822494,0.7237015959634192,3.344241281666142,0.5847629861747408,0.37544107393837456,0.8846523328404217
5107515,Laura Ziegler,LAS,2026-05-23,0.0,20.0,0.0,0.0,2.0,0,1,0,0,3,0,1,1,0,3,,0,0,,1,0,3,-8.0,10.0,0.0,0.1,0.0,0.0,0.3,0.3,0.0,0.1,0.4,0.0,10.0,,0.0,1.0,0.0,0.0,3.0,0.0,1.0,1.0,0.0,3.0,,0.0,0.0,,1.0,0.0,3.0,-8.0,0.0,,0.1,,0.0,,0.0,,0.3,,0.3,,0.0,,0.1,,0.4,,10.0,,0.0,1.0,0.0,0.0,3.0,0.0,1.0,1.0,0.0,3.0,,0.0,0.0,,1.0,0.0,3.0,-8.0,0.0,,0.1,,0.0,,0.0,,0.3,,0.3,,0.0,,0.1,,0.4,,10.0,,0.0,1.0,0.0,0.0,3.0,0.0,1.0,1.0,0.0,3.0,,0.0,0.0,,1.0,0.0,3.0,-8.0,0.0,,0.1,,0.0,,0.0,,0.3,,0.3,,0.0,,0.1,,0.4,,,True,True,LVA,False,3.8688113689422607,2.015783,0.43888596,6.323480397462845,0.8052852749824524,0.4825228,0.67679465,0.8565812,3.8235,1.779,0.4785,0.585,6.081,0.3765,0.3035,0.725,3.0638778941074007,1.3748305350114973,0.6756757728378309,0.7574793726564439,3.4707980350345937,0.5972836428364666,0.5633717689057555,0.8380781586463162
2529122,Chelsea Gray,LVA,2026-05-23,1.0,8.0,0.0,1.0,61.0,12,7,10,3,5,1,0,5,4,7,,1,1,,0,7,1,5.0,31.0,0.3870967741935484,0.22580645161290322,0.3225806451612903,0.0967741935483871,0.16129032258064516,0.22580645161290322,0.03225806451612903,0.16129032258064516,0.4012903225806452,0.0,30.333333333333332,8.020806277010642,13.333333333333334,4.333333333333333,6.333333333333333,3.0,6.0,1.3333333333333333,0.6666666666666666,2.3333333333333335,4.666666666666667,10.333333333333334,,1.0,1.6666666666666667,,0.0,4.333333333333333,1.6666666666666667,-0.3333333333333333,0.43844214642177287,0.04548443065560926,0.14065956680557698,0.07408781144055458,0.2183721767762515,0.10893180168030545,0.09764881411740495,0.0072168920327182785,0.19331686988732832,0.039066390121305465,0.34321140093635855,0.10192865840375528,0.04584040747028861,0.05392998361381524,0.08406647116324535,0.08086258790863562,0.4474476513865307,0.049664598184348936,33.0,6.892024376045114,12.2,4.6,6.8,2.2,5.0,2.0,1.6,2.2,4.4,10.2,,1.2,2.0,,0.4,4.2,2.0,4.0,0.37661840140617725,0.09056860869003974,0.14036643605404214,0.08169212584486212,0.21380718884963365,0.09525378672923372,0.0694317793129338,0.03898707667473482,0.15364579958807462,0.0612327066981339,0.31376566840064296,0.08305420121511746,0.054317431295359986,0.04047055815475902,0.07271094496900948,0.06294645412588427,0.41037628313961083,0.0624307590700332,34.4,5.253570214625488,11.9,3.8,7.5,1.8,4.2,2.3,1.2,2.3,4.2,9.6,,1.7,2.3,,0.2,3.6,2.2,6.3,0.34735653989474025,0.09916243036454296,0.11213372083490929,0.07663284843033782,0.22346858008997228,0.08076727062649416,0.05337375226169794,0.036737388480982264,0.1222708144524783,0.0728272825835895,0.2806618744394636,0.08103893746569917,0.06449213397430716,0.043542211087186235,0.07016758755298654,0.05194762417474435,0.3792060009411452,0.07632155265516789,,True,True,LAS,True,10.46710205078125,3.47926,6.501176,20.447537899017334,1.2604321241378784,1.6828855,0.64225686,2.2644615,17.153,4.3415,5.64,2.0875,27.1345,1.1505,0.249,2.3015,6.40637112568418,2.05666665991356,2.280877024304467,1.420508271711221,7.008167360301836,1.055864456263208,0.5009980039880398,1.4651272129067836
2529458,Cheyenne Parker-Tyus,LVA,2026-05-23,1.0,8.0,0.0,1.0,26.0,2,2,1,0,0,0,2,1,1,1,,0,0,,1,1,2,-9.0,14.0,0.14285714285714285,0.14285714285714285,0.07142857142857142,0.0,0.0,0.07142857142857142,0.0,0.07142857142857142,0.14285714285714285,0.0,8.333333333333334,7.371114795831994,2.0,2.3333333333333335,0.6666666666666666,0.0,0.0,0.0,0.6666666666666666,1.0,0.6666666666666666,0.6666666666666666,,0.6666666666666666,1.3333333333333333,,0.3333333333333333,2.0,1.0,-2.0,0.2532467532467533,0.15611448415806897,0.2987012987012987,0.22039691881139142,0.08116883116883117,0.01377480742571197,0.0,0.0,0.0,0.0,0.08116883116883117,0.01377480742571197,0.18181818181818182,0.25712973861329,0.12662337662337664,0.07805724207903449,0.28779220779220777,0.204969134494594,5.4,6.618156843109719,1.2,1.6,0.4,0.0,0.2,0.0,0.4,0.6,0.4,0.6,,0.4,0.8,,0.2,1.4,0.6,-1.2,0.16883116883116886,0.1832043633722842,0.3658008658008658,0.1944079644089343,0.05411255411255411,0.04786438179111684,0.0,0.0,0.16666666666666666,0.2886751345948129,0.22077922077922077,0.24200837861797694,0.12121212121212122,0.2099455524325912,0.08441558441558443,0.0916021816861421,0.3585281385281385,0.1897811601265169,3.1,5.173651192984184,0.8,0.9,0.2,0.0,0.1,0.0,0.2,0.3,0.3,0.6,,0.2,0.4,,0.2,0.7,0.3,-0.8,0.25162337662337664,0.2231458966465552,0.33685064935064934,0.16896379655755003,0.040584415584415584,0.04753288150648863,0.0,0.0,0.125,0.25,0.35308441558441556,0.330248434521594,0.09090909090909091,0.1818181818181818,0.06331168831168832,0.08588056153459188,0.45639610389610386,0.2496473787973192,,True,True,LAS,True,4.708528518676758,2.5152504,0.7798717,8.003650665283203,0.2785191535949707,0.2742391,0.46964765,0.8710448,2.6125,1.554,0.8065,0.3405,4.973,0.285,0.1335,0.5665,2.4731242892341663,1.250633439501759,0.8815087917882611,0.5766799372268815,2.9645018131213887,0.5222786612527837,0.35871681031142105,0.7304640648245471
2987869,Jewell Loyd,LVA,2026-05-23,1.0,8.0,0.0,1.0,61.0,6,4,1,1,3,1,0,1,2,4,,1,2,,0,4,4,-6.0,27.0,0.2222222222222222,0.14814814814814814,0.037037037037037035,0.037037037037037035,0.1111111111111111,0.14814814814814814,0.07407407407407407,0.037037037037037035,0.21777777777777776,0.0,28.666666666666668,2.0816659994661335,9.0,4.666666666666667,0.6666666666666666,1.6666666666666667,4.333333333333333,2.0,0.3333333333333333,1.3333333333333333,2.6666666666666665,6.666666666666667,,2.0,2.6666666666666665,,1.0,3.6666666666666665,3.0,1.3333333333333333,0.31024918928144735,0.0830038457592761,0.1638220401661262,0.04473579235532062,0.02309836718438867,0.020145981473423714,0.05535643170051774,0.06643817480134628,0.14686806622290494,0.09832173636947478,0.22833816919838423,0.0880612151878706,0.0961199294532628,0.10883063282589499,0.046907890993912495,0.021369545416851956,0.31753882915173237,0.08730677614653946,29.2,1.6431676725154976,10.4,5.6,0.6,2.4,5.4,2.0,0.6,1.2,3.0,7.0,,2.0,2.4,,1.6,4.0,2.8,7.6,0.35281618023553507,0.11682370739229506,0.19162655743300905,0.04949940931124748,0.020525686977299878,0.018820977793875458,0.0798805256869773,0.05893715210151679,0.1814541730670763,0.08412166573658415,0.23700290151903056,0.06447517485958774,0.08433862433862434,0.09167619074491204,0.041478067929680826,0.028968342650574897,0.31558996415770607,0.06983092417214114,29.4,3.47051068928543,9.4,4.7,0.5,2.0,5.1,1.2,0.5,1.2,2.9,7.2,,1.6,1.8,,1.6,3.1,2.8,6.6,0.3100482000078774,0.15838194914525444,0.15944711770360437,0.05518376666791374,0.017233997334803786,0.01828533641226965,0.06584685625008205,0.04647068922935476,0.16968402633286925,0.06566803700665555,0.2356726762731321,0.10095211308990724,0.06380392755392755,0.07891527870291873,0.042607464447401336,0.03464375444678898,0.3063538688442615,0.09064439597154766,,True,True,LAS,True,8.287105560302734,3.9423413,0.33385196,12.563298851251602,1.5453171730041504,0.80703646,0.34537166,0.7942982,11.063,4.3975,1.416,1.4845,16.8765,1.5425,0.1725,1.1645,5.27854440163195,2.020765634604864,1.1661663689199753,1.2197375742347205,5.744149001375225,1.2546687809936135,0.41562453007492234,1.0721192797445627
3099736,Stephanie Talbot,LVA,2026-05-23,1.0,8.0,0.0,1.0,49.0,1,1,2,0,0,1,0,2,0,0,,1,2,,0,1,3,9.0,22.0,0.045454545454545456,0.045454545454545456,0.09090909090909091,0.0,0.0,0.0,0.09090909090909091,0.09090909090909091,0.1309090909090909,0.0,13.666666666666666,11.930353445448855,3.0,0.6666666666666666,1.0,0.3333333333333333,0.6666666666666666,1.0,0.0,1.3333333333333333,0.6666666666666666,2.0,,1.3333333333333333,1.6666666666666667,,0.0,0.6666666666666666,1.6666666666666667,-0.3333333333333333,0.2332535885167464,0.2655879536992535,0.04904306220095694,0.00507492905157809,0.07177033492822964,0.027066288275083162,0.026315789473684216,0.03721614637823934,0.05263157894736842,0.07443229275647868,0.15789473684210525,0.22329687826943606,0.12440191387559808,0.04736600448139552,0.09808612440191387,0.01014985810315618,0.3107177033492822,0.2542877783444063,10.0,10.319883720275147,1.8,0.4,0.6,0.2,0.6,0.6,0.0,0.8,0.4,1.4,,0.8,1.0,,0.0,0.4,1.0,-0.4,0.15550239234449764,0.23109354403298452,0.03269537480063796,0.028541515419734098,0.04784688995215309,0.04564302399124142,0.017543859649122806,0.030386856273138196,0.07212475633528265,0.06253027264072296,0.14230019493177387,0.16018838014855172,0.08293460925039872,0.07924885645170554,0.06539074960127592,0.05708303083946911,0.24418217260322525,0.21356981917547588,7.2,7.955431408094028,1.1,0.2,0.4,0.1,0.4,0.3,0.0,0.7,0.3,1.0,,0.4,0.5,,0.0,0.2,0.7,-3.5,0.09521531100478468,0.16118816442999723,0.014012303485987697,0.02402008278534246,0.04091397324480033,0.057336778090772644,0.007518796992481203,0.019892867000485624,0.04519632414369257,0.05646098565913438,0.10384294068504595,0.14524988605346673,0.03554340396445659,0.06370750318799605,0.0770041988087101,0.079838829364744,0.19648623723811692,0.2122338367910639,,True,True,LAS,True,5.340692520141602,1.9083998,1.3888603,8.63795268535614,0.4495760500431061,0.56639135,0.2197817,1.1487501,3.731,1.029,1.3515,0.5015,6.1115,0.6565,0.1045,0.8165,3.098167038750493,1.0335177792374934,1.1309057210926114,0.7063977279125407,3.486555284231128,0.8369634101918674,0.3202807362299518,0.8859050457018517
3142086,Brianna Turner,LVA,2026-05-23,1.0,8.0,0.0,1.0,58.0,0,0,0,0,0,0,0,0,0,0,,0,0,,0,0,0,-9.0,3.0,0.0,0.0,0.0,0.0,0.0,0.0,0.0,0.0,0.0,0.0,12.666666666666666,10.016652800877814,0.6666666666666666,1.3333333333333333,0.3333333333333333,0.0,0.0,0.3333333333333333,0.0,0.0,0.3333333333333333,0.3333333333333333,,0.0,0.0,,0.0,1.3333333333333333,1.3333333333333333,-3.0,0.02898550724637683,0.050204371233880433,0.07125603864734299,0.06605076769988044,0.014492753623188423,0.025102185616940248,0.0,0.0,0.0,0.0,0.014492753623188406,0.02510218561694013,0.0,0.0,0.0,0.0,0.014492753623188442,0.025102185616939596,11.6,7.266360849833978,1.2,1.6,0.2,0.0,0.0,0.6,0.0,0.2,0.6,0.6,,0.0,0.0,,0.2,1.4,1.0,-2.8,0.09819938515590691,0.10220861966711671,0.11952129995608256,0.09906666384847218,0.008695652173913049,0.019444069369563388,0.0,0.0,0.0,0.0,0.04909969257795345,0.05110430983355842,0.0,0.0,0.01818181818181818,0.04065578140908709,0.06728151075977162,0.07851732447312267,15.6,7.244921593011817,1.9,2.9,0.5,0.0,0.0,0.7,0.4,0.7,0.8,1.2,,0.3,0.4,,0.9,2.0,1.2,-3.1,0.11029776021080369,0.10019129145782245,0.17990074659639876,0.12900205709472945,0.028792270531400967,0.04135286393615357,0.0,0.0,0.0,0.0,0.07416337285902504,0.06549672296719464,0.018,0.038239014399199904,0.03699429073342116,0.042104982896666004,0.1190776635924462,0.08543253722484558,,True,True,LAS,True,1.3758200407028198,2.3005352,0.38770723,4.064062476158142,0.0,0.44862664,0.25210825,0.35388207,1.8805,1.5065,0.781,0.099,4.168,0.437,0.0955,0.39,2.0399067993415776,1.2275820746491861,0.8769486872103749,0.31176754160752523,2.5841393151298946,0.6715884156237361,0.3088361215920185,0.6228161847608008
3149391,A'ja Wilson,LVA,2026-05-23,1.0,8.0,0.0,1.0,59.0,45,3,3,2,2,1,2,3,15,18,,13,13,,0,3,2,15.0,32.0,1.40625,0.09375,0.09375,0.0625,0.0625,0.5625,0.40625,0.09375,0.835,0.0,30.333333333333332,6.658328118479396,31.333333333333332,5.666666666666667,2.6666666666666665,0.6666666666666666,1.6666666666666667,1.3333333333333333,2.0,3.0,9.0,16.0,,12.666666666666666,15.0,,0.3333333333333333,5.333333333333333,3.0,1.6666666666666667,1.0166566022544286,0.33967325326470166,0.1870471014492753,0.08242629199570536,0.08277979066022544,0.03512562779037129,0.02083333333333333,0.036084391824351615,0.053844605475040254,0.009625598813585056,0.5123792270531401,0.10537007036786346,0.4997483896940418,0.08310771818422771,0.10773953301127215,0.060406158727802244,0.8400080515297906,0.028926029287247895,32.2,5.761944116355156,31.2,9.0,3.0,0.6,1.4,1.0,1.8,3.0,10.2,18.2,,10.2,12.2,,1.4,7.6,2.4,5.0,0.9639413297737096,0.25089457899702095,0.27341247139588104,0.1340862279973158,0.08947050597508263,0.026784502951209807,0.017763157894736842,0.027482366545007117,0.042833079074497835,0.024898537651890953,0.5564406941266209,0.1175603703997506,0.38800692855326724,0.17724295000929619,0.09918319349097382,0.04459946487971449,0.8263469361810323,0.051655766971386276,34.7,5.056349144063014,28.1,8.9,3.3,0.6,1.2,2.0,2.3,2.5,10.1,19.6,,7.3,9.1,,1.3,7.6,2.2,5.9,0.8186788896246047,0.27120297779848895,0.2558595791452506,0.0940291146776383,0.09197822182871299,0.032356920114898026,0.016982485315283773,0.020871035537251885,0.03478060379990112,0.022439968157651414,0.5600229689172801,0.10386150216144514,0.2734973764406356,0.1792404488728476,0.0773496004020785,0.046367912557604314,0.7577114149532383,0.11454953572638514,,True,True,LAS,True,25.45613670349121,8.307782,3.081907,36.84582591056824,0.37112197279930115,1.2459923,1.8754292,2.8266025,22.439,5.374,2.777,1.4565,30.59,1.09,0.451,2.3045,6.949624378338731,2.2610006634231667,1.627350914830603,1.1790283075482113,7.403640996158579,1.070467187726929,0.6845429131909847,1.505582860556004
4065870,Jackie Young,LVA,2026-05-23,1.0,8.0,0.0,1.0,61.0,13,6,6,0,2,0,0,4,6,16,,1,2,,2,4,4,21.0,31.0,0.41935483870967744,0.1935483870967742,0.1935483870967742,0.0,0.06451612903225806,0.5161290322580645,0.06451612903225806,0.12903225806451613,0.6735483870967741,0.0,30.333333333333332,5.033222956847167,15.666666666666666,4.333333333333333,5.666666666666667,0.6666666666666666,4.0,0.3333333333333333,0.0,2.3333333333333335,6.0,14.333333333333334,,3.0,4.0,,1.3333333333333333,3.0,2.3333333333333335,3.6666666666666665,0.5245468509984639,0.11067989878558114,0.13118279569892474,0.11365342160622635,0.1807066052227342,0.05541319605279509,0.022857142857142857,0.020603150145508464,0.13198156682027648,0.058705553682519805,0.47870967741935494,0.06819205296373564,0.12436251920122887,0.09057902714829347,0.07539170506912442,0.04723823749880674,0.6088208909370199,0.05910610174263523,32.4,4.669047011971502,20.0,4.8,5.6,1.2,5.2,0.8,0.0,2.0,7.4,16.2,,4.0,4.6,,1.6,3.2,2.0,3.8,0.6164769182302389,0.1985418190569787,0.1419847171649828,0.09823459435739364,0.16883731766464213,0.07778682395164756,0.03676674994322053,0.03230048119464725,0.15820324851823903,0.05520153837844395,0.5021701625724396,0.06819948648841705,0.1364617086590521,0.06637225253958265,0.06288208186500406,0.04880910717611823,0.6250953962474266,0.08028081352205577,34.2,4.984420171338332,19.8,4.5,6.1,1.5,5.5,0.8,0.0,2.1,7.0,14.9,,4.3,4.6,,1.5,3.0,3.2,4.1,0.5737385646597297,0.18938205550216575,0.12982204476318376,0.07179051381915177,0.17384484796826255,0.062297742324980344,0.041928618427844434,0.03189916618799942,0.15782646946035792,0.05693499800532073,0.43903188680268473,0.09463732540873808,0.13021104712434733,0.060610358492235,0.06409390470959182,0.044128646169532666,0.5604186522469894,0.106526342632096,,True,True,LAS,True,18.687061309814453,4.629072,5.314646,28.630779266357422,1.5732977390289307,1.2079409,0.14425242,2.7178035,15.461,3.993,4.5295,1.172,23.9835,1.086,0.1385,1.908,5.867834268279907,1.9735630215425095,2.0914420264496933,1.1240177934534665,6.411101913867849,1.0342166117404998,0.36785561026033026,1.330990608531856
4280892,Chennedy Carter,LVA,2026-05-23,1.0,8.0,0.0,1.0,3.0,18,1,1,0,1,2,1,1,5,8,,8,12,,0,1,1,-3.0,22.0,0.8181818181818182,0.045454545454545456,0.045454545454545456,0.0,0.045454545454545456,0.36363636363636365,0.5454545454545454,0.045454545454545456,0.6490909090909092,0.0,19.0,4.242640687119285,11.5,0.5,1.5,0.0,2.0,1.0,1.5,0.5,3.5,7.5,,4.5,7.0,,0.0,0.5,3.5,-9.5,0.5653409090909092,0.3575710427591064,0.022727272727272728,0.03214121732666125,0.08522727272727273,0.05624713032165719,0.0,0.0,0.11647727272727273,0.10044130414581641,0.4005681818181818,0.05222947815582452,0.3352272727272727,0.29730626027161655,0.022727272727272728,0.03214121732666125,0.5707954545454546,0.1107264936903481,19.0,4.242640687119285,11.5,0.5,1.5,0.0,2.0,1.0,1.5,0.5,3.5,7.5,,4.5,7.0,,0.0,0.5,3.5,-9.5,0.5653409090909092,0.3575710427591064,0.022727272727272728,0.03214121732666125,0.08522727272727273,0.05624713032165719,0.0,0.0,0.11647727272727273,0.10044130414581641,0.4005681818181818,0.05222947815582452,0.3352272727272727,0.29730626027161655,0.022727272727272728,0.03214121732666125,0.5707954545454546,0.1107264936903481,19.0,4.242640687119285,11.5,0.5,1.5,0.0,2.0,1.0,1.5,0.5,3.5,7.5,,4.5,7.0,,0.0,0.5,3.5,-9.5,0.5653409090909092,0.3575710427591064,0.022727272727272728,0.03214121732666125,0.08522727272727273,0.05624713032165719,0.0,0.0,0.11647727272727273,0.10044130414581641,0.4005681818181818,0.05222947815582452,0.3352272727272727,0.29730626027161655,0.022727272727272728,0.03214121732666125,0.5707954545454546,0.1107264936903481,,True,True,LAS,True,11.551185607910156,2.7913213,1.8651458,16.207652688026428,0.4272095859050751,0.83696115,1.1356539,1.8469932,8.92,1.4105,2.078,0.51,12.4085,0.789,0.401,0.7795,4.4554012165011585,1.1823661657879085,1.4421913881312702,0.7070360669725413,4.806727343005842,0.8674554743616527,0.6278526897290478,0.8578343371537421
4281190,Dana Evans,LVA,2026-05-23,1.0,8.0,0.0,1.0,58.0,0,0,0,0,0,0,0,0,0,0,,0,0,,0,0,0,0.0,0.0,,,,,,,,,,0.0,12.333333333333334,10.96965511460289,5.333333333333333,0.6666666666666666,1.0,1.3333333333333333,2.3333333333333335,0.0,0.0,0.0,1.6666666666666667,4.0,,0.6666666666666666,0.6666666666666666,,0.3333333333333333,0.3333333333333333,3.0,1.0,0.425595238095238,0.07155247190578116,0.055059523809523794,0.010522422339085527,0.0788690476190476,0.02314932914598789,0.1101190476190476,0.021044844678171044,0.18154761904761904,0.07997040977704993,0.32291666666666674,0.014731391274718654,0.047619047619047616,0.06734350297014738,0.0,0.0,0.34386904761904763,0.04436253258158094,17.8,10.779610382569492,8.4,0.8,2.2,2.0,3.0,0.8,0.0,0.6,3.0,6.0,,0.4,0.4,,0.2,0.6,2.4,2.6,0.46279761904761907,0.2582020767125154,0.046760531135531136,0.03339058934865153,0.11635760073260074,0.05512421663768965,0.1127518315018315,0.06404407653600594,0.16769688644688646,0.079575869753011,0.3345352564102564,0.12661524198125754,0.023809523809523808,0.047619047619047616,0.02884615384615384,0.05769230769230776,0.3738576007326007,0.08954777463973178,18.7,7.746683878351507,8.4,0.8,2.5,1.3,2.3,0.7,0.0,1.1,3.2,6.4,,0.7,0.7,,0.1,0.7,2.0,6.2,0.43352819525588404,0.1992235801878396,0.04112316512202095,0.03371355442601056,0.12756381151690077,0.0523686309972986,0.06904540708888535,0.06180507464707636,0.12722611526959354,0.10059347482286164,0.34202368844817355,0.10299098130612375,0.034736599953991254,0.0615900948381934,0.05436640654031958,0.07551146080969227,0.4116741989682493,0.09049380885243202,,True,True,LAS,True,4.968110084533691,0.49720994,1.4793141,6.944634109735489,0.61222904920578,0.395165,0.0,0.83366495,7.6295,0.9645,2.0165,0.828,10.6105,0.4455,0.031,0.712,4.246555044974691,0.9748024158771867,1.3671970413952774,0.9024499986148817,4.597911455215291,0.6686028342745789,0.25,0.8390804490631397
4398776,NaLyssa Smith,LVA,2026-05-23,1.0,8.0,0.0,1.0,62.0,4,4,0,0,0,0,1,0,2,4,,0,0,,0,4,1,12.0,17.0,0.23529411764705882,0.23529411764705882,0.0,0.0,0.0,0.23529411764705882,0.0,0.0,0.23529411764705882,0.0,21.666666666666668,4.163331998932265,6.0,4.333333333333333,0.0,0.0,0.3333333333333333,0.3333333333333333,0.3333333333333333,1.3333333333333333,2.3333333333333335,4.666666666666667,,1.3333333333333333,3.3333333333333335,,2.0,2.3333333333333335,3.0,3.0,0.2708951406649616,0.07768452000781428,0.204228473998295,0.039335049449189405,0.0,0.0,0.0,0.0,0.013333333333333334,0.023094010767585032,0.2164023870417732,0.03687200251577849,0.1356521739130435,0.16546434632718324,0.05565217391304348,0.048321544311129755,0.33174151747655584,0.11623612940819326,20.6,3.577708763999658,4.6,5.0,0.4,0.0,0.2,0.4,0.6,1.0,1.8,4.4,,1.0,2.4,,1.6,3.4,3.2,6.0,0.21463792473511142,0.09503170661352082,0.25250907319449517,0.0944161747155264,0.021288515406162466,0.029418433284293832,0.0,0.0,0.008,0.01788854381999832,0.21499549384971378,0.03057064584858245,0.10043892339544513,0.13095022412482527,0.0429151138716356,0.041894138540002644,0.3021037340153453,0.09301743127201506,23.0,5.65685424949238,7.4,4.5,0.3,0.0,0.1,0.6,1.1,1.3,3.2,5.6,,1.0,2.7,,1.3,3.2,3.7,5.4,0.2963982164468098,0.15446825431900604,0.21214614498885598,0.11733500169598482,0.013977591036414567,0.023297977756545504,0.0,0.0,0.004,0.012649110640673518,0.23134972827683825,0.0738429180168365,0.11209591857417944,0.1283546932155114,0.054887044115304984,0.0414278939914373,0.3355589765647822,0.09841756583888957,,True,True,LAS,True,6.442858695983887,4.4439445,0.20245749,11.089260637760162,0.04888620227575302,0.34454358,0.8068758,0.78845096,6.4795,3.76,0.8315,0.2555,11.071,0.4255,0.2215,0.8485,3.70939075186209,1.9241621553289108,0.8989481353226113,0.5042020924192996,4.175399262346057,0.6636638833023838,0.47480285382461634,0.9308854655649104
4433633,Kierstan Bell,LVA,2026-05-23,1.0,8.0,0.0,1.0,60.0,0,0,0,0,0,0,0,0,0,0,,0,0,,0,0,0,0.0,0.0,,,,,,,,,,0.0,8.333333333333334,9.073771725877465,2.6666666666666665,0.3333333333333333,0.3333333333333333,0.6666666666666666,1.0,0.6666666666666666,0.0,0.0,1.0,1.3333333333333333,,0.0,0.0,,0.0,0.3333333333333333,0.3333333333333333,-1.3333333333333333,0.35317460317460314,0.10662721303606625,0.07142857142857142,0.10101525445522107,0.027777777777777776,0.039283710065919304,0.0992063492063492,0.06173154438930175,0.12698412698412698,0.02244783432338251,0.1547619047619048,0.016835875742536907,0.0,0.0,0.0,0.0,0.15476190476190463,0.016835875742536907,8.6,6.580273550544844,2.0,0.2,0.2,0.4,1.2,0.6,0.2,0.0,0.8,1.6,,0.0,0.0,,0.0,0.2,0.6,-4.2,0.248015873015873,0.17927550790597624,0.035714285714285726,0.07142857142857108,0.013888888888888888,0.027777777777777776,0.04960317460317461,0.06746031746031746,0.14466089466089466,0.028941083867434127,0.19426406926406925,0.06304054493164747,0.0,0.0,0.0,0.0,0.1942640692640692,0.06304054493165004,7.7,4.6678569910494145,2.2,0.3,0.3,0.4,1.0,0.5,0.2,0.0,0.9,1.5,,0.0,0.0,,0.0,0.3,0.5,-3.1,0.32134038800705467,0.32076662302899833,0.049206349206349205,0.0779557406844996,0.03315696649029982,0.054314044197659866,0.06278659611992946,0.08351119006248961,0.1383678050344717,0.11815603525100134,0.20485810485810485,0.18129831596958734,0.0,0.0,0.0,0.0,0.20485810485810485,0.18129831596958748,,True,True,LAS,True,2.2983736991882324,0.8547868,0.22663075,3.379791259765625,0.24140429496765137,0.3506018,0.19855729,0.3059091,3.1235,0.8295,0.397,0.352,4.35,0.319,0.087,0.3085,2.771686805899974,0.9194725390135368,0.6452836585564522,0.6034036791402584,3.0050790339024362,0.5542914395875153,0.29057012922872855,0.5534688338109022
4565501,Janiah Barker,LVA,2026-05-23,1.0,8.0,0.0,1.0,2.0,0,0,0,0,0,0,0,0,0,0,,0,0,,0,0,0,0.0,0.0,,,,,,,,,,0.0,0.0,,0.0,0.0,0.0,0.0,0.0,0.0,0.0,0.0,0.0,0.0,,0.0,0.0,,0.0,0.0,0.0,0.0,,,,,,,,,,,,,,,,,,,0.0,,0.0,0.0,0.0,0.0,0.0,0.0,0.0,0.0,0.0,0.0,,0.0,0.0,,0.0,0.0,0.0,0.0,,,,,,,,,,,,,,,,,,,0.0,,0.0,0.0,0.0,0.0,0.0,0.0,0.0,0.0,0.0,0.0,,0.0,0.0,,0.0,0.0,0.0,0.0,,,,,,,,,,,,,,,,,,,,True,True,LAS,True,3.1648340225219727,1.1966233,0.70438063,5.065837979316711,0.19068318605422974,0.35200053,0.15516043,0.6098079,2.824483871459961,1.222588300704956,0.6576626896858215,0.234215646982193,4.704734802246094,0.35200053453445435,0.15516042709350586,0.6098079085350037,7.5,3.0,2.5,1.3,9.0,1.2,1.3,1.5
2529130,Natasha Howard,MIN,2026-05-23,0.0,22.0,0.0,0.0,58.0,0,2,2,0,0,0,0,0,0,5,,0,0,,1,1,2,-6.0,13.0,0.0,0.15384615384615385,0.15384615384615385,0.0,0.0,0.38461538461538464,0.0,0.0,0.38461538461538464,0.0,15.333333333333334,16.623276853055575,5.333333333333333,3.0,2.3333333333333335,0.0,0.6666666666666666,0.3333333333333333,0.0,1.0,2.3333333333333335,7.0,,0.6666666666666666,0.6666666666666666,,1.6666666666666667,1.3333333333333333,1.6666666666666667,-6.333333333333333,0.24242424242424226,0.3428396514843867,0.18298368298368312,0.04120668888033495,0.15268065268065267,0.0016482675552134103,0.0,0.0,0.030303030303030304,0.04285495643554834,0.4347319347319348,0.07087550487417607,0.030303030303030318,0.04285495643554834,0.04545454545454543,0.0642824346533225,0.49351981351981355,0.15401412035913986,17.4,12.700393694685216,5.6,3.4,1.6,0.0,0.6,0.2,0.0,1.2,2.2,6.2,,1.2,1.6,,2.2,1.2,1.8,-5.0,0.2718531468531469,0.20253216835500498,0.20367132867132867,0.095150280736345,0.08595571095571097,0.07863678772079312,0.0,0.0,0.02476689976689978,0.029993261614120664,0.3417249417249417,0.11585746003313147,0.08694638694638696,0.07042919517996853,0.051573426573426576,0.06038432181528159,0.4315547785547786,0.1197167089430141,20.9,9.362454568944809,7.5,5.2,1.8,0.0,0.7,0.5,0.1,1.7,3.1,6.9,,1.3,1.6,,1.9,3.3,2.3,-0.5,0.33451571777658734,0.17125175944153606,0.2541782854826333,0.11524143965576755,0.08408444212792039,0.0572238825568742,0.0,0.0,0.028494283494283488,0.030117868681924675,0.3236025568634264,0.10106494395380389,0.07604062604062604,0.06908713396483919,0.07444650357693836,0.05876703851846669,0.4315069358982402,0.08928274850383093,,True,True,CHI,False,6.353015899658203,3.8736258,1.6437596,11.870401263237,0.0,0.64921653,0.20393132,1.3129562,6.426666666666667,6.2,2.0533333333333332,0.20666666666666667,14.68,0.47333333333333333,0.16,0.98,3.7671327145308924,2.2686266036231406,1.3554171149707221,0.466142562837689,4.523007848766128,0.6801633790658111,0.36660605559646714,1.0860939185908371
2529205,Kayla McBride,MIN,2026-05-23,0.0,22.0,0.0,0.0,54.0,13,3,1,0,0,1,0,1,4,7,,5,7,,0,3,0,0.0,21.0,0.6190476190476191,0.14285714285714285,0.047619047619047616,0.0,0.0,0.3333333333333333,0.3333333333333333,0.047619047619047616,0.5276190476190477,0.0,19.666666666666668,19.035055380358983,14.666666666666666,2.3333333333333335,1.0,2.0,3.6666666666666665,0.6666666666666666,0.3333333333333333,0.3333333333333333,4.666666666666667,10.0,,3.3333333333333335,4.0,,0.3333333333333333,2.0,0.0,-1.6666666666666667,0.7174185463659146,0.13911749955675184,0.12406015037593984,0.026582961698742386,0.050125313283207976,0.003544394893165652,0.07894736842105263,0.11164843913471803,0.14473684210526322,0.2046888050803164,0.469298245614035,0.19228342295423662,0.23245614035087722,0.14266189444991748,0.023809523809523808,0.03367175148507369,0.5953884711779449,0.09584043791119921,28.0,17.7341478509682,15.4,2.4,2.2,2.4,5.0,1.0,0.2,1.0,5.0,11.0,,3.0,3.4,,0.6,1.8,0.2,-3.8,0.5597496648598239,0.21109552633299544,0.09415981815002622,0.050482259430767555,0.07539925394882555,0.038634967532946055,0.07588739290085679,0.06662975196812841,0.15835373317013465,0.11977123614915967,0.38764789881680944,0.149789300623278,0.1483578131374949,0.1316626154463812,0.03592556973829923,0.029804944620181,0.48885090633560646,0.14013724342108533,29.6,12.720936373640983,14.5,2.9,2.3,2.2,5.6,1.0,0.2,1.3,5.0,11.5,,2.3,2.5,,0.4,2.5,0.8,2.1,0.4836104373436075,0.20561897168281132,0.0987239017838773,0.05302646685222327,0.07647824092132538,0.03496813258050799,0.06857553344701448,0.05426973161529736,0.18331615911175275,0.09592160512821067,0.38422377749183134,0.09744068534919018,0.09202767403501796,0.10472950911106865,0.04823187714864582,0.04964657970637018,0.47294783121588513,0.10732186166936943,,True,True,CHI,False,11.382164001464844,2.2425792,1.9277955,15.552538752555847,1.4270892143249512,0.7442114,0.21050239,1.4579968,14.453333333333333,5.12,2.2533333333333334,1.56,21.826666666666668,0.5733333333333334,0.24666666666666667,1.0466666666666666,5.4523226447287785,2.346401500169994,1.52833969464325,1.2831211945876353,6.164140022924708,0.6961481323843527,0.5155795013596082,0.9888489380194642
2987891,Courtney Williams,MIN,2026-05-23,0.0,22.0,0.0,0.0,56.0,0,5,6,0,0,1,0,4,0,5,,0,0,,0,5,1,-2.0,17.0,0.0,0.29411764705882354,0.35294117647058826,0.0,0.0,0.29411764705882354,0.0,0.23529411764705882,0.5294117647058824,0.0,20.666666666666668,10.969655114602887,8.0,3.3333333333333335,5.0,0.6666666666666666,2.6666666666666665,1.0,0.0,1.6666666666666667,3.6666666666666665,11.0,,0.0,0.0,,0.3333333333333333,3.0,1.3333333333333333,-0.6666666666666666,0.31313131313131315,0.3035349333599338,0.18389780154486038,0.10269427116449899,0.26158645276292336,0.08614786265730844,0.020202020202020197,0.03499092540543187,0.11616161616161617,0.10088375937089993,0.4869281045751634,0.18661819000351956,0.0,0.0,0.10620915032679738,0.11930342703445626,0.5931372549019608,0.06915066656698933,27.0,11.640446726822812,11.6,4.4,5.4,0.8,3.2,1.6,0.0,2.6,5.2,13.6,,0.4,0.4,,0.4,4.0,2.2,-2.8,0.3746655746655747,0.23893580605736298,0.17625459684283212,0.07630393679435425,0.22316808787397022,0.10022411108456966,0.022932022932022938,0.03148629449097642,0.1133906633906634,0.07374680584440459,0.4841989047871401,0.13624787072282354,0.01111111111111111,0.024845199749997663,0.10801978449037272,0.10308430918700456,0.5971075781664017,0.11283377742323102,27.7,8.042249547096748,11.2,4.9,5.4,0.6,2.7,2.2,0.2,2.5,5.1,13.0,,0.4,0.5,,0.3,4.6,1.9,1.2,0.37188872437148296,0.20819131513607553,0.18228305964614283,0.05644869603048039,0.20640408341219701,0.07574904708610695,0.0182000182000182,0.024883159131078986,0.09589733531112841,0.05891224731341119,0.4587861386319805,0.1192165525407327,0.015993265993265993,0.02775651330418906,0.09569047475335508,0.07438341804258504,0.5615136504223726,0.1057849792062863,,True,True,CHI,False,11.476547241210938,4.0145335,4.6537704,20.144851207733154,0.5995472073554993,1.318939,0.24283396,1.9985243,11.226666666666667,6.706666666666667,3.8,0.7533333333333333,21.733333333333334,0.82,0.30666666666666664,1.4066666666666667,4.8896443860696275,2.3623340623676032,1.7925772879665003,0.8159793025697539,5.890859209166539,0.9314504817756014,0.5531324936717745,1.2225474314815856
3054590,Nia Coffey,MIN,2026-05-23,0.0,22.0,0.0,0.0,52.0,9,4,0,1,2,0,0,0,4,6,,0,0,,1,3,0,2.0,17.0,0.5294117647058824,0.23529411764705882,0.0,0.058823529411764705,0.11764705882352941,0.35294117647058826,0.0,0.0,0.35294117647058826,0.0,10.0,8.888194417315589,4.666666666666667,2.6666666666666665,0.3333333333333333,0.6666666666666666,1.3333333333333333,0.0,1.0,0.0,1.6666666666666667,3.6666666666666665,,0.6666666666666666,0.6666666666666666,,0.6666666666666666,2.0,1.0,0.0,0.4570135746606335,0.10238650225325573,0.2714932126696833,0.05119325112662791,0.038461538461538464,0.05439282932204212,0.06787330316742082,0.012798312781656978,0.13574660633484165,0.025596625563313956,0.3687782805429865,0.022397047367899693,0.07692307692307687,0.10878565864408424,0.0,0.0,0.4026244343891403,0.07026273717129676,9.2,6.418722614352485,3.2,2.2,0.2,0.4,1.0,0.0,0.6,0.0,1.2,3.2,,0.4,0.4,,0.4,1.8,0.8,-0.8,0.2999353587588882,0.22360201699878085,0.2270164476046829,0.06753489812636589,0.019230769230769218,0.038461538461538776,0.03393665158371041,0.03987723700272176,0.1035875888817065,0.07070143441987994,0.34708755296990595,0.08883238122417617,0.038461538461538464,0.07692307692307693,0.0,0.0,0.36401062989298283,0.10358724713326765,8.6,5.316640543300498,3.5,2.0,0.3,0.6,1.5,0.0,0.6,0.2,1.3,3.1,,0.3,0.4,,0.4,1.6,0.9,0.6,0.39256386315209846,0.2790342684772262,0.21200731004652573,0.10258761535720952,0.03447293447293447,0.058570398970980604,0.06693480811127869,0.0727910398650311,0.16826115061409178,0.13529811198235456,0.3246315050236619,0.18980030235558815,0.09116809116809116,0.22172857728329648,0.025925925925925925,0.05719794522770557,0.3906713910635479,0.16921789752248104,,True,True,CHI,False,5.70119571685791,2.6733172,0.7571897,9.131702601909637,0.542532742023468,0.36062428,0.59677255,0.8615934,5.38,4.12,0.9133333333333333,0.5533333333333333,10.413333333333334,0.31333333333333335,0.29333333333333333,0.6533333333333333,3.4692362271831536,1.9041008376659045,0.863609994281112,0.7074523933727901,4.392701016711953,0.5308693080431588,0.5234076380370806,0.8081803979035593
3917450,Napheesa Collier,MIN,2026-05-23,0.0,28.0,0.0,0.0,54.0,0,0,0,0,0,0,0,0,0,0,,0,0,,0,0,0,0.0,0.0,,,,,,,,,,0.0,12.333333333333334,21.361959960016154,5.666666666666667,2.0,1.0,0.3333333333333333,1.0,0.0,1.0,1.3333333333333333,2.6666666666666665,5.0,,0.0,0.0,,0.6666666666666666,1.3333333333333333,1.6666666666666667,-3.3333333333333335,0.4594594594594595,,0.16216216216216217,,0.08108108108108109,,0.02702702702702703,,0.08108108108108109,,0.40540540540540543,,0.0,,0.10810810810810811,,0.5135135135135135,,21.8,19.95494926077238,11.8,4.2,1.2,1.0,3.4,0.6,1.0,1.6,5.2,10.6,,0.4,0.4,,1.0,3.2,1.8,-2.4,0.540150057177921,0.08656074585758873,0.1949209271190695,0.06047319829859066,0.05540679998884334,0.02754205550014189,0.046160711795386715,0.016857000986225352,0.156025995035283,0.0671006947841315,0.4849803363735253,0.08766158030711636,0.017543859649122816,0.03038685627313788,0.0742197305664798,0.04265938188888101,0.566919365185619,0.057879984054941644,23.8,16.936482646773047,14.2,4.3,1.6,1.4,3.7,0.8,0.6,1.6,5.7,10.6,,1.4,1.8,,1.1,3.2,1.9,1.4,0.6055989343251617,0.10209199579294577,0.18239503190852152,0.04759071591813124,0.06752738663397664,0.023917392366090848,0.0601198096775275,0.035641813648828874,0.15382101339642248,0.05156234802870184,0.4414088062916015,0.07009640389110018,0.0765053659790502,0.08499231442773016,0.06795881353599177,0.030398777012276907,0.5430299808583754,0.06358399845016369,,True,True,CHI,False,7.859600067138672,2.8703,0.64492875,11.37482887506485,0.6171017289161682,0.3263072,0.53059995,0.9924078,9.3,5.02,1.32,0.94,15.64,0.3466666666666667,0.3466666666666667,0.8933333333333333,4.567639798991744,2.4261629513836587,1.1449599701881867,0.94678403028357,5.577669764337076,0.6108645967442831,0.5655282682786266,0.9102868900639086
4280850,Maya Caldwell,MIN,2026-05-23,0.0,20.0,0.0,0.0,52.0,2,5,2,0,2,0,0,3,1,3,,0,0,,1,4,2,0.0,15.0,0.13333333333333333,0.3333333333333333,0.13333333333333333,0.0,0.13333333333333333,0.2,0.0,0.2,0.4,0.0,6.666666666666667,7.637626158259714,0.6666666666666666,2.0,0.6666666666666666,0.0,0.6666666666666666,0.0,0.0,1.0,0.3333333333333333,1.0,,0.0,0.0,,0.3333333333333333,1.6666666666666667,0.6666666666666666,-1.3333333333333333,0.06666666666666667,0.09428090415820634,0.2666666666666666,0.09428090415820632,0.06666666666666668,0.09428090415820634,0.0,0.0,0.06666666666666665,0.09428090415820634,0.1,0.14142135623730953,0.0,0.0,0.10000000000000002,0.14142135623730953,0.20000000000000007,0.28284271247461906,11.0,8.39642781187334,1.8,2.2,0.8,0.2,1.0,0.2,0.2,1.4,0.8,2.0,,0.0,0.0,,0.6,1.6,1.0,1.6,0.13452380952380952,0.09590047436074145,0.21666666666666667,0.12547716935855027,0.06904761904761905,0.07982406959161993,0.017857142857142856,0.035714285714285705,0.07500000000000001,0.05612519748646747,0.14523809523809522,0.10443672475933956,0.0,0.0,0.10952380952380952,0.08464947064110087,0.25476190476190474,0.17619047619047626,17.0,11.155467020454344,5.6,3.9,1.5,1.0,2.3,0.6,0.1,1.5,2.2,4.2,,0.2,0.2,,0.8,3.1,1.6,7.2,0.24792206573506784,0.22695593642594528,0.23045713801800816,0.09369889706917914,0.0979716668661175,0.08070423275958238,0.04254915481896077,0.05389210748727421,0.10489661580997633,0.07444474817739107,0.19337653241991398,0.1358790171593033,0.009259259259259259,0.027777777777777773,0.0794384511106795,0.06995660845639388,0.27688905760466753,0.17461639164696102,,True,True,CHI,False,4.334605693817139,2.8695633,1.2651521,8.469321131706238,0.4973249137401581,0.5141438,0.17284657,0.9352741,5.826666666666667,4.226666666666667,1.3666666666666667,0.5466666666666666,11.42,0.31333333333333335,0.13333333333333333,0.6666666666666666,3.680120770965117,2.312708849427922,1.1967548714010827,0.6888315388314394,4.699319099614326,0.5903294748603435,0.3771236166328254,0.8299933065325822
4398938,Dorka Juhasz,MIN,2026-05-23,0.0,28.0,0.0,0.0,3.0,0,0,0,0,0,0,0,0,0,0,,0,0,,0,0,0,0.0,0.0,,,,,,,,,,0.0,0.0,0.0,0.0,0.0,0.0,0.0,0.0,0.0,0.0,0.0,0.0,0.0,,0.0,0.0,,0.0,0.0,0.0,0.0,,,,,,,,,,,,,,,,,,,0.0,0.0,0.0,0.0,0.0,0.0,0.0,0.0,0.0,0.0,0.0,0.0,,0.0,0.0,,0.0,0.0,0.0,0.0,,,,,,,,,,,,,,,,,,,0.0,0.0,0.0,0.0,0.0,0.0,0.0,0.0,0.0,0.0,0.0,0.0,,0.0,0.0,,0.0,0.0,0.0,0.0,,,,,,,,,,,,,,,,,,,,True,True,CHI,False,3.1591622829437256,1.1761518,0.68734044,5.022654473781586,0.19764220714569092,0.35208914,0.15029077,0.63273996,2.818812131881714,1.2021167278289795,0.6406224966049194,0.24117465317249298,4.661551475524902,0.35208913683891296,0.15029077231884003,0.6327399611473083,7.5,3.0,2.5,1.3,9.0,1.2,1.3,1.5
4433791,Olivia Miles,MIN,2026-05-23,0.0,22.0,0.0,0.0,3.0,13,6,2,0,1,0,0,2,5,13,,3,5,,1,5,2,1.0,28.0,0.4642857142857143,0.21428571428571427,0.07142857142857142,0.0,0.03571428571428571,0.4642857142857143,0.17857142857142858,0.07142857142857142,0.6142857142857142,0.0,22.5,7.7781745930520225,10.5,4.5,2.0,0.5,1.5,0.5,0.0,3.0,4.0,9.0,,2.0,3.0,,0.5,4.0,2.0,1.5,0.46743697478991597,0.004456555343612678,0.1953781512605042,0.02673933206167615,0.09453781512605042,0.03268140585315976,0.029411764705882353,0.04159451654038515,0.07668067226890757,0.05793521946696503,0.3792016806722689,0.12032699427754277,0.11869747899159663,0.0846745515286412,0.15336134453781514,0.11587043893393006,0.5847899159663865,0.04171335801621472,22.5,7.7781745930520225,10.5,4.5,2.0,0.5,1.5,0.5,0.0,3.0,4.0,9.0,,2.0,3.0,,0.5,4.0,2.0,1.5,0.46743697478991597,0.004456555343612678,0.1953781512605042,0.02673933206167615,0.09453781512605042,0.03268140585315976,0.029411764705882353,0.04159451654038515,0.07668067226890757,0.05793521946696503,0.3792016806722689,0.12032699427754277,0.11869747899159663,0.0846745515286412,0.15336134453781514,0.11587043893393006,0.5847899159663865,0.04171335801621472,22.5,7.7781745930520225,10.5,4.5,2.0,0.5,1.5,0.5,0.0,3.0,4.0,9.0,,2.0,3.0,,0.5,4.0,2.0,1.5,0.46743697478991597,0.004456555343612678,0.1953781512605042,0.02673933206167615,0.09453781512605042,0.03268140585315976,0.029411764705882353,0.04159451654038515,0.07668067226890757,0.05793521946696503,0.3792016806722689,0.12032699427754277,0.11869747899159663,0.0846745515286412,0.15336134453781514,0.11587043893393006,0.5847899159663865,0.04171335801621472,,True,True,CHI,False,13.15932559967041,4.7678905,2.6827276,20.609943628311157,0.5591021776199341,0.84413373,0.24855483,2.2006192,12.526666666666667,7.473333333333334,2.26,0.7733333333333333,22.26,0.7333333333333333,0.22666666666666666,1.5933333333333333,5.41442107298237,2.491844475261024,1.5553349049856326,0.8729006561777553,6.094183018802986,0.8219218670625301,0.4493946545694058,1.2654204395729067
4596309,Liatu King,MIN,2026-05-23,0.0,22.0,0.0,0.0,20.0,3,3,0,0,0,1,0,2,1,3,,1,4,,2,1,2,-7.0,10.0,0.3,0.3,0.0,0.0,0.0,0.3,0.4,0.2,0.6759999999999999,0.0,13.333333333333334,4.163331998932263,3.6666666666666665,3.6666666666666665,0.3333333333333333,0.0,0.6666666666666666,0.6666666666666666,0.6666666666666666,1.3333333333333333,1.6666666666666667,4.666666666666667,,0.3333333333333333,1.3333333333333333,,1.3333333333333333,2.3333333333333335,1.6666666666666667,-1.3333333333333333,0.26666666666666666,0.0881917103688197,0.28518518518518515,0.05701779377163211,0.018518518518518517,0.032075014954979206,0.0,0.0,0.037037037037037035,0.06415002990995841,0.3314814814814815,0.10097263614974504,0.13333333333333333,0.23094010767585033,0.1037037037037037,0.10020555006273099,0.4938518518518518,0.21960079755790013,11.0,4.999999999999999,3.0,3.0,0.2,0.0,0.4,0.4,0.4,1.0,1.2,3.2,,0.6,1.2,,1.2,1.8,1.4,-4.0,0.23272727272727273,0.15025842446614646,0.24383838383838383,0.14615013253038509,0.01111111111111111,0.02484519974999768,0.0,0.0,0.02222222222222222,0.04969039949999532,0.2352525252525252,0.16307204101926098,0.11636363636363636,0.17702780283109942,0.08040404040404041,0.08409234991333966,0.3668565656565657,0.2643935539151869,10.1,4.557045826702499,3.1,2.2,0.3,0.0,0.5,0.2,0.2,1.0,1.0,2.6,,1.1,1.6,,0.9,1.3,1.1,-0.5,0.28876443001443003,0.23142418511709809,0.22092712842712842,0.15987952084939575,0.04055555555555555,0.08106162874209344,0.0,0.0,0.03847222222222223,0.05142036906986576,0.21828102453102455,0.1392530362351606,0.15175324675324675,0.17220789286962818,0.0982377344877345,0.09554988825782347,0.3832901875901876,0.1946123181488393,,True,True,CHI,False,5.0477294921875,3.0021417,0.5914795,8.64135068655014,0.15121689438819885,0.5770662,0.2812675,0.9562912,5.086666666666667,4.206666666666667,0.72,0.2733333333333333,10.013333333333334,0.35333333333333333,0.17333333333333334,0.8466666666666667,3.318507027096506,1.997654179837497,1.04,0.5644663162866516,4.038129379909575,0.5903294748603435,0.42812251621339525,0.9573342618379899
4873358,Antonia Delaere,MIN,2026-05-23,0.0,22.0,0.0,0.0,3.0,2,1,2,0,0,0,0,0,0,2,,2,2,,0,1,1,6.0,17.0,0.11764705882352941,0.058823529411764705,0.11764705882352941,0.0,0.0,0.11764705882352941,0.11764705882352941,0.0,0.16941176470588235,0.0,17.5,0.7071067811865476,3.5,2.0,2.0,0.5,1.5,0.0,0.0,1.0,1.0,3.0,,1.0,1.0,,0.0,2.0,2.0,11.5,0.19771241830065361,0.11322951724882625,0.11274509803921567,0.07625661365737275,0.11437908496732026,0.0046216129489316865,0.027777777777777776,0.039283710065919304,0.08333333333333333,0.11785113019775792,0.16993464052287582,0.07394580718290694,0.058823529411764705,0.0831890330807703,0.05555555555555555,0.07856742013183861,0.2513725490196078,0.1159100527592066,17.5,0.7071067811865476,3.5,2.0,2.0,0.5,1.5,0.0,0.0,1.0,1.0,3.0,,1.0,1.0,,0.0,2.0,2.0,11.5,0.19771241830065361,0.11322951724882625,0.11274509803921567,0.07625661365737275,0.11437908496732026,0.0046216129489316865,0.027777777777777776,0.039283710065919304,0.08333333333333333,0.11785113019775792,0.16993464052287582,0.07394580718290694,0.058823529411764705,0.0831890330807703,0.05555555555555555,0.07856742013183861,0.2513725490196078,0.1159100527592066,17.5,0.7071067811865476,3.5,2.0,2.0,0.5,1.5,0.0,0.0,1.0,1.0,3.0,,1.0,1.0,,0.0,2.0,2.0,11.5,0.19771241830065361,0.11322951724882625,0.11274509803921567,0.07625661365737275,0.11437908496732026,0.0046216129489316865,0.027777777777777776,0.039283710065919304,0.08333333333333333,0.11785113019775792,0.16993464052287582,0.07394580718290694,0.058823529411764705,0.0831890330807703,0.05555555555555555,0.07856742013183861,0.2513725490196078,0.1159100527592066,,True,True,CHI,False,5.532713890075684,1.9760826,1.9399754,9.448771834373474,0.7743222117424011,0.48340836,0.07934897,1.0716091,7.84,3.993333333333333,2.06,0.8133333333333334,13.893333333333333,0.4266666666666667,0.12666666666666668,1.0,3.88,1.96467695959299,1.4058449416631977,0.8357564770247903,4.409303295936395,0.5926962872238098,0.33259919155377127,0.938083151964686
5278237,Anastasiia Olairi Kosu,MIN,2026-05-23,0.0,22.0,0.0,0.0,56.0,10,5,0,0,0,0,0,0,3,4,,4,4,,1,4,0,12.0,15.0,0.6666666666666666,0.3333333333333333,0.0,0.0,0.0,0.26666666666666666,0.26666666666666666,0.0,0.384,0.0,6.0,7.937253933193772,3.3333333333333335,2.0,0.3333333333333333,0.0,0.0,0.0,0.0,0.0,1.0,1.3333333333333333,,1.3333333333333333,1.3333333333333333,,0.3333333333333333,1.6666666666666667,0.3333333333333333,2.6666666666666665,0.3333333333333333,0.4714045207910317,0.3333333333333333,0.0,0.16666666666666666,0.23570226039551584,0.0,0.0,0.0,0.0,0.13333333333333355,0.18856180831641267,0.13333333333333333,0.18856180831641267,0.0,0.0,0.19200000000000023,0.27152900397563423,3.6,6.50384501660364,2.0,1.2,0.2,0.0,0.0,0.0,0.0,0.0,0.6,0.8,,0.8,0.8,,0.2,1.0,0.2,1.6,0.3333333333333333,0.4714045207910317,0.3333333333333333,0.0,0.16666666666666666,0.23570226039551584,0.0,0.0,0.0,0.0,0.13333333333333355,0.18856180831641267,0.13333333333333333,0.18856180831641267,0.0,0.0,0.19200000000000023,0.27152900397563423,3.9,5.445691467165172,2.2,1.1,0.3,0.0,0.1,0.0,0.2,0.2,0.9,1.2,,0.4,0.6,,0.5,0.6,0.7,1.2,0.5333333333333333,0.6168918507773915,0.2633333333333333,0.1565247584249853,0.12333333333333334,0.14317821063276354,0.0,0.0,0.016666666666666666,0.03726779962499649,0.2866666666666666,0.314775051955096,0.08666666666666667,0.12382783747337807,0.056666666666666664,0.08787617550976046,0.3814666666666667,0.2962612960809352,,True,True,CHI,False,4.7848310470581055,2.221473,0.59924334,7.605547368526459,0.09897197037935257,0.24671015,0.32435727,0.8624167,4.444480895996094,2.2474379539489746,0.5525254011154175,0.14250442385673523,7.244445323944092,0.2467101514339447,0.324357271194458,0.862416684627533,7.5,3.0,2.5,1.3,9.0,1.2,1.3,1.5
5345322,Emma Cechova,MIN,2026-05-23,0.0,22.0,0.0,0.0,3.0,16,6,0,0,0,0,4,2,5,7,,6,10,,2,4,3,13.0,24.0,0.6666666666666666,0.25,0.0,0.0,0.0,0.2916666666666667,0.4166666666666667,0.08333333333333333,0.5583333333333333,0.0,12.0,16.97056274847714,8.0,3.0,0.0,0.0,0.0,0.0,2.0,1.0,2.5,3.5,,3.0,5.0,,1.0,2.0,1.5,6.5,0.6666666666666666,,0.25,,0.0,,0.0,,0.0,,0.2916666666666667,,0.4166666666666667,,0.08333333333333333,,0.5583333333333333,,12.0,16.97056274847714,8.0,3.0,0.0,0.0,0.0,0.0,2.0,1.0,2.5,3.5,,3.0,5.0,,1.0,2.0,1.5,6.5,0.6666666666666666,,0.25,,0.0,,0.0,,0.0,,0.2916666666666667,,0.4166666666666667,,0.08333333333333333,,0.5583333333333333,,12.0,16.97056274847714,8.0,3.0,0.0,0.0,0.0,0.0,2.0,1.0,2.5,3.5,,3.0,5.0,,1.0,2.0,1.5,6.5,0.6666666666666666,,0.25,,0.0,,0.0,,0.0,,0.2916666666666667,,0.4166666666666667,,0.08333333333333333,,0.5583333333333333,,,True,True,CHI,False,9.936657905578613,4.9965734,0.8650794,15.79831075668335,0.16637912392616272,0.68791425,1.6273798,1.5786126,7.193333333333333,6.086666666666667,1.0066666666666666,0.34,14.286666666666667,0.5466666666666666,0.62,1.1133333333333333,3.4596660082858994,2.5243789115124713,1.0424117335401697,0.5141984052872977,4.542153184950454,0.7172788083366808,0.7453858061433689,1.1107755048713588
5345478,Eliska Hamzova,MIN,2026-05-23,0.0,22.0,0.0,0.0,3.0,7,2,1,1,1,0,0,4,2,3,,2,3,,1,1,4,8.0,18.0,0.3888888888888889,0.1111111111111111,0.05555555555555555,0.05555555555555555,0.05555555555555555,0.16666666666666666,0.16666666666666666,0.2222222222222222,0.46222222222222226,0.0,15.5,3.5355339059327378,6.5,1.5,1.5,0.5,0.5,0.5,0.5,3.5,1.0,4.0,,4.0,6.5,,1.0,0.5,2.5,5.5,0.42521367521367526,0.05137100547081759,0.09401709401709402,0.02417459080979649,0.1047008547008547,0.06950194857816494,0.027777777777777776,0.039283710065919304,0.027777777777777776,0.039283710065919304,0.27564102564102566,0.1541130164124527,0.46794871794871795,0.4260771630226633,0.2264957264957265,0.0060436477024491415,0.708034188034188,0.3476306158448736,15.5,3.5355339059327378,6.5,1.5,1.5,0.5,0.5,0.5,0.5,3.5,1.0,4.0,,4.0,6.5,,1.0,0.5,2.5,5.5,0.42521367521367526,0.05137100547081759,0.09401709401709402,0.02417459080979649,0.1047008547008547,0.06950194857816494,0.027777777777777776,0.039283710065919304,0.027777777777777776,0.039283710065919304,0.27564102564102566,0.1541130164124527,0.46794871794871795,0.4260771630226633,0.2264957264957265,0.0060436477024491415,0.708034188034188,0.3476306158448736,15.5,3.5355339059327378,6.5,1.5,1.5,0.5,0.5,0.5,0.5,3.5,1.0,4.0,,4.0,6.5,,1.0,0.5,2.5,5.5,0.42521367521367526,0.05137100547081759,0.09401709401709402,0.02417459080979649,0.1047008547008547,0.06950194857816494,0.027777777777777776,0.039283710065919304,0.027777777777777776,0.039283710065919304,0.27564102564102566,0.1541130164124527,0.46794871794871795,0.4260771630226633,0.2264957264957265,0.0060436477024491415,0.708034188034188,0.3476306158448736,,True,True,CHI,False,6.860334396362305,2.1000562,1.1459373,10.106327891349792,0.084468774497509,0.3665783,0.3476755,1.7232803,6.84,3.3933333333333335,1.5533333333333332,0.3933333333333333,11.786666666666667,0.32666666666666666,0.25333333333333335,1.3133333333333332,4.142591781320803,1.8934859093452183,1.2085068840883317,0.6521417705444797,4.792475583894218,0.5943810973515973,0.5188020388891659,1.0528479894499911
3056730,Karlie Samuelson,POR,2026-05-23,0.0,20.0,0.0,0.0,35.0,0,0,0,0,0,0,0,0,0,0,,0,0,,0,0,0,0.0,0.0,,,,,,,,,,0.0,0.0,0.0,0.0,0.0,0.0,0.0,0.0,0.0,0.0,0.0,0.0,0.0,,0.0,0.0,,0.0,0.0,0.0,0.0,,,,,,,,,,,,,,,,,,,0.0,0.0,0.0,0.0,0.0,0.0,0.0,0.0,0.0,0.0,0.0,0.0,,0.0,0.0,,0.0,0.0,0.0,0.0,,,,,,,,,,,,,,,,,,,0.0,0.0,0.0,0.0,0.0,0.0,0.0,0.0,0.0,0.0,0.0,0.0,,0.0,0.0,,0.0,0.0,0.0,0.0,,,,,,,,,,,,,,,,,,,,True,True,TOR,False,3.0660855770111084,1.1434071,0.59892434,4.808417022228241,0.18122443556785583,0.2912775,0.15129367,0.5483016,2.7257354259490967,1.1693720817565918,0.5522063970565796,0.2247568815946579,4.447314262390137,0.2912774980068207,0.15129366517066956,0.5483015775680542,7.5,3.0,2.5,1.3,9.0,1.2,1.3,1.5
3906972,Bridget Carleton,POR,2026-05-23,0.0,20.0,0.0,0.0,56.0,9,1,1,1,5,1,0,1,3,8,,2,4,,1,0,1,-10.0,25.0,0.36,0.04,0.04,0.04,0.2,0.32,0.16,0.04,0.4304,0.0,18.0,15.716233645501717,4.0,1.3333333333333333,0.6666666666666666,0.6666666666666666,2.0,1.0,0.3333333333333333,0.6666666666666666,1.3333333333333333,3.3333333333333335,,0.6666666666666666,1.3333333333333333,,0.3333333333333333,1.0,1.6666666666666667,-6.0,0.2317241379310344,0.1814094638630315,0.07172413793103448,0.044864706116663704,0.037241379310344824,0.0039012787927533692,0.037241379310344824,0.0039012787927533692,0.11724137931034481,0.11703836378260098,0.19448275862068962,0.17750818507027816,0.08,0.1131370849898476,0.037241379310344824,0.0039012787927533692,0.2669241379310344,0.23118978125856446,24.4,14.99333185119305,4.0,2.6,0.6,0.6,2.8,1.0,0.4,1.0,1.2,4.8,,1.0,1.4,,0.8,1.8,1.2,-5.6,0.18361274647229234,0.13809324766295444,0.10338691088060306,0.04606555529292624,0.02471825063078217,0.017701007341660486,0.027879948914431674,0.018722860791826234,0.11688627231099899,0.06771813389805827,0.20473912095442795,0.10931375541175953,0.061454381210478776,0.06890746022290409,0.043236769149300684,0.021550253391897308,0.27501581783633927,0.14440799164749352,24.9,10.365005225919244,4.6,3.1,1.5,0.9,3.0,0.6,0.3,1.0,1.5,4.7,,0.7,0.9,,0.8,2.3,2.0,-0.8,0.2005842854567273,0.15836176036501212,0.12254956235518799,0.06412482180554631,0.06340366296632066,0.04579785623860075,0.04012822993665906,0.055931154340408164,0.1222561336326405,0.08051555341628994,0.190924507556598,0.09691659926363098,0.037895068897778925,0.056454900879638545,0.039471769685768376,0.029824657060035144,0.24707010755738912,0.11105017162697804,,True,True,TOR,False,5.4860334396362305,2.6075466,1.3836199,9.477199912071228,0.8985595107078552,0.75848424,0.27976507,1.0763221,10.3845,5.4305,2.005,1.0975,17.82,0.595,0.2885,1.066,4.928758438998608,2.2863004505095126,1.3974888192754888,1.0592420639306201,5.601035618526273,0.779727516508171,0.5341046245821132,0.9917882838590099
3934218,Megan Gustafson,POR,2026-05-23,0.0,20.0,0.0,0.0,53.0,0,0,0,0,0,0,0,0,0,0,,0,0,,0,0,0,0.0,0.0,,,,,,,,,,0.0,10.666666666666666,11.590225767142472,2.6666666666666665,1.0,0.0,0.3333333333333333,1.3333333333333333,0.3333333333333333,0.0,0.3333333333333333,1.0,2.3333333333333335,,0.3333333333333333,0.6666666666666666,,0.0,1.0,1.0,1.6666666666666667,0.17391304347826086,0.24595018476053823,0.09903381642512077,0.017079873941703558,0.0,0.0,0.021739130434782608,0.03074377309506728,0.08695652173913043,0.12297509238026912,0.15217391304347827,0.21520641166547105,0.043478260869565216,0.06148754619013456,0.021739130434782608,0.030743773095067206,0.19304347826086954,0.2730047050841974,11.2,8.25832912882503,2.0,1.0,0.0,0.2,1.2,0.4,0.0,0.6,0.8,2.2,,0.2,0.4,,0.2,0.8,1.4,-0.6,0.12541806020066887,0.1650584406836422,0.09497145366710584,0.07502590414519104,0.0,0.0,0.010869565217391304,0.021739130434782608,0.0819397993311037,0.09496993013131352,0.15650653694131955,0.13683239809116618,0.021739130434782608,0.043478260869565216,0.05632411067193675,0.08613669105163232,0.22239586500456063,0.16212963750323522,11.3,6.48159788255266,2.6,1.0,0.3,0.3,1.1,0.3,0.1,0.4,1.1,2.2,,0.1,0.2,,0.3,0.7,1.4,0.6,0.2459610169755097,0.2510611104209427,0.11527350802713121,0.1565575131155539,0.02244668911335578,0.04482669008651295,0.02952227589908749,0.05580151625488053,0.10026248576973215,0.10023883124014835,0.20999456796558247,0.16931052157793072,0.009661835748792265,0.028985507246376836,0.03244034548382375,0.06115683804404791,0.24668612117887478,0.16706846310899381,,True,True,TOR,False,2.5392954349517822,1.291192,0.101289876,3.9317773655056953,0.2417593002319336,0.3477616,0.11766605,0.34693068,3.9145,2.3075,0.3145,0.388,6.5365,0.25,0.107,0.343,3.111621723474754,1.4872604849184958,0.5688494967915503,0.6383228023500336,3.5569182939730286,0.49244289008980524,0.3279496912637669,0.5756309581667756
4068159,Sug Sutton,POR,2026-05-23,0.0,20.0,0.0,0.0,49.0,0,0,0,0,0,0,0,0,0,0,,0,0,,0,0,0,0.0,0.0,,,,,,,,,,0.0,9.0,15.5884572681199,1.6666666666666667,1.0,1.0,0.3333333333333333,1.0,0.0,0.0,1.0,0.6666666666666666,2.3333333333333335,,0.0,0.0,,0.0,1.0,0.3333333333333333,-3.0,0.18518518518518517,,0.1111111111111111,,0.1111111111111111,,0.037037037037037035,,0.1111111111111111,,0.25925925925925924,,0.0,,0.1111111111111111,,0.37037037037037035,,16.2,14.855975228843107,3.6,1.8,2.6,0.4,1.4,0.4,0.0,1.0,1.4,5.0,,0.4,0.6,,0.0,1.8,0.8,-4.0,0.2185100042571307,0.08052204338015118,0.11151979565772668,0.008283426843916615,0.15565772669220945,0.10525582280644084,0.023839931885908893,0.020685450171573222,0.08485312899106001,0.03903244991324517,0.30802894848871853,0.04402231479453042,0.034482758620689655,0.05972588991616818,0.061864623243933596,0.04273783351491323,0.38506598552575566,0.03482276284199012,21.5,11.928024890055255,5.1,1.8,3.6,0.7,2.0,0.2,0.0,1.7,2.0,6.2,,0.4,0.5,,0.1,1.7,1.2,-8.2,0.23579045794563033,0.1940213848908502,0.08355272760445173,0.03764426373566803,0.1613015416894727,0.07207311971590744,0.031082831600072976,0.04225258997099066,0.09660166940339354,0.05684085706585074,0.28958492975734357,0.07946508908056756,0.022931034482758617,0.042920003726599126,0.08243203794927932,0.057865327036151985,0.38210662287903663,0.08079638680833182,,True,True,TOR,False,3.349551200866699,0.79602987,1.9121789,6.057759940624237,0.2954460382461548,0.2131515,0.0,0.99110055,5.698,2.345,2.1215,0.5445,10.1645,0.203,0.0465,0.802,3.5359292979356924,1.5132663347871056,1.422229851325024,0.7204302533902917,4.07362734549934,0.4536419292790295,0.25,0.8802249712431476
4068346,Kamiah Smalls,POR,2026-05-23,0.0,20.0,0.0,0.0,7.0,0,0,0,0,0,0,0,0,0,0,,0,0,,0,0,0,0.0,0.0,,,,,,,,,,0.0,0.0,0.0,0.0,0.0,0.0,0.0,0.0,0.0,0.0,0.0,0.0,0.0,,0.0,0.0,,0.0,0.0,0.0,0.0,,,,,,,,,,,,,,,,,,,0.4,0.5477225575051661,0.0,0.0,0.0,0.0,0.0,0.0,0.0,0.0,0.0,0.0,,0.0,0.0,,0.0,0.0,0.0,0.0,0.0,0.0,0.0,0.0,0.0,0.0,0.0,0.0,0.0,0.0,0.0,0.0,0.0,0.0,0.0,0.0,0.0,0.0,0.5,0.5477225575051661,0.0,0.0,0.0,0.0,0.0,0.0,0.0,0.0,0.0,0.0,,0.0,0.0,,0.0,0.0,0.0,0.3333333333333333,0.0,0.0,0.0,0.0,0.0,0.0,0.0,0.0,0.0,0.0,0.0,0.0,0.0,0.0,0.0,0.0,0.0,0.0,,True,True,TOR,False,3.0679636001586914,1.1436001,0.6741363,4.885699987411499,0.1940014660358429,0.3399691,0.14934221,0.6078826,2.7276134490966797,1.1695650815963745,0.6274183392524719,0.23753391206264496,4.52459716796875,0.33996909856796265,0.14934220910072327,0.6078826189041138,7.5,3.0,2.5,1.3,9.0,1.2,1.3,1.5
4398729,Emily Engstler,POR,2026-05-23,0.0,20.0,0.0,0.0,48.0,0,0,0,0,0,0,0,0,0,0,,0,0,,0,0,0,0.0,0.0,,,,,,,,,,0.0,7.333333333333333,8.736894948054104,1.6666666666666667,3.3333333333333335,1.6666666666666667,0.3333333333333333,1.0,0.6666666666666666,1.3333333333333333,0.6666666666666666,0.6666666666666666,1.6666666666666667,,0.0,0.0,,0.3333333333333333,3.0,1.6666666666666667,-4.333333333333333,0.14705882352941174,0.20797258270192576,0.5058823529411764,0.13310245292923265,0.3588235294117647,0.3410750356311581,0.029411764705882353,0.04159451654038515,0.08823529411764706,0.12478354962115543,0.14705882352941174,0.20797258270192576,0.0,0.0,0.058823529411764705,0.0831890330807703,0.2058823529411765,0.2911616157826963,9.2,6.833739825307955,2.6,4.2,1.8,0.2,0.8,0.4,1.0,0.6,1.0,2.2,,0.4,0.4,,1.0,3.2,1.2,-2.8,0.24495798319327738,0.17138668681490546,0.4779411764705882,0.09280642999638301,0.2722689075630252,0.23973696639157177,0.014705882352941176,0.029411764705882353,0.06197478991596639,0.08342743551119666,0.2021008403361345,0.14029083956798558,0.03571428571428571,0.0714285714285715,0.04726890756302521,0.05775082330537593,0.2650840336134454,0.18255048098138976,12.2,6.069962474714686,3.2,3.2,1.7,0.1,1.4,0.5,0.5,0.7,1.3,3.6,,0.5,0.6,,0.7,2.5,1.4,-6.5,0.23695663450565416,0.18441420734147282,0.29004175744371824,0.19037269777772764,0.17532939101566553,0.1897635970808939,0.006535947712418299,0.019607843137254926,0.09451965971573814,0.08030151887071488,0.25741518829754123,0.17006495199875885,0.04303350970017637,0.06506215628285097,0.046471366324307505,0.04853468996392396,0.32282129888992633,0.20090463510139456,,True,True,TOR,False,2.572279930114746,2.102333,0.860353,5.534965991973877,0.040484942495822906,0.40030205,0.4166963,0.695277,3.556,3.911,1.3755,0.205,8.8425,0.31,0.294,0.59,2.713644044453878,1.9761272732291308,1.1834271206964966,0.4426906369012112,3.5668885250313047,0.5629387178015027,0.5473244010639393,0.7647875521999558
4595910,Haley Jones,POR,2026-05-23,0.0,20.0,0.0,0.0,38.0,8,3,2,0,1,2,0,4,4,8,,0,0,,0,3,5,-20.0,21.0,0.38095238095238093,0.14285714285714285,0.09523809523809523,0.0,0.047619047619047616,0.38095238095238093,0.0,0.19047619047619047,0.5714285714285714,0.0,23.666666666666668,3.7859388972001904,6.666666666666667,4.0,1.6666666666666667,0.0,1.3333333333333333,2.0,0.6666666666666666,3.6666666666666665,3.0,7.666666666666667,,0.6666666666666666,1.3333333333333333,,0.3333333333333333,3.6666666666666665,3.0,-9.333333333333334,0.28932178932178937,0.08456345505121404,0.16125541125541126,0.08112552957536866,0.07720057720057721,0.06994836933977701,0.0,0.0,0.054834054834054825,0.014411965624414276,0.3282828282828283,0.0484158703313351,0.05411255411255411,0.04786438179111684,0.15656565656565655,0.0295463134624001,0.5086580086580087,0.057039063547168124,27.2,5.630275304103704,8.8,4.6,3.4,0.2,1.8,2.2,1.2,4.0,3.8,8.4,,1.0,1.6,,0.4,4.2,3.0,-7.8,0.3181851039536049,0.13870133566084578,0.16487468887848394,0.05987818182977113,0.11975488142471066,0.078040517349044,0.0058823529411764705,0.013153341044116423,0.06345071753041392,0.017702827970862242,0.3138577425104939,0.03954749521451207,0.056566204194287685,0.039350591469027044,0.1502961301822782,0.0435493836434313,0.4890430025382587,0.05556169724347295,22.1,9.723396754449784,7.6,4.6,2.6,0.4,1.8,1.5,0.8,2.8,3.3,7.2,,0.6,1.2,,0.6,4.0,2.2,-8.6,0.34846262388956883,0.22786717622083544,0.20985101763090377,0.09509286430987254,0.10921126569450415,0.06622556744784656,0.023021060275962235,0.04013329729451427,0.08644087481848392,0.0455403261591575,0.33507969822011563,0.06872106193927974,0.05611702702151785,0.07351290960978993,0.1275454691488847,0.06599928930903087,0.48731665925846823,0.0712359852860045,,True,True,TOR,False,8.696850776672363,4.4385195,2.5062664,15.641636610031128,0.3425056040287018,0.83268464,0.7153518,1.6628888,11.077,7.6015,2.836,0.779,21.5145,0.638,0.483,1.3985,4.781325234702195,2.776634248510235,1.6796142414256912,0.8643835954019489,5.733566930803198,0.7803563288652179,0.6897180583397827,1.1565888422425663
4682797,Luisa Geiselsoder,POR,2026-05-23,0.0,20.0,0.0,0.0,39.0,7,6,0,0,2,0,1,4,2,6,,3,3,,0,6,5,-13.0,21.0,0.3333333333333333,0.2857142857142857,0.0,0.0,0.09523809523809523,0.2857142857142857,0.14285714285714285,0.19047619047619047,0.5390476190476191,0.0,14.0,12.12435565298214,7.333333333333333,2.0,0.3333333333333333,0.6666666666666666,2.0,0.3333333333333333,0.3333333333333333,2.0,1.6666666666666667,3.6666666666666665,,3.3333333333333335,3.6666666666666665,,0.0,2.0,3.0,-5.0,0.5238095238095238,0.26937401188058957,0.14285714285714282,0.20203050891044214,0.023809523809523808,0.03367175148507369,0.047619047619047616,0.06734350297014738,0.14285714285714285,0.06734350297014738,0.2619047619047619,0.03367175148507371,0.26190476190476186,0.16835875742536843,0.14285714285714282,0.06734350297014738,0.52,0.026937401188059013,11.2,10.616025621672172,5.2,1.8,0.4,0.4,1.6,0.4,0.2,1.6,1.4,3.4,,2.0,2.2,,0.2,1.6,2.2,-5.0,0.4444444444444444,0.23489918391982134,0.16666666666666666,0.14869042853329542,0.03968253968253968,0.03636964837266554,0.031746031746031744,0.05498573992282145,0.14285714285714282,0.04761904761904778,0.31746031746031744,0.09912695235553017,0.17460317460317457,0.19245008972987523,0.14285714285714288,0.04761904761904748,0.537142857142857,0.03527668414752609,17.5,10.88577052853862,5.7,3.2,1.3,1.1,3.2,0.8,0.2,1.7,1.8,4.9,,1.0,1.1,,0.3,2.9,2.6,-4.7,0.3374984576210347,0.1955455147630635,0.18447062749584958,0.09307399055656367,0.0779581760240328,0.07667856410416475,0.06160231541129037,0.05756288364007414,0.18549250363761063,0.0587256826939934,0.2894769893083091,0.06996231491677038,0.06547619047619047,0.13692324631204317,0.10674120430017926,0.06188592656274369,0.4250277174180122,0.1104760657285373,,True,True,TOR,False,6.992391586303711,3.4717286,1.6299201,12.094040274620056,0.8416340947151184,0.57817405,0.36452654,1.5095775,9.0605,5.077,1.595,0.8955,15.7325,0.4195,0.2495,1.1295,4.591387562600221,2.3298220962124985,1.252188084913764,0.943175354851896,5.252422655308691,0.6438320821456477,0.4942162988004341,1.040062377937016
4703794,Sarah Ashlee Barker,POR,2026-05-23,0.0,20.0,0.0,0.0,48.0,0,0,0,0,0,0,0,0,0,0,,0,0,,0,0,0,0.0,0.0,,,,,,,,,,0.0,23.666666666666668,20.647840887931437,9.666666666666666,2.6666666666666665,1.6666666666666667,0.3333333333333333,2.6666666666666665,0.6666666666666666,0.0,1.0,3.6666666666666665,7.333333333333333,,2.0,2.6666666666666665,,0.6666666666666666,2.0,1.3333333333333333,-9.0,0.4094896331738438,0.02086359721204436,0.11722488038277518,0.09134872292840576,0.07177033492822968,0.027066288275083145,0.013157894736842118,0.01860807318911967,0.11124401913875598,0.0287579312922759,0.3094098883572568,0.009022096091689366,0.12121212121212122,0.17141982574219333,0.04346092503987242,0.02424688324642871,0.40620414673046246,0.09064951048129952,18.8,16.361540269791227,5.8,2.6,1.8,0.2,2.2,0.4,0.0,1.2,2.2,5.2,,1.2,2.0,,0.6,2.0,1.2,-1.8,0.2047448165869219,0.23672561427770858,0.15682672590567326,0.08237639179258409,0.11847445317840055,0.059031559226209555,0.006578947368421052,0.013157894736842105,0.10249700956937799,0.07897506846644371,0.2172049441786284,0.1475786853871788,0.09185606060606061,0.11639640577885949,0.10878403394850764,0.1191199035294452,0.36640564479380267,0.07723873878376641,13.0,12.666666666666673,3.9,1.9,1.1,0.2,1.4,0.2,0.0,0.6,1.4,3.4,,0.9,1.4,,0.5,1.4,0.9,-2.9,0.22712083238399028,0.17669854169243235,0.1383235023585901,0.11806821285864595,0.08704684691526797,0.07631392255004127,0.015269655620532813,0.03697928194111184,0.08034659460098056,0.08680490602784954,0.2437216779322042,0.20262947085077399,0.09806397306397306,0.12845942469702432,0.04834845953267006,0.09278089550548184,0.33521828561302247,0.1618609563917114,,True,True,TOR,False,3.1089582443237305,2.0381994,0.66612506,5.81328272819519,0.2322341501712799,0.32814416,0.173564,0.72140545,5.846,4.0415,1.3735,0.4795,11.261,0.3025,0.169,0.691,3.6874495250782755,1.9956897930289668,1.1558536888378217,0.6982691100141836,4.341759896631779,0.5291443564850712,0.41162968794779614,0.8303728078399485
5105406,Frieda Bühner,POR,2026-05-23,0.0,20.0,0.0,0.0,3.0,5,1,0,0,3,0,0,1,1,6,,3,4,,0,1,2,0.0,21.0,0.23809523809523808,0.047619047619047616,0.0,0.0,0.14285714285714285,0.2857142857142857,0.19047619047619047,0.047619047619047616,0.41714285714285715,0.0,10.5,14.849242404917497,2.5,0.5,0.0,0.0,1.5,0.0,0.0,0.5,0.5,3.0,,1.5,2.0,,0.0,0.5,1.0,0.0,0.23809523809523808,,0.047619047619047616,,0.0,,0.0,,0.14285714285714285,,0.2857142857142857,,0.19047619047619047,,0.047619047619047616,,0.41714285714285715,,10.5,14.849242404917497,2.5,0.5,0.0,0.0,1.5,0.0,0.0,0.5,0.5,3.0,,1.5,2.0,,0.0,0.5,1.0,0.0,0.23809523809523808,,0.047619047619047616,,0.0,,0.0,,0.14285714285714285,,0.2857142857142857,,0.19047619047619047,,0.047619047619047616,,0.41714285714285715,,10.5,14.849242404917497,2.5,0.5,0.0,0.0,1.5,0.0,0.0,0.5,0.5,3.0,,1.5,2.0,,0.0,0.5,1.0,0.0,0.23809523809523808,,0.047619047619047616,,0.0,,0.0,,0.14285714285714285,,0.2857142857142857,,0.19047619047619047,,0.047619047619047616,,0.41714285714285715,,,True,True,TOR,False,6.885303497314453,1.9509012,1.0010107,9.837215304374695,0.78487628698349,0.5133066,0.24762672,1.2275662,7.1985,2.936,0.914,0.6755,11.0485,0.3735,0.2175,0.9345,3.98322705227809,1.7291338872395046,0.9298408465968785,0.795738493476343,4.444113831800442,0.6204818691952246,0.45408561967981326,0.9571884610670985
5108550,Serah Williams,POR,2026-05-23,0.0,20.0,0.0,0.0,3.0,12,8,1,0,0,2,1,3,3,6,,6,8,,3,5,4,3.0,19.0,0.631578947368421,0.42105263157894735,0.05263157894736842,0.0,0.0,0.3157894736842105,0.42105263157894735,0.15789473684210525,0.6589473684210526,0.0,14.5,6.363961030678928,10.5,5.5,0.5,0.0,0.0,1.5,1.0,1.5,3.0,4.5,,4.5,6.0,,2.0,3.5,3.0,1.5,0.7657894736842106,0.18980234652902073,0.3605263157894737,0.08559713666995046,0.02631578947368421,0.03721614637823934,0.0,0.0,0.0,0.0,0.3078947368421052,0.011164843913471818,0.4105263157894737,0.014886458551295705,0.07894736842105263,0.11164843913471803,0.5674736842105264,0.12936332481075993,14.5,6.363961030678928,10.5,5.5,0.5,0.0,0.0,1.5,1.0,1.5,3.0,4.5,,4.5,6.0,,2.0,3.5,3.0,1.5,0.7657894736842106,0.18980234652902073,0.3605263157894737,0.08559713666995046,0.02631578947368421,0.03721614637823934,0.0,0.0,0.0,0.0,0.3078947368421052,0.011164843913471818,0.4105263157894737,0.014886458551295705,0.07894736842105263,0.11164843913471803,0.5674736842105264,0.12936332481075993,14.5,6.363961030678928,10.5,5.5,0.5,0.0,0.0,1.5,1.0,1.5,3.0,4.5,,4.5,6.0,,2.0,3.5,3.0,1.5,0.7657894736842106,0.18980234652902073,0.3605263157894737,0.08559713666995046,0.02631578947368421,0.03721614637823934,0.0,0.0,0.0,0.0,0.3078947368421052,0.011164843913471818,0.4105263157894737,0.014886458551295705,0.07894736842105263,0.11164843913471803,0.5674736842105264,0.12936332481075993,,True,True,TOR,False,9.888707160949707,6.028664,0.86225545,16.779626727104187,0.022223688662052155,0.9230648,0.9597986,1.5444268,9.3565,8.102,1.1715,0.3555,18.63,0.5815,0.4995,1.1575,4.446730006420448,2.8466815768540044,1.1086423002934715,0.6000997833693994,5.451155840736898,0.7458939267751146,0.7204163726623652,1.0717713142270602
5208982,Carla Leite,POR,2026-05-23,0.0,20.0,0.0,0.0,47.0,11,1,3,1,1,1,0,4,4,6,,2,2,,0,1,4,-8.0,22.0,0.5,0.045454545454545456,0.13636363636363635,0.045454545454545456,0.045454545454545456,0.2727272727272727,0.09090909090909091,0.18181818181818182,0.4945454545454545,0.0,17.333333333333332,8.08290376865476,7.666666666666667,1.6666666666666667,3.0,0.6666666666666666,1.3333333333333333,0.3333333333333333,0.0,2.6666666666666665,2.3333333333333335,5.0,,2.3333333333333335,4.333333333333333,,0.3333333333333333,1.3333333333333333,2.6666666666666665,-9.333333333333334,0.34848484848484845,0.30265127811269965,0.12878787878787878,0.1074049005966502,0.16287878787878787,0.05605548707177552,0.030303030303030304,0.0262431940540739,0.08712121212121214,0.03990777936686645,0.3068181818181818,0.059047186621666255,0.196969696969697,0.2663393307764689,0.14772727272727273,0.030065355807552267,0.5412121212121211,0.07615411371562693,14.4,7.1274118724821856,5.6,1.2,2.2,0.4,1.0,0.2,0.0,2.2,1.4,3.8,,2.4,3.8,,0.2,1.0,2.0,-6.6,0.3257575757575758,0.26166539453288695,0.09393939393939395,0.09440865199802653,0.13106060606060604,0.08331611392343087,0.01818181818181818,0.02489647988659846,0.06893939393939394,0.04779336453208324,0.2590909090909091,0.08926062221207043,0.2515151515151515,0.23438370430729982,0.15530303030303033,0.06349641899333411,0.525060606060606,0.08844511872698219,14.6,6.719788356455541,5.6,1.0,2.2,0.2,0.9,0.4,0.0,2.2,1.8,4.3,,1.8,2.9,,0.2,0.8,1.4,-2.1,0.3018939393939394,0.2602728788838778,0.06558441558441559,0.07752893716101225,0.13954725829725828,0.07311825408770681,0.00909090909090909,0.01916531915253564,0.0730429292929293,0.053378262588316426,0.2860479797979798,0.07510618878460663,0.176758658008658,0.18841014543455809,0.15914502164502164,0.09702657429825286,0.522966810966811,0.13580644268018954,,True,True,TOR,False,8.021472930908203,2.48152,2.634744,13.137736797332764,0.3296700417995453,0.5487957,0.18277258,1.8554273,9.1375,4.1755,2.5405,0.6845,15.8535,0.4125,0.151,1.3785,4.360801961795559,1.9831035651221043,1.576819504572416,0.8178995965275935,5.118987961501766,0.6255747357430604,0.3823597782194147,1.1975966558069542
5209202,Nyadiew Puoch,POR,2026-05-23,0.0,20.0,0.0,0.0,3.0,12,1,2,2,3,1,0,0,4,5,,2,4,,0,1,2,-12.0,23.0,0.5217391304347826,0.043478260869565216,0.08695652173913043,0.08695652173913043,0.13043478260869565,0.21739130434782608,0.17391304347826086,0.0,0.29391304347826086,0.0,22.0,1.4142135623730951,8.0,2.0,1.5,1.0,2.0,1.5,0.5,1.0,2.5,5.0,,2.0,4.0,,1.0,1.0,3.0,-14.0,0.35610766045548653,0.23423827120051263,0.09316770186335403,0.07027148136015378,0.06728778467908902,0.027815794705060876,0.043478260869565216,0.061487546190134565,0.08902691511387163,0.05855956780012816,0.2277432712215321,0.014639891950032045,0.18219461697722567,0.011711913560025627,0.047619047619047616,0.06734350297014738,0.355527950310559,0.08713663688659071,22.0,1.4142135623730951,8.0,2.0,1.5,1.0,2.0,1.5,0.5,1.0,2.5,5.0,,2.0,4.0,,1.0,1.0,3.0,-14.0,0.35610766045548653,0.23423827120051263,0.09316770186335403,0.07027148136015378,0.06728778467908902,0.027815794705060876,0.043478260869565216,0.061487546190134565,0.08902691511387163,0.05855956780012816,0.2277432712215321,0.014639891950032045,0.18219461697722567,0.011711913560025627,0.047619047619047616,0.06734350297014738,0.355527950310559,0.08713663688659071,22.0,1.4142135623730951,8.0,2.0,1.5,1.0,2.0,1.5,0.5,1.0,2.5,5.0,,2.0,4.0,,1.0,1.0,3.0,-14.0,0.35610766045548653,0.23423827120051263,0.09316770186335403,0.07027148136015378,0.06728778467908902,0.027815794705060876,0.043478260869565216,0.061487546190134565,0.08902691511387163,0.05855956780012816,0.2277432712215321,0.014639891950032045,0.18219461697722567,0.011711913560025627,0.047619047619047616,0.06734350297014738,0.355527950310559,0.08713663688659071,,True,True,TOR,False,7.183648109436035,2.781727,1.5564493,11.521824479103088,0.5581151843070984,0.74850035,0.51336896,1.5328512,11.175,5.1565,2.0515,0.988,18.383,0.5655,0.3765,1.26,5.121755070285966,2.2603114276577023,1.444246429803446,1.0212032119025087,5.743893366001845,0.7685764438232543,0.6361978858814291,1.139034679015525
5346554,Teja Oblak,POR,2026-05-23,0.0,20.0,0.0,0.0,3.0,0,0,0,0,0,0,0,0,0,0,,0,0,,0,0,0,0.0,0.0,,,,,,,,,,0.0,0.0,0.0,0.0,0.0,0.0,0.0,0.0,0.0,0.0,0.0,0.0,0.0,,0.0,0.0,,0.0,0.0,0.0,0.0,,,,,,,,,,,,,,,,,,,0.0,0.0,0.0,0.0,0.0,0.0,0.0,0.0,0.0,0.0,0.0,0.0,,0.0,0.0,,0.0,0.0,0.0,0.0,,,,,,,,,,,,,,,,,,,0.0,0.0,0.0,0.0,0.0,0.0,0.0,0.0,0.0,0.0,0.0,0.0,,0.0,0.0,,0.0,0.0,0.0,0.0,,,,,,,,,,,,,,,,,,,,True,True,TOR,False,3.2239420413970947,1.212013,0.7037611,5.139716148376465,0.20076912641525269,0.3535771,0.15589231,0.63929015,2.883591890335083,1.2379779815673828,0.6570431590080261,0.24430158734321594,4.778613090515137,0.3535771071910858,0.15589231252670288,0.6392901539802551,7.5,3.0,2.5,1.3,9.0,1.2,1.3,1.5
2566453,Isabelle Harrison,TOR,2026-05-23,1.0,24.0,0.0,0.0,49.0,0,0,0,0,0,0,0,0,0,0,,0,0,,0,0,0,0.0,0.0,,,,,,,,,,0.0,2.3333333333333335,4.041451884327378,1.3333333333333333,0.6666666666666666,0.0,0.0,0.0,0.6666666666666666,0.0,0.0,0.6666666666666666,0.6666666666666666,,0.0,0.6666666666666666,,0.3333333333333333,0.3333333333333333,0.0,-0.3333333333333333,0.5714285714285714,,0.2857142857142857,,0.0,,0.0,,0.0,,0.2857142857142857,,0.2857142857142857,,0.0,,0.4114285714285714,,4.4,6.6558245169174945,0.8,1.4,0.4,0.0,0.2,0.4,0.0,0.4,0.4,1.6,,0.0,0.4,,0.6,0.8,0.2,-2.2,0.2857142857142858,0.4040610178208844,0.30952380952380953,0.03367175148507357,0.06666666666666665,0.09428090415820621,0.0,0.0,0.033333333333333326,0.04714045207910361,0.34285714285714286,0.08081220356417666,0.14285714285714285,0.20203050891044216,0.06666666666666665,0.0942809041582063,0.47238095238095246,0.08619968380178859,5.8,6.795423296438403,2.5,1.4,0.6,0.2,0.6,0.4,0.0,0.3,1.0,2.6,,0.3,0.6,,0.5,0.9,0.4,-0.9,0.41530612244897963,0.3880096729681007,0.18027210884353742,0.13580972894050972,0.11666666666666667,0.13298565781762026,0.014285714285714287,0.03779644730092273,0.16326530612244897,0.1868041744439271,0.422108843537415,0.31875938853783925,0.12653061224489795,0.19560277870203488,0.054761904761904755,0.0994029797388005,0.5325442176870748,0.2462296595528133,,True,True,POR,True,2.2372241020202637,0.9729568,0.16357267,3.373753547668457,0.03894122689962387,0.13687387,0.11697228,0.35265723,1.896873950958252,0.9989217519760132,0.116854727268219,0.08247368037700653,3.012650489807129,0.13687387108802795,0.11697228252887726,0.3526572287082672,7.5,3.0,2.5,1.3,9.0,1.2,1.3,1.5
2569044,Temi Fagbenle,TOR,2026-05-23,1.0,22.0,0.0,0.0,46.0,4,7,2,0,0,0,1,0,2,7,,0,0,,2,5,3,1.0,15.0,0.26666666666666666,0.4666666666666667,0.13333333333333333,0.0,0.0,0.4666666666666667,0.0,0.0,0.4666666666666667,0.0,18.666666666666668,3.2145502536643176,6.666666666666667,4.333333333333333,2.3333333333333335,0.0,0.6666666666666666,1.0,0.3333333333333333,1.0,3.0,6.0,,0.6666666666666666,1.3333333333333333,,1.0,3.3333333333333335,3.3333333333333335,0.3333333333333333,0.3523809523809524,0.21780184049579562,0.2531746031746032,0.18492404111584648,0.1261904761904762,0.02807101457750383,0.0,0.0,0.03253968253968254,0.028205326418915617,0.3365079365079365,0.17098708583486014,0.06666666666666667,0.11547005383792516,0.048412698412698386,0.04763888475701247,0.41425396825396826,0.15667174208983367,24.2,8.814760348415604,8.0,4.6,1.8,0.2,1.2,1.4,0.8,1.2,3.6,7.2,,0.6,1.2,,1.8,2.8,3.4,-2.6,0.32955722639933166,0.16543068862885968,0.2131133389028126,0.1418432996952288,0.08838485101642997,0.05557185889567173,0.005263157894736842,0.011768778828946272,0.04057644110275689,0.04363389807045071,0.3073628515733779,0.13888474745170545,0.05052631578947368,0.08661053655041774,0.0491255917571707,0.03769338530390374,0.378720022277917,0.12972690482731072,24.5,8.95978670381041,7.8,4.1,1.5,0.3,1.3,1.0,0.6,1.5,3.5,6.7,,0.5,0.8,,1.5,2.6,3.3,1.2,0.31922117120758886,0.13063817811475686,0.1756922099154697,0.10601950890738046,0.0664335120956513,0.05301044611374697,0.010526315789473684,0.018400155231055287,0.052744360902255635,0.041856281139683135,0.2880122124307184,0.11463647410597817,0.036228070175438595,0.06436209860900345,0.05801638954015863,0.051223152222252155,0.36196895284806996,0.09734332196532233,,True,True,POR,True,6.977889060974121,4.07714,1.5288178,12.583846688270569,0.16753700375556946,0.69860446,0.5202944,1.2815697,7.641,6.6275,1.8475,0.6875,16.116,0.5305,0.4695,0.8845,4.204892269725825,2.5123184013974025,1.3308808173536801,0.8353704268167506,5.111706564348153,0.7246169677836698,0.6775468618479462,0.9269087063999345
2988756,Brittney Sykes,TOR,2026-05-23,1.0,8.0,0.0,1.0,51.0,27,4,7,2,7,4,0,3,7,19,,11,11,,0,4,4,-7.0,35.0,0.7714285714285715,0.11428571428571428,0.2,0.05714285714285714,0.2,0.5428571428571428,0.3142857142857143,0.08571428571428572,0.7668571428571429,0.0,17.333333333333332,17.502380790433435,11.666666666666666,1.6666666666666667,2.3333333333333335,0.6666666666666666,3.3333333333333335,1.6666666666666667,0.0,2.0,3.3333333333333335,9.333333333333334,,4.333333333333333,4.333333333333333,,0.0,1.6666666666666667,2.3333333333333335,-3.6666666666666665,0.6210084033613447,0.21272624173511265,0.08655462184873947,0.03921768702379171,0.1,0.14142135623730953,0.02857142857142857,0.04040610178208843,0.18823529411764706,0.016637806616154067,0.5361344537815125,0.009507318066373715,0.21596638655462186,0.13904452672071604,0.13109243697478992,0.06417439694802281,0.762252100840336,0.006512512875465983,20.4,13.145341380123982,9.6,2.0,1.6,0.4,2.2,1.0,0.2,2.4,3.2,7.8,,2.8,3.0,,0.4,1.6,2.0,-5.0,0.44536732567423104,0.2570434952350911,0.09279421913693012,0.025725987941092997,0.05925925925925926,0.09543776834611216,0.014285714285714278,0.02857142857142857,0.1033769063180828,0.09961002557474308,0.37797060853326836,0.18272498985762892,0.12811201775396147,0.12939305180040658,0.12593269191734666,0.038347304294421736,0.5602725882623582,0.23336339146203627,23.1,10.5351264296585,9.1,2.4,1.9,0.2,1.6,1.0,0.1,2.5,2.9,7.9,,3.1,3.2,,0.6,1.8,2.2,-5.3,0.3697898389600578,0.22048957629541804,0.10300795802500833,0.02622387911517898,0.07322257903175779,0.06190890141015262,0.006349206349206349,0.01904761904761905,0.06471872351383576,0.07477569191379797,0.3385319075621719,0.13433031591066436,0.1206935474426239,0.09644838444204189,0.12462698754045728,0.08178549098302422,0.5162640559773837,0.15616302219137596,,True,True,POR,True,12.126978874206543,3.1490486,3.2058709,18.481898307800293,0.8302831053733826,1.0858573,0.3335348,2.1805377,11.041,5.0955,2.4095,0.9425,18.546,1.0315,0.3145,1.3885,5.046020114902436,2.222696504248837,1.5374686175659003,0.9798947647579306,5.655075949976268,0.9912152894301015,0.5608830091917565,1.1787992831691065
3142327,Kia Nurse,TOR,2026-05-23,1.0,8.0,0.0,1.0,50.0,4,1,1,0,2,1,0,0,2,4,,0,0,,0,1,0,8.0,9.0,0.4444444444444444,0.1111111111111111,0.1111111111111111,0.0,0.2222222222222222,0.4444444444444444,0.0,0.0,0.4444444444444444,0.0,14.0,4.582575694955842,6.333333333333333,0.3333333333333333,0.3333333333333333,1.0,4.333333333333333,0.6666666666666666,0.0,0.6666666666666666,2.3333333333333335,6.666666666666667,,0.6666666666666666,0.6666666666666666,,0.0,0.3333333333333333,0.6666666666666666,0.0,0.45185185185185195,0.012830005981989566,0.037037037037037035,0.06415002990995841,0.037037037037037035,0.06415002990995841,0.059259259259259255,0.05592469952052409,0.28888888888888886,0.1351725006732937,0.46296296296296297,0.13981174880131014,0.044444444444444446,0.0769800358919501,0.04074074074074074,0.03571722504071464,0.5232592592592592,0.12439787488426046,19.6,8.79204185613331,7.6,1.2,0.6,1.2,4.8,0.4,0.0,0.8,2.8,7.8,,0.8,0.8,,0.2,1.0,0.6,-6.2,0.40861111111111115,0.06384660436459305,0.057638888888888885,0.05354432368389223,0.03472222222222222,0.05055631867555915,0.05638888888888889,0.04041642802525952,0.2504166666666667,0.11068015382451046,0.41527777777777775,0.12052162861064784,0.043333333333333335,0.061913918736688944,0.03902777777777777,0.02563055119034688,0.4733722222222222,0.11791871088399475,19.2,7.238784428341545,8.2,1.5,0.8,1.5,4.4,0.5,0.0,1.2,2.7,6.6,,1.3,1.4,,0.2,1.3,1.2,-4.1,0.4295929118773946,0.16866006311156267,0.0803629584017515,0.062040170046102246,0.03829707170224412,0.05345016691844624,0.06829296661193213,0.059970159520282715,0.23220340722495894,0.0841054133843458,0.3571298576902025,0.11701823919376897,0.08928571428571427,0.109358340612994,0.05938252599890531,0.04342906944301089,0.45579809797482207,0.11039022108701471,,True,True,POR,True,6.521697044372559,0.97515523,0.7569845,8.253836750984192,1.2528403997421265,0.25339466,0.10051229,0.74652445,8.1945,2.3905,0.923,0.9315,11.508,0.4105,0.13,0.5215,4.308673780875038,1.525126142323972,0.9664734864444031,0.9517393288080513,4.663682665019137,0.6465212680183073,0.36891733491393436,0.7311208860373227
3904576,Marina Mabrey,TOR,2026-05-23,1.0,8.0,0.0,1.0,48.0,7,2,0,1,6,0,1,3,3,10,,0,0,,0,2,3,-21.0,21.0,0.3333333333333333,0.09523809523809523,0.0,0.047619047619047616,0.2857142857142857,0.47619047619047616,0.0,0.14285714285714285,0.6190476190476191,0.0,19.0,18.083141320025124,9.666666666666666,1.0,1.6666666666666667,1.0,4.333333333333333,0.3333333333333333,0.3333333333333333,2.3333333333333335,3.6666666666666665,8.333333333333334,,1.3333333333333333,1.3333333333333333,,0.0,1.0,1.0,-13.0,0.4722222222222222,0.19641855032959657,0.06150793650793648,0.04770164793718773,0.06944444444444446,0.09820927516479827,0.05158730158730157,0.005611958580845615,0.24007936507936511,0.06453752367972457,0.4464285714285713,0.0420896893563421,0.05555555555555555,0.07856742013183861,0.12698412698412698,0.02244783432338246,0.5978571428571429,0.029967858821715605,25.4,15.64608577248636,12.0,2.2,2.8,1.0,4.2,0.6,0.2,2.8,4.2,9.2,,2.6,3.0,,0.0,2.2,1.8,-9.0,0.4499269005847953,0.18589829482803752,0.0870862050960735,0.043235607012786316,0.10010051169590643,0.07000968647178568,0.040185098162071844,0.013707762614341402,0.1763719193817878,0.0838950954892506,0.36753994360902253,0.14344037227211248,0.10508040935672515,0.07689089086833398,0.1132453529657477,0.021017431767281415,0.5270206766917294,0.14908903753853964,28.2,11.203174153386664,12.0,2.5,3.2,1.4,5.4,0.6,0.2,2.3,4.1,10.9,,2.4,2.9,,0.2,2.3,2.5,-10.1,0.406212972518442,0.1985609532885217,0.08980156682556063,0.04120259103852788,0.11164234797232732,0.0683768684694299,0.04785278146346258,0.031175953596288795,0.19434975647178948,0.06419422254309357,0.386270476026668,0.10512708512024099,0.09798780720865345,0.09745914657112904,0.0830400552033679,0.03366111108370708,0.5124251664018433,0.10308666631589065,,True,True,POR,True,10.46682071685791,2.1397355,2.5199637,15.126519918441772,1.4355928897857666,0.7697003,0.24460468,1.7620904,12.0525,4.796,2.411,1.571,19.2595,0.5515,0.294,1.0895,5.179164387234683,2.2055348557662833,1.5678262021027713,1.1991492817827145,5.847064199237083,0.7344029888283407,0.5390398872068745,1.0533231935165959
3910470,Maria Conde,TOR,2026-05-23,1.0,8.0,0.0,1.0,4.0,6,4,0,2,5,1,0,2,2,6,,0,0,,2,2,0,0.0,20.0,0.3,0.2,0.0,0.1,0.25,0.3,0.0,0.1,0.4,0.0,6.666666666666667,11.547005383792515,2.0,1.3333333333333333,0.0,0.6666666666666666,1.6666666666666667,0.3333333333333333,0.0,0.6666666666666666,0.6666666666666666,2.0,,0.0,0.0,,0.6666666666666666,0.6666666666666666,0.0,0.0,0.3,,0.2,,0.0,,0.1,,0.25,,0.3,,0.0,,0.1,,0.4,,6.666666666666667,11.547005383792515,2.0,1.3333333333333333,0.0,0.6666666666666666,1.6666666666666667,0.3333333333333333,0.0,0.6666666666666666,0.6666666666666666,2.0,,0.0,0.0,,0.6666666666666666,0.6666666666666666,0.0,0.0,0.3,,0.2,,0.0,,0.1,,0.25,,0.3,,0.0,,0.1,,0.4,,6.666666666666667,11.547005383792515,2.0,1.3333333333333333,0.0,0.6666666666666666,1.6666666666666667,0.3333333333333333,0.0,0.6666666666666666,0.6666666666666666,2.0,,0.0,0.0,,0.6666666666666666,0.6666666666666666,0.0,0.0,0.3,,0.2,,0.0,,0.1,,0.25,,0.3,,0.0,,0.1,,0.4,,,True,True,POR,True,5.414034366607666,2.5791004,1.0498074,9.04294216632843,0.7589067816734314,0.58558923,0.24005213,1.0750284,5.126,3.456,0.7325,0.7445,9.3145,0.354,0.2045,0.569,3.595848161421725,1.9065843805087674,0.8251931592057705,0.8804656438498892,4.27476195243665,0.592185781659776,0.45351929396664037,0.7584451199658417
4001679,Julie Allemand,TOR,2026-05-23,1.0,8.0,0.0,1.0,39.0,5,1,4,1,3,2,0,1,2,4,,0,0,,0,1,1,-18.0,21.0,0.23809523809523808,0.047619047619047616,0.19047619047619047,0.047619047619047616,0.14285714285714285,0.19047619047619047,0.0,0.047619047619047616,0.23809523809523808,0.0,14.333333333333334,12.423096769056125,3.3333333333333335,2.3333333333333335,2.0,0.6666666666666666,1.6666666666666667,0.6666666666666666,0.0,0.3333333333333333,1.3333333333333333,2.3333333333333335,,0.0,0.0,,0.0,2.3333333333333335,1.0,-4.0,0.23268398268398272,0.007652670792062209,0.16017316017316016,0.1591755524748938,0.1406926406926407,0.07040457128697225,0.046536796536796536,0.0015305341584124377,0.11688311688311695,0.03673281980189857,0.1634199134199134,0.03826335396031101,0.0,0.0,0.023809523809523822,0.03367175148507369,0.18722943722943722,0.0719351054453847,21.4,13.240090634130873,7.6,2.2,2.8,1.2,2.2,1.6,0.2,0.4,3.0,4.0,,0.4,0.4,,0.4,1.8,1.2,3.6,0.3266868189281983,0.18230843442040254,0.11309150619495446,0.1110658306307189,0.13340050753843857,0.04261867769522029,0.05331765935214211,0.022350224615300424,0.10573219883564712,0.025845174579181694,0.18195626212867594,0.03836365102880889,0.014285714285714292,0.028571428571428574,0.020525451559934318,0.024299915577912695,0.20876742797432452,0.05204533179428652,25.5,10.189864245088511,6.5,2.7,3.7,0.9,2.6,1.4,0.1,0.9,2.6,4.4,,0.4,0.4,,0.2,2.5,1.4,1.9,0.2511785520286014,0.1635231737776125,0.11167391077948133,0.07922213963266199,0.1460876612138742,0.03819063052033958,0.035499332924149925,0.025967256439981205,0.10363116288853609,0.038679265077488596,0.17291631065503144,0.06870186514490838,0.013517665130568355,0.02688654773422087,0.034254196054889635,0.03294377180808793,0.21311827936737113,0.04849240445836507,,True,True,POR,True,5.463567733764648,2.3258955,3.324749,11.114212274551392,0.8703239560127258,0.97051835,0.16700514,1.2349753,8.5,5.0915,2.566,1.161,16.1575,0.5995,0.218,0.553,4.416106882764501,2.287821616735011,1.5876536146149764,1.0630517390983376,5.149824632936543,0.7765949716551093,0.4488607801980476,0.7356568493530119
4398768,Nyara Sabally,TOR,2026-05-23,1.0,8.0,0.0,1.0,47.0,14,9,3,0,1,1,2,0,5,10,,4,4,,5,4,3,-4.0,28.0,0.5,0.32142857142857145,0.10714285714285714,0.0,0.03571428571428571,0.35714285714285715,0.14285714285714285,0.0,0.42,0.0,12.666666666666666,14.189197769195175,5.333333333333333,3.3333333333333335,1.3333333333333333,0.0,0.6666666666666666,0.3333333333333333,0.6666666666666666,0.0,1.6666666666666667,4.0,,2.0,2.0,,1.6666666666666667,1.6666666666666667,1.6666666666666667,-3.6666666666666665,0.3500000000000001,0.21213203435596428,0.2107142857142857,0.15657364440559268,0.10357142857142856,0.00505076272276105,0.0,0.0,0.06785714285714287,0.045456864504849495,0.2785714285714286,0.11111677990074317,0.17142857142857143,0.04040610178208844,0.0,0.0,0.354,0.09333809511662428,9.0,11.489125293076057,3.4,2.2,1.0,0.0,0.4,0.4,0.4,0.0,1.0,3.0,,1.4,1.6,,1.0,1.2,1.0,-1.6,0.280952380952381,0.19184035312841605,0.1880952380952381,0.11744154719179546,0.11666666666666665,0.022961073240459387,0.0,0.0,0.045238095238095244,0.050675706318554205,0.32857142857142857,0.11693361102674929,0.20952380952380953,0.07190318509781664,0.0,0.0,0.4207619047619047,0.13314449212157795,5.8,8.954204474869767,2.1,1.4,0.5,0.0,0.2,0.2,0.3,0.0,0.7,2.0,,0.7,0.8,,0.6,0.8,0.6,-2.5,0.2412987012987013,0.19462415830375762,0.1674025974025974,0.13037111163855858,0.06999999999999999,0.06593131862408186,0.0,0.0,0.027142857142857146,0.04356557337707688,0.36987012987012985,0.11117141033541669,0.12571428571428572,0.12551932935136453,0.0,0.0,0.42518441558441555,0.1059470643064227,,True,True,POR,True,8.436417579650879,4.0601335,1.6956271,14.192178130149841,0.4112347960472107,0.49553555,0.6656307,1.4523631,5.7785,5.028,1.3295,0.5195,12.136,0.3335,0.4555,0.792,3.649169460301892,2.2278276414480542,1.168302079943368,0.7054216823999672,4.497166218853824,0.5641611028775381,0.678247558049419,0.8937203141923094
4399342,Lexi Held,TOR,2026-05-23,1.0,8.0,0.0,1.0,60.0,0,0,0,0,0,0,0,0,0,0,,0,0,,0,0,1,4.0,6.0,0.0,0.0,0.0,0.0,0.0,0.0,0.0,0.0,0.0,0.0,17.0,9.539392014169454,8.666666666666666,0.3333333333333333,0.6666666666666666,2.0,3.6666666666666665,1.0,0.3333333333333333,1.0,3.0,6.0,,0.6666666666666666,0.6666666666666666,,0.3333333333333333,0.0,2.3333333333333335,3.0,0.39064558629776025,0.5003019496852251,0.014492753623188406,0.02510218561694029,0.030303030303030314,0.0524863881081478,0.09025032938076417,0.12063972370288355,0.16469038208168643,0.1842225171120781,0.26745718050065875,0.2376915299409445,0.030303030303030304,0.0524863881081478,0.04545454545454545,0.07872958216222169,0.32624505928853764,0.3160077148019311,11.6,10.310189135025603,5.8,0.4,0.4,1.4,2.4,0.6,0.2,0.6,2.0,3.8,,0.4,0.4,,0.2,0.2,1.4,2.4,0.40012704686617734,0.40893473760157234,0.046583850931677,0.06737532130547817,0.022727272727272728,0.045454545454545456,0.10340203274985885,0.1019534100922574,0.15923207227555056,0.15081267560950895,0.23630717108977978,0.2038286893831092,0.022727272727272728,0.045454545454545456,0.03409090909090909,0.06818181818181818,0.2803980801806889,0.2738278641461112,5.8,9.199033765685519,2.9,0.2,0.2,0.7,1.2,0.3,0.1,0.3,1.0,1.9,,0.2,0.2,,0.1,0.1,0.7,1.2,0.40012704686617734,0.40893473760157234,0.046583850931677016,0.06737532130547817,0.022727272727272728,0.045454545454545456,0.10340203274985883,0.1019534100922574,0.15923207227555053,0.15081267560950895,0.23630717108977978,0.2038286893831092,0.022727272727272728,0.045454545454545456,0.03409090909090909,0.06818181818181818,0.2803980801806889,0.2738278641461112,,True,True,POR,True,4.553945064544678,1.089096,0.7644083,6.407449305057526,0.5933424830436707,0.4726797,0.20919913,0.5535487,3.9695,1.2775,0.8035,0.756,6.0505,0.2655,0.2245,0.381,3.1690013805613906,1.1359990096826669,0.925682315916211,0.8645600037013047,3.5058450835711494,0.5196246241278409,0.46270914190234025,0.6089655162650837
4434020,Teonni Key,TOR,2026-05-23,1.0,8.0,0.0,1.0,4.0,5,2,1,1,1,0,1,0,1,1,,2,2,,2,0,2,-1.0,9.0,0.5555555555555556,0.2222222222222222,0.1111111111111111,0.1111111111111111,0.1111111111111111,0.1111111111111111,0.2222222222222222,0.0,0.20888888888888887,0.0,16.333333333333332,6.6583281184793925,3.0,3.0,1.0,0.3333333333333333,1.0,0.3333333333333333,0.6666666666666666,1.0,0.6666666666666666,2.6666666666666665,,1.3333333333333333,2.0,,1.3333333333333333,1.6666666666666667,4.666666666666667,-4.0,0.2457912457912458,0.28324884556293745,0.1835016835016835,0.1136457160386375,0.06734006734006734,0.059186517950326416,0.037037037037037035,0.06415002990995841,0.0707070707070707,0.03535353535353535,0.14646464646464646,0.11281973688731653,0.13468013468013468,0.11837303590065283,0.052188552188552194,0.05586080815837394,0.2579124579124579,0.12329760372824515,16.333333333333332,6.6583281184793925,3.0,3.0,1.0,0.3333333333333333,1.0,0.3333333333333333,0.6666666666666666,1.0,0.6666666666666666,2.6666666666666665,,1.3333333333333333,2.0,,1.3333333333333333,1.6666666666666667,4.666666666666667,-4.0,0.2457912457912458,0.28324884556293745,0.1835016835016835,0.1136457160386375,0.06734006734006734,0.059186517950326416,0.037037037037037035,0.06415002990995841,0.0707070707070707,0.03535353535353535,0.14646464646464646,0.11281973688731653,0.13468013468013468,0.11837303590065283,0.052188552188552194,0.05586080815837394,0.2579124579124579,0.12329760372824515,16.333333333333332,6.6583281184793925,3.0,3.0,1.0,0.3333333333333333,1.0,0.3333333333333333,0.6666666666666666,1.0,0.6666666666666666,2.6666666666666665,,1.3333333333333333,2.0,,1.3333333333333333,1.6666666666666667,4.666666666666667,-4.0,0.2457912457912458,0.28324884556293745,0.1835016835016835,0.1136457160386375,0.06734006734006734,0.059186517950326416,0.037037037037037035,0.06415002990995841,0.0707070707070707,0.03535353535353535,0.14646464646464646,0.11281973688731653,0.13468013468013468,0.11837303590065283,0.052188552188552194,0.05586080815837394,0.2579124579124579,0.12329760372824515,,True,True,POR,True,2.465390205383301,2.967798,0.40641665,5.83960485458374,0.07890885323286057,0.33840153,0.54925686,1.0703523,3.801,5.1285,1.2985,0.5605,10.228,0.2575,0.4945,0.4665,3.0989351396891163,2.2686973685355216,1.1486504037347482,0.7532195894956529,4.012980936909618,0.5120485816795122,0.7148214812105188,0.6991979333493484
4565505,Kiki Rice,TOR,2026-05-23,1.0,8.0,0.0,1.0,4.0,11,0,2,3,4,0,0,1,4,7,,0,0,,0,0,4,15.0,21.0,0.5238095238095238,0.0,0.09523809523809523,0.14285714285714285,0.19047619047619047,0.3333333333333333,0.0,0.047619047619047616,0.38095238095238093,0.0,20.333333333333332,3.0550504633038935,8.666666666666666,1.0,2.0,1.3333333333333333,2.0,0.6666666666666666,0.0,1.3333333333333333,3.3333333333333335,6.666666666666667,,0.6666666666666666,1.0,,0.3333333333333333,0.6666666666666666,2.3333333333333335,-1.6666666666666667,0.4175699265213331,0.1158093125877203,0.04859335038363172,0.044371743153190465,0.09994722526691835,0.015877946839988163,0.06722689075630252,0.07179835080098765,0.09759266025250679,0.08080459118619761,0.3302074452969594,0.024447020419440895,0.043478260869565216,0.07530655685082074,0.07469654528478058,0.09129819432993193,0.42403442536434865,0.09176369098880321,20.333333333333332,3.0550504633038935,8.666666666666666,1.0,2.0,1.3333333333333333,2.0,0.6666666666666666,0.0,1.3333333333333333,3.3333333333333335,6.666666666666667,,0.6666666666666666,1.0,,0.3333333333333333,0.6666666666666666,2.3333333333333335,-1.6666666666666667,0.4175699265213331,0.1158093125877203,0.04859335038363172,0.044371743153190465,0.09994722526691835,0.015877946839988163,0.06722689075630252,0.07179835080098765,0.09759266025250679,0.08080459118619761,0.3302074452969594,0.024447020419440895,0.043478260869565216,0.07530655685082074,0.07469654528478058,0.09129819432993193,0.42403442536434865,0.09176369098880321,20.333333333333332,3.0550504633038935,8.666666666666666,1.0,2.0,1.3333333333333333,2.0,0.6666666666666666,0.0,1.3333333333333333,3.3333333333333335,6.666666666666667,,0.6666666666666666,1.0,,0.3333333333333333,0.6666666666666666,2.3333333333333335,-1.6666666666666667,0.4175699265213331,0.1158093125877203,0.04859335038363172,0.044371743153190465,0.09994722526691835,0.015877946839988163,0.06722689075630252,0.07179835080098765,0.09759266025250679,0.08080459118619761,0.3302074452969594,0.024447020419440895,0.043478260869565216,0.07530655685082074,0.07469654528478058,0.09129819432993193,0.42403442536434865,0.09176369098880321,,True,True,POR,True,8.034911155700684,1.7614114,1.8250946,11.621417164802551,0.7925540804862976,0.66167307,0.06639428,1.5471252,11.994,3.065,1.915,1.6275,16.974,0.418,0.145,0.597,5.279769313142384,1.7348703121559261,1.3888034418160116,1.2683626255925393,5.735706059414133,0.64982766946322,0.37279350852717374,0.7775544996976096
4874475,Nikolina Milic,TOR,2026-05-23,1.0,8.0,0.0,1.0,4.0,0,0,0,0,0,0,0,2,0,0,,0,0,,0,0,1,-15.0,5.0,0.0,0.0,0.0,0.0,0.0,0.0,0.0,0.4,0.4,0.0,1.6666666666666667,2.8867513459481287,0.0,0.0,0.0,0.0,0.0,0.0,0.0,0.6666666666666666,0.0,0.0,,0.0,0.0,,0.0,0.0,0.3333333333333333,-5.0,0.0,,0.0,,0.0,,0.0,,0.0,,0.0,,0.0,,0.4,,0.4,,1.6666666666666667,2.8867513459481287,0.0,0.0,0.0,0.0,0.0,0.0,0.0,0.6666666666666666,0.0,0.0,,0.0,0.0,,0.0,0.0,0.3333333333333333,-5.0,0.0,,0.0,,0.0,,0.0,,0.0,,0.0,,0.0,,0.4,,0.4,,1.6666666666666667,2.8867513459481287,0.0,0.0,0.0,0.0,0.0,0.0,0.0,0.6666666666666666,0.0,0.0,,0.0,0.0,,0.0,0.0,0.3333333333333333,-5.0,0.0,,0.0,,0.0,,0.0,,0.0,,0.0,,0.0,,0.4,,0.4,,,True,True,POR,True,4.2148051261901855,1.6455567,0.89627665,6.756638467311859,0.3226766288280487,0.30723262,0.1968168,0.72314775,3.874454975128174,1.6715216636657715,0.8495587110519409,0.36620908975601196,6.395535469055176,0.3072326183319092,0.1968168020248413,0.7231477499008179,7.5,3.0,2.5,1.3,9.0,1.2,1.3,1.5
5345444,Laura Juskaite,TOR,2026-05-23,1.0,8.0,0.0,1.0,4.0,16,3,4,2,4,4,0,1,5,9,,4,5,,1,2,5,19.0,25.0,0.64,0.12,0.16,0.08,0.16,0.36,0.2,0.04,0.488,0.0,24.0,4.58257569495584,10.666666666666666,4.666666666666667,2.3333333333333335,0.6666666666666666,2.6666666666666665,2.6666666666666665,0.0,2.3333333333333335,3.3333333333333335,9.0,,3.3333333333333335,4.333333333333333,,1.0,3.6666666666666665,4.333333333333333,-1.0,0.4602005012531329,0.22042365292243718,0.19350877192982455,0.06664981319749749,0.10032581453634086,0.062289788195631024,0.02666666666666667,0.046188021535170064,0.10659147869674185,0.053686334140793456,0.37939849624060146,0.03610181518172537,0.19573934837092732,0.12223615464348402,0.10167919799498747,0.05913696747577092,0.5672030075187969,0.1305598541507201,24.0,4.58257569495584,10.666666666666666,4.666666666666667,2.3333333333333335,0.6666666666666666,2.6666666666666665,2.6666666666666665,0.0,2.3333333333333335,3.3333333333333335,9.0,,3.3333333333333335,4.333333333333333,,1.0,3.6666666666666665,4.333333333333333,-1.0,0.4602005012531329,0.22042365292243718,0.19350877192982455,0.06664981319749749,0.10032581453634086,0.062289788195631024,0.02666666666666667,0.046188021535170064,0.10659147869674185,0.053686334140793456,0.37939849624060146,0.03610181518172537,0.19573934837092732,0.12223615464348402,0.10167919799498747,0.05913696747577092,0.5672030075187969,0.1305598541507201,24.0,4.58257569495584,10.666666666666666,4.666666666666667,2.3333333333333335,0.6666666666666666,2.6666666666666665,2.6666666666666665,0.0,2.3333333333333335,3.3333333333333335,9.0,,3.3333333333333335,4.333333333333333,,1.0,3.6666666666666665,4.333333333333333,-1.0,0.4602005012531329,0.22042365292243718,0.19350877192982455,0.06664981319749749,0.10032581453634086,0.062289788195631024,0.02666666666666667,0.046188021535170064,0.10659147869674185,0.053686334140793456,0.37939849624060146,0.03610181518172537,0.19573934837092732,0.12223615464348402,0.10167919799498747,0.05913696747577092,0.5672030075187969,0.1305598541507201,,True,True,POR,True,11.11605453491211,4.697278,2.2533526,18.06668519973755,0.6815357804298401,1.1803617,0.27828097,2.0504117,10.0065,7.74,2.3965,1.016,20.143,1.1715,0.3235,1.1615,4.835954688580116,2.753252621900141,1.530453445878051,0.9918386965631055,5.849491516362768,1.0950286525931638,0.5512238655936443,1.057079821962372
