player_id,player_name,team,asof_date,is_home,days_rest,games_last7,games_last14,season_game_number,lag1_pts,lag1_reb,lag1_ast,lag1_threes,lag1_fg3a,lag1_stl,lag1_blk,lag1_tov,lag1_fgm,lag1_fga,lag1_fg_pct,lag1_ftm,lag1_fta,lag1_ft_pct,lag1_oreb,lag1_dreb,lag1_pf,lag1_plus_minus,lag1_min,lag1_pts_per_min,lag1_reb_per_min,lag1_ast_per_min,lag1_fg3m_per_min,lag1_fg3a_per_min,lag1_fga_per_min,lag1_fta_per_min,lag1_tov_per_min,lag1_usage_per_min,b2b,roll3_min,roll3_min_std,roll3_pts,roll3_reb,roll3_ast,roll3_threes,roll3_fg3a,roll3_stl,roll3_blk,roll3_tov,roll3_fgm,roll3_fga,roll3_fg_pct,roll3_ftm,roll3_fta,roll3_ft_pct,roll3_oreb,roll3_dreb,roll3_pf,roll3_plus_minus,roll3_pts_per_min,roll3_pts_per_min_std,roll3_reb_per_min,roll3_reb_per_min_std,roll3_ast_per_min,roll3_ast_per_min_std,roll3_fg3m_per_min,roll3_fg3m_per_min_std,roll3_fg3a_per_min,roll3_fg3a_per_min_std,roll3_fga_per_min,roll3_fga_per_min_std,roll3_fta_per_min,roll3_fta_per_min_std,roll3_tov_per_min,roll3_tov_per_min_std,roll3_usage_per_min,roll3_usage_per_min_std,roll5_min,roll5_min_std,roll5_pts,roll5_reb,roll5_ast,roll5_threes,roll5_fg3a,roll5_stl,roll5_blk,roll5_tov,roll5_fgm,roll5_fga,roll5_fg_pct,roll5_ftm,roll5_fta,roll5_ft_pct,roll5_oreb,roll5_dreb,roll5_pf,roll5_plus_minus,roll5_pts_per_min,roll5_pts_per_min_std,roll5_reb_per_min,roll5_reb_per_min_std,roll5_ast_per_min,roll5_ast_per_min_std,roll5_fg3m_per_min,roll5_fg3m_per_min_std,roll5_fg3a_per_min,roll5_fg3a_per_min_std,roll5_fga_per_min,roll5_fga_per_min_std,roll5_fta_per_min,roll5_fta_per_min_std,roll5_tov_per_min,roll5_tov_per_min_std,roll5_usage_per_min,roll5_usage_per_min_std,roll10_min,roll10_min_std,roll10_pts,roll10_reb,roll10_ast,roll10_threes,roll10_fg3a,roll10_stl,roll10_blk,roll10_tov,roll10_fgm,roll10_fga,roll10_fg_pct,roll10_ftm,roll10_fta,roll10_ft_pct,roll10_oreb,roll10_dreb,roll10_pf,roll10_plus_minus,roll10_pts_per_min,roll10_pts_per_min_std,roll10_reb_per_min,roll10_reb_per_min_std,roll10_ast_per_min,roll10_ast_per_min_std,roll10_fg3m_per_min,roll10_fg3m_per_min_std,roll10_fg3a_per_min,roll10_fg3a_per_min_std,roll10_fga_per_min,roll10_fga_per_min_std,roll10_fta_per_min,roll10_fta_per_min_std,roll10_tov_per_min,roll10_tov_per_min_std,roll10_usage_per_min,roll10_usage_per_min_std,injury_status,team_on_slate,playing_today,opponent,home,pred_pts,pred_reb,pred_ast,pred_pra,pred_threes,pred_stl,pred_blk,pred_tov,mean_pts,mean_reb,mean_ast,mean_threes,mean_pra,mean_stl,mean_blk,mean_tov
3058895,Brionna Jones,ATL,2026-05-17,1.0,241.0,0.0,0.0,50.0,12,7,4,1,2,1,1,3,5,8,,1,2,,3,4,4,-3.0,32.0,0.375,0.21875,0.125,0.03125,0.0625,0.25,0.0625,0.09375,0.37125,0.0,28.333333333333332,5.507570547286102,10.666666666666666,4.666666666666667,2.6666666666666665,0.3333333333333333,0.6666666666666666,2.0,0.3333333333333333,2.0,4.666666666666667,7.0,,1.0,1.3333333333333333,,1.3333333333333333,3.3333333333333335,4.0,-3.0,0.37524437927663734,0.01173211433634124,0.15698313782991205,0.06402919950815586,0.08907624633431084,0.04032757900238709,0.010416666666666666,0.018042195912175808,0.020833333333333332,0.036084391824351615,0.24951124144672532,0.023464228672691347,0.04233870967741935,0.0366802528198796,0.06790689149560118,0.024325617874991975,0.3360471652003911,0.03048769165237263,24.2,7.014271166700073,10.6,4.2,2.0,0.2,0.4,1.6,0.2,1.4,4.6,8.0,,1.2,1.6,,1.4,2.8,3.0,1.2,0.4676466275659824,0.19325483576132393,0.1691898826979472,0.06543987972055013,0.07594574780058652,0.033999364679610344,0.00625,0.013975424859373685,0.012500000000000002,0.02795084971874737,0.3572067448680352,0.1591317661430133,0.0754032258064516,0.10264057262507514,0.053244134897360705,0.034456746810111766,0.4436282991202346,0.14892259021105145,24.8,5.5936471902408025,12.6,6.5,1.7,0.1,0.4,1.4,0.8,1.2,5.5,9.9,,1.5,1.7,,3.2,3.3,2.9,5.8,0.5278233137829912,0.1781802341268278,0.25992827468230695,0.13737045206735507,0.0669252548526742,0.030970960540864286,0.003125,0.009882117688026186,0.012916666666666665,0.027248428429027832,0.41031765814830334,0.13346337279335996,0.07474923195084486,0.0705456898892968,0.04681254363915654,0.024419906048184472,0.4900198638458316,0.12556005971734235,,True,True,LVA,True,11.975461,5.793147,1.7709798,19.539587,0.24254438,1.3291901,0.53409374,1.548393,11.271467,5.795679,1.6844332,0.3378337,18.751583,1.3291901,0.53409374,1.548393
3058901,Allisha Gray,ATL,2026-05-17,1.0,14.0,0.0,1.0,50.0,3,1,0,0,1,1,0,2,1,3,,1,2,,0,1,1,3.0,10.0,0.3,0.1,0.0,0.0,0.1,0.3,0.2,0.2,0.588,0.0,17.666666666666668,13.279056191361393,9.0,4.333333333333333,0.3333333333333333,0.6666666666666666,2.6666666666666665,0.3333333333333333,0.3333333333333333,1.3333333333333333,4.0,8.0,,0.3333333333333333,0.6666666666666666,,1.3333333333333333,3.0,2.3333333333333335,2.6666666666666665,0.45858585858585865,0.14246721896186007,0.15454545454545454,0.18785434836156206,0.010101010101010102,0.01749546270271526,0.043434343434343436,0.05127692988483664,0.19696969696969693,0.1758881437688661,0.4515151515151516,0.15002295508468563,0.06666666666666664,0.11547005383792516,0.08686868686868687,0.10255385976967318,0.5677171717171717,0.04591689435963509,23.8,12.676750372236569,11.2,5.2,1.4,0.8,3.4,0.8,0.4,1.2,4.2,11.2,,2.0,2.4,,1.4,3.8,3.0,0.4,0.44750174556626166,0.14232492551846732,0.17217427733556767,0.13637063904173444,0.04182097472420053,0.04846869970980805,0.03822650467811758,0.03697585226521032,0.17255969836614998,0.1288775602998521,0.4655634687892752,0.1098107720909047,0.09714285714285714,0.13642670155786654,0.06354978354978355,0.08177029680530819,0.571856109481916,0.05481152192646825,26.9,10.918384088825183,13.5,4.8,2.0,1.1,4.2,0.5,0.3,1.1,4.5,11.0,,3.4,4.0,,1.3,3.5,2.5,5.8,0.5030151370473951,0.1457083229782695,0.16422527680592197,0.10634168553365042,0.06790748435909726,0.07990966366760462,0.049593732819539264,0.04964525789250292,0.17489846780169363,0.09351009755589564,0.4072712238841271,0.10799811664339143,0.14537323037323038,0.12105287801777433,0.04758570258570259,0.06022005140246731,0.5188211478340511,0.0760178476725415,,True,True,LVA,True,9.654308,3.694936,1.0958921,14.445136,0.95714915,0.49909005,0.34761623,1.0780728,8.9503145,3.697468,1.0093455,1.0524385,13.65713,0.49909005,0.34761623,1.0780728
3142250,Jordin Canada,ATL,2026-05-17,1.0,14.0,0.0,1.0,41.0,3,0,1,1,2,0,0,1,1,3,,0,1,,0,0,1,-4.0,9.0,0.3333333333333333,0.0,0.1111111111111111,0.1111111111111111,0.2222222222222222,0.3333333333333333,0.1111111111111111,0.1111111111111111,0.4933333333333333,0.0,17.666666666666668,13.316656236958782,7.666666666666667,1.3333333333333333,5.0,0.3333333333333333,1.6666666666666667,0.0,0.3333333333333333,2.0,3.3333333333333335,6.333333333333333,,0.6666666666666666,2.0,,0.0,1.3333333333333333,2.0,-0.3333333333333333,0.35353535353535354,0.18265799313156675,0.06060606060606063,0.0524863881081478,0.2592592592592593,0.13183011414445714,0.037037037037037035,0.06415002990995841,0.12457912457912457,0.08590808634459982,0.31313131313131315,0.12246823891901153,0.08754208754208755,0.07845912591064673,0.12794612794612795,0.04773551137628901,0.4795959595959596,0.10973770101556345,20.2,10.059821071967423,5.8,1.6,5.0,0.2,1.2,0.6,0.2,1.6,2.6,6.8,,0.4,1.6,,0.4,1.2,2.8,-1.8,0.26290382081686425,0.1821697527027657,0.06836363636363636,0.06848538481956787,0.23972946859903382,0.10332749877028832,0.02222222222222222,0.04969039949999532,0.08344312692138779,0.08425683274612417,0.31274835309617915,0.08677634225390017,0.0699165568730786,0.06786444613905111,0.09276767676767676,0.06526634622370797,0.4362793148880105,0.09975481789291557,22.2,9.886017061149206,6.8,1.8,5.4,0.3,1.6,1.2,0.5,1.8,2.7,7.3,,1.1,1.9,,0.4,1.4,2.3,5.4,0.315577358437106,0.20920095609091582,0.06819257086999023,0.06458099770626846,0.2468934081346424,0.11637223861795273,0.01711469534050179,0.03532191436702352,0.07396170682986952,0.07406269041859526,0.30440643461260575,0.10567921562297557,0.08974322467309845,0.07506753925169718,0.09761322906484196,0.06524827361279845,0.44150668253361103,0.08709724908306055,,True,True,LVA,True,6.0894985,1.9753728,3.8714585,11.936329,0.16248342,0.9651568,0.28231385,1.6699933,5.3855047,1.9779048,3.784912,0.25777274,11.148322,0.9651568,0.28231385,1.6699933
4398674,Rhyne Howard,ATL,2026-05-17,1.0,14.0,0.0,1.0,47.0,2,0,3,0,5,1,0,0,0,5,,2,2,,0,0,0,-6.0,13.0,0.15384615384615385,0.0,0.23076923076923078,0.0,0.38461538461538464,0.38461538461538464,0.15384615384615385,0.0,0.4523076923076923,0.0,21.333333333333332,15.30795000427338,9.0,1.0,2.6666666666666665,1.6666666666666667,5.333333333333333,1.3333333333333333,0.3333333333333333,1.0,3.3333333333333335,9.333333333333334,,0.6666666666666666,1.0,,0.0,1.0,1.6666666666666667,-1.0,0.4380341880341881,0.2990460763406027,0.025641025641025644,0.04441155916843293,0.1581196581196581,0.07727838170950907,0.10042735042735042,0.13204713295282372,0.27991452991453,0.09340808971963419,0.42094017094017094,0.038639190854754445,0.05982905982905983,0.08242436547857228,0.025641025641025644,0.04441155916843275,0.4729059829059828,0.06888819961055798,25.8,12.437845472588894,11.4,2.2,2.6,1.8,6.0,1.4,0.2,1.4,3.8,10.8,,2.0,2.6,,0.0,2.2,2.0,-4.8,0.44842657342657344,0.2405719055650918,0.06500582750582751,0.07684028288748043,0.12555361305361307,0.0712417354272572,0.08525641025641026,0.10537026541516381,0.2546911421911422,0.10064456443042293,0.4133595571095571,0.09596088681521675,0.09726107226107225,0.0801722701468219,0.039816433566433565,0.04251894625775631,0.49597086247086253,0.08455082071752677,29.9,9.882082551545285,16.9,3.3,3.7,3.0,8.0,1.5,0.2,1.4,5.9,13.4,,2.1,2.4,,0.4,2.9,2.5,5.7,0.5497110255386995,0.23355694220765022,0.09829740093959109,0.06421695534608014,0.13457092662313375,0.05600233706625224,0.10314967736444818,0.0867218086118486,0.27236707817140754,0.09595619847277938,0.44009247818140007,0.1148960302747971,0.08023930958990382,0.06442150829187218,0.0433542434550499,0.04808748708058086,0.5187520178560077,0.10836897706894405,,True,True,LVA,True,11.669644,2.1367483,2.5284114,16.334805,1.9277195,0.7863226,0.19109121,1.4712327,10.965651,2.1392803,2.441865,2.0230088,15.546797,0.7863226,0.19109121,1.4712327
4398915,Naz Hillmon,ATL,2026-05-17,1.0,14.0,0.0,1.0,51.0,0,1,1,0,1,0,0,0,0,1,,0,0,,1,0,0,-5.0,10.0,0.0,0.1,0.1,0.0,0.1,0.1,0.0,0.0,0.1,0.0,26.333333333333332,15.176736583776282,5.666666666666667,6.0,1.6666666666666667,0.6666666666666666,3.3333333333333335,0.0,0.0,1.0,2.3333333333333335,6.666666666666667,,0.3333333333333333,0.6666666666666666,,0.6666666666666666,5.333333333333333,3.0,-6.0,0.16695402298850562,0.14680589858346366,0.19712643678160915,0.08422432910953724,0.07614942528735633,0.04433024285998626,0.016666666666666666,0.028867513459481287,0.12097701149425288,0.019282872494031746,0.22643678160919542,0.14151941473987056,0.01666666666666666,0.02886751345948135,0.03132183908045977,0.034914679994411606,0.2650919540229885,0.17484137989974707,27.8,11.122050170719424,8.0,6.2,1.8,1.0,3.2,0.2,0.6,1.0,3.0,6.2,,1.0,1.4,,1.4,4.8,3.4,0.6,0.24899396261465223,0.1725024135865446,0.20245094624404966,0.0744313146061035,0.07127888076163938,0.037280546160413486,0.029528619528619526,0.028218521569788567,0.11164344595379079,0.0250400775257005,0.2079159410193893,0.10568162975989444,0.040303030303030306,0.06583154616258155,0.030914315569487975,0.032695040200721025,0.2565635899222106,0.14139659653071138,30.5,8.086339647138796,9.8,6.3,2.7,1.7,4.3,0.5,0.6,1.0,3.7,7.6,,0.7,0.9,,1.2,5.1,2.5,9.2,0.2964495956864111,0.16068344482842745,0.19724262998476993,0.05818726968336109,0.08951198940042754,0.04148258102341086,0.04960908100613983,0.043939700738885666,0.13639361840173198,0.039472052319078584,0.23901107508485803,0.10277547264422447,0.026818181818181817,0.050231836764671335,0.03131500092199889,0.03066628744451609,0.28212607600685696,0.1211742316664903,,True,True,LVA,True,5.1244698,4.345709,1.4945434,10.964722,0.6105882,0.57516754,0.40931594,1.059361,4.420476,4.348241,1.4079969,0.70587754,10.176711,0.57516754,0.40931594,1.059361
4433402,Angel Reese,ATL,2026-05-17,1.0,14.0,0.0,1.0,49.0,10,4,0,0,0,2,0,2,3,7,,4,6,,3,1,3,-9.0,11.0,0.9090909090909091,0.36363636363636365,0.0,0.0,0.0,0.6363636363636364,0.5454545454545454,0.18181818181818182,1.0581818181818183,0.0,8.0,7.000000000000001,6.0,3.6666666666666665,0.6666666666666666,0.0,0.3333333333333333,1.6666666666666667,0.0,0.6666666666666666,1.6666666666666667,4.666666666666667,,2.6666666666666665,4.666666666666667,,1.6666666666666667,2.0,1.3333333333333333,1.6666666666666667,0.7622377622377623,0.207681711956888,0.451048951048951,0.12362006664100478,0.07692307692307693,0.10878565864408424,0.0,0.0,0.038461538461538464,0.05439282932204212,0.5874125874125874,0.0692272373189627,0.5804195804195804,0.04944802665640198,0.09090909090909088,0.128564869306645,0.9337062937062938,0.17603497489679099,4.8,6.610597552415364,3.6,2.2,0.4,0.0,0.2,1.0,0.0,0.4,1.0,2.8,,1.6,2.8,,1.0,1.2,0.8,1.0,0.7622377622377623,0.207681711956888,0.451048951048951,0.12362006664100478,0.07692307692307693,0.10878565864408424,0.0,0.0,0.038461538461538464,0.05439282932204212,0.5874125874125874,0.0692272373189627,0.5804195804195804,0.04944802665640198,0.09090909090909091,0.128564869306645,0.9337062937062938,0.17603497489679099,15.6,15.756480148391857,8.1,7.1,1.6,0.0,0.3,1.4,0.4,1.9,2.4,5.9,,3.3,5.1,,2.9,4.2,1.9,1.7,0.5781901593393529,0.209698702201248,0.45306870004450656,0.1147061264596872,0.09641442000312968,0.056146475233904675,0.0,0.0,0.02357320099255583,0.03672959525616358,0.42515703654816556,0.13566684621735992,0.3839746828658119,0.17675779215969475,0.11740525349396318,0.0697977152667387,0.7115111505030859,0.21702033830434425,,True,True,LVA,True,7.2283792,5.274088,1.167568,13.670035,0.0,0.6431707,0.5305965,1.2393856,6.5243855,5.27662,1.0810214,-0.24901417,12.882027,0.6431707,0.5305965,1.2393856
4433431,Te-Hina Paopao,ATL,2026-05-17,1.0,14.0,0.0,1.0,51.0,8,2,0,2,2,0,0,1,3,4,,0,0,,0,2,0,-8.0,9.0,0.8888888888888888,0.2222222222222222,0.0,0.2222222222222222,0.2222222222222222,0.4444444444444444,0.0,0.1111111111111111,0.5555555555555556,0.0,14.0,8.660254037844387,9.0,2.6666666666666665,1.6666666666666667,1.6666666666666667,3.0,0.0,0.0,1.0,3.6666666666666665,6.0,,0.0,0.0,,0.0,2.6666666666666665,1.0,-2.3333333333333335,0.699074074074074,0.1758649991965055,0.22685185185185186,0.1042437986036824,0.0925925925925926,0.08486251286955258,0.11574074074074074,0.11140008718070338,0.24074074074074073,0.08486251286955258,0.5046296296296297,0.24858136590108887,0.0,0.0,0.08796296296296295,0.040093768693723976,0.5925925925925927,0.27962349760262045,12.4,7.092249290598854,8.0,2.0,1.0,1.6,2.8,0.2,0.2,1.2,3.2,5.2,,0.0,0.0,,0.2,1.8,1.0,-0.8,0.6432539682539683,0.2165354419757777,0.18373015873015872,0.10026812756249058,0.05555555555555556,0.07856742013183846,0.1123015873015873,0.10939361366647657,0.21587301587301586,0.14388956740837575,0.45515873015873015,0.1913607931024805,0.0,0.0,0.11468253968253968,0.04704515288183242,0.5698412698412698,0.20174971585061754,16.5,7.6775285375206845,6.6,1.9,2.2,1.2,3.3,0.5,0.3,1.2,2.7,5.7,,0.0,0.0,,0.1,1.8,1.4,2.5,0.45389848950332823,0.2529887550278608,0.13588773681515615,0.08670558203099998,0.10909690220174091,0.09419933621325291,0.07882936507936508,0.0829348228354671,0.20251792114695338,0.10611648946332743,0.37976638504864313,0.15084403410345507,0.0,0.0,0.08712621607782897,0.05835118163286617,0.4668926011264721,0.1793498555935616,,True,True,LVA,True,6.1818504,1.9064828,1.9488269,10.03716,0.80026484,0.59660566,0.18587562,1.1860261,5.4778566,1.9090148,1.8622804,0.8955542,9.249153,0.59660566,0.18587562,1.1860261
4597509,Aaliyah Nye,ATL,2026-05-17,1.0,16.0,0.0,0.0,61.0,5,3,2,1,5,1,0,1,1,5,,2,3,,0,3,3,-12.0,20.0,0.25,0.15,0.1,0.05,0.25,0.25,0.15,0.05,0.366,0.0,12.333333333333334,10.785793124908958,3.6666666666666665,1.0,1.0,1.0,2.3333333333333335,1.0,0.0,1.0,1.0,2.3333333333333335,,0.6666666666666666,1.0,,0.0,1.0,1.3333333333333333,2.3333333333333335,0.30147058823529405,0.07279040394567404,0.075,0.10606601717798213,0.07941176470588235,0.029116161578269614,0.0838235294117647,0.04783369402144292,0.18382352941176472,0.09358766221586658,0.18382352941176477,0.09358766221586658,0.075,0.10606601717798213,0.08382352941176469,0.04783369402144292,0.3006470588235295,0.09242301575273582,8.2,9.497368056467012,2.2,0.6,0.6,0.6,1.4,0.6,0.0,0.6,0.6,1.4,,0.4,0.6,,0.0,0.6,1.0,0.6,0.15073529411764702,0.17905581855714586,0.03750000000000001,0.075,0.039705882352941174,0.048832978060440284,0.04191176470588236,0.05572087091560937,0.09191176470588236,0.11909343738486608,0.09191176470588233,0.11909343738486608,0.0375,0.075,0.04191176470588237,0.05572087091560937,0.1503235294117647,0.18159539992344637,4.6,7.4714270539316585,1.1,0.3,0.3,0.3,0.8,0.3,0.0,0.3,0.3,0.8,,0.2,0.3,,0.0,0.3,0.6,0.0,0.10049019607843139,0.15904577768752834,0.024999999999999998,0.06123724356957945,0.026470588235294117,0.04302570246566998,0.027941176470588237,0.048283691645241184,0.22794117647058823,0.3910492937891723,0.22794117647058823,0.3910492937891723,0.024999999999999998,0.06123724356957945,0.027941176470588237,0.048283691645241184,0.26688235294117646,0.3903747378944484,,True,True,LVA,True,6.3946,2.2008944,1.3593953,9.954889,0.76332295,0.6657794,0.20671915,1.0029285,5.690606,2.2034264,1.2728487,0.8586123,9.166883,0.6657794,0.20671915,1.0029285
5017721,Sika Kone,ATL,2026-05-17,1.0,14.0,0.0,1.0,43.0,4,2,0,0,1,0,0,0,2,4,,0,0,,1,1,1,1.0,11.0,0.36363636363636365,0.18181818181818182,0.0,0.0,0.09090909090909091,0.36363636363636365,0.0,0.0,0.36363636363636365,0.0,12.0,12.52996408614167,5.0,2.6666666666666665,0.3333333333333333,0.0,0.3333333333333333,0.0,0.0,0.0,1.6666666666666667,3.3333333333333335,,1.6666666666666667,2.6666666666666665,,0.6666666666666666,2.0,1.3333333333333333,0.0,0.40181818181818185,0.05399724510879092,0.2109090909090909,0.041140758178126395,0.02,0.0282842712474619,0.0,0.0,0.045454545454545456,0.0642824346533225,0.3018181818181818,0.08742411112851861,0.16,0.2262741699796952,0.0,0.0,0.3722181818181818,0.012136523662547243,7.6,10.714476188783099,3.0,1.8,0.2,0.0,0.2,0.0,0.0,0.4,1.0,2.2,,1.0,1.6,,0.6,1.2,1.0,-0.4,0.20090909090909093,0.2340751686382021,0.35545454545454547,0.44168847079605755,0.01,0.02,0.0,0.0,0.022727272727272728,0.04545454545454545,0.4009090909090909,0.4269734606367875,0.08,0.16,0.5,0.5773502691896257,0.9361090909090909,0.7685568997864546,4.5,7.877534865397649,1.9,1.0,0.2,0.0,0.2,0.0,0.0,0.2,0.5,1.4,,0.9,1.2,,0.3,0.7,0.6,-0.1,0.5337373737373737,1.311580685082034,0.195016835016835,0.3277737155590213,0.04148148148148148,0.11024103782055522,0.0,0.0,0.04713804713804713,0.1114549317712825,0.28929292929292927,0.4237655328286981,0.48000000000000004,1.324235628579748,0.2222222222222222,0.44095855184409843,0.7227151515151515,0.764361280162444,,True,True,LVA,True,4.07307,2.3927612,0.101788245,6.5676193,0.0,0.09977633,0.17469928,0.551848,3.369076,2.3952932,0.015241742,-0.031732947,5.7796116,0.09977633,0.17469928,0.551848
5105740,Indya Nivar,ATL,2026-05-17,1.0,14.0,0.0,1.0,3.0,4,2,0,0,1,0,0,2,1,3,,2,2,,1,1,3,3.0,14.0,0.2857142857142857,0.14285714285714285,0.0,0.0,0.07142857142857142,0.21428571428571427,0.14285714285714285,0.14285714285714285,0.42,0.0,16.0,2.8284271247461903,5.5,2.0,1.0,0.5,1.0,0.0,0.0,2.0,2.0,4.0,,1.0,1.5,,1.0,1.0,3.5,-1.0,0.3373015873015873,0.07295546155099303,0.12698412698412698,0.02244783432338246,0.05555555555555555,0.07856742013183861,0.027777777777777776,0.039283710065919304,0.06349206349206349,0.01122391716169123,0.24603174603174605,0.04489566864676495,0.0992063492063492,0.061731544389301764,0.12698412698412698,0.02244783432338246,0.41666666666666663,0.004714045207910328,16.0,2.8284271247461903,5.5,2.0,1.0,0.5,1.0,0.0,0.0,2.0,2.0,4.0,,1.0,1.5,,1.0,1.0,3.5,-1.0,0.3373015873015873,0.07295546155099303,0.12698412698412698,0.02244783432338246,0.05555555555555555,0.07856742013183861,0.027777777777777776,0.039283710065919304,0.06349206349206349,0.01122391716169123,0.24603174603174605,0.04489566864676495,0.0992063492063492,0.061731544389301764,0.12698412698412698,0.02244783432338246,0.41666666666666663,0.004714045207910328,16.0,2.8284271247461903,5.5,2.0,1.0,0.5,1.0,0.0,0.0,2.0,2.0,4.0,,1.0,1.5,,1.0,1.0,3.5,-1.0,0.3373015873015873,0.07295546155099303,0.12698412698412698,0.02244783432338246,0.05555555555555555,0.07856742013183861,0.027777777777777776,0.039283710065919304,0.06349206349206349,0.01122391716169123,0.24603174603174605,0.04489566864676495,0.0992063492063492,0.061731544389301764,0.12698412698412698,0.02244783432338246,0.41666666666666663,0.004714045207910328,,True,True,LVA,True,5.8882422,2.4277987,0.9641203,9.280161,0.31364837,0.3460734,0.09328075,1.3187766,5.1842484,2.4303308,0.87757385,0.4089377,8.492152,0.3460734,0.09328075,1.3187766
5108587,Madina Okot,ATL,2026-05-17,1.0,14.0,0.0,1.0,3.0,9,6,1,1,3,1,2,5,3,6,,2,4,,2,4,3,3.0,21.0,0.42857142857142855,0.2857142857142857,0.047619047619047616,0.047619047619047616,0.14285714285714285,0.2857142857142857,0.19047619047619047,0.23809523809523808,0.6076190476190476,0.0,22.0,1.4142135623730951,11.5,8.5,0.5,0.5,2.5,1.0,1.0,3.5,4.0,10.0,,3.0,5.0,,1.0,7.5,2.5,1.5,0.5186335403726708,0.1273670599652788,0.38198757763975155,0.136150995135298,0.023809523809523808,0.03367175148507369,0.023809523809523808,0.03367175148507369,0.11490683229813664,0.0395277082650865,0.4472049689440994,0.22838231442049986,0.22567287784679088,0.04977563263010894,0.16252587991718426,0.10687121123523388,0.7090269151138717,0.14341238154251396,22.0,1.4142135623730951,11.5,8.5,0.5,0.5,2.5,1.0,1.0,3.5,4.0,10.0,,3.0,5.0,,1.0,7.5,2.5,1.5,0.5186335403726708,0.1273670599652788,0.38198757763975155,0.136150995135298,0.023809523809523808,0.03367175148507369,0.023809523809523808,0.03367175148507369,0.11490683229813664,0.0395277082650865,0.4472049689440994,0.22838231442049986,0.22567287784679088,0.04977563263010894,0.16252587991718426,0.10687121123523388,0.7090269151138717,0.14341238154251396,22.0,1.4142135623730951,11.5,8.5,0.5,0.5,2.5,1.0,1.0,3.5,4.0,10.0,,3.0,5.0,,1.0,7.5,2.5,1.5,0.5186335403726708,0.1273670599652788,0.38198757763975155,0.136150995135298,0.023809523809523808,0.03367175148507369,0.023809523809523808,0.03367175148507369,0.11490683229813664,0.0395277082650865,0.4472049689440994,0.22838231442049986,0.22567287784679088,0.04977563263010894,0.16252587991718426,0.10687121123523388,0.7090269151138717,0.14341238154251396,,True,True,LVA,True,12.183899,7.190278,0.70041734,20.074593,0.37572676,0.69329244,0.9133569,1.7261194,11.479905,7.19281,0.61387086,0.47101608,19.28659,0.69329244,0.9133569,1.7261194
5208983,Isobel Borlase,ATL,2026-05-17,1.0,14.0,0.0,1.0,3.0,2,1,2,0,2,2,1,1,1,4,,0,0,,0,1,0,-7.0,14.0,0.14285714285714285,0.07142857142857142,0.14285714285714285,0.0,0.14285714285714285,0.2857142857142857,0.0,0.07142857142857142,0.35714285714285715,0.0,19.0,7.0710678118654755,7.5,1.0,2.5,0.0,3.0,1.0,1.0,2.5,2.5,9.0,,2.5,2.5,,0.0,1.0,0.5,2.0,0.34226190476190477,0.28200091868749216,0.05654761904761904,0.021044844678171058,0.13392857142857142,0.012626906806902628,0.0,0.0,0.15476190476190477,0.016835875742536855,0.43452380952380953,0.21044844678171062,0.10416666666666667,0.1473139127471974,0.11904761904761904,0.06734350297014738,0.5994047619047619,0.34261007136062477,19.0,7.0710678118654755,7.5,1.0,2.5,0.0,3.0,1.0,1.0,2.5,2.5,9.0,,2.5,2.5,,0.0,1.0,0.5,2.0,0.34226190476190477,0.28200091868749216,0.05654761904761904,0.021044844678171058,0.13392857142857142,0.012626906806902628,0.0,0.0,0.15476190476190477,0.016835875742536855,0.43452380952380953,0.21044844678171062,0.10416666666666667,0.1473139127471974,0.11904761904761904,0.06734350297014738,0.5994047619047619,0.34261007136062477,19.0,7.0710678118654755,7.5,1.0,2.5,0.0,3.0,1.0,1.0,2.5,2.5,9.0,,2.5,2.5,,0.0,1.0,0.5,2.0,0.34226190476190477,0.28200091868749216,0.05654761904761904,0.021044844678171058,0.13392857142857142,0.012626906806902628,0.0,0.0,0.15476190476190477,0.016835875742536855,0.43452380952380953,0.21044844678171062,0.10416666666666667,0.1473139127471974,0.11904761904761904,0.06734350297014738,0.5994047619047619,0.34261007136062477,,True,True,LVA,True,10.622172,1.6300826,2.7154486,14.967703,0.92332983,0.9799131,0.6761497,1.4622872,9.918179,1.6326146,2.6289022,1.0186192,14.179698,0.9799131,0.6761497,1.4622872
981,Courtney Vandersloot,CHI,2026-05-17,0.0,2.0,1.0,1.0,43.0,0,0,0,0,0,0,0,0,0,0,,0,0,,0,0,0,0.0,0.0,,,,,,,,,,0.0,0.0,0.0,0.0,0.0,0.0,0.0,0.0,0.0,0.0,0.0,0.0,0.0,,0.0,0.0,,0.0,0.0,0.0,0.0,,,,,,,,,,,,,,,,,,,0.0,0.0,0.0,0.0,0.0,0.0,0.0,0.0,0.0,0.0,0.0,0.0,,0.0,0.0,,0.0,0.0,0.0,0.0,,,,,,,,,,,,,,,,,,,0.0,0.0,0.0,0.0,0.0,0.0,0.0,0.0,0.0,0.0,0.0,0.0,,0.0,0.0,,0.0,0.0,0.0,0.0,,,,,,,,,,,,,,,,,,,,True,True,MIN,False,3.400538,1.1651593,0.6422222,5.2079196,0.12824418,0.26722825,0.15341568,0.49640992,2.696544,1.1676913,0.55567575,0.2235335,4.4199114,0.26722825,0.15341568,0.49640992
2491205,Skylar Diggins,CHI,2026-05-17,0.0,2.0,1.0,1.0,51.0,0,2,3,0,2,1,0,0,0,5,,0,0,,1,1,3,-9.0,12.0,0.0,0.16666666666666666,0.25,0.0,0.16666666666666666,0.4166666666666667,0.0,0.0,0.4166666666666667,0.0,20.666666666666668,13.316656236958778,6.666666666666667,2.3333333333333335,4.333333333333333,1.0,3.0,1.3333333333333333,0.3333333333333333,1.3333333333333333,2.0,7.666666666666667,,1.6666666666666667,2.6666666666666665,,1.0,1.3333333333333333,2.0,-6.333333333333333,0.287037037037037,0.2580992567549326,0.1164021164021164,0.04783899820112463,0.2341269841269841,0.061090493326748596,0.027777777777777776,0.048112522432468774,0.14947089947089945,0.015023567052381767,0.3783068783068783,0.03327975033177044,0.16137566137566137,0.23305962422473048,0.0515873015873016,0.04507070115714504,0.5008994708994711,0.10400088344554412,24.6,11.304866208850065,11.6,2.0,4.4,1.8,3.6,1.2,0.4,1.6,4.0,10.8,,1.8,2.8,,0.8,1.2,2.4,-7.0,0.41310134310134305,0.27018147715026664,0.09094017094017094,0.051498569026814614,0.19586080586080587,0.08065406722555041,0.0549084249084249,0.05207723367253028,0.14704517704517706,0.02272668370073588,0.42588522588522587,0.08688632377388412,0.13704517704517705,0.1684588485558771,0.05380952380952379,0.051551880391330816,0.5399946275946277,0.12672933132831823,27.8,8.482662055955993,13.8,2.2,5.2,1.8,4.6,1.7,0.5,1.7,4.8,12.0,,2.4,3.3,,1.0,1.2,2.1,-1.8,0.4679389384561798,0.23437451618676208,0.08551188275326208,0.04542869411002517,0.1947821718511374,0.05490332972171542,0.05713476178993421,0.05168127653573851,0.1635763278866727,0.054009059808373686,0.42805830185140525,0.07867315536971153,0.13069231534748776,0.11491737957244355,0.05659352142110763,0.04029056736365277,0.5421564420254075,0.10501227397755206,,True,True,MIN,False,11.555859,2.1167867,3.5257335,17.19838,0.99802935,0.8744426,0.41102594,1.9666007,10.851865,2.1193187,3.439187,1.0933187,16.410372,0.8744426,0.41102594,1.9666007
2529137,Natasha Cloud,CHI,2026-05-17,0.0,2.0,1.0,1.0,50.0,7,3,7,0,2,2,0,1,3,8,,1,3,,0,3,5,-11.0,23.0,0.30434782608695654,0.13043478260869565,0.30434782608695654,0.0,0.08695652173913043,0.34782608695652173,0.13043478260869565,0.043478260869565216,0.44869565217391305,0.0,28.666666666666668,6.0277137733417145,7.333333333333333,2.6666666666666665,3.6666666666666665,1.0,2.6666666666666665,2.0,0.3333333333333333,2.0,2.3333333333333335,6.333333333333333,,1.6666666666666667,2.3333333333333335,,0.3333333333333333,2.3333333333333335,3.6666666666666665,-14.333333333333334,0.2633540372670807,0.055651619340626506,0.0958592132505176,0.030783484297507633,0.1443064182194617,0.13878385922837225,0.03333333333333333,0.035951592548908354,0.09565217391304348,0.04351373885251424,0.23260869565217393,0.09984508273458045,0.08633540372670807,0.038853401672132706,0.06449275362318842,0.04329635118815251,0.3350890269151139,0.1036375749243661,29.0,8.57321409974112,9.4,3.0,3.4,1.2,3.2,2.2,0.2,2.4,3.4,7.2,,1.4,2.0,,0.2,2.8,2.8,-4.6,0.2940650539391958,0.17577990853176476,0.09804184373978424,0.040838950736478793,0.12211016672115071,0.10587205155491802,0.034999999999999996,0.03680478007996641,0.10844393592677344,0.03877757816781672,0.25219679633867276,0.0766395037112786,0.06680124223602484,0.04661960325756982,0.0797482837528604,0.037109575800789316,0.3613376266753841,0.08475572475403259,27.3,11.37296990431455,10.0,3.2,3.6,1.5,3.6,1.3,0.4,2.2,3.6,7.4,,1.3,1.6,,0.3,2.9,2.3,-3.3,0.34518946644571014,0.1485236746918543,0.11303001673317364,0.05893783254766565,0.13454547294942462,0.07960953870578255,0.050328554360812426,0.03593366786228955,0.12880497435995578,0.04666059557615872,0.2709137916736155,0.0732141697448796,0.05686488766198911,0.04833886101063971,0.07901189001801684,0.02826354464937454,0.3749462322629075,0.08692132645589695,,True,True,MIN,False,10.119223,3.1769223,3.7169032,17.013048,1.0396395,1.0608506,0.29555547,1.7727165,9.415229,3.1794543,3.6303568,1.1349288,16.225044,1.0608506,0.29555547,1.7727165
2566081,Elizabeth Williams,CHI,2026-05-17,0.0,2.0,1.0,1.0,48.0,1,4,1,0,0,0,1,1,0,2,,1,2,,1,3,3,-5.0,17.0,0.058823529411764705,0.23529411764705882,0.058823529411764705,0.0,0.0,0.11764705882352941,0.11764705882352941,0.058823529411764705,0.22823529411764706,0.0,9.333333333333334,8.621678104251716,1.6666666666666667,2.6666666666666665,0.6666666666666666,0.0,0.0,0.0,0.3333333333333333,0.3333333333333333,0.6666666666666666,2.0,,0.3333333333333333,0.6666666666666666,,1.0,1.6666666666666667,1.6666666666666667,-2.6666666666666665,0.2112299465240643,0.21553522207290485,0.2994652406417112,0.09075167245174941,0.0748663101604278,0.022687918112937352,0.0,0.0,0.0,0.0,0.24064171122994654,0.17394070553251972,0.058823529411764705,0.0831890330807703,0.02941176470588234,0.04159451654038515,0.29593582887700537,0.09574301443659565,16.8,12.235195135346226,5.6,5.2,1.8,0.0,0.0,0.4,0.8,1.6,2.2,4.4,,1.2,2.0,,1.2,4.0,1.4,-7.2,0.31134413992869875,0.16990300400569797,0.30858678698752223,0.05751815159669225,0.0999331550802139,0.03177068085111265,0.0,0.0,0.0,0.0,0.2739666889483066,0.16363043292712628,0.09191176470588236,0.11909343738486611,0.07981004901960784,0.06963828494964938,0.3942179144385027,0.16624950945559328,16.2,8.270429251254136,5.9,3.9,1.4,0.0,0.0,0.5,0.6,1.3,2.5,4.4,,0.9,1.4,,1.3,2.6,1.3,-4.0,0.35099388175368573,0.16808644219514343,0.23032394711316279,0.11442350142624338,0.07965927500241227,0.039493358298086645,0.0,0.0,0.0,0.0,0.27579906023533474,0.11422689295590227,0.07183257918552036,0.09300214689127141,0.0686501452432825,0.06071284349837579,0.3760555403202462,0.12476702330825241,,True,True,MIN,False,6.7000637,3.9181356,1.6451398,12.263339,0.10997678,0.35131615,0.61959636,1.2187167,5.99607,3.9206676,1.5585933,0.2052661,11.475332,0.35131615,0.61959636,1.2187167
2566186,Rachel Banham,CHI,2026-05-17,0.0,2.0,1.0,1.0,50.0,5,0,1,1,3,0,1,1,2,5,,0,0,,0,0,3,0.0,16.0,0.3125,0.0,0.0625,0.0625,0.1875,0.3125,0.0,0.0625,0.375,0.0,16.666666666666668,1.1547005383792395,8.666666666666666,0.3333333333333333,1.0,2.3333333333333335,3.6666666666666665,0.3333333333333333,0.3333333333333333,1.3333333333333333,2.6666666666666665,4.333333333333333,,1.0,1.3333333333333333,,0.0,0.3333333333333333,2.3333333333333335,-3.0,0.5208333333333334,0.21949278651776538,0.018518518518518517,0.0320750149549792,0.06018518518518518,0.004009376869373578,0.13888888888888887,0.0669697969513399,0.2199074074074074,0.031314234394603346,0.261574074074074,0.046238389711662546,0.08333333333333333,0.1443375672974064,0.0787037037037037,0.028065638085606796,0.37694444444444447,0.04461512366069777,23.4,9.262828941527527,8.6,1.4,3.0,1.8,5.0,0.4,0.4,2.2,2.4,6.2,,2.0,2.6,,0.0,1.4,2.2,-10.0,0.4148172905525847,0.23389014720602652,0.046939988116458706,0.04505423750649054,0.10848187759952466,0.10879441975876933,0.09545454545454546,0.07898658291174175,0.21554515745692218,0.02303987531489315,0.2647875816993464,0.05584644863854081,0.10383244206773619,0.10652674718085754,0.08893345216874629,0.026065675220664282,0.3994073083778966,0.060101542119160016,24.7,6.684143758012533,8.3,1.6,2.9,1.7,4.4,0.7,0.3,2.1,2.6,6.3,,1.4,1.7,,0.0,1.6,1.9,-7.2,0.3628036373809619,0.2177557921001043,0.056764828256289354,0.04888605991476148,0.1091770994133423,0.08205621118765027,0.07911594856756146,0.0634438709399153,0.17929524960597068,0.0560409497057732,0.25384472701028676,0.08454584334159071,0.06760852872617577,0.08557368480932973,0.08168260697767339,0.051447754998850556,0.36527508662747754,0.10942269513522576,,True,True,MIN,False,6.450604,1.0682309,2.1233456,9.64218,1.1480979,0.3480096,0.25801712,1.3325274,5.74661,1.0707629,2.0367992,1.2433872,8.854173,0.3480096,0.25801712,1.3325274
3142010,Azura Stevens,CHI,2026-05-17,0.0,2.0,1.0,1.0,47.0,0,0,0,0,0,0,0,0,0,0,,0,0,,0,0,0,0.0,0.0,,,,,,,,,,0.0,17.666666666666668,15.307950004273378,4.333333333333333,7.0,1.6666666666666667,0.6666666666666666,4.333333333333333,1.0,0.0,0.0,1.0,5.0,,1.6666666666666667,2.0,,1.0,6.0,0.6666666666666666,-4.0,0.24430199430199423,0.07353104704646475,0.39743589743589736,0.09065471553673664,0.09401709401709402,0.024174590809796507,0.03774928774928778,0.0010072746170748667,0.24430199430199429,0.07353104704646432,0.28205128205128216,0.07252377242938947,0.1111111111111111,0.15713484026367722,0.0,0.0,0.3309401709401709,0.14166310214540637,21.4,12.157302332343304,5.8,8.0,1.6,0.8,4.4,1.0,0.0,0.6,1.8,6.8,,1.4,1.6,,1.2,6.8,1.2,-0.6,0.2617343304843305,0.13435907422657528,0.3737179487179487,0.06061902168503224,0.07409188034188034,0.028780591844926755,0.03762464387464387,0.0034544159544155515,0.20548433048433046,0.06173615628029223,0.316025641025641,0.05896971367806802,0.07222222222222222,0.10482201257840673,0.029166666666666667,0.03938179688543837,0.3769700854700855,0.09767918382508983,24.2,8.841819822738854,6.8,7.6,2.3,1.1,4.0,1.1,0.6,0.9,2.3,6.7,,1.1,1.3,,1.1,6.5,1.4,-0.7,0.26993191055729676,0.14412065328508303,0.31332284367879476,0.09849101839088859,0.09268651355785207,0.04215906705221163,0.0446537480884286,0.019755839457622593,0.16400289477844787,0.06055622128620985,0.27464680604280156,0.07907864650520186,0.050514288853183924,0.0749861713868403,0.037372420765079274,0.033840416454482616,0.3342455139032818,0.09991689663690884,,True,True,MIN,False,5.0545073,4.812345,1.0782746,10.945127,0.62995255,0.5596415,0.46998954,0.59022087,4.3505135,4.814877,0.99172807,0.72524184,10.157121,0.5596415,0.46998954,0.59022087
4066548,DiJonai Carrington,CHI,2026-05-17,0.0,2.0,1.0,1.0,47.0,0,0,0,0,0,0,0,0,0,0,,0,0,,0,0,0,0.0,0.0,,,,,,,,,,0.0,0.0,0.0,0.0,0.0,0.0,0.0,0.0,0.0,0.0,0.0,0.0,0.0,,0.0,0.0,,0.0,0.0,0.0,0.0,,,,,,,,,,,,,,,,,,,0.0,0.0,0.0,0.0,0.0,0.0,0.0,0.0,0.0,0.0,0.0,0.0,,0.0,0.0,,0.0,0.0,0.0,0.0,,,,,,,,,,,,,,,,,,,2.5,5.317685377848001,1.7,0.2,0.2,0.4,0.7,0.1,0.1,0.1,0.6,1.2,,0.1,0.2,,0.1,0.1,0.3,2.2,0.6655844155844157,0.1698892915837798,0.07142857142857142,0.10101525445522196,0.09090909090909093,0.128564869306645,0.16233766233766234,0.02754961485142441,0.26948051948051943,0.12397326683140801,0.45779220779220775,0.2617213410885278,0.0714285714285714,0.10101525445522067,0.03571428571428568,0.05050762722761057,0.524935064935065,0.3566756802764351,,True,True,MIN,False,2.5509377,0.5935543,0.11668297,3.261175,0.06660527,0.04425019,0.07619848,0.28280956,1.8469437,0.5960863,0.030136466,0.16189459,2.4731665,0.04425019,0.07619848,0.28280956
4432865,Jacy Sheldon,CHI,2026-05-17,0.0,2.0,1.0,1.0,47.0,8,0,3,1,2,0,0,2,3,6,,1,1,,0,0,5,-7.0,26.0,0.3076923076923077,0.0,0.11538461538461539,0.038461538461538464,0.07692307692307693,0.23076923076923078,0.038461538461538464,0.07692307692307693,0.32461538461538464,0.0,20.0,5.196152422706632,4.333333333333333,1.0,1.6666666666666667,0.3333333333333333,1.6666666666666667,0.3333333333333333,0.0,1.6666666666666667,1.6666666666666667,5.333333333333333,,0.6666666666666666,0.6666666666666666,,0.3333333333333333,0.6666666666666666,2.6666666666666665,-9.666666666666666,0.2006033182503771,0.09729383663873388,0.0588235294117647,0.058823529411764705,0.07767722473604825,0.06727996057222004,0.012820512820512822,0.022205779584216375,0.08446455505279034,0.03012818153158096,0.273001508295626,0.03657422519753286,0.032428355957767725,0.029872250860238852,0.08446455505279034,0.030128181531580964,0.37173453996983413,0.044005015371025205,12.0,11.554220008291344,2.6,0.6,1.0,0.2,1.0,0.2,0.0,1.0,1.0,3.2,,0.4,0.4,,0.2,0.4,1.6,-5.8,0.2006033182503771,0.09729383663873388,0.0588235294117647,0.058823529411764705,0.07767722473604825,0.06727996057222004,0.01282051282051283,0.022205779584216375,0.08446455505279037,0.03012818153158096,0.2730015082956259,0.03657422519753286,0.032428355957767725,0.029872250860238852,0.08446455505279034,0.030128181531580964,0.37173453996983413,0.044005015371025205,6.0,9.966610925150702,1.3,0.3,0.5,0.1,0.5,0.1,0.0,0.5,0.5,1.6,,0.2,0.2,,0.1,0.2,0.8,-2.9,0.2006033182503771,0.09729383663873388,0.0588235294117647,0.058823529411764705,0.07767722473604827,0.06727996057222004,0.012820512820512822,0.022205779584216375,0.08446455505279034,0.03012818153158096,0.2730015082956259,0.03657422519753286,0.032428355957767725,0.029872250860238852,0.08446455505279034,0.030128181531580964,0.37173453996983413,0.044005015371025205,,True,True,MIN,False,7.6554213,2.5510235,2.064642,12.271087,0.647717,0.56262636,0.2512082,1.3538065,6.9514275,2.5535555,1.9780955,0.74300635,11.483079,0.56262636,0.2512082,1.3538065
4433405,Kamilla Cardoso,CHI,2026-05-17,0.0,2.0,1.0,1.0,46.0,7,8,1,0,0,0,1,2,2,6,,3,4,,2,6,4,-2.0,23.0,0.30434782608695654,0.34782608695652173,0.043478260869565216,0.0,0.0,0.2608695652173913,0.17391304347826086,0.08695652173913043,0.42434782608695654,0.0,18.666666666666668,3.785938897200182,6.666666666666667,5.333333333333333,0.6666666666666666,0.0,0.0,0.3333333333333333,1.0,2.6666666666666665,2.0,5.0,,2.6666666666666665,4.333333333333333,,1.3333333333333333,4.0,4.0,-9.666666666666666,0.3600277067348678,0.20608828404257604,0.2777067348678602,0.06116868804335178,0.034100596760443296,0.030512412903961252,0.0,0.0,0.0,0.0,0.2695545609548167,0.03932885620881062,0.2368925831202046,0.1534057233126635,0.15276001705029837,0.13905219498052207,0.5265473145780052,0.13531325195023586,25.0,9.137833441248533,10.8,6.8,1.4,0.0,0.0,0.4,1.8,2.4,4.0,8.4,,2.8,4.0,,1.6,5.2,3.0,-13.0,0.41147116949546614,0.1751627940908201,0.2731896974863727,0.10020182640231884,0.04975328734919528,0.032880470394462714,0.0,0.0,0.0,0.0,0.3177933426334961,0.07408099421402647,0.18405474179131467,0.14130608267238134,0.11539338396755276,0.11306612746109936,0.5141708129892273,0.10099596346421266,27.6,7.2141835604900235,12.2,8.0,2.3,0.0,0.0,0.3,1.9,2.5,5.0,9.9,,2.2,3.5,,2.6,5.4,3.1,-9.4,0.43710432120062104,0.1643193922760493,0.2871188032248898,0.10012807181405993,0.07715123035486454,0.04293806681925934,0.0,0.0,0.0,0.0,0.3508301629653519,0.08591813623084531,0.1393676212250381,0.12256887401880807,0.09815062649013025,0.0858913431190588,0.5103025427944989,0.07220251014659751,,True,True,MIN,False,12.247827,7.1667585,2.1141136,21.528698,0.0,0.5682354,1.3315803,1.9838606,11.543833,7.1692905,2.0275671,-0.115377456,20.74069,0.5682354,1.3315803,1.9838606
4433424,Maddy Westbeld,CHI,2026-05-17,0.0,18.0,0.0,0.0,48.0,5,5,2,1,2,1,1,1,2,4,,0,0,,0,5,1,8.0,12.0,0.4166666666666667,0.4166666666666667,0.16666666666666666,0.08333333333333333,0.16666666666666666,0.3333333333333333,0.0,0.08333333333333333,0.4166666666666667,0.0,22.666666666666668,9.237604307034013,12.333333333333334,4.666666666666667,2.3333333333333335,2.3333333333333335,4.0,1.6666666666666667,0.6666666666666666,0.3333333333333333,3.6666666666666665,7.0,,2.6666666666666665,2.6666666666666665,,0.3333333333333333,4.333333333333333,2.0,-1.0,0.5198412698412699,0.333616659634662,0.24603174603174605,0.1726532533159293,0.11507936507936507,0.04811252243246882,0.0992063492063492,0.07273929674533079,0.17460317460317462,0.036369648372665445,0.3134920634920635,0.12617550075860828,0.09523809523809523,0.08247860988423225,0.027777777777777776,0.048112522432468816,0.3831746031746032,0.12832103778304363,20.4,7.3688533707762165,9.2,4.2,2.0,1.6,3.2,1.0,0.4,0.6,3.0,6.6,,1.6,1.6,,0.8,3.4,2.0,-2.4,0.42629072681704266,0.2972979061475498,0.232531328320802,0.12932605857657165,0.10343358395989974,0.039973915968127244,0.07285714285714286,0.0671031628697201,0.15248120300751877,0.04095678278585843,0.32844611528822054,0.09237595127326628,0.05714285714285714,0.07824607964359516,0.04052631578947368,0.03855859383471226,0.39411528822055136,0.09226581645332392,11.1,11.288637355027989,5.0,2.2,1.1,0.9,1.7,0.5,0.2,0.4,1.6,3.6,,0.9,1.0,,0.4,1.8,1.0,-0.7,0.4293163464216096,0.26601459028354646,0.21229462545252017,0.12584644770288664,0.10471317181843498,0.03589087957668057,0.07923280423280422,0.0620174324005658,0.14558618769145085,0.04033873897616605,0.32926065162907264,0.08264764918384601,0.08465608465608465,0.09715876343820554,0.05229044834307992,0.044941973868992,0.41879977722082984,0.10230507656938617,,True,True,MIN,False,7.32905,3.0799074,1.4863876,11.895345,0.65765667,0.7392067,0.451283,1.2214446,6.6250563,3.0824394,1.3998411,0.752946,11.107337,0.7392067,0.451283,1.2214446
4433433,Aicha Coulibaly,CHI,2026-05-17,0.0,2.0,1.0,1.0,4.0,8,1,0,0,1,1,0,0,4,6,,0,0,,0,1,4,12.0,16.0,0.5,0.0625,0.0,0.0,0.0625,0.375,0.0,0.0,0.375,0.0,15.333333333333334,0.5773502691896255,5.666666666666667,1.3333333333333333,0.3333333333333333,0.0,0.6666666666666666,1.3333333333333333,1.0,0.3333333333333333,2.0,4.0,,1.6666666666666667,2.0,,0.3333333333333333,1.0,3.3333333333333335,-2.0,0.3666666666666667,0.20275875100994065,0.08749999999999998,0.03974746672570607,0.022222222222222223,0.03849001794597505,0.0,0.0,0.04305555555555555,0.037345360165968754,0.25833333333333336,0.10103629710818449,0.13333333333333333,0.17638342073763938,0.022222222222222223,0.03849001794597505,0.33922222222222226,0.09707747955647096,15.333333333333334,0.5773502691896255,5.666666666666667,1.3333333333333333,0.3333333333333333,0.0,0.6666666666666666,1.3333333333333333,1.0,0.3333333333333333,2.0,4.0,,1.6666666666666667,2.0,,0.3333333333333333,1.0,3.3333333333333335,-2.0,0.3666666666666667,0.20275875100994065,0.08749999999999998,0.03974746672570607,0.022222222222222223,0.03849001794597505,0.0,0.0,0.04305555555555555,0.037345360165968754,0.25833333333333336,0.10103629710818449,0.13333333333333333,0.17638342073763938,0.022222222222222223,0.03849001794597505,0.33922222222222226,0.09707747955647096,15.333333333333334,0.5773502691896255,5.666666666666667,1.3333333333333333,0.3333333333333333,0.0,0.6666666666666666,1.3333333333333333,1.0,0.3333333333333333,2.0,4.0,,1.6666666666666667,2.0,,0.3333333333333333,1.0,3.3333333333333335,-2.0,0.3666666666666667,0.20275875100994065,0.08749999999999998,0.03974746672570607,0.022222222222222223,0.03849001794597505,0.0,0.0,0.04305555555555555,0.037345360165968754,0.25833333333333336,0.10103629710818449,0.13333333333333333,0.17638342073763938,0.022222222222222223,0.03849001794597505,0.33922222222222226,0.09707747955647096,,True,True,MIN,False,7.068219,2.476402,0.60664636,10.151268,0.2534801,0.8126086,0.76143587,0.9587376,6.3642254,2.478934,0.5200999,0.34876943,9.36326,0.8126086,0.76143587,0.9587376
4433630,Rickea Jackson,CHI,2026-05-17,0.0,2.0,1.0,1.0,45.0,29,6,0,4,10,0,3,2,10,22,,5,6,,1,5,0,-21.0,32.0,0.90625,0.1875,0.0,0.125,0.3125,0.6875,0.1875,0.0625,0.8325,0.0,25.0,6.082762530298216,17.666666666666668,4.0,1.0,1.3333333333333333,4.333333333333333,0.0,1.0,3.0,5.0,13.333333333333334,,6.333333333333333,6.666666666666667,,0.3333333333333333,3.6666666666666665,1.0,-11.666666666666666,0.6765422077922079,0.25071940417567934,0.15557359307359306,0.02783905531924897,0.0468975468975469,0.04763544254038691,0.041666666666666664,0.07216878364870323,0.15034271284271286,0.1420906270507369,0.5076659451659452,0.16002874922576332,0.2811147186147186,0.129240390134511,0.1312229437229437,0.13406460361661324,0.7625793650793652,0.14125612449013045,23.4,4.87852436706018,14.2,3.2,1.2,1.2,4.4,0.0,0.6,2.0,4.2,11.2,,4.6,4.8,,0.4,2.8,0.8,-8.8,0.5759253246753246,0.23070469112134925,0.1306168831168831,0.04987646021443062,0.05632034632034631,0.038861826542117346,0.04409090909090909,0.051164133873655274,0.17566017316017316,0.10672241668779782,0.455508658008658,0.14453669036347921,0.20685064935064937,0.13675810677591424,0.08782467532467533,0.11303236979595711,0.6343476190476192,0.21356494362931458,27.3,6.05621810850449,15.0,2.7,0.8,1.6,5.3,0.2,0.6,2.0,4.8,11.7,,3.8,4.2,,0.3,2.4,0.8,-6.0,0.5401042476042476,0.1903780190389209,0.10169478669478668,0.04978152088364194,0.034062950937950934,0.03658505230469631,0.056090275465275466,0.04884700381066541,0.1915849197099197,0.10153907667844973,0.4245690420690421,0.11495642346965379,0.15871963684463683,0.1253537409993964,0.07686283623783623,0.08233470784636855,0.5712685185185186,0.17868478082085795,,True,True,MIN,False,16.099854,3.739568,1.7962211,21.635643,1.6456941,0.7005136,0.64251065,1.8893186,15.395859,3.7421,1.7096746,1.7409835,20.847637,0.7005136,0.64251065,1.8893186
4594786,Sydney Taylor,CHI,2026-05-17,0.0,2.0,1.0,1.0,4.0,5,0,0,0,1,0,1,0,1,3,,3,3,,0,0,1,8.0,7.0,0.7142857142857143,0.0,0.0,0.0,0.14285714285714285,0.42857142857142855,0.42857142857142855,0.0,0.6171428571428572,0.0,11.666666666666666,5.033222956847166,11.333333333333334,1.0,1.6666666666666667,1.0,3.3333333333333335,0.0,0.6666666666666666,1.3333333333333333,3.3333333333333335,7.0,,3.6666666666666665,5.333333333333333,,0.3333333333333333,0.6666666666666666,2.3333333333333335,3.0,0.8708938120702827,0.42591458889803885,0.08021390374331551,0.09277728113848917,0.15151515151515152,0.262431940540739,0.06951871657754011,0.061671457725512274,0.24548001018589252,0.14531841127805942,0.5492742551566081,0.18702072613394943,0.4191494779730074,0.23276338530743745,0.08912655971479501,0.0882487971086386,0.8228265851795263,0.3490812727504836,11.666666666666666,5.033222956847166,11.333333333333334,1.0,1.6666666666666667,1.0,3.3333333333333335,0.0,0.6666666666666666,1.3333333333333333,3.3333333333333335,7.0,,3.6666666666666665,5.333333333333333,,0.3333333333333333,0.6666666666666666,2.3333333333333335,3.0,0.8708938120702827,0.42591458889803885,0.08021390374331551,0.09277728113848917,0.15151515151515152,0.262431940540739,0.06951871657754011,0.061671457725512274,0.24548001018589252,0.14531841127805942,0.5492742551566081,0.18702072613394943,0.4191494779730074,0.23276338530743745,0.08912655971479501,0.0882487971086386,0.8228265851795263,0.3490812727504836,11.666666666666666,5.033222956847166,11.333333333333334,1.0,1.6666666666666667,1.0,3.3333333333333335,0.0,0.6666666666666666,1.3333333333333333,3.3333333333333335,7.0,,3.6666666666666665,5.333333333333333,,0.3333333333333333,0.6666666666666666,2.3333333333333335,3.0,0.8708938120702827,0.42591458889803885,0.08021390374331551,0.09277728113848917,0.15151515151515152,0.262431940540739,0.06951871657754011,0.061671457725512274,0.24548001018589252,0.14531841127805942,0.5492742551566081,0.18702072613394943,0.4191494779730074,0.23276338530743745,0.08912655971479501,0.0882487971086386,0.8228265851795263,0.3490812727504836,,True,True,MIN,False,9.276035,1.7418118,1.379812,12.397659,0.7364782,0.14721777,0.56314385,1.4318686,8.5720415,1.7443438,1.2932655,0.83176756,11.609651,0.14721777,0.56314385,1.4318686
4858656,Gabriela Jaquez,CHI,2026-05-17,0.0,2.0,1.0,1.0,4.0,13,3,0,0,1,1,0,2,4,5,,5,7,,1,2,2,-5.0,29.0,0.4482758620689655,0.10344827586206896,0.0,0.0,0.034482758620689655,0.1724137931034483,0.2413793103448276,0.06896551724137931,0.34758620689655173,0.0,20.0,8.54400374531753,9.666666666666666,3.3333333333333335,0.0,0.0,1.0,0.6666666666666666,0.0,1.0,2.6666666666666665,5.0,,4.333333333333333,5.333333333333333,,0.6666666666666666,2.6666666666666665,1.6666666666666667,-3.6666666666666665,0.4710627142569066,0.1504228774065565,0.19822544867916916,0.120132050886118,0.0,0.0,0.0,0.0,0.04658197217180884,0.053664479210272446,0.2533776971163541,0.14523918238838407,0.2690562613430127,0.04070103099834586,0.05076628352490422,0.04454795384763788,0.4225287356321839,0.11921529666938006,20.0,8.54400374531753,9.666666666666666,3.3333333333333335,0.0,0.0,1.0,0.6666666666666666,0.0,1.0,2.6666666666666665,5.0,,4.333333333333333,5.333333333333333,,0.6666666666666666,2.6666666666666665,1.6666666666666667,-3.6666666666666665,0.4710627142569066,0.1504228774065565,0.19822544867916916,0.120132050886118,0.0,0.0,0.0,0.0,0.04658197217180884,0.053664479210272446,0.2533776971163541,0.14523918238838407,0.2690562613430127,0.04070103099834586,0.05076628352490422,0.04454795384763788,0.4225287356321839,0.11921529666938006,20.0,8.54400374531753,9.666666666666666,3.3333333333333335,0.0,0.0,1.0,0.6666666666666666,0.0,1.0,2.6666666666666665,5.0,,4.333333333333333,5.333333333333333,,0.6666666666666666,2.6666666666666665,1.6666666666666667,-3.6666666666666665,0.4710627142569066,0.1504228774065565,0.19822544867916916,0.120132050886118,0.0,0.0,0.0,0.0,0.04658197217180884,0.053664479210272446,0.2533776971163541,0.14523918238838407,0.2690562613430127,0.04070103099834586,0.05076628352490422,0.04454795384763788,0.4225287356321839,0.11921529666938006,,True,True,MIN,False,11.005425,4.067521,0.93252283,16.00547,0.63380575,0.64340574,0.36427557,1.4273953,10.301432,4.070053,0.84597635,0.7290951,15.21746,0.64340574,0.36427557,1.4273953
2955898,Damiris Dantas,IND,2026-05-17,1.0,2.0,1.0,1.0,50.0,3,2,0,1,2,1,0,0,1,2,,0,0,,0,2,1,3.0,7.0,0.42857142857142855,0.2857142857142857,0.0,0.14285714285714285,0.2857142857142857,0.2857142857142857,0.0,0.0,0.2857142857142857,0.0,8.333333333333334,9.073771725877465,3.3333333333333335,2.3333333333333335,0.3333333333333333,0.3333333333333333,3.3333333333333335,0.3333333333333333,0.0,1.0,1.0,4.333333333333333,,1.0,1.3333333333333333,,0.0,2.3333333333333335,1.0,-0.6666666666666666,0.4087301587301587,0.028059792904228054,0.28174603174603174,0.005611958580845596,0.02777777777777779,0.039283710065919304,0.07142857142857142,0.10101525445522107,0.36507936507936506,0.1122391716169123,0.44841269841269843,0.23009030181467027,0.1111111111111111,0.15713484026367722,0.08333333333333336,0.11785113019775792,0.5806349206349206,0.41708076172844616,5.0,7.874007874011811,2.0,1.4,0.2,0.2,2.0,0.2,0.0,0.6,0.6,2.6,,0.6,0.8,,0.0,1.4,0.6,-0.4,0.4087301587301587,0.028059792904228054,0.28174603174603174,0.005611958580845596,0.027777777777777776,0.039283710065919304,0.07142857142857142,0.10101525445522107,0.36507936507936506,0.1122391716169123,0.44841269841269843,0.23009030181467027,0.1111111111111111,0.15713484026367722,0.08333333333333333,0.11785113019775792,0.5806349206349206,0.41708076172844616,5.3,7.469196000165541,2.9,1.5,0.1,0.6,1.8,0.1,0.0,0.3,0.9,2.4,,0.5,0.6,,0.2,1.3,0.4,-0.2,0.5559693574399457,0.19488678806701001,0.27456285544520836,0.07042590862173694,0.013888888888888888,0.02777777777777778,0.13330786860198623,0.11187077020617966,0.3322723028605381,0.09153999312460859,0.4260780069603599,0.14153752790904178,0.08496732026143791,0.10699807544931307,0.041666666666666664,0.08333333333333326,0.5051302945420593,0.25690604477632084,,True,True,SEA,True,4.8167696,2.1891198,0.56599385,7.571883,0.5863682,0.23827647,0.18912247,0.74513584,4.112776,2.1916518,0.47944736,0.6816575,6.7838755,0.23827647,0.18912247,0.74513584
3058893,Shatori Walker-Kimbrough,IND,2026-05-17,1.0,2.0,1.0,1.0,53.0,0,0,0,0,0,0,0,0,0,0,,0,0,,0,0,0,0.0,0.0,,,,,,,,,,0.0,14.0,12.16552506059644,8.333333333333334,2.0,2.0,0.3333333333333333,0.6666666666666666,1.3333333333333333,1.0,0.3333333333333333,3.3333333333333335,6.0,,1.3333333333333333,2.6666666666666665,,0.0,2.0,0.6666666666666666,3.6666666666666665,0.5840909090909091,0.33105453846461097,0.14090909090909093,0.05785419118799026,0.14545454545454545,0.07713892158398701,0.022727272727272728,0.03214121732666125,0.045454545454545456,0.0642824346533225,0.425,0.10606601717798214,0.19090909090909092,0.012856486930664506,0.022727272727272728,0.03214121732666125,0.5317272727272727,0.132550380255151,9.4,10.807404868885037,5.0,1.4,1.4,0.2,0.4,1.2,0.6,0.2,2.0,3.6,,0.8,1.6,,0.0,1.4,0.4,3.4,0.3893939393939394,0.41051100319791245,0.1606060606060606,0.053267866155293525,0.16363636363636366,0.06298366572977741,0.015151515151515152,0.026243194054073896,0.030303030303030304,0.05248638810814779,0.2833333333333333,0.25658007197234417,0.1272727272727273,0.11059568236905853,0.015151515151515152,0.026243194054073896,0.35448484848484846,0.3209819815922493,6.2,8.05260482356141,2.5,1.2,0.8,0.1,0.3,0.6,0.4,0.2,1.0,2.0,,0.4,0.8,,0.0,1.2,0.3,1.0,0.14602272727272728,0.297931054479288,0.18522727272727274,0.3398707129701364,0.09261363636363637,0.10832898153702943,0.005681818181818182,0.016070608663330627,0.03636363636363636,0.07337375008740539,0.1625,0.19410968916715993,0.04772727272727273,0.08850723194325637,0.036931818181818184,0.08754953059249235,0.22043181818181817,0.26303609113965837,,True,True,SEA,True,3.8584158,1.900726,0.7436606,6.5028024,0.0,0.49137497,0.41145867,0.5878522,3.1544218,1.903258,0.65711415,0.039431334,5.714793,0.49137497,0.41145867,0.5878522
3142055,Myisha Hines-Allen,IND,2026-05-17,1.0,2.0,1.0,1.0,47.0,6,2,5,0,2,2,1,2,2,4,,2,2,,0,2,4,5.0,21.0,0.2857142857142857,0.09523809523809523,0.23809523809523808,0.0,0.09523809523809523,0.19047619047619047,0.09523809523809523,0.09523809523809523,0.3276190476190476,0.0,18.666666666666668,2.081665999466134,4.333333333333333,4.333333333333333,2.6666666666666665,0.0,1.0,0.6666666666666666,0.3333333333333333,1.6666666666666667,1.3333333333333333,3.6666666666666665,,1.6666666666666667,2.0,,1.3333333333333333,3.0,2.6666666666666665,2.0,0.2324929971988795,0.21097848804090238,0.24307500778089008,0.15929030984542725,0.1360099595393713,0.09219300880957913,0.0,0.0,0.05135387488328665,0.04805643037332495,0.19638966697790228,0.023442054226765686,0.11017740429505135,0.11835631654521625,0.08948023653906008,0.031443654321941406,0.334347961406785,0.060217271983862015,22.6,5.683308895353124,7.0,7.2,4.2,0.2,2.2,0.8,0.4,1.4,2.4,7.6,,2.0,2.2,,2.2,5.0,2.8,2.2,0.2913476501711796,0.1897240913022939,0.3065857454092748,0.14403218080484956,0.17271708683473389,0.08241120842893986,0.006666666666666666,0.014907119849998558,0.08710862122626828,0.05982598623264242,0.3059819483348895,0.15740571798747507,0.10018051665110488,0.09138169522904677,0.06776221599751012,0.037154436567595074,0.41782359165888583,0.13514710208086542,26.1,6.244108334173006,9.8,7.6,3.0,0.4,2.6,0.8,0.5,1.9,3.6,9.2,,2.2,2.7,,2.2,5.4,2.6,0.1,0.3688958627154235,0.2069531113117125,0.28862979883616624,0.10170579002438274,0.11418084848105133,0.08693985061035155,0.014462768615692154,0.018885400805461798,0.09528060962578998,0.05060894868688722,0.34167311958122437,0.15339309436927734,0.10618653451178366,0.09672515617013265,0.07384734109842143,0.032540489163631864,0.46224253586483055,0.14008276389657603,,True,True,SEA,True,9.523096,5.874998,2.479566,17.87766,0.65604293,0.6951407,0.53727126,1.5713826,8.819102,5.87753,2.3930197,0.7513323,17.089653,0.6951407,0.53727126,1.5713826
3142191,Kelsey Mitchell,IND,2026-05-17,1.0,2.0,1.0,1.0,59.0,24,0,0,4,8,1,0,3,10,25,,0,2,,0,0,2,-10.0,39.0,0.6153846153846154,0.0,0.0,0.10256410256410256,0.20512820512820512,0.6410256410256411,0.05128205128205128,0.07692307692307693,0.7405128205128205,0.0,24.333333333333332,12.701705922171767,17.333333333333332,0.0,0.3333333333333333,2.0,5.0,0.3333333333333333,0.0,1.6666666666666667,7.0,16.333333333333332,,1.3333333333333333,2.0,,0.0,0.0,1.3333333333333333,-2.6666666666666665,0.7541478129713424,0.26420586774838645,0.0,0.0,0.019607843137254884,0.033961780540566325,0.073403720462544,0.06401526010013874,0.20563097033685265,0.02941498738322782,0.6842634489693314,0.03744504008318838,0.09552538964303671,0.03831585496884394,0.06485671191553545,0.010449778627866531,0.7911513323278029,0.043854237641613246,27.0,11.224972160321824,18.4,1.0,1.4,2.2,4.6,0.2,0.0,2.0,6.8,15.4,,2.6,3.4,,0.2,0.8,1.8,-1.6,0.7111285985966294,0.1959282516193613,0.032775919732441476,0.045020250623314606,0.049668830742999534,0.0479741484638359,0.08038559905567579,0.05406959451665058,0.17510656436487637,0.04669318431113815,0.5826873893370057,0.15313275410161312,0.13156272542461803,0.06061223955787596,0.07168994688176274,0.01243914190126039,0.7122649354056003,0.12102066667225175,30.1,8.438667614683677,20.3,1.1,2.1,2.6,6.0,0.9,0.1,2.2,7.1,16.9,,3.5,4.2,,0.3,0.8,1.9,0.4,0.688345209876778,0.19474372224067296,0.033674633908113,0.03371707160639291,0.0691399260494504,0.05588633102525723,0.08565595198961627,0.04529084982940768,0.1990139734847836,0.0562169484891787,0.5649641860060655,0.1353451616856507,0.14018998844201042,0.04883195903539093,0.07295329805623994,0.02281510022813029,0.69960107897679,0.11953935858352853,,True,True,SEA,True,19.274193,2.091661,2.8714335,24.237288,1.766558,1.0837569,0.2888709,2.2122135,18.570198,2.094193,2.784887,1.8618474,23.449276,1.0837569,0.2888709,2.2122135
3142255,Monique Billings,IND,2026-05-17,1.0,2.0,1.0,1.0,41.0,10,9,3,1,2,3,2,0,4,11,,1,2,,6,3,4,-9.0,36.0,0.2777777777777778,0.25,0.08333333333333333,0.027777777777777776,0.05555555555555555,0.3055555555555556,0.05555555555555555,0.0,0.33,0.0,26.333333333333332,8.386497083606084,7.0,6.333333333333333,1.3333333333333333,0.3333333333333333,1.3333333333333333,1.3333333333333333,1.3333333333333333,1.3333333333333333,3.0,8.666666666666666,,0.6666666666666666,1.0,,3.3333333333333335,3.0,4.333333333333333,-6.666666666666667,0.2657527657527657,0.1691520447838271,0.23989898989898992,0.09887258560834288,0.04365079365079364,0.04180814981290769,0.009259259259259259,0.016037507477489603,0.049543049543049535,0.005318264643457418,0.3363395863395863,0.12728218196218188,0.03439153439153439,0.03004713410476332,0.06132756132756132,0.06920767906562748,0.4127994227994228,0.11551373824763535,21.6,11.50217370760849,7.2,4.6,0.8,0.2,0.8,1.0,1.0,0.8,3.2,7.6,,0.6,0.8,,2.4,2.2,3.0,-3.4,0.27945165945165945,0.24425001339478045,0.17593939393939392,0.12553167004248264,0.026190476190476188,0.038020760530169784,0.005555555555555555,0.01242259987499883,0.02972582972582972,0.027395183825198965,0.29780375180375185,0.19921037044127943,0.028634920634920635,0.026712356927040937,0.03679653679653679,0.05935631688658912,0.34719965367965366,0.2137549416166437,20.9,8.143845665422582,6.8,4.0,0.9,0.3,1.2,0.8,1.0,0.8,2.7,6.6,,1.1,1.3,,1.8,2.2,2.3,-2.7,0.30032969446012925,0.18120372986844432,0.16562670180061484,0.10859843071370494,0.03680538302277432,0.04561107675490981,0.012333333333333332,0.020914943037208037,0.05397402597402597,0.06414725538911602,0.2856023589936633,0.15384191668126443,0.06004209799861974,0.06784539827031769,0.03544174665913796,0.05468564047772575,0.34746262877219397,0.1883779256738608,,True,True,SEA,True,11.393441,5.820448,2.026303,19.240192,0.53328574,0.8907933,1.0442797,1.6853842,10.689447,5.82298,1.9397566,0.6285751,18.452183,0.8907933,1.0442797,1.6853842
3907781,Sophie Cunningham,IND,2026-05-17,1.0,2.0,1.0,1.0,54.0,7,1,2,1,3,0,0,0,2,5,,2,2,,0,1,3,0.0,20.0,0.35,0.05,0.1,0.05,0.15,0.25,0.1,0.0,0.294,0.0,16.0,3.4641016151377544,7.0,1.3333333333333333,1.0,1.3333333333333333,3.0,0.6666666666666666,0.0,0.0,2.3333333333333335,4.333333333333333,,1.0,1.6666666666666667,,0.0,1.3333333333333333,1.6666666666666667,-2.6666666666666665,0.45,0.4372338840800826,0.0880952380952381,0.048620423468243176,0.05714285714285714,0.05150787536377128,0.0880952380952381,0.11210721301898621,0.19285714285714287,0.2174762478234047,0.27380952380952384,0.28645736703609437,0.10476190476190476,0.10722219284950192,0.0,0.0,0.31990476190476186,0.23962391167748479,9.6,9.09945053286186,4.2,0.8,0.6,0.8,1.8,0.4,0.0,0.0,1.4,2.6,,0.6,1.0,,0.0,0.8,1.0,-1.6,0.45,0.4372338840800826,0.0880952380952381,0.048620423468243176,0.057142857142857155,0.05150787536377128,0.0880952380952381,0.11210721301898621,0.19285714285714284,0.2174762478234047,0.2738095238095238,0.28645736703609437,0.10476190476190476,0.10722219284950192,0.0,0.0,0.3199047619047619,0.23962391167748479,4.8,7.8993670632526,2.1,0.4,0.3,0.4,0.9,0.2,0.0,0.0,0.7,1.3,,0.3,0.5,,0.0,0.4,0.5,-0.8,0.45,0.4372338840800826,0.0880952380952381,0.048620423468243176,0.05714285714285714,0.05150787536377128,0.0880952380952381,0.11210721301898621,0.19285714285714284,0.2174762478234047,0.2738095238095238,0.28645736703609437,0.10476190476190476,0.10722219284950192,0.0,0.0,0.3199047619047619,0.23962391167748479,,True,True,SEA,True,6.908786,2.1898127,1.5101379,10.608736,0.7069068,0.53042734,0.23136309,1.0510987,6.204792,2.1923447,1.4235914,0.80219615,9.820728,0.53042734,0.23136309,1.0510987
4065760,Tyasha Harris,IND,2026-05-17,1.0,2.0,1.0,1.0,23.0,2,0,1,0,1,0,0,1,1,2,,0,0,,0,0,0,2.0,10.0,0.2,0.0,0.1,0.0,0.1,0.2,0.0,0.1,0.3,0.0,3.3333333333333335,5.773502691896257,0.6666666666666666,0.0,0.3333333333333333,0.0,0.3333333333333333,0.0,0.0,0.3333333333333333,0.3333333333333333,0.6666666666666666,,0.0,0.0,,0.0,0.0,0.0,0.6666666666666666,0.2,,0.0,,0.1,,0.0,,0.1,,0.2,,0.0,,0.1,,0.3,,2.0,4.47213595499958,0.4,0.0,0.2,0.0,0.2,0.0,0.0,0.2,0.2,0.4,,0.0,0.0,,0.0,0.0,0.0,0.4,0.2,,0.0,,0.1,,0.0,,0.1,,0.2,,0.0,,0.1,,0.3,,1.0,3.1622776601683795,0.2,0.0,0.1,0.0,0.1,0.0,0.0,0.1,0.1,0.2,,0.0,0.0,,0.0,0.0,0.0,0.2,0.2,,0.0,,0.1,,0.0,,0.1,,0.2,,0.0,,0.1,,0.3,,,True,True,SEA,True,4.9885635,1.6576949,1.0927399,7.7389984,0.3747171,0.38582888,0.22386959,0.8476627,4.2845697,1.660227,1.0061934,0.4700064,6.95099,0.38582888,0.22386959,0.8476627
4398829,Lexie Hull,IND,2026-05-17,1.0,2.0,1.0,1.0,58.0,9,4,1,2,4,3,0,1,3,6,,1,2,,1,3,5,8.0,26.0,0.34615384615384615,0.15384615384615385,0.038461538461538464,0.07692307692307693,0.15384615384615385,0.23076923076923078,0.07692307692307693,0.038461538461538464,0.3030769230769231,0.0,23.0,21.656407827707714,7.0,3.6666666666666665,1.3333333333333333,0.6666666666666666,3.0,1.0,0.3333333333333333,2.0,2.6666666666666665,6.0,,1.0,1.3333333333333333,,0.3333333333333333,3.3333333333333335,2.0,-0.3333333333333333,0.3126118067978534,0.047435606966897206,0.1583184257602862,0.006324747595586295,0.05411449016100179,0.022136616584552023,0.038461538461538464,0.05439282932204212,0.1350626118067978,0.02656393990146244,0.2549194991055455,0.034153637016165965,0.061717352415026835,0.021504141824993397,0.07737030411449014,0.055025304081600744,0.3594454382826475,0.07971711869477066,27.8,16.798809481626964,8.8,5.6,1.8,1.2,4.4,1.6,0.8,1.8,3.2,8.0,,1.2,2.0,,0.6,5.0,3.0,0.8,0.32735853497787404,0.13289280971426443,0.2033368444590905,0.073882178838556,0.06488619244892195,0.04405842627742881,0.04924721659919029,0.04357977232565062,0.1604589374823463,0.033120721876805634,0.2845321179738254,0.03949476769119133,0.07279946568119763,0.024953455939485163,0.05965554679408719,0.038779808131281304,0.3762194296676396,0.05299634855055372,29.4,11.852800887928941,9.1,4.4,1.7,1.5,4.8,1.0,0.5,1.6,3.1,8.8,,1.4,2.0,,0.9,3.5,3.0,1.7,0.3183279907485966,0.12214325599634686,0.15166010292224724,0.08080060106700748,0.05771213142525192,0.03016176891929712,0.055608902968775666,0.052140389123817674,0.16543953234436407,0.08834306598594048,0.30022353973149,0.11033984829939782,0.06842808857359262,0.036165602614617265,0.05412361392673333,0.045260868330375174,0.3844555126306041,0.09971516116718368,,True,True,SEA,True,7.971054,4.0788307,1.0049685,13.054853,1.1145998,0.73756576,0.49069,1.359695,7.2670603,4.0813627,0.918422,1.2098892,12.266848,0.73756576,0.49069,1.359695
4432831,Aliyah Boston,IND,2026-05-17,1.0,2.0,1.0,1.0,58.0,9,4,1,1,3,1,0,0,3,8,,2,4,,1,3,2,-12.0,21.0,0.42857142857142855,0.19047619047619047,0.047619047619047616,0.047619047619047616,0.14285714285714285,0.38095238095238093,0.19047619047619047,0.0,0.46476190476190476,0.0,17.666666666666668,16.258331197676263,6.666666666666667,6.666666666666667,1.0,0.3333333333333333,1.0,0.3333333333333333,0.0,1.0,2.6666666666666665,6.666666666666667,,1.0,2.0,,2.6666666666666665,4.0,2.6666666666666665,-3.3333333333333335,0.3861607142857143,0.05997780733278748,0.34523809523809523,0.218866384652979,0.055059523809523794,0.01052242233908553,0.023809523809523808,0.03367175148507369,0.07142857142857142,0.10101525445522107,0.3779761904761906,0.004208968935634196,0.12648809523809523,0.09049283211613554,0.04687499999999999,0.06629126073623882,0.4805059523809524,0.022265445669504995,25.0,15.329709716755891,11.2,8.4,2.4,0.2,1.0,0.8,0.6,1.6,4.0,10.2,,3.0,4.2,,3.0,5.4,3.0,-1.2,0.44849831379920385,0.1781642218557185,0.32819180303700424,0.15200136344330667,0.09061025726079905,0.044868618582476524,0.011904761904761904,0.023809523809523808,0.04887218045112782,0.06739012360776317,0.4045453707798909,0.0318532323622951,0.17199017765000735,0.15365415607220897,0.05788022445820434,0.04115610752463393,0.5381012734040984,0.08997844184664013,27.3,11.005554153345587,10.9,9.5,3.4,0.2,1.2,0.5,0.3,1.5,4.4,10.1,,1.9,2.9,,2.4,7.1,3.0,-1.3,0.4082882664972715,0.17714345102533005,0.3415009443620525,0.10963693130783672,0.12202179401522842,0.045645179092582464,0.01034151034151034,0.020527931804410957,0.049288736008069836,0.04829569828954706,0.3747289975404633,0.0857061028599533,0.10258386980523203,0.1270050721889331,0.05320011123296594,0.037746931214778706,0.47306601148773136,0.1095413193451008,,True,True,SEA,True,10.84126,7.542119,2.6415586,21.024937,0.1526243,0.7182529,0.58965456,1.8365228,10.137266,7.544651,2.5550122,0.24791361,20.236929,0.7182529,0.58965456,1.8365228
4433403,Caitlin Clark,IND,2026-05-17,1.0,2.0,1.0,1.0,50.0,32,4,8,7,17,2,1,4,10,28,,5,5,,1,3,3,14.0,37.0,0.8648648648648649,0.10810810810810811,0.21621621621621623,0.1891891891891892,0.4594594594594595,0.7567567567567568,0.13513513513513514,0.10810810810810811,0.9243243243243244,0.0,23.333333333333332,11.846237095944574,20.0,3.0,5.333333333333333,3.3333333333333335,8.333333333333334,1.0,0.6666666666666666,2.3333333333333335,5.333333333333333,14.666666666666666,,6.0,6.666666666666667,,0.3333333333333333,2.6666666666666665,1.6666666666666667,2.6666666666666665,0.8630431902490726,0.4503704102082034,0.13652623211446743,0.035608955226914644,0.23383677795442495,0.016938975498009236,0.12433757286698464,0.0651853543334752,0.3136923688394277,0.13703234726502128,0.5733306836248012,0.191314311782514,0.3550940646528882,0.3962216557324256,0.09853603603603604,0.09411578466343841,0.8281081081081081,0.16292074820974842,14.0,15.280706789936126,12.0,1.8,3.2,2.0,5.0,0.6,0.4,1.4,3.2,8.8,,3.6,4.0,,0.2,1.6,1.0,1.6,0.8630431902490726,0.4503704102082034,0.13652623211446743,0.035608955226914644,0.23383677795442503,0.016938975498009236,0.12433757286698464,0.0651853543334752,0.3136923688394277,0.13703234726502128,0.5733306836248014,0.191314311782514,0.3550940646528882,0.3962216557324256,0.09853603603603604,0.09411578466343841,0.8281081081081081,0.16292074820974842,7.0,12.578641509408806,6.0,0.9,1.6,1.0,2.5,0.3,0.2,0.7,1.6,4.4,,1.8,2.0,,0.1,0.8,0.5,0.8,0.8630431902490726,0.4503704102082034,0.13652623211446743,0.035608955226914644,0.23383677795442503,0.016938975498009236,0.12433757286698464,0.0651853543334752,0.3136923688394277,0.13703234726502128,0.5733306836248012,0.191314311782514,0.3550940646528882,0.3962216557324256,0.09853603603603604,0.09411578466343841,0.8281081081081081,0.16292074820974842,,True,True,SEA,True,13.939593,3.6559205,3.8772974,21.472813,1.5020652,1.3490552,0.44900617,2.2414176,13.2355995,3.6584525,3.790751,1.5973545,20.6848,1.3490552,0.44900617,2.2414176
4433546,Makayla Timpson,IND,2026-05-17,1.0,2.0,1.0,1.0,59.0,0,1,0,0,0,0,0,0,0,1,,0,0,,1,0,1,-1.0,4.0,0.0,0.25,0.0,0.0,0.0,0.25,0.0,0.0,0.25,0.0,17.333333333333332,11.59022576714247,7.333333333333333,1.6666666666666667,0.3333333333333333,0.0,0.0,1.3333333333333333,0.6666666666666666,0.6666666666666666,2.0,2.6666666666666665,,3.3333333333333335,4.333333333333333,,0.6666666666666666,1.0,2.3333333333333335,3.0,0.3060869565217392,0.26576849371121364,0.1389855072463769,0.09620426965413198,0.013333333333333334,0.023094010767585032,0.0,0.0,0.0,0.0,0.18130434782608695,0.06531442057441562,0.18144927536231883,0.16039962695611937,0.02666666666666667,0.04618802153517006,0.28780869565217393,0.03276220331378,13.0,10.606601717798211,4.4,1.4,0.2,0.0,0.0,1.0,0.4,0.6,1.2,1.6,,2.0,2.6,,0.8,0.6,1.8,2.0,0.18365217391304348,0.25183965853412754,0.11975494071146246,0.0972279008163393,0.008,0.01788854381999832,0.0,0.0,0.0,0.0,0.10878260869565222,0.10951879623917835,0.1088695652173913,0.15080176399062548,0.03418181818181818,0.04696402702825583,0.1908670355731225,0.13852941590012852,10.2,8.599741598185117,4.0,2.0,0.1,0.0,0.0,0.6,0.4,0.5,1.2,1.7,,1.6,2.1,,1.0,1.0,1.0,0.2,0.3212378516624041,0.3294610205003062,0.2667402154537704,0.3635458545768054,0.004,0.012649110640673518,0.0,0.0,0.0,0.0,0.18037169650468882,0.2325126609014605,0.15541517476555838,0.1828605459520656,0.028855614973262035,0.04735073401389641,0.27760998837479656,0.22797384418835015,,True,True,SEA,True,4.056254,2.4685228,0.1289086,6.653685,0.0,0.43591216,0.46301123,0.48933405,3.35226,2.4710548,0.042362094,-0.02616331,5.8656764,0.43591216,0.46301123,0.48933405
4433797,Raven Johnson,IND,2026-05-17,1.0,2.0,1.0,1.0,4.0,0,2,0,0,0,0,0,0,0,0,,0,0,,1,1,0,-10.0,4.0,0.0,0.5,0.0,0.0,0.0,0.0,0.0,0.0,0.0,0.0,14.333333333333334,9.073771725877465,3.0,2.0,4.333333333333333,0.0,0.3333333333333333,2.0,0.6666666666666666,1.0,1.3333333333333333,2.0,,0.3333333333333333,1.0,,0.3333333333333333,1.6666666666666667,2.0,0.6666666666666666,0.15873015873015872,0.16723259925163075,0.2380952380952381,0.23449661432847868,0.22751322751322753,0.22241110642310793,0.0,0.0,0.015873015873015872,0.02749286996141075,0.10317460317460318,0.09014140231429006,0.047619047619047616,0.08247860988423225,0.047619047619047616,0.08247860988423225,0.17174603174603176,0.17434121763452481,14.333333333333334,9.073771725877465,3.0,2.0,4.333333333333333,0.0,0.3333333333333333,2.0,0.6666666666666666,1.0,1.3333333333333333,2.0,,0.3333333333333333,1.0,,0.3333333333333333,1.6666666666666667,2.0,0.6666666666666666,0.15873015873015872,0.16723259925163075,0.2380952380952381,0.23449661432847868,0.22751322751322753,0.22241110642310793,0.0,0.0,0.015873015873015872,0.02749286996141075,0.10317460317460318,0.09014140231429006,0.047619047619047616,0.08247860988423225,0.047619047619047616,0.08247860988423225,0.17174603174603176,0.17434121763452481,14.333333333333334,9.073771725877465,3.0,2.0,4.333333333333333,0.0,0.3333333333333333,2.0,0.6666666666666666,1.0,1.3333333333333333,2.0,,0.3333333333333333,1.0,,0.3333333333333333,1.6666666666666667,2.0,0.6666666666666666,0.15873015873015872,0.16723259925163075,0.2380952380952381,0.23449661432847868,0.22751322751322753,0.22241110642310793,0.0,0.0,0.015873015873015872,0.02749286996141075,0.10317460317460318,0.09014140231429006,0.047619047619047616,0.08247860988423225,0.047619047619047616,0.08247860988423225,0.17174603174603176,0.17434121763452481,,True,True,SEA,True,3.0616083,2.1473215,3.1596699,8.3686,0.0,1.0034945,0.5226115,1.1854706,2.3576143,2.1498535,3.0731235,-0.1200012,7.5805902,1.0034945,0.5226115,1.1854706
4682855,Justine Pissott,IND,2026-05-17,1.0,22.0,0.0,0.0,2.0,8,1,1,2,3,0,0,0,2,4,,2,2,,0,1,3,16.0,10.0,0.8,0.1,0.1,0.2,0.3,0.4,0.2,0.0,0.488,0.0,10.0,,8.0,1.0,1.0,2.0,3.0,0.0,0.0,0.0,2.0,4.0,,2.0,2.0,,0.0,1.0,3.0,16.0,0.8,,0.1,,0.1,,0.2,,0.3,,0.4,,0.2,,0.0,,0.488,,10.0,,8.0,1.0,1.0,2.0,3.0,0.0,0.0,0.0,2.0,4.0,,2.0,2.0,,0.0,1.0,3.0,16.0,0.8,,0.1,,0.1,,0.2,,0.3,,0.4,,0.2,,0.0,,0.488,,10.0,,8.0,1.0,1.0,2.0,3.0,0.0,0.0,0.0,2.0,4.0,,2.0,2.0,,0.0,1.0,3.0,16.0,0.8,,0.1,,0.1,,0.2,,0.3,,0.4,,0.2,,0.0,,0.488,,,True,True,SEA,True,7.246795,1.5455532,0.74587375,9.538222,1.1959779,0.3451045,0.10769217,1.0844733,6.5428014,1.5480852,0.65932727,1.2912673,8.750216,0.3451045,0.10769217,1.0844733
4898383,Bree Hall,IND,2026-05-17,1.0,229.0,0.0,0.0,20.0,0,0,0,0,0,0,0,0,0,0,,0,0,,0,0,0,0.0,0.0,,,,,,,,,,0.0,0.0,0.0,0.0,0.0,0.0,0.0,0.0,0.0,0.0,0.0,0.0,0.0,,0.0,0.0,,0.0,0.0,0.0,0.0,,,,,,,,,,,,,,,,,,,1.0,1.7320508075688772,0.4,0.6,0.0,0.0,0.2,0.0,0.0,0.0,0.2,0.4,,0.0,0.0,,0.2,0.4,0.2,0.4,1.0,1.4142135623730951,1.125,1.2374368670764584,0.0,0.0,0.0,0.0,0.5,0.7071067811865476,1.0,1.414213562373095,0.0,0.0,0.0,0.0,1.0,1.414213562373095,1.4,1.8378731669453625,0.6,0.4,0.0,0.0,0.1,0.0,0.0,0.0,0.2,0.5,,0.2,0.4,,0.1,0.3,0.2,0.6,0.8,1.0954451150103321,0.48999999999999994,0.8517628778010932,0.0,0.0,0.0,0.0,0.2,0.4472135954999579,0.58,0.8258329128825032,0.4,0.8944271909999159,0.0,0.0,0.756,0.895365847014504,,True,True,SEA,True,0.0,0.0,0.0,0.0,0.0,0.0,0.0,0.0,-3.8948638,-1.8948672,-1.4410024,-0.29610512,-7.230734,-0.22720376,-0.20081833,-0.38049173
1068,Nneka Ogwumike,LAS,2026-05-17,1.0,2.0,1.0,2.0,51.0,20,5,3,1,2,1,0,2,8,11,,3,3,,0,5,4,14.0,32.0,0.625,0.15625,0.09375,0.03125,0.0625,0.34375,0.09375,0.0625,0.4475,0.0,28.0,6.9282032302755185,17.666666666666668,6.0,3.3333333333333335,1.3333333333333333,2.6666666666666665,1.0,0.0,1.0,5.666666666666667,11.0,,5.0,6.0,,1.3333333333333333,4.666666666666667,2.0,10.333333333333334,0.6583333333333333,0.17736497211494012,0.2125,0.06343057228182641,0.13541666666666666,0.10045469542700992,0.05416666666666667,0.03969283100678677,0.10208333333333335,0.044341243028734864,0.39999999999999997,0.05340002340823465,0.23124999999999998,0.1291498644985739,0.03124999999999999,0.031249999999999924,0.5329999999999999,0.07925118295647134,29.0,5.65685424949238,17.6,7.2,3.2,1.8,3.2,0.8,0.0,1.4,6.2,12.4,,3.4,4.0,,1.4,5.8,2.0,0.8,0.6176579520697169,0.17311048713857172,0.24558278867102395,0.06375300003360072,0.12111928104575162,0.07412330509896078,0.06343681917211327,0.041965901124999226,0.11288398692810457,0.036923287253025974,0.425838779956427,0.08436192965226588,0.15051470588235294,0.14489296625285222,0.04685457516339869,0.042180526747383616,0.538919825708061,0.07351957006918935,30.4,4.452215428550396,17.7,7.2,2.2,1.8,4.5,1.1,0.1,1.7,6.4,13.6,,3.1,3.6,,1.9,5.3,1.8,0.8,0.586250247573777,0.13086033008476128,0.2384331055654585,0.07459595191176242,0.0790583531392355,0.07375264427451543,0.05989230540701129,0.04953245367390095,0.14843298177857,0.08365628607764869,0.4449585313923549,0.06653546021355035,0.12663633887898595,0.10343017031839666,0.05481530996236879,0.03792110374074114,0.5554938304614775,0.0649875624310614,,True,True,TOR,True,16.684313,6.4195385,2.3638835,25.467735,1.337534,0.8245684,0.4870615,2.0844893,15.980319,6.4220705,2.277337,1.4328233,24.679718,0.8245684,0.4870615,2.0844893
2284331,Emma Cannon,LAS,2026-05-17,1.0,2.0,1.0,2.0,48.0,0,0,0,0,0,0,0,0,0,0,,0,0,,0,0,0,0.0,0.0,,,,,,,,,,0.0,5.0,4.358898943540674,1.0,0.6666666666666666,0.6666666666666666,0.3333333333333333,1.0,0.3333333333333333,0.0,0.3333333333333333,0.3333333333333333,1.0,,0.0,0.0,,0.0,0.6666666666666666,0.3333333333333333,-1.6666666666666667,0.1874999999999999,0.2651650429449553,0.13392857142857142,0.012626906806902628,0.13392857142857142,0.012626906806902628,0.0625,0.08838834764831845,0.19642857142857145,0.07576144084141581,0.19642857142857154,0.07576144084141581,0.0,0.0,0.07142857142857145,0.10101525445522107,0.26785714285714285,0.025253813613805257,3.0,4.123105625617661,0.6,0.4,0.4,0.2,0.6,0.2,0.0,0.2,0.2,0.6,,0.0,0.0,,0.0,0.4,0.2,-1.0,0.1875,0.2651650429449553,0.13392857142857148,0.012626906806902628,0.13392857142857142,0.012626906806902628,0.0625,0.08838834764831845,0.19642857142857142,0.07576144084141581,0.19642857142857142,0.07576144084141581,0.0,0.0,0.07142857142857142,0.10101525445522107,0.26785714285714285,0.025253813613805257,1.5,3.1710495984067415,0.3,0.2,0.2,0.1,0.3,0.1,0.0,0.1,0.1,0.3,,0.0,0.0,,0.0,0.2,0.1,-0.5,0.1875,0.2651650429449553,0.13392857142857142,0.012626906806902628,0.13392857142857142,0.012626906806902628,0.0625,0.08838834764831845,0.19642857142857142,0.07576144084141581,0.19642857142857145,0.07576144084141581,0.0,0.0,0.07142857142857142,0.10101525445522107,0.26785714285714285,0.025253813613805257,,True,True,TOR,True,3.0800555,1.0002878,0.5150034,4.5953465,0.15009378,0.24896023,0.10141575,0.4086881,2.3760614,1.0028198,0.42845687,0.2453831,3.8073385,0.24896023,0.10141575,0.4086881
2491214,Erica Wheeler,LAS,2026-05-17,1.0,2.0,1.0,2.0,51.0,10,2,7,2,4,1,0,3,3,5,,2,2,,0,2,1,16.0,33.0,0.30303030303030304,0.06060606060606061,0.21212121212121213,0.06060606060606061,0.12121212121212122,0.15151515151515152,0.06060606060606061,0.09090909090909091,0.26909090909090905,0.0,25.666666666666668,12.701705922171763,10.666666666666666,1.3333333333333333,4.666666666666667,2.0,5.333333333333333,1.0,0.0,2.3333333333333335,3.6666666666666665,8.666666666666666,,1.3333333333333333,1.3333333333333333,,0.0,1.3333333333333333,3.0,5.0,0.4444444444444444,0.12616157572522008,0.040404040404040394,0.034990925405431805,0.18181818181818185,0.03030303030303041,0.101010101010101,0.06998185081086372,0.2626262626262626,0.17231032433567658,0.3636363636363636,0.18432613728176422,0.04040404040404041,0.03499092540543187,0.09090909090909091,0.0,0.4723232323232323,0.17829447410957652,24.8,9.121403400793104,10.6,1.6,3.6,1.8,5.2,1.0,0.0,1.4,3.8,9.2,,1.2,1.2,,0.4,1.2,3.2,-0.6,0.44666666666666666,0.09600849365548082,0.05842424242424242,0.035155694631364996,0.14436363636363636,0.06519364388449587,0.08678787878787879,0.056142282843370486,0.243030303030303,0.12513353748638598,0.388,0.13498318094052592,0.04133333333333333,0.024849963001119836,0.05454545454545454,0.04979295977319695,0.4607321212121212,0.12746752238725198,24.6,6.915361322607971,11.2,2.1,3.1,2.5,5.9,1.0,0.1,1.3,3.9,9.2,,0.9,0.9,,0.3,1.8,3.1,0.9,0.4678194893397983,0.12508380025910595,0.08114634974102937,0.05317570294839685,0.12828939767326494,0.06121207631081431,0.10939659377617043,0.056240808637602946,0.2605150174958527,0.09296083006090165,0.38360485309884623,0.10473330378951104,0.035020733652312605,0.03296855896793278,0.05296417684146517,0.04295444872360592,0.451978152747329,0.11093598437489056,,True,True,TOR,True,10.825724,2.5874891,3.5270648,16.940277,1.7033142,0.9921386,0.18581647,1.8858637,10.12173,2.5900211,3.4405184,1.7986035,16.152273,0.9921386,0.18581647,1.8858637
2566106,Dearica Hamby,LAS,2026-05-17,1.0,2.0,1.0,2.0,48.0,19,7,4,0,0,0,0,2,8,10,,3,3,,1,6,4,6.0,32.0,0.59375,0.21875,0.125,0.0,0.0,0.3125,0.09375,0.0625,0.41625,0.0,26.0,6.557438524301993,15.666666666666666,5.666666666666667,3.0,0.0,0.0,1.6666666666666667,0.0,2.3333333333333335,6.0,9.333333333333334,,3.6666666666666665,4.333333333333333,,1.0,4.666666666666667,2.6666666666666665,-2.0,0.6111720272904484,0.0660732218944331,0.21716617933723195,0.006006656535854709,0.11379142300194932,0.010137740771303921,0.0,0.0,0.0,0.0,0.3523797920727745,0.1144949583784666,0.18589587394411952,0.11573266639357348,0.09295808966861598,0.026539047814518782,0.5271320662768031,0.12197076745670724,26.4,4.878524367060189,17.4,6.8,3.6,0.2,0.4,1.4,0.2,2.0,6.4,11.6,,4.4,5.6,,2.2,4.6,2.2,1.8,0.6591170094777172,0.12279232724776838,0.25636867311958056,0.053956087268520074,0.13475761242185924,0.029914281482414255,0.008,0.01788854381999832,0.014896551724137935,0.020491000315645654,0.43487615110573363,0.14202557431683965,0.220503041607851,0.10753840640345963,0.07756795724944546,0.03001901077413266,0.6094654466626335,0.14198938375287878,29.0,4.966554808583777,19.2,8.0,3.1,0.1,0.8,1.3,0.2,2.5,7.8,13.2,,3.5,5.0,,2.5,5.5,2.5,2.5,0.6583728385531924,0.13695354891878717,0.2731795265549803,0.053595825083097515,0.10993772876985217,0.05336641097195315,0.004,0.012649110640673518,0.027885986299779404,0.028550905347378037,0.45122595434074564,0.11772433241376032,0.18056417111657583,0.09480232100888628,0.08920966405040814,0.052884441215438956,0.6198838536824471,0.11094837527832269,,True,True,TOR,True,17.562374,7.189698,3.0905588,27.84263,0.19423619,1.0493273,0.45963982,2.4668589,16.85838,7.19223,3.0040123,0.2895255,27.054623,1.0493273,0.45963982,2.4668589
3065570,Kelsey Plum,LAS,2026-05-17,1.0,2.0,1.0,2.0,47.0,27,0,9,4,8,3,0,2,10,16,,3,4,,0,0,3,8.0,33.0,0.8181818181818182,0.0,0.2727272727272727,0.12121212121212122,0.24242424242424243,0.48484848484848486,0.12121212121212122,0.06060606060606061,0.5987878787878789,0.0,28.333333333333332,8.9628864398325,18.333333333333332,1.6666666666666667,7.0,2.3333333333333335,5.0,1.6666666666666667,0.0,3.0,6.0,12.333333333333334,,4.0,4.333333333333333,,0.3333333333333333,1.3333333333333333,3.0,1.6666666666666667,0.6605268369974252,0.19592855444540663,0.05773420479302834,0.05885378065028363,0.24341453753218464,0.026213468789202176,0.0872449990097049,0.05033904889641643,0.16686472568825508,0.06786007614245045,0.4285006932065755,0.050121162875272726,0.1722123192711428,0.09143974485827097,0.10625866508219449,0.0434301707182686,0.6105327787680729,0.011717270143656778,28.4,7.092249290598857,16.8,1.4,5.6,2.6,5.6,1.2,0.0,2.2,5.6,13.2,,3.0,3.6,,0.2,1.2,2.8,1.2,0.5993464052287582,0.1619904475079709,0.049034462269756385,0.04347338987573337,0.19301841948900772,0.07541043928210116,0.09325609031491384,0.03891156676770871,0.19027035056446823,0.05894859938600256,0.4646761734997029,0.07604671443522133,0.13817587641117055,0.07974920963576373,0.07814913844325608,0.04940398954519587,0.6036226975638741,0.04998078491810571,31.4,5.796550698475765,16.6,2.1,5.5,2.1,5.5,1.2,0.0,2.7,5.3,12.9,,3.9,4.3,,0.1,2.0,2.3,1.8,0.538112283406401,0.14031265264890405,0.06582701303289537,0.04091914214284604,0.17586508968861908,0.06999414031826703,0.06995298201180553,0.03998845769971505,0.17333000112411878,0.051344226729002074,0.4143250240309063,0.09828512500608802,0.14227130491836376,0.07941791519887607,0.08550365682718623,0.0576647764312976,0.5624280550221726,0.08829092844223212,,True,True,TOR,True,15.852601,2.156695,5.2700677,23.279364,1.7590108,1.3480045,0.19098842,2.6658316,15.148607,2.159227,5.1835213,1.8543001,22.491356,1.3480045,0.19098842,2.6658316
3146151,Ariel Atkins,LAS,2026-05-17,1.0,14.0,0.0,1.0,48.0,4,2,3,1,2,1,1,1,1,4,,1,2,,0,2,0,16.0,17.0,0.23529411764705882,0.11764705882352941,0.17647058823529413,0.058823529411764705,0.11764705882352941,0.23529411764705882,0.11764705882352941,0.058823529411764705,0.3458823529411765,0.0,5.666666666666667,9.814954576223638,1.3333333333333333,0.6666666666666666,1.0,0.3333333333333333,0.6666666666666666,0.3333333333333333,0.3333333333333333,0.3333333333333333,0.3333333333333333,1.3333333333333333,,0.3333333333333333,0.6666666666666666,,0.0,0.6666666666666666,0.0,5.333333333333333,0.23529411764705882,,0.11764705882352941,,0.17647058823529413,,0.058823529411764705,,0.11764705882352941,,0.23529411764705882,,0.11764705882352941,,0.058823529411764705,,0.3458823529411765,,8.4,11.844830095868831,2.8,0.6,0.8,0.2,0.8,0.4,0.2,1.2,1.0,2.4,,0.6,0.8,,0.0,0.6,1.0,0.2,0.3176470588235294,0.11646464631307842,0.07882352941176471,0.05490476183330839,0.10823529411764707,0.09649927837369356,0.029411764705882353,0.04159451654038515,0.0988235294117647,0.026620490585846496,0.2776470588235294,0.05989610381815462,0.0988235294117647,0.026620490585846496,0.12941176470588237,0.09982683969692437,0.45054117647058833,0.1480099276573065,19.5,14.1989827491659,7.8,2.5,2.7,0.7,1.7,0.5,0.4,1.7,2.8,6.3,,1.5,1.7,,0.7,1.8,1.8,-1.7,0.38013800347725296,0.23585736237805927,0.12615039119095914,0.06308436324383214,0.13823022312373226,0.0844447278031154,0.03532490582439873,0.03126610444808523,0.08726709649376992,0.046197323085717036,0.3124395102868734,0.1063649480902161,0.08720370906983484,0.07164735065041,0.08760323094755143,0.05325410862423185,0.4384123732251521,0.14750934353305892,,True,True,TOR,True,7.593075,2.3166645,2.2584734,12.168213,0.4879512,0.63328576,0.36541325,1.4207338,6.889081,2.3191965,2.171927,0.5832405,11.380205,0.63328576,0.36541325,1.4207338
4398764,Rae Burrell,LAS,2026-05-17,1.0,2.0,1.0,2.0,37.0,13,5,2,2,3,0,0,5,5,6,,1,2,,1,4,2,10.0,35.0,0.37142857142857144,0.14285714285714285,0.05714285714285714,0.05714285714285714,0.08571428571428572,0.17142857142857143,0.05714285714285714,0.14285714285714285,0.3394285714285714,0.0,26.666666666666668,8.504900548115382,9.0,3.0,1.0,1.0,3.0,0.6666666666666666,0.3333333333333333,3.0,3.6666666666666665,7.333333333333333,,0.6666666666666666,1.0,,1.3333333333333333,1.6666666666666667,0.6666666666666666,4.333333333333333,0.3213403880070547,0.08584048018727533,0.10934744268077601,0.034425434384379484,0.03139329805996472,0.028986468788785524,0.03139329805996472,0.028986468788785524,0.11499118165784832,0.03139726110966294,0.2855379188712523,0.1181806566229201,0.03139329805996474,0.028986468788785556,0.10317460317460315,0.044188606054206526,0.40252557319223986,0.11460637228647638,26.4,6.3874877690685254,12.0,3.2,1.6,1.4,3.8,1.2,0.4,2.2,4.4,9.2,,1.8,2.0,,1.4,1.8,1.2,5.0,0.44377874554786095,0.18365265601194192,0.11748252857698135,0.04036719227498845,0.05871603880599383,0.04787655285248107,0.050020386632080784,0.03333366197313332,0.14875482893473896,0.06722796341694236,0.358429198099363,0.13565401484757386,0.07250914225426969,0.059973686876712666,0.07749696580281287,0.047145475121853395,0.4678301864940545,0.127192591201034,22.1,6.590397054300547,9.5,2.8,1.6,1.0,3.2,0.7,0.3,1.6,3.6,7.9,,1.3,1.6,,1.1,1.7,1.0,0.0,0.4149099048734099,0.18672271287025186,0.12811831267869697,0.05646735347957109,0.0745753897519462,0.046988712962542006,0.04296565890308492,0.03279819082462215,0.14834912258381444,0.05886008486979412,0.362947488966782,0.10190284252013287,0.06683101222989173,0.07408931058777325,0.06453795658561697,0.05981355416908334,0.45689109093355124,0.13748985989335638,,True,True,TOR,True,12.035495,3.9402497,2.080106,18.055851,1.1935865,1.0465186,0.34190738,1.425303,11.331501,3.9427817,1.9935596,1.2888758,17.267847,1.0465186,0.34190738,1.425303
4398907,Kate Martin,LAS,2026-05-17,1.0,2.0,1.0,1.0,51.0,0,1,0,0,1,0,0,0,0,2,,0,0,,0,1,1,-1.0,6.0,0.0,0.16666666666666666,0.0,0.0,0.16666666666666666,0.3333333333333333,0.0,0.0,0.3333333333333333,0.0,11.666666666666666,9.814954576223636,4.333333333333333,3.0,0.6666666666666666,1.0,2.6666666666666665,0.0,0.0,0.3333333333333333,1.3333333333333333,3.6666666666666665,,0.6666666666666666,1.3333333333333333,,0.6666666666666666,2.3333333333333335,1.0,2.3333333333333335,0.393719806763285,0.4185579843335776,0.21256038647342998,0.07949025445364417,0.028985507246376812,0.050204371233880496,0.08454106280193237,0.0833595841871372,0.23913043478260873,0.08543352262718537,0.36473429951690833,0.12261874537678315,0.057971014492753624,0.10040874246776095,0.014492753623188406,0.025102185616940248,0.40473429951690826,0.08585795596119404,13.2,10.377861051295685,4.8,2.2,0.8,1.0,3.2,0.0,0.2,0.4,1.2,4.2,,1.4,2.2,,0.6,1.6,0.6,-3.2,0.32084726867335567,0.3463042971782203,0.14292084726867335,0.1139829720207674,0.03277591973244147,0.04502025062331462,0.0661092530657748,0.0696494930158971,0.2696321070234114,0.09472980032088497,0.3926867335562988,0.1505281491223781,0.08862876254180603,0.12595204051940165,0.01638795986622074,0.022510125311657317,0.44807134894091416,0.10480955192998788,14.9,7.460265112953798,5.6,2.9,0.7,1.3,3.8,0.1,0.1,0.5,1.5,4.8,,1.3,1.9,,0.7,2.2,0.9,-0.5,0.3554236343366778,0.320742911556465,0.17787068004459308,0.09354306317595457,0.031387959866220734,0.04233012611295311,0.0830546265328874,0.08318364177387895,0.26520066889632105,0.08960220557023374,0.3604459308807135,0.1183215968290937,0.09264771460423635,0.1130145119168028,0.024860646599777037,0.02714892275318324,0.4260715719063545,0.12184856761494424,,True,True,TOR,True,4.786253,2.2091014,0.55787736,7.553232,0.77072227,0.12107092,0.19732869,0.7842542,4.082259,2.2116334,0.47133088,0.8660116,6.7652235,0.12107092,0.19732869,0.7842542
4433404,Cameron Brink,LAS,2026-05-17,1.0,2.0,1.0,2.0,35.0,10,3,1,0,1,1,1,1,3,6,,4,6,,0,3,3,-12.0,16.0,0.625,0.1875,0.0625,0.0,0.0625,0.375,0.375,0.0625,0.6025,0.0,11.0,5.5677643628300215,4.0,3.0,0.3333333333333333,0.0,1.0,0.6666666666666666,0.6666666666666666,1.6666666666666667,1.3333333333333333,3.3333333333333335,,1.3333333333333333,2.0,,0.6666666666666666,2.3333333333333335,3.0,-4.0,0.3416666666666666,0.3165569985537098,0.30694444444444446,0.1086800008860535,0.020833333333333332,0.036084391824351615,0.0,0.0,0.11527777777777776,0.07410734206641167,0.3138888888888889,0.12810947286222452,0.125,0.21650635094610965,0.13194444444444445,0.17718542808573712,0.5008333333333334,0.10125257198379346,12.6,4.505552130427522,4.4,4.8,0.6,0.0,1.6,0.8,1.0,1.2,1.8,4.6,,0.8,1.6,,0.6,4.2,2.4,0.0,0.3383333333333334,0.2287951534063214,0.38416666666666666,0.1486163031284104,0.03916666666666667,0.05919013619026587,0.0,0.0,0.13583333333333333,0.0639824194603486,0.36166666666666664,0.11420011675417252,0.10166666666666666,0.16334183651335488,0.0925,0.13845627067377225,0.4989,0.074587346260758,12.5,3.59783885748715,4.4,4.2,0.5,0.2,1.6,0.6,1.0,1.6,1.6,4.1,,1.0,1.6,,0.8,3.4,2.7,-4.4,0.3419773527126469,0.21271818379882446,0.33722936377348145,0.12325860879235638,0.036250000000000004,0.06352705508989899,0.017424242424242425,0.03677690249444632,0.13747766122766122,0.11535732484214915,0.3256205722382193,0.19373697894709555,0.11558949220713925,0.14247478272115469,0.12642962429727136,0.13213459417309667,0.502909573106632,0.1909992845523153,,True,True,TOR,True,6.547906,4.2434244,1.061543,11.852873,0.30502427,0.43322763,0.81403744,0.9741022,5.843912,4.2459564,0.97499645,0.4003136,11.064865,0.43322763,0.81403744,0.9741022
4433795,Sania Feagin,LAS,2026-05-17,1.0,14.0,0.0,1.0,47.0,8,3,0,0,0,1,0,1,2,3,,4,4,,2,1,1,-5.0,10.0,0.8,0.3,0.0,0.0,0.0,0.3,0.4,0.1,0.576,0.0,6.666666666666667,5.773502691896257,4.0,1.0,0.6666666666666666,0.0,0.0,0.3333333333333333,0.0,0.3333333333333333,1.3333333333333333,1.6666666666666667,,1.3333333333333333,1.3333333333333333,,0.6666666666666666,0.3333333333333333,1.3333333333333333,-2.6666666666666665,0.6000000000000001,0.282842712474619,0.15,0.21213203435596426,0.1,0.14142135623730953,0.0,0.0,0.0,0.0,0.25,0.07071067811865474,0.2,0.28284271247461906,0.05000000000000003,0.07071067811865477,0.388,0.2658721497261418,4.6,4.979959839195493,2.4,0.8,0.6,0.0,0.0,0.2,0.0,0.2,0.8,1.4,,0.8,0.8,,0.4,0.4,1.0,-2.2,0.30000000000000004,0.38297084310253526,0.2,0.2449489742783178,0.175,0.23629078131263043,0.0,0.0,0.0,0.0,0.5,0.35590260840104376,0.1,0.2,0.025000000000000015,0.05,0.569,0.33001616122042676,2.5,4.034572812303402,1.4,0.6,0.3,0.0,0.0,0.1,0.0,0.1,0.5,0.9,,0.4,0.4,,0.3,0.3,0.6,-1.6,0.44000000000000006,0.4560701700396552,0.36,0.4159326868617084,0.13999999999999999,0.21908902300206645,0.0,0.0,0.0,0.0,0.6,0.38078865529319544,0.08,0.17888543819998318,0.02,0.044721359549995794,0.6552,0.34472481778949426,,True,True,TOR,True,3.5476997,1.718478,0.49629712,5.762475,0.0,0.09962812,0.1911931,0.6567888,2.8437057,1.72101,0.4097506,0.04636669,4.9744663,0.09962812,0.1911931,0.6567888
4609797,Ta'Niya Latson,LAS,2026-05-17,1.0,2.0,1.0,2.0,3.0,0,0,0,0,0,0,0,0,0,0,,0,0,,0,0,0,-7.0,2.0,0.0,0.0,0.0,0.0,0.0,0.0,0.0,0.0,0.0,0.0,8.0,8.48528137423857,3.5,0.5,1.0,0.0,1.0,0.0,0.0,2.0,1.0,2.5,,1.5,3.0,,0.0,0.5,1.0,-1.5,0.25,0.3535533905932738,0.03571428571428571,0.050507627227610534,0.07142857142857142,0.10101525445522107,0.0,0.0,0.07142857142857142,0.10101525445522107,0.17857142857142858,0.2525381361380527,0.21428571428571427,0.3030457633656632,0.14285714285714285,0.20203050891044214,0.41571428571428576,0.5879087809293867,8.0,8.48528137423857,3.5,0.5,1.0,0.0,1.0,0.0,0.0,2.0,1.0,2.5,,1.5,3.0,,0.0,0.5,1.0,-1.5,0.25,0.3535533905932738,0.03571428571428571,0.050507627227610534,0.07142857142857142,0.10101525445522107,0.0,0.0,0.07142857142857142,0.10101525445522107,0.17857142857142858,0.2525381361380527,0.21428571428571427,0.3030457633656632,0.14285714285714285,0.20203050891044214,0.41571428571428576,0.5879087809293867,8.0,8.48528137423857,3.5,0.5,1.0,0.0,1.0,0.0,0.0,2.0,1.0,2.5,,1.5,3.0,,0.0,0.5,1.0,-1.5,0.25,0.3535533905932738,0.03571428571428571,0.050507627227610534,0.07142857142857142,0.10101525445522107,0.0,0.0,0.07142857142857142,0.10101525445522107,0.17857142857142858,0.2525381361380527,0.21428571428571427,0.3030457633656632,0.14285714285714285,0.20203050891044214,0.41571428571428576,0.5879087809293867,,True,True,TOR,True,4.2126822,1.1274939,1.1360971,6.476273,0.0064398646,0.17969853,0.106210604,1.0802253,3.5086884,1.1300259,1.0495505,0.101729184,5.688265,0.17969853,0.106210604,1.0802253
4874375,Jihyun Park,LAS,2026-05-17,1.0,2.0,1.0,2.0,3.0,0,0,0,0,0,0,0,0,0,0,,0,0,,0,0,0,0.0,0.0,,,,,,,,,,0.0,5.0,7.0710678118654755,1.0,1.0,0.0,0.0,1.0,0.0,0.0,0.0,0.5,1.5,,0.0,0.0,,0.0,1.0,0.5,-1.0,0.2,,0.2,,0.0,,0.0,,0.2,,0.3,,0.0,,0.0,,0.3,,5.0,7.0710678118654755,1.0,1.0,0.0,0.0,1.0,0.0,0.0,0.0,0.5,1.5,,0.0,0.0,,0.0,1.0,0.5,-1.0,0.2,,0.2,,0.0,,0.0,,0.2,,0.3,,0.0,,0.0,,0.3,,5.0,7.0710678118654755,1.0,1.0,0.0,0.0,1.0,0.0,0.0,0.0,0.5,1.5,,0.0,0.0,,0.0,1.0,0.5,-1.0,0.2,,0.2,,0.0,,0.0,,0.2,,0.3,,0.0,,0.0,,0.3,,,True,True,TOR,True,3.2404788,1.4868083,0.5147002,5.241987,0.27039063,0.29218003,0.14147362,0.50462204,2.5364847,1.4893403,0.4281537,0.36567995,4.4539785,0.29218003,0.14147362,0.50462204
5105729,Chance Gray,LAS,2026-05-17,1.0,2.0,1.0,2.0,3.0,0,1,0,0,2,0,0,1,0,2,,0,0,,0,1,0,-14.0,11.0,0.0,0.09090909090909091,0.0,0.0,0.18181818181818182,0.18181818181818182,0.0,0.09090909090909091,0.2727272727272727,0.0,12.0,1.4142135623730951,3.0,1.5,0.5,0.5,2.5,0.5,0.0,1.0,1.0,3.5,,0.5,1.0,,0.5,1.0,0.0,-13.0,0.23076923076923078,0.3263569759322527,0.12237762237762238,0.04450322399076174,0.038461538461538464,0.05439282932204212,0.038461538461538464,0.05439282932204212,0.2062937062937063,0.03461361865948135,0.28321678321678323,0.14339927730356558,0.07692307692307693,0.10878565864408424,0.08391608391608392,0.009889605331280384,0.40097902097902094,0.18137536177568223,12.0,1.4142135623730951,3.0,1.5,0.5,0.5,2.5,0.5,0.0,1.0,1.0,3.5,,0.5,1.0,,0.5,1.0,0.0,-13.0,0.23076923076923078,0.3263569759322527,0.12237762237762238,0.04450322399076174,0.038461538461538464,0.05439282932204212,0.038461538461538464,0.05439282932204212,0.2062937062937063,0.03461361865948135,0.28321678321678323,0.14339927730356558,0.07692307692307693,0.10878565864408424,0.08391608391608392,0.009889605331280384,0.40097902097902094,0.18137536177568223,12.0,1.4142135623730951,3.0,1.5,0.5,0.5,2.5,0.5,0.0,1.0,1.0,3.5,,0.5,1.0,,0.5,1.0,0.0,-13.0,0.23076923076923078,0.3263569759322527,0.12237762237762238,0.04450322399076174,0.038461538461538464,0.05439282932204212,0.038461538461538464,0.05439282932204212,0.2062937062937063,0.03461361865948135,0.28321678321678323,0.14339927730356558,0.07692307692307693,0.10878565864408424,0.08391608391608392,0.009889605331280384,0.40097902097902094,0.18137536177568223,,True,True,TOR,True,5.1511636,1.7769359,1.0573235,7.985423,0.6449722,0.40680173,0.13956802,0.85601246,4.44717,1.7794679,0.9707769,0.74026155,7.1974144,0.40680173,0.13956802,0.85601246
5107515,Laura Ziegler,LAS,2026-05-17,1.0,14.0,0.0,1.0,2.0,0,1,0,0,3,0,1,1,0,3,,0,0,,1,0,3,-8.0,10.0,0.0,0.1,0.0,0.0,0.3,0.3,0.0,0.1,0.4,0.0,10.0,,0.0,1.0,0.0,0.0,3.0,0.0,1.0,1.0,0.0,3.0,,0.0,0.0,,1.0,0.0,3.0,-8.0,0.0,,0.1,,0.0,,0.0,,0.3,,0.3,,0.0,,0.1,,0.4,,10.0,,0.0,1.0,0.0,0.0,3.0,0.0,1.0,1.0,0.0,3.0,,0.0,0.0,,1.0,0.0,3.0,-8.0,0.0,,0.1,,0.0,,0.0,,0.3,,0.3,,0.0,,0.1,,0.4,,10.0,,0.0,1.0,0.0,0.0,3.0,0.0,1.0,1.0,0.0,3.0,,0.0,0.0,,1.0,0.0,3.0,-8.0,0.0,,0.1,,0.0,,0.0,,0.3,,0.3,,0.0,,0.1,,0.4,,,True,True,TOR,True,4.1198297,1.9947865,0.46374238,6.5783587,0.7404864,0.47788337,0.6717179,0.8193429,3.4158359,1.9973185,0.37719586,0.83577573,5.79035,0.47788337,0.6717179,0.8193429
2529122,Chelsea Gray,LVA,2026-05-17,0.0,2.0,1.0,2.0,61.0,12,7,10,3,5,1,0,5,4,7,,1,1,,0,7,1,5.0,31.0,0.3870967741935484,0.22580645161290322,0.3225806451612903,0.0967741935483871,0.16129032258064516,0.22580645161290322,0.03225806451612903,0.16129032258064516,0.4012903225806452,0.0,30.333333333333332,8.020806277010642,13.333333333333334,4.333333333333333,6.333333333333333,3.0,6.0,1.3333333333333333,0.6666666666666666,2.3333333333333335,4.666666666666667,10.333333333333334,,1.0,1.6666666666666667,,0.0,4.333333333333333,1.6666666666666667,-0.3333333333333333,0.43844214642177287,0.04548443065560926,0.14065956680557698,0.07408781144055458,0.2183721767762515,0.10893180168030545,0.09764881411740495,0.0072168920327182785,0.19331686988732832,0.039066390121305465,0.34321140093635855,0.10192865840375528,0.04584040747028861,0.05392998361381524,0.08406647116324535,0.08086258790863562,0.4474476513865307,0.049664598184348936,33.0,6.892024376045114,12.2,4.6,6.8,2.2,5.0,2.0,1.6,2.2,4.4,10.2,,1.2,2.0,,0.4,4.2,2.0,4.0,0.37661840140617725,0.09056860869003974,0.14036643605404214,0.08169212584486212,0.21380718884963365,0.09525378672923372,0.0694317793129338,0.03898707667473482,0.15364579958807462,0.0612327066981339,0.31376566840064296,0.08305420121511746,0.054317431295359986,0.04047055815475902,0.07271094496900948,0.06294645412588427,0.41037628313961083,0.0624307590700332,34.4,5.253570214625488,11.9,3.8,7.5,1.8,4.2,2.3,1.2,2.3,4.2,9.6,,1.7,2.3,,0.2,3.6,2.2,6.3,0.34735653989474025,0.09916243036454296,0.11213372083490929,0.07663284843033782,0.22346858008997228,0.08076727062649416,0.05337375226169794,0.036737388480982264,0.1222708144524783,0.0728272825835895,0.2806618744394636,0.08103893746569917,0.06449213397430716,0.043542211087186235,0.07016758755298654,0.05194762417474435,0.3792060009411452,0.07632155265516789,,True,True,ATL,False,10.743849,3.4643722,6.5460515,20.754272,1.2076477,1.6721793,0.6371262,2.225492,10.039855,3.4669042,6.459505,1.302937,19.966267,1.6721793,0.6371262,2.225492
2529458,Cheyenne Parker-Tyus,LVA,2026-05-17,0.0,2.0,1.0,2.0,26.0,2,2,1,0,0,0,2,1,1,1,,0,0,,1,1,2,-9.0,14.0,0.14285714285714285,0.14285714285714285,0.07142857142857142,0.0,0.0,0.07142857142857142,0.0,0.07142857142857142,0.14285714285714285,0.0,8.333333333333334,7.371114795831994,2.0,2.3333333333333335,0.6666666666666666,0.0,0.0,0.0,0.6666666666666666,1.0,0.6666666666666666,0.6666666666666666,,0.6666666666666666,1.3333333333333333,,0.3333333333333333,2.0,1.0,-2.0,0.2532467532467533,0.15611448415806897,0.2987012987012987,0.22039691881139142,0.08116883116883117,0.01377480742571197,0.0,0.0,0.0,0.0,0.08116883116883117,0.01377480742571197,0.18181818181818182,0.25712973861329,0.12662337662337664,0.07805724207903449,0.28779220779220777,0.204969134494594,5.4,6.618156843109719,1.2,1.6,0.4,0.0,0.2,0.0,0.4,0.6,0.4,0.6,,0.4,0.8,,0.2,1.4,0.6,-1.2,0.16883116883116886,0.1832043633722842,0.3658008658008658,0.1944079644089343,0.05411255411255411,0.04786438179111684,0.0,0.0,0.16666666666666666,0.2886751345948129,0.22077922077922077,0.24200837861797694,0.12121212121212122,0.2099455524325912,0.08441558441558443,0.0916021816861421,0.3585281385281385,0.1897811601265169,3.1,5.173651192984184,0.8,0.9,0.2,0.0,0.1,0.0,0.2,0.3,0.3,0.6,,0.2,0.4,,0.2,0.7,0.3,-0.8,0.25162337662337664,0.2231458966465552,0.33685064935064934,0.16896379655755003,0.040584415584415584,0.04753288150648863,0.0,0.0,0.125,0.25,0.35308441558441556,0.330248434521594,0.09090909090909091,0.1818181818181818,0.06331168831168832,0.08588056153459188,0.45639610389610386,0.2496473787973192,,True,True,ATL,False,4.9852753,2.500362,0.82474774,8.310385,0.22573471,0.2635328,0.464517,0.832075,4.2812815,2.502894,0.73820126,0.32102403,7.522377,0.2635328,0.464517,0.832075
2987869,Jewell Loyd,LVA,2026-05-17,0.0,2.0,1.0,2.0,61.0,6,4,1,1,3,1,0,1,2,4,,1,2,,0,4,4,-6.0,27.0,0.2222222222222222,0.14814814814814814,0.037037037037037035,0.037037037037037035,0.1111111111111111,0.14814814814814814,0.07407407407407407,0.037037037037037035,0.21777777777777776,0.0,28.666666666666668,2.0816659994661335,9.0,4.666666666666667,0.6666666666666666,1.6666666666666667,4.333333333333333,2.0,0.3333333333333333,1.3333333333333333,2.6666666666666665,6.666666666666667,,2.0,2.6666666666666665,,1.0,3.6666666666666665,3.0,1.3333333333333333,0.31024918928144735,0.0830038457592761,0.1638220401661262,0.04473579235532062,0.02309836718438867,0.020145981473423714,0.05535643170051774,0.06643817480134628,0.14686806622290494,0.09832173636947478,0.22833816919838423,0.0880612151878706,0.0961199294532628,0.10883063282589499,0.046907890993912495,0.021369545416851956,0.31753882915173237,0.08730677614653946,29.2,1.6431676725154976,10.4,5.6,0.6,2.4,5.4,2.0,0.6,1.2,3.0,7.0,,2.0,2.4,,1.6,4.0,2.8,7.6,0.35281618023553507,0.11682370739229506,0.19162655743300905,0.04949940931124748,0.020525686977299878,0.018820977793875458,0.0798805256869773,0.05893715210151679,0.1814541730670763,0.08412166573658415,0.23700290151903056,0.06447517485958774,0.08433862433862434,0.09167619074491204,0.041478067929680826,0.028968342650574897,0.31558996415770607,0.06983092417214114,29.4,3.47051068928543,9.4,4.7,0.5,2.0,5.1,1.2,0.5,1.2,2.9,7.2,,1.6,1.8,,1.6,3.1,2.8,6.6,0.3100482000078774,0.15838194914525444,0.15944711770360437,0.05518376666791374,0.017233997334803786,0.01828533641226965,0.06584685625008205,0.04647068922935476,0.16968402633286925,0.06566803700665555,0.2356726762731321,0.10095211308990724,0.06380392755392755,0.07891527870291873,0.042607464447401336,0.03464375444678898,0.3063538688442615,0.09064439597154766,,True,True,ATL,False,8.563852,3.9274533,0.37872797,12.870033,1.4925327,0.7963301,0.34024101,0.7553281,7.8598585,3.9299853,0.29218146,1.5878221,12.082025,0.7963301,0.34024101,0.7553281
3099736,Stephanie Talbot,LVA,2026-05-17,0.0,2.0,1.0,2.0,49.0,1,1,2,0,0,1,0,2,0,0,,1,2,,0,1,3,9.0,22.0,0.045454545454545456,0.045454545454545456,0.09090909090909091,0.0,0.0,0.0,0.09090909090909091,0.09090909090909091,0.1309090909090909,0.0,13.666666666666666,11.930353445448855,3.0,0.6666666666666666,1.0,0.3333333333333333,0.6666666666666666,1.0,0.0,1.3333333333333333,0.6666666666666666,2.0,,1.3333333333333333,1.6666666666666667,,0.0,0.6666666666666666,1.6666666666666667,-0.3333333333333333,0.2332535885167464,0.2655879536992535,0.04904306220095694,0.00507492905157809,0.07177033492822964,0.027066288275083162,0.026315789473684216,0.03721614637823934,0.05263157894736842,0.07443229275647868,0.15789473684210525,0.22329687826943606,0.12440191387559808,0.04736600448139552,0.09808612440191387,0.01014985810315618,0.3107177033492822,0.2542877783444063,10.0,10.319883720275147,1.8,0.4,0.6,0.2,0.6,0.6,0.0,0.8,0.4,1.4,,0.8,1.0,,0.0,0.4,1.0,-0.4,0.15550239234449764,0.23109354403298452,0.03269537480063796,0.028541515419734098,0.04784688995215309,0.04564302399124142,0.017543859649122806,0.030386856273138196,0.07212475633528265,0.06253027264072296,0.14230019493177387,0.16018838014855172,0.08293460925039872,0.07924885645170554,0.06539074960127592,0.05708303083946911,0.24418217260322525,0.21356981917547588,7.2,7.955431408094028,1.1,0.2,0.4,0.1,0.4,0.3,0.0,0.7,0.3,1.0,,0.4,0.5,,0.0,0.2,0.7,-3.5,0.09521531100478468,0.16118816442999723,0.014012303485987697,0.02402008278534246,0.04091397324480033,0.057336778090772644,0.007518796992481203,0.019892867000485624,0.04519632414369257,0.05646098565913438,0.10384294068504595,0.14524988605346673,0.03554340396445659,0.06370750318799605,0.0770041988087101,0.079838829364744,0.19648623723811692,0.2122338367910639,,True,True,ATL,False,5.6174393,1.8935118,1.4337364,8.944688,0.3967916,0.55568504,0.21465103,1.1097802,4.9134455,1.8960438,1.3471899,0.49208093,8.156679,0.55568504,0.21465103,1.1097802
3142086,Brianna Turner,LVA,2026-05-17,0.0,2.0,1.0,2.0,58.0,0,0,0,0,0,0,0,0,0,0,,0,0,,0,0,0,-9.0,3.0,0.0,0.0,0.0,0.0,0.0,0.0,0.0,0.0,0.0,0.0,12.666666666666666,10.016652800877814,0.6666666666666666,1.3333333333333333,0.3333333333333333,0.0,0.0,0.3333333333333333,0.0,0.0,0.3333333333333333,0.3333333333333333,,0.0,0.0,,0.0,1.3333333333333333,1.3333333333333333,-3.0,0.02898550724637683,0.050204371233880433,0.07125603864734299,0.06605076769988044,0.014492753623188423,0.025102185616940248,0.0,0.0,0.0,0.0,0.014492753623188406,0.02510218561694013,0.0,0.0,0.0,0.0,0.014492753623188442,0.025102185616939596,11.6,7.266360849833978,1.2,1.6,0.2,0.0,0.0,0.6,0.0,0.2,0.6,0.6,,0.0,0.0,,0.2,1.4,1.0,-2.8,0.09819938515590691,0.10220861966711671,0.11952129995608256,0.09906666384847218,0.008695652173913049,0.019444069369563388,0.0,0.0,0.0,0.0,0.04909969257795345,0.05110430983355842,0.0,0.0,0.01818181818181818,0.04065578140908709,0.06728151075977162,0.07851732447312267,15.6,7.244921593011817,1.9,2.9,0.5,0.0,0.0,0.7,0.4,0.7,0.8,1.2,,0.3,0.4,,0.9,2.0,1.2,-3.1,0.11029776021080369,0.10019129145782245,0.17990074659639876,0.12900205709472945,0.028792270531400967,0.04135286393615357,0.0,0.0,0.0,0.0,0.07416337285902504,0.06549672296719464,0.018,0.038239014399199904,0.03699429073342116,0.042104982896666004,0.1190776635924462,0.08543253722484558,,True,True,ATL,False,1.6525669,2.2856472,0.4325833,4.370797,0.0,0.4379203,0.2469776,0.31491223,0.9485729,2.2881792,0.3460368,-0.0059354305,3.5827885,0.4379203,0.2469776,0.31491223
3149391,A'ja Wilson,LVA,2026-05-17,0.0,2.0,1.0,2.0,59.0,45,3,3,2,2,1,2,3,15,18,,13,13,,0,3,2,15.0,32.0,1.40625,0.09375,0.09375,0.0625,0.0625,0.5625,0.40625,0.09375,0.835,0.0,30.333333333333332,6.658328118479396,31.333333333333332,5.666666666666667,2.6666666666666665,0.6666666666666666,1.6666666666666667,1.3333333333333333,2.0,3.0,9.0,16.0,,12.666666666666666,15.0,,0.3333333333333333,5.333333333333333,3.0,1.6666666666666667,1.0166566022544286,0.33967325326470166,0.1870471014492753,0.08242629199570536,0.08277979066022544,0.03512562779037129,0.02083333333333333,0.036084391824351615,0.053844605475040254,0.009625598813585056,0.5123792270531401,0.10537007036786346,0.4997483896940418,0.08310771818422771,0.10773953301127215,0.060406158727802244,0.8400080515297906,0.028926029287247895,32.2,5.761944116355156,31.2,9.0,3.0,0.6,1.4,1.0,1.8,3.0,10.2,18.2,,10.2,12.2,,1.4,7.6,2.4,5.0,0.9639413297737096,0.25089457899702095,0.27341247139588104,0.1340862279973158,0.08947050597508263,0.026784502951209807,0.017763157894736842,0.027482366545007117,0.042833079074497835,0.024898537651890953,0.5564406941266209,0.1175603703997506,0.38800692855326724,0.17724295000929619,0.09918319349097382,0.04459946487971449,0.8263469361810323,0.051655766971386276,34.7,5.056349144063014,28.1,8.9,3.3,0.6,1.2,2.0,2.3,2.5,10.1,19.6,,7.3,9.1,,1.3,7.6,2.2,5.9,0.8186788896246047,0.27120297779848895,0.2558595791452506,0.0940291146776383,0.09197822182871299,0.032356920114898026,0.016982485315283773,0.020871035537251885,0.03478060379990112,0.022439968157651414,0.5600229689172801,0.10386150216144514,0.2734973764406356,0.1792404488728476,0.0773496004020785,0.046367912557604314,0.7577114149532383,0.11454953572638514,,True,True,ATL,False,25.732883,8.292894,3.1267831,37.15256,0.31833753,1.235286,1.8702984,2.7876325,25.028889,8.295426,3.0402367,0.41362685,36.364555,1.235286,1.8702984,2.7876325
4065870,Jackie Young,LVA,2026-05-17,0.0,2.0,1.0,2.0,61.0,13,6,6,0,2,0,0,4,6,16,,1,2,,2,4,4,21.0,31.0,0.41935483870967744,0.1935483870967742,0.1935483870967742,0.0,0.06451612903225806,0.5161290322580645,0.06451612903225806,0.12903225806451613,0.6735483870967741,0.0,30.333333333333332,5.033222956847167,15.666666666666666,4.333333333333333,5.666666666666667,0.6666666666666666,4.0,0.3333333333333333,0.0,2.3333333333333335,6.0,14.333333333333334,,3.0,4.0,,1.3333333333333333,3.0,2.3333333333333335,3.6666666666666665,0.5245468509984639,0.11067989878558114,0.13118279569892474,0.11365342160622635,0.1807066052227342,0.05541319605279509,0.022857142857142857,0.020603150145508464,0.13198156682027648,0.058705553682519805,0.47870967741935494,0.06819205296373564,0.12436251920122887,0.09057902714829347,0.07539170506912442,0.04723823749880674,0.6088208909370199,0.05910610174263523,32.4,4.669047011971502,20.0,4.8,5.6,1.2,5.2,0.8,0.0,2.0,7.4,16.2,,4.0,4.6,,1.6,3.2,2.0,3.8,0.6164769182302389,0.1985418190569787,0.1419847171649828,0.09823459435739364,0.16883731766464213,0.07778682395164756,0.03676674994322053,0.03230048119464725,0.15820324851823903,0.05520153837844395,0.5021701625724396,0.06819948648841705,0.1364617086590521,0.06637225253958265,0.06288208186500406,0.04880910717611823,0.6250953962474266,0.08028081352205577,34.2,4.984420171338332,19.8,4.5,6.1,1.5,5.5,0.8,0.0,2.1,7.0,14.9,,4.3,4.6,,1.5,3.0,3.2,4.1,0.5737385646597297,0.18938205550216575,0.12982204476318376,0.07179051381915177,0.17384484796826255,0.062297742324980344,0.041928618427844434,0.03189916618799942,0.15782646946035792,0.05693499800532073,0.43903188680268473,0.09463732540873808,0.13021104712434733,0.060610358492235,0.06409390470959182,0.044128646169532666,0.5604186522469894,0.106526342632096,,True,True,ATL,False,18.96381,4.6141844,5.3595214,28.937517,1.5205133,1.1972347,0.13912179,2.6788335,18.259815,4.6167164,5.272975,1.6158026,28.149502,1.1972347,0.13912179,2.6788335
4280892,Chennedy Carter,LVA,2026-05-17,0.0,2.0,1.0,2.0,3.0,18,1,1,0,1,2,1,1,5,8,,8,12,,0,1,1,-3.0,22.0,0.8181818181818182,0.045454545454545456,0.045454545454545456,0.0,0.045454545454545456,0.36363636363636365,0.5454545454545454,0.045454545454545456,0.6490909090909092,0.0,19.0,4.242640687119285,11.5,0.5,1.5,0.0,2.0,1.0,1.5,0.5,3.5,7.5,,4.5,7.0,,0.0,0.5,3.5,-9.5,0.5653409090909092,0.3575710427591064,0.022727272727272728,0.03214121732666125,0.08522727272727273,0.05624713032165719,0.0,0.0,0.11647727272727273,0.10044130414581641,0.4005681818181818,0.05222947815582452,0.3352272727272727,0.29730626027161655,0.022727272727272728,0.03214121732666125,0.5707954545454546,0.1107264936903481,19.0,4.242640687119285,11.5,0.5,1.5,0.0,2.0,1.0,1.5,0.5,3.5,7.5,,4.5,7.0,,0.0,0.5,3.5,-9.5,0.5653409090909092,0.3575710427591064,0.022727272727272728,0.03214121732666125,0.08522727272727273,0.05624713032165719,0.0,0.0,0.11647727272727273,0.10044130414581641,0.4005681818181818,0.05222947815582452,0.3352272727272727,0.29730626027161655,0.022727272727272728,0.03214121732666125,0.5707954545454546,0.1107264936903481,19.0,4.242640687119285,11.5,0.5,1.5,0.0,2.0,1.0,1.5,0.5,3.5,7.5,,4.5,7.0,,0.0,0.5,3.5,-9.5,0.5653409090909092,0.3575710427591064,0.022727272727272728,0.03214121732666125,0.08522727272727273,0.05624713032165719,0.0,0.0,0.11647727272727273,0.10044130414581641,0.4005681818181818,0.05222947815582452,0.3352272727272727,0.29730626027161655,0.022727272727272728,0.03214121732666125,0.5707954545454546,0.1107264936903481,,True,True,ATL,False,11.827932,2.7764335,1.9100217,16.514387,0.37442514,0.82625496,1.1305232,1.8080232,11.123939,2.7789655,1.8234751,0.46971446,15.726381,0.82625496,1.1305232,1.8080232
4281190,Dana Evans,LVA,2026-05-17,0.0,2.0,1.0,1.0,58.0,0,0,0,0,0,0,0,0,0,0,,0,0,,0,0,0,0.0,0.0,,,,,,,,,,0.0,12.333333333333334,10.96965511460289,5.333333333333333,0.6666666666666666,1.0,1.3333333333333333,2.3333333333333335,0.0,0.0,0.0,1.6666666666666667,4.0,,0.6666666666666666,0.6666666666666666,,0.3333333333333333,0.3333333333333333,3.0,1.0,0.425595238095238,0.07155247190578116,0.055059523809523794,0.010522422339085527,0.0788690476190476,0.02314932914598789,0.1101190476190476,0.021044844678171044,0.18154761904761904,0.07997040977704993,0.32291666666666674,0.014731391274718654,0.047619047619047616,0.06734350297014738,0.0,0.0,0.34386904761904763,0.04436253258158094,17.8,10.779610382569492,8.4,0.8,2.2,2.0,3.0,0.8,0.0,0.6,3.0,6.0,,0.4,0.4,,0.2,0.6,2.4,2.6,0.46279761904761907,0.2582020767125154,0.046760531135531136,0.03339058934865153,0.11635760073260074,0.05512421663768965,0.1127518315018315,0.06404407653600594,0.16769688644688646,0.079575869753011,0.3345352564102564,0.12661524198125754,0.023809523809523808,0.047619047619047616,0.02884615384615384,0.05769230769230776,0.3738576007326007,0.08954777463973178,18.7,7.746683878351507,8.4,0.8,2.5,1.3,2.3,0.7,0.0,1.1,3.2,6.4,,0.7,0.7,,0.1,0.7,2.0,6.2,0.43352819525588404,0.1992235801878396,0.04112316512202095,0.03371355442601056,0.12756381151690077,0.0523686309972986,0.06904540708888535,0.06180507464707636,0.12722611526959354,0.10059347482286164,0.34202368844817355,0.10299098130612375,0.034736599953991254,0.0615900948381934,0.05436640654031958,0.07551146080969227,0.4116741989682493,0.09049380885243202,,True,True,ATL,False,5.4060674,0.5536474,1.5514779,7.511193,0.5748317,0.39021412,0.0,0.8368461,4.7020736,0.5561794,1.4649314,0.6701211,6.723185,0.39021412,-0.011631846,0.8368461
4398776,NaLyssa Smith,LVA,2026-05-17,0.0,2.0,1.0,2.0,62.0,4,4,0,0,0,0,1,0,2,4,,0,0,,0,4,1,12.0,17.0,0.23529411764705882,0.23529411764705882,0.0,0.0,0.0,0.23529411764705882,0.0,0.0,0.23529411764705882,0.0,21.666666666666668,4.163331998932265,6.0,4.333333333333333,0.0,0.0,0.3333333333333333,0.3333333333333333,0.3333333333333333,1.3333333333333333,2.3333333333333335,4.666666666666667,,1.3333333333333333,3.3333333333333335,,2.0,2.3333333333333335,3.0,3.0,0.2708951406649616,0.07768452000781428,0.204228473998295,0.039335049449189405,0.0,0.0,0.0,0.0,0.013333333333333334,0.023094010767585032,0.2164023870417732,0.03687200251577849,0.1356521739130435,0.16546434632718324,0.05565217391304348,0.048321544311129755,0.33174151747655584,0.11623612940819326,20.6,3.577708763999658,4.6,5.0,0.4,0.0,0.2,0.4,0.6,1.0,1.8,4.4,,1.0,2.4,,1.6,3.4,3.2,6.0,0.21463792473511142,0.09503170661352082,0.25250907319449517,0.0944161747155264,0.021288515406162466,0.029418433284293832,0.0,0.0,0.008,0.01788854381999832,0.21499549384971378,0.03057064584858245,0.10043892339544513,0.13095022412482527,0.0429151138716356,0.041894138540002644,0.3021037340153453,0.09301743127201506,23.0,5.65685424949238,7.4,4.5,0.3,0.0,0.1,0.6,1.1,1.3,3.2,5.6,,1.0,2.7,,1.3,3.2,3.7,5.4,0.2963982164468098,0.15446825431900604,0.21214614498885598,0.11733500169598482,0.013977591036414567,0.023297977756545504,0.0,0.0,0.004,0.012649110640673518,0.23134972827683825,0.0738429180168365,0.11209591857417944,0.1283546932155114,0.054887044115304984,0.0414278939914373,0.3355589765647822,0.09841756583888957,,True,True,ATL,False,6.7196054,4.429056,0.24733362,11.395995,0.0,0.33383727,0.8017452,0.7494811,6.0156116,4.431588,0.1607871,0.09139107,10.607986,0.33383727,0.8017452,0.7494811
4433633,Kierstan Bell,LVA,2026-05-17,0.0,2.0,1.0,2.0,60.0,0,0,0,0,0,0,0,0,0,0,,0,0,,0,0,0,0.0,0.0,,,,,,,,,,0.0,8.333333333333334,9.073771725877465,2.6666666666666665,0.3333333333333333,0.3333333333333333,0.6666666666666666,1.0,0.6666666666666666,0.0,0.0,1.0,1.3333333333333333,,0.0,0.0,,0.0,0.3333333333333333,0.3333333333333333,-1.3333333333333333,0.35317460317460314,0.10662721303606625,0.07142857142857142,0.10101525445522107,0.027777777777777776,0.039283710065919304,0.0992063492063492,0.06173154438930175,0.12698412698412698,0.02244783432338251,0.1547619047619048,0.016835875742536907,0.0,0.0,0.0,0.0,0.15476190476190463,0.016835875742536907,8.6,6.580273550544844,2.0,0.2,0.2,0.4,1.2,0.6,0.2,0.0,0.8,1.6,,0.0,0.0,,0.0,0.2,0.6,-4.2,0.248015873015873,0.17927550790597624,0.035714285714285726,0.07142857142857108,0.013888888888888888,0.027777777777777776,0.04960317460317461,0.06746031746031746,0.14466089466089466,0.028941083867434127,0.19426406926406925,0.06304054493164747,0.0,0.0,0.0,0.0,0.1942640692640692,0.06304054493165004,7.7,4.6678569910494145,2.2,0.3,0.3,0.4,1.0,0.5,0.2,0.0,0.9,1.5,,0.0,0.0,,0.0,0.3,0.5,-3.1,0.32134038800705467,0.32076662302899833,0.049206349206349205,0.0779557406844996,0.03315696649029982,0.054314044197659866,0.06278659611992946,0.08351119006248961,0.1383678050344717,0.11815603525100134,0.20485810485810485,0.18129831596958734,0.0,0.0,0.0,0.0,0.20485810485810485,0.18129831596958748,,True,True,ATL,False,2.5751204,0.83989877,0.27150694,3.6865263,0.18861982,0.3398955,0.19342662,0.2669393,1.8711265,0.8424308,0.18496042,0.28390914,2.898518,0.3398955,0.19342662,0.2669393
4565501,Janiah Barker,LVA,2026-05-17,0.0,2.0,1.0,1.0,2.0,0,0,0,0,0,0,0,0,0,0,,0,0,,0,0,0,0.0,0.0,,,,,,,,,,0.0,0.0,,0.0,0.0,0.0,0.0,0.0,0.0,0.0,0.0,0.0,0.0,,0.0,0.0,,0.0,0.0,0.0,0.0,,,,,,,,,,,,,,,,,,,0.0,,0.0,0.0,0.0,0.0,0.0,0.0,0.0,0.0,0.0,0.0,,0.0,0.0,,0.0,0.0,0.0,0.0,,,,,,,,,,,,,,,,,,,0.0,,0.0,0.0,0.0,0.0,0.0,0.0,0.0,0.0,0.0,0.0,,0.0,0.0,,0.0,0.0,0.0,0.0,,,,,,,,,,,,,,,,,,,,True,True,ATL,False,3.6027913,1.2530607,0.7765443,5.632396,0.15328583,0.34704962,0.15930767,0.61298907,2.8987973,1.2555927,0.6899978,0.24857515,4.844388,0.34704962,0.15930767,0.61298907
2529130,Natasha Howard,MIN,2026-05-17,1.0,16.0,0.0,0.0,58.0,0,2,2,0,0,0,0,0,0,5,,0,0,,1,1,2,-6.0,13.0,0.0,0.15384615384615385,0.15384615384615385,0.0,0.0,0.38461538461538464,0.0,0.0,0.38461538461538464,0.0,15.333333333333334,16.623276853055575,5.333333333333333,3.0,2.3333333333333335,0.0,0.6666666666666666,0.3333333333333333,0.0,1.0,2.3333333333333335,7.0,,0.6666666666666666,0.6666666666666666,,1.6666666666666667,1.3333333333333333,1.6666666666666667,-6.333333333333333,0.24242424242424226,0.3428396514843867,0.18298368298368312,0.04120668888033495,0.15268065268065267,0.0016482675552134103,0.0,0.0,0.030303030303030304,0.04285495643554834,0.4347319347319348,0.07087550487417607,0.030303030303030318,0.04285495643554834,0.04545454545454543,0.0642824346533225,0.49351981351981355,0.15401412035913986,17.4,12.700393694685216,5.6,3.4,1.6,0.0,0.6,0.2,0.0,1.2,2.2,6.2,,1.2,1.6,,2.2,1.2,1.8,-5.0,0.2718531468531469,0.20253216835500498,0.20367132867132867,0.095150280736345,0.08595571095571097,0.07863678772079312,0.0,0.0,0.02476689976689978,0.029993261614120664,0.3417249417249417,0.11585746003313147,0.08694638694638696,0.07042919517996853,0.051573426573426576,0.06038432181528159,0.4315547785547786,0.1197167089430141,20.9,9.362454568944809,7.5,5.2,1.8,0.0,0.7,0.5,0.1,1.7,3.1,6.9,,1.3,1.6,,1.9,3.3,2.3,-0.5,0.33451571777658734,0.17125175944153606,0.2541782854826333,0.11524143965576755,0.08408444212792039,0.0572238825568742,0.0,0.0,0.028494283494283488,0.030117868681924675,0.3236025568634264,0.10106494395380389,0.07604062604062604,0.06908713396483919,0.07444650357693836,0.05876703851846669,0.4315069358982402,0.08928274850383093,,True,True,CHI,True,6.7652445,3.9239547,1.6959037,12.385103,0.0,0.65033257,0.20813248,1.317869,6.0612507,3.9264867,1.6093571,0.04292451,11.597094,0.65033257,0.20813248,1.317869
2529205,Kayla McBride,MIN,2026-05-17,1.0,16.0,0.0,0.0,54.0,13,3,1,0,0,1,0,1,4,7,,5,7,,0,3,0,0.0,21.0,0.6190476190476191,0.14285714285714285,0.047619047619047616,0.0,0.0,0.3333333333333333,0.3333333333333333,0.047619047619047616,0.5276190476190477,0.0,19.666666666666668,19.035055380358983,14.666666666666666,2.3333333333333335,1.0,2.0,3.6666666666666665,0.6666666666666666,0.3333333333333333,0.3333333333333333,4.666666666666667,10.0,,3.3333333333333335,4.0,,0.3333333333333333,2.0,0.0,-1.6666666666666667,0.7174185463659146,0.13911749955675184,0.12406015037593984,0.026582961698742386,0.050125313283207976,0.003544394893165652,0.07894736842105263,0.11164843913471803,0.14473684210526322,0.2046888050803164,0.469298245614035,0.19228342295423662,0.23245614035087722,0.14266189444991748,0.023809523809523808,0.03367175148507369,0.5953884711779449,0.09584043791119921,28.0,17.7341478509682,15.4,2.4,2.2,2.4,5.0,1.0,0.2,1.0,5.0,11.0,,3.0,3.4,,0.6,1.8,0.2,-3.8,0.5597496648598239,0.21109552633299544,0.09415981815002622,0.050482259430767555,0.07539925394882555,0.038634967532946055,0.07588739290085679,0.06662975196812841,0.15835373317013465,0.11977123614915967,0.38764789881680944,0.149789300623278,0.1483578131374949,0.1316626154463812,0.03592556973829923,0.029804944620181,0.48885090633560646,0.14013724342108533,29.6,12.720936373640983,14.5,2.9,2.3,2.2,5.6,1.0,0.2,1.3,5.0,11.5,,2.3,2.5,,0.4,2.5,0.8,2.1,0.4836104373436075,0.20561897168281132,0.0987239017838773,0.05302646685222327,0.07647824092132538,0.03496813258050799,0.06857553344701448,0.05426973161529736,0.18331615911175275,0.09592160512821067,0.38422377749183134,0.09744068534919018,0.09202767403501796,0.10472950911106865,0.04823187714864582,0.04964657970637018,0.47294783121588513,0.10732186166936943,,True,True,CHI,True,11.794394,2.292908,1.9799396,16.067242,1.3776776,0.7453274,0.21470357,1.4629095,11.0904,2.29544,1.893393,1.4729669,15.279232,0.7453274,0.21470357,1.4629095
2987891,Courtney Williams,MIN,2026-05-17,1.0,16.0,0.0,0.0,56.0,0,5,6,0,0,1,0,4,0,5,,0,0,,0,5,1,-2.0,17.0,0.0,0.29411764705882354,0.35294117647058826,0.0,0.0,0.29411764705882354,0.0,0.23529411764705882,0.5294117647058824,0.0,20.666666666666668,10.969655114602887,8.0,3.3333333333333335,5.0,0.6666666666666666,2.6666666666666665,1.0,0.0,1.6666666666666667,3.6666666666666665,11.0,,0.0,0.0,,0.3333333333333333,3.0,1.3333333333333333,-0.6666666666666666,0.31313131313131315,0.3035349333599338,0.18389780154486038,0.10269427116449899,0.26158645276292336,0.08614786265730844,0.020202020202020197,0.03499092540543187,0.11616161616161617,0.10088375937089993,0.4869281045751634,0.18661819000351956,0.0,0.0,0.10620915032679738,0.11930342703445626,0.5931372549019608,0.06915066656698933,27.0,11.640446726822812,11.6,4.4,5.4,0.8,3.2,1.6,0.0,2.6,5.2,13.6,,0.4,0.4,,0.4,4.0,2.2,-2.8,0.3746655746655747,0.23893580605736298,0.17625459684283212,0.07630393679435425,0.22316808787397022,0.10022411108456966,0.022932022932022938,0.03148629449097642,0.1133906633906634,0.07374680584440459,0.4841989047871401,0.13624787072282354,0.01111111111111111,0.024845199749997663,0.10801978449037272,0.10308430918700456,0.5971075781664017,0.11283377742323102,27.7,8.042249547096748,11.2,4.9,5.4,0.6,2.7,2.2,0.2,2.5,5.1,13.0,,0.4,0.5,,0.3,4.6,1.9,1.2,0.37188872437148296,0.20819131513607553,0.18228305964614283,0.05644869603048039,0.20640408341219701,0.07574904708610695,0.0182000182000182,0.024883159131078986,0.09589733531112841,0.05891224731341119,0.4587861386319805,0.1192165525407327,0.015993265993265993,0.02775651330418906,0.09569047475335508,0.07438341804258504,0.5615136504223726,0.1057849792062863,,True,True,CHI,True,11.888776,4.0648627,4.7059145,20.659554,0.5501355,1.3200549,0.24703503,2.003437,11.184782,4.0673947,4.619368,0.64542484,19.871548,1.3200549,0.24703503,2.003437
3054590,Nia Coffey,MIN,2026-05-17,1.0,16.0,0.0,0.0,52.0,9,4,0,1,2,0,0,0,4,6,,0,0,,1,3,0,2.0,17.0,0.5294117647058824,0.23529411764705882,0.0,0.058823529411764705,0.11764705882352941,0.35294117647058826,0.0,0.0,0.35294117647058826,0.0,10.0,8.888194417315589,4.666666666666667,2.6666666666666665,0.3333333333333333,0.6666666666666666,1.3333333333333333,0.0,1.0,0.0,1.6666666666666667,3.6666666666666665,,0.6666666666666666,0.6666666666666666,,0.6666666666666666,2.0,1.0,0.0,0.4570135746606335,0.10238650225325573,0.2714932126696833,0.05119325112662791,0.038461538461538464,0.05439282932204212,0.06787330316742082,0.012798312781656978,0.13574660633484165,0.025596625563313956,0.3687782805429865,0.022397047367899693,0.07692307692307687,0.10878565864408424,0.0,0.0,0.4026244343891403,0.07026273717129676,9.2,6.418722614352485,3.2,2.2,0.2,0.4,1.0,0.0,0.6,0.0,1.2,3.2,,0.4,0.4,,0.4,1.8,0.8,-0.8,0.2999353587588882,0.22360201699878085,0.2270164476046829,0.06753489812636589,0.019230769230769218,0.038461538461538776,0.03393665158371041,0.03987723700272176,0.1035875888817065,0.07070143441987994,0.34708755296990595,0.08883238122417617,0.038461538461538464,0.07692307692307693,0.0,0.0,0.36401062989298283,0.10358724713326765,8.6,5.316640543300498,3.5,2.0,0.3,0.6,1.5,0.0,0.6,0.2,1.3,3.1,,0.3,0.4,,0.4,1.6,0.9,0.6,0.39256386315209846,0.2790342684772262,0.21200731004652573,0.10258761535720952,0.03447293447293447,0.058570398970980604,0.06693480811127869,0.0727910398650311,0.16826115061409178,0.13529811198235456,0.3246315050236619,0.18980030235558815,0.09116809116809116,0.22172857728329648,0.025925925925925925,0.05719794522770557,0.3906713910635479,0.16921789752248104,,True,True,CHI,True,6.113424,2.7236462,0.80933374,9.646404,0.49312106,0.36174026,0.6009737,0.8665061,5.40943,2.7261782,0.72278726,0.5884104,8.858397,0.36174026,0.6009737,0.8665061
3917450,Napheesa Collier,MIN,2026-05-17,1.0,22.0,0.0,0.0,54.0,0,0,0,0,0,0,0,0,0,0,,0,0,,0,0,0,0.0,0.0,,,,,,,,,,0.0,12.333333333333334,21.361959960016154,5.666666666666667,2.0,1.0,0.3333333333333333,1.0,0.0,1.0,1.3333333333333333,2.6666666666666665,5.0,,0.0,0.0,,0.6666666666666666,1.3333333333333333,1.6666666666666667,-3.3333333333333335,0.4594594594594595,,0.16216216216216217,,0.08108108108108109,,0.02702702702702703,,0.08108108108108109,,0.40540540540540543,,0.0,,0.10810810810810811,,0.5135135135135135,,21.8,19.95494926077238,11.8,4.2,1.2,1.0,3.4,0.6,1.0,1.6,5.2,10.6,,0.4,0.4,,1.0,3.2,1.8,-2.4,0.540150057177921,0.08656074585758873,0.1949209271190695,0.06047319829859066,0.05540679998884334,0.02754205550014189,0.046160711795386715,0.016857000986225352,0.156025995035283,0.0671006947841315,0.4849803363735253,0.08766158030711636,0.017543859649122816,0.03038685627313788,0.0742197305664798,0.04265938188888101,0.566919365185619,0.057879984054941644,23.8,16.936482646773047,14.2,4.3,1.6,1.4,3.7,0.8,0.6,1.6,5.7,10.6,,1.4,1.8,,1.1,3.2,1.9,1.4,0.6055989343251617,0.10209199579294577,0.18239503190852152,0.04759071591813124,0.06752738663397664,0.023917392366090848,0.0601198096775275,0.035641813648828874,0.15382101339642248,0.05156234802870184,0.4414088062916015,0.07009640389110018,0.0765053659790502,0.08499231442773016,0.06795881353599177,0.030398777012276907,0.5430299808583754,0.06358399845016369,,True,True,CHI,True,8.271829,2.920629,0.69707274,11.88953,0.56769,0.3274232,0.534801,0.99732053,7.567835,2.923161,0.61052626,0.66297936,11.101524,0.3274232,0.534801,0.99732053
4398938,Dorka Juhasz,MIN,2026-05-17,1.0,22.0,0.0,0.0,3.0,0,0,0,0,0,0,0,0,0,0,,0,0,,0,0,0,0.0,0.0,,,,,,,,,,0.0,0.0,0.0,0.0,0.0,0.0,0.0,0.0,0.0,0.0,0.0,0.0,0.0,,0.0,0.0,,0.0,0.0,0.0,0.0,,,,,,,,,,,,,,,,,,,0.0,0.0,0.0,0.0,0.0,0.0,0.0,0.0,0.0,0.0,0.0,0.0,,0.0,0.0,,0.0,0.0,0.0,0.0,,,,,,,,,,,,,,,,,,,0.0,0.0,0.0,0.0,0.0,0.0,0.0,0.0,0.0,0.0,0.0,0.0,,0.0,0.0,,0.0,0.0,0.0,0.0,,,,,,,,,,,,,,,,,,,,True,True,CHI,True,3.571391,1.2264806,0.7394844,5.537356,0.14823052,0.3532051,0.15449193,0.63765264,2.867397,1.2290126,0.65293795,0.24351984,4.7493477,0.3532051,0.15449193,0.63765264
4433791,Olivia Miles,MIN,2026-05-17,1.0,16.0,0.0,0.0,3.0,13,6,2,0,1,0,0,2,5,13,,3,5,,1,5,2,1.0,28.0,0.4642857142857143,0.21428571428571427,0.07142857142857142,0.0,0.03571428571428571,0.4642857142857143,0.17857142857142858,0.07142857142857142,0.6142857142857142,0.0,22.5,7.7781745930520225,10.5,4.5,2.0,0.5,1.5,0.5,0.0,3.0,4.0,9.0,,2.0,3.0,,0.5,4.0,2.0,1.5,0.46743697478991597,0.004456555343612678,0.1953781512605042,0.02673933206167615,0.09453781512605042,0.03268140585315976,0.029411764705882353,0.04159451654038515,0.07668067226890757,0.05793521946696503,0.3792016806722689,0.12032699427754277,0.11869747899159663,0.0846745515286412,0.15336134453781514,0.11587043893393006,0.5847899159663865,0.04171335801621472,22.5,7.7781745930520225,10.5,4.5,2.0,0.5,1.5,0.5,0.0,3.0,4.0,9.0,,2.0,3.0,,0.5,4.0,2.0,1.5,0.46743697478991597,0.004456555343612678,0.1953781512605042,0.02673933206167615,0.09453781512605042,0.03268140585315976,0.029411764705882353,0.04159451654038515,0.07668067226890757,0.05793521946696503,0.3792016806722689,0.12032699427754277,0.11869747899159663,0.0846745515286412,0.15336134453781514,0.11587043893393006,0.5847899159663865,0.04171335801621472,22.5,7.7781745930520225,10.5,4.5,2.0,0.5,1.5,0.5,0.0,3.0,4.0,9.0,,2.0,3.0,,0.5,4.0,2.0,1.5,0.46743697478991597,0.004456555343612678,0.1953781512605042,0.02673933206167615,0.09453781512605042,0.03268140585315976,0.029411764705882353,0.04159451654038515,0.07668067226890757,0.05793521946696503,0.3792016806722689,0.12032699427754277,0.11869747899159663,0.0846745515286412,0.15336134453781514,0.11587043893393006,0.5847899159663865,0.04171335801621472,,True,True,CHI,True,13.571555,4.8182197,2.7348716,21.124645,0.5096905,0.84524965,0.252756,2.205532,12.867561,4.8207517,2.6483252,0.6049798,20.336636,0.84524965,0.252756,2.205532
4596309,Liatu King,MIN,2026-05-17,1.0,16.0,0.0,0.0,20.0,3,3,0,0,0,1,0,2,1,3,,1,4,,2,1,2,-7.0,10.0,0.3,0.3,0.0,0.0,0.0,0.3,0.4,0.2,0.6759999999999999,0.0,13.333333333333334,4.163331998932263,3.6666666666666665,3.6666666666666665,0.3333333333333333,0.0,0.6666666666666666,0.6666666666666666,0.6666666666666666,1.3333333333333333,1.6666666666666667,4.666666666666667,,0.3333333333333333,1.3333333333333333,,1.3333333333333333,2.3333333333333335,1.6666666666666667,-1.3333333333333333,0.26666666666666666,0.0881917103688197,0.28518518518518515,0.05701779377163211,0.018518518518518517,0.032075014954979206,0.0,0.0,0.037037037037037035,0.06415002990995841,0.3314814814814815,0.10097263614974504,0.13333333333333333,0.23094010767585033,0.1037037037037037,0.10020555006273099,0.4938518518518518,0.21960079755790013,11.0,4.999999999999999,3.0,3.0,0.2,0.0,0.4,0.4,0.4,1.0,1.2,3.2,,0.6,1.2,,1.2,1.8,1.4,-4.0,0.23272727272727273,0.15025842446614646,0.24383838383838383,0.14615013253038509,0.01111111111111111,0.02484519974999768,0.0,0.0,0.02222222222222222,0.04969039949999532,0.2352525252525252,0.16307204101926098,0.11636363636363636,0.17702780283109942,0.08040404040404041,0.08409234991333966,0.3668565656565657,0.2643935539151869,10.1,4.557045826702499,3.1,2.2,0.3,0.0,0.5,0.2,0.2,1.0,1.0,2.6,,1.1,1.6,,0.9,1.3,1.1,-0.5,0.28876443001443003,0.23142418511709809,0.22092712842712842,0.15987952084939575,0.04055555555555555,0.08106162874209344,0.0,0.0,0.03847222222222223,0.05142036906986576,0.21828102453102455,0.1392530362351606,0.15175324675324675,0.17220789286962818,0.0982377344877345,0.09554988825782347,0.3832901875901876,0.1946123181488393,,True,True,CHI,True,5.459958,3.0524707,0.6436235,9.156052,0.10180524,0.57818216,0.28546864,0.96120393,4.7559643,3.0550027,0.557077,0.19709456,8.368044,0.57818216,0.28546864,0.96120393
4873358,Antonia Delaere,MIN,2026-05-17,1.0,16.0,0.0,0.0,3.0,2,1,2,0,0,0,0,0,0,2,,2,2,,0,1,1,6.0,17.0,0.11764705882352941,0.058823529411764705,0.11764705882352941,0.0,0.0,0.11764705882352941,0.11764705882352941,0.0,0.16941176470588235,0.0,17.5,0.7071067811865476,3.5,2.0,2.0,0.5,1.5,0.0,0.0,1.0,1.0,3.0,,1.0,1.0,,0.0,2.0,2.0,11.5,0.19771241830065361,0.11322951724882625,0.11274509803921567,0.07625661365737275,0.11437908496732026,0.0046216129489316865,0.027777777777777776,0.039283710065919304,0.08333333333333333,0.11785113019775792,0.16993464052287582,0.07394580718290694,0.058823529411764705,0.0831890330807703,0.05555555555555555,0.07856742013183861,0.2513725490196078,0.1159100527592066,17.5,0.7071067811865476,3.5,2.0,2.0,0.5,1.5,0.0,0.0,1.0,1.0,3.0,,1.0,1.0,,0.0,2.0,2.0,11.5,0.19771241830065361,0.11322951724882625,0.11274509803921567,0.07625661365737275,0.11437908496732026,0.0046216129489316865,0.027777777777777776,0.039283710065919304,0.08333333333333333,0.11785113019775792,0.16993464052287582,0.07394580718290694,0.058823529411764705,0.0831890330807703,0.05555555555555555,0.07856742013183861,0.2513725490196078,0.1159100527592066,17.5,0.7071067811865476,3.5,2.0,2.0,0.5,1.5,0.0,0.0,1.0,1.0,3.0,,1.0,1.0,,0.0,2.0,2.0,11.5,0.19771241830065361,0.11322951724882625,0.11274509803921567,0.07625661365737275,0.11437908496732026,0.0046216129489316865,0.027777777777777776,0.039283710065919304,0.08333333333333333,0.11785113019775792,0.16993464052287582,0.07394580718290694,0.058823529411764705,0.0831890330807703,0.05555555555555555,0.07856742013183861,0.2513725490196078,0.1159100527592066,,True,True,CHI,True,5.9449425,2.0264115,1.9921194,9.963473,0.7249105,0.48452434,0.08355011,1.0765219,5.2409487,2.0289435,1.9055729,0.82019985,9.175467,0.48452434,0.08355011,1.0765219
5278237,Anastasiia Olairi Kosu,MIN,2026-05-17,1.0,16.0,0.0,0.0,56.0,10,5,0,0,0,0,0,0,3,4,,4,4,,1,4,0,12.0,15.0,0.6666666666666666,0.3333333333333333,0.0,0.0,0.0,0.26666666666666666,0.26666666666666666,0.0,0.384,0.0,6.0,7.937253933193772,3.3333333333333335,2.0,0.3333333333333333,0.0,0.0,0.0,0.0,0.0,1.0,1.3333333333333333,,1.3333333333333333,1.3333333333333333,,0.3333333333333333,1.6666666666666667,0.3333333333333333,2.6666666666666665,0.3333333333333333,0.4714045207910317,0.3333333333333333,0.0,0.16666666666666666,0.23570226039551584,0.0,0.0,0.0,0.0,0.13333333333333355,0.18856180831641267,0.13333333333333333,0.18856180831641267,0.0,0.0,0.19200000000000023,0.27152900397563423,3.6,6.50384501660364,2.0,1.2,0.2,0.0,0.0,0.0,0.0,0.0,0.6,0.8,,0.8,0.8,,0.2,1.0,0.2,1.6,0.3333333333333333,0.4714045207910317,0.3333333333333333,0.0,0.16666666666666666,0.23570226039551584,0.0,0.0,0.0,0.0,0.13333333333333355,0.18856180831641267,0.13333333333333333,0.18856180831641267,0.0,0.0,0.19200000000000023,0.27152900397563423,3.9,5.445691467165172,2.2,1.1,0.3,0.0,0.1,0.0,0.2,0.2,0.9,1.2,,0.4,0.6,,0.5,0.6,0.7,1.2,0.5333333333333333,0.6168918507773915,0.2633333333333333,0.1565247584249853,0.12333333333333334,0.14317821063276354,0.0,0.0,0.016666666666666666,0.03726779962499649,0.2866666666666666,0.314775051955096,0.08666666666666667,0.12382783747337807,0.056666666666666664,0.08787617550976046,0.3814666666666667,0.2962612960809352,,True,True,CHI,True,5.1970596,2.2718022,0.65138733,8.120249,0.04956028,0.24782616,0.32855844,0.86732936,4.493066,2.2743342,0.56484085,0.1448496,7.332242,0.24782616,0.32855844,0.86732936
5345322,Emma Cechova,MIN,2026-05-17,1.0,16.0,0.0,0.0,3.0,16,6,0,0,0,0,4,2,5,7,,6,10,,2,4,3,13.0,24.0,0.6666666666666666,0.25,0.0,0.0,0.0,0.2916666666666667,0.4166666666666667,0.08333333333333333,0.5583333333333333,0.0,12.0,16.97056274847714,8.0,3.0,0.0,0.0,0.0,0.0,2.0,1.0,2.5,3.5,,3.0,5.0,,1.0,2.0,1.5,6.5,0.6666666666666666,,0.25,,0.0,,0.0,,0.0,,0.2916666666666667,,0.4166666666666667,,0.08333333333333333,,0.5583333333333333,,12.0,16.97056274847714,8.0,3.0,0.0,0.0,0.0,0.0,2.0,1.0,2.5,3.5,,3.0,5.0,,1.0,2.0,1.5,6.5,0.6666666666666666,,0.25,,0.0,,0.0,,0.0,,0.2916666666666667,,0.4166666666666667,,0.08333333333333333,,0.5583333333333333,,12.0,16.97056274847714,8.0,3.0,0.0,0.0,0.0,0.0,2.0,1.0,2.5,3.5,,3.0,5.0,,1.0,2.0,1.5,6.5,0.6666666666666666,,0.25,,0.0,,0.0,,0.0,,0.2916666666666667,,0.4166666666666667,,0.08333333333333333,,0.5583333333333333,,,True,True,CHI,True,10.3488865,5.0469027,0.9172234,16.313013,0.11696747,0.6890302,1.631581,1.5835252,9.644893,5.0494347,0.8306769,0.21225679,15.525005,0.6890302,1.631581,1.5835252
5345478,Eliska Hamzova,MIN,2026-05-17,1.0,16.0,0.0,0.0,3.0,7,2,1,1,1,0,0,4,2,3,,2,3,,1,1,4,8.0,18.0,0.3888888888888889,0.1111111111111111,0.05555555555555555,0.05555555555555555,0.05555555555555555,0.16666666666666666,0.16666666666666666,0.2222222222222222,0.46222222222222226,0.0,15.5,3.5355339059327378,6.5,1.5,1.5,0.5,0.5,0.5,0.5,3.5,1.0,4.0,,4.0,6.5,,1.0,0.5,2.5,5.5,0.42521367521367526,0.05137100547081759,0.09401709401709402,0.02417459080979649,0.1047008547008547,0.06950194857816494,0.027777777777777776,0.039283710065919304,0.027777777777777776,0.039283710065919304,0.27564102564102566,0.1541130164124527,0.46794871794871795,0.4260771630226633,0.2264957264957265,0.0060436477024491415,0.708034188034188,0.3476306158448736,15.5,3.5355339059327378,6.5,1.5,1.5,0.5,0.5,0.5,0.5,3.5,1.0,4.0,,4.0,6.5,,1.0,0.5,2.5,5.5,0.42521367521367526,0.05137100547081759,0.09401709401709402,0.02417459080979649,0.1047008547008547,0.06950194857816494,0.027777777777777776,0.039283710065919304,0.027777777777777776,0.039283710065919304,0.27564102564102566,0.1541130164124527,0.46794871794871795,0.4260771630226633,0.2264957264957265,0.0060436477024491415,0.708034188034188,0.3476306158448736,15.5,3.5355339059327378,6.5,1.5,1.5,0.5,0.5,0.5,0.5,3.5,1.0,4.0,,4.0,6.5,,1.0,0.5,2.5,5.5,0.42521367521367526,0.05137100547081759,0.09401709401709402,0.02417459080979649,0.1047008547008547,0.06950194857816494,0.027777777777777776,0.039283710065919304,0.027777777777777776,0.039283710065919304,0.27564102564102566,0.1541130164124527,0.46794871794871795,0.4260771630226633,0.2264957264957265,0.0060436477024491415,0.708034188034188,0.3476306158448736,,True,True,CHI,True,7.272562,2.1503851,1.1980814,10.621028,0.035057098,0.3676943,0.35187665,1.7281929,6.568568,2.1529171,1.1115348,0.13034642,9.833019,0.3676943,0.35187665,1.7281929
2529183,Stefanie Dolson,SEA,2026-05-17,0.0,18.0,0.0,0.0,49.0,6,2,0,0,1,0,0,0,2,4,,2,3,,1,1,2,3.0,16.0,0.375,0.125,0.0,0.0,0.0625,0.25,0.1875,0.0,0.3325,0.0,17.0,1.0000000000000213,2.0,2.6666666666666665,0.6666666666666666,0.0,1.0,0.3333333333333333,0.3333333333333333,0.6666666666666666,0.6666666666666666,3.0,,0.6666666666666666,1.0,,0.6666666666666666,2.0,3.6666666666666665,-3.3333333333333335,0.125,0.21650635094610965,0.1571350762527233,0.06804301670563308,0.03921568627450978,0.06792356108113246,0.0,0.0,0.05895969498910677,0.0034742240801121345,0.17810457516339864,0.06691370990014132,0.0625,0.10825317547305482,0.03812636165577342,0.033058803715672144,0.2437309368191721,0.08020762393076995,16.0,1.5811388300841844,1.8,2.2,0.6,0.2,1.2,0.2,0.2,0.6,0.6,2.8,,0.4,0.6,,0.4,1.8,2.6,-5.6,0.11499999999999999,0.16918924315688652,0.13523342670401495,0.06077298107548901,0.03781512605042017,0.05429768060218526,0.013333333333333332,0.029814239699997132,0.07537581699346405,0.07423831293271396,0.17543417366946779,0.05157767210107973,0.0375,0.08385254915624211,0.03620915032679738,0.03329999614506192,0.2281433239962652,0.07475497896057921,14.9,2.8848262031225014,3.3,2.3,1.1,0.6,1.5,0.4,0.4,0.3,1.1,3.1,,0.5,0.9,,0.4,1.9,2.1,-1.5,0.20777777777777778,0.25656603767303815,0.1583111577964519,0.0888824322404676,0.06807422969187675,0.0788843327371773,0.03666666666666667,0.06373169066533328,0.10018790849673202,0.058932412164372436,0.21202264239028948,0.09465776941276344,0.06319444444444444,0.08520845595994678,0.01810457516339869,0.029275160862099237,0.25793277310924373,0.11915090295156808,,True,True,IND,False,5.0092955,2.6579866,0.9843909,8.651673,0.36767745,0.31576806,0.3860324,0.9743651,4.3053017,2.6605186,0.89784443,0.46296677,7.8636646,0.31576806,0.3860324,0.9743651
3058892,Lexie Brown,SEA,2026-05-17,0.0,18.0,0.0,0.0,50.0,6,6,1,0,3,3,0,2,2,6,,2,2,,0,6,1,-4.0,19.0,0.3157894736842105,0.3157894736842105,0.05263157894736842,0.0,0.15789473684210525,0.3157894736842105,0.10526315789473684,0.10526315789473684,0.46736842105263154,0.0,14.666666666666666,13.051181300301261,5.0,3.0,0.3333333333333333,0.6666666666666666,2.0,1.0,0.0,1.6666666666666667,1.6666666666666667,4.0,,1.0,1.3333333333333333,,0.3333333333333333,2.6666666666666665,0.3333333333333333,-5.333333333333333,0.33789473684210525,0.031261562957721055,0.21789473684210525,0.13844406452705035,0.02631578947368421,0.03721614637823934,0.04,0.0565685424949238,0.13894736842105265,0.026795625392332323,0.27789473684210525,0.053591250784664646,0.09263157894736843,0.017863750261554876,0.11263157894736842,0.010420520985907017,0.4312842105263157,0.05103077991384183,10.2,11.344602240713423,4.0,2.0,0.2,0.6,1.6,0.6,0.0,1.0,1.4,3.0,,0.6,0.8,,0.2,1.8,0.2,-2.4,0.46335839598997497,0.2184308402208769,0.19288220551378443,0.10705260235854021,0.017543859649122806,0.030386856273138196,0.07428571428571429,0.07159979477795239,0.18786967418546366,0.08682844449834787,0.32812030075187965,0.09488852876136779,0.061754385964912284,0.054952342317057944,0.0750877192982456,0.06544400523247304,0.4303799498746867,0.03611818532658768,5.7,9.104943712072032,2.0,1.0,0.3,0.3,0.9,0.3,0.0,0.5,0.7,1.6,,0.3,0.4,,0.1,0.9,0.2,-0.4,0.3475187969924812,0.2923752248224863,0.14466165413533832,0.1301578250258352,0.09649122807017546,0.15983216805516312,0.055714285714285716,0.06926239175457793,0.18256892230576438,0.0716834085728978,0.28775689223057643,0.11189000960837271,0.04631578947368423,0.05446626782296773,0.05631578947368421,0.06530558892314146,0.3644516290726817,0.13511423367881065,,True,True,IND,False,7.2593117,2.890944,1.2781817,11.428437,0.6634971,0.6472263,0.2628159,1.1154596,6.555318,2.893476,1.1916351,0.75878644,10.640429,0.6472263,0.2628159,1.1154596
3906753,Natisha Hiedeman,SEA,2026-05-17,0.0,18.0,0.0,0.0,56.0,0,2,3,0,2,0,1,2,0,4,,0,0,,1,1,1,1.0,14.0,0.0,0.14285714285714285,0.21428571428571427,0.0,0.14285714285714285,0.2857142857142857,0.0,0.14285714285714285,0.42857142857142855,0.0,11.666666666666666,10.692676621563628,1.0,1.3333333333333333,2.3333333333333335,0.0,1.3333333333333333,0.0,0.6666666666666666,1.0,0.3333333333333333,3.6666666666666665,,0.3333333333333333,0.6666666666666666,,0.3333333333333333,1.0,1.3333333333333333,-2.3333333333333335,0.07142857142857137,0.10101525445522107,0.11904761904761904,0.03367175148507369,0.20238095238095238,0.016835875742536834,0.0,0.0,0.11904761904761907,0.03367175148507369,0.30952380952380953,0.03367175148507371,0.047619047619047616,0.06734350297014738,0.09523809523809523,0.06734350297014738,0.4257142857142856,0.004040610178208833,14.6,9.016651263079881,4.4,1.4,2.2,0.0,1.6,0.4,0.4,1.2,1.6,4.6,,1.2,1.6,,0.4,1.0,1.2,-2.4,0.2422360248447205,0.39501673216475586,0.09792960662525879,0.03226715436367243,0.15046583850931677,0.06607407260198148,0.0,0.0,0.10300207039337474,0.07590893386260311,0.28519668737060044,0.21572117996040097,0.08902691511387162,0.12304478640251451,0.08602484472049689,0.041152247577830384,0.4103933747412008,0.2687352990847247,18.8,7.714344503009387,7.4,1.6,2.9,0.6,2.9,0.8,0.4,1.7,2.9,7.2,,1.0,1.3,,0.5,1.1,1.2,2.6,0.3482941979623902,0.3521160144695892,0.08507494116189768,0.03884742163335344,0.15510807397535087,0.08683805733824713,0.028283850652271705,0.04624994188689136,0.14614853279613005,0.07997598959878811,0.35965085511996264,0.17579524444366765,0.06181823007909965,0.08455130610909926,0.09183596765976627,0.02930401088733249,0.47868684401453276,0.2050358775167109,,True,True,IND,False,7.5040345,1.8785293,2.5241277,11.906692,0.5588075,0.6395658,0.31246063,1.4275002,6.8000407,1.8810613,2.4375813,0.65409684,11.118684,0.6395658,0.31246063,1.4275002
3917453,Katie Lou Samuelson,SEA,2026-05-17,0.0,18.0,0.0,0.0,44.0,0,0,0,0,0,0,0,0,0,0,,0,0,,0,0,0,0.0,0.0,,,,,,,,,,0.0,0.0,0.0,0.0,0.0,0.0,0.0,0.0,0.0,0.0,0.0,0.0,0.0,,0.0,0.0,,0.0,0.0,0.0,0.0,,,,,,,,,,,,,,,,,,,0.0,0.0,0.0,0.0,0.0,0.0,0.0,0.0,0.0,0.0,0.0,0.0,,0.0,0.0,,0.0,0.0,0.0,0.0,,,,,,,,,,,,,,,,,,,0.0,0.0,0.0,0.0,0.0,0.0,0.0,0.0,0.0,0.0,0.0,0.0,,0.0,0.0,,0.0,0.0,0.0,0.0,,,,,,,,,,,,,,,,,,,,True,True,IND,False,3.4015274,1.1565099,0.61337274,5.17141,0.12475234,0.27412772,0.15140069,0.5243486,2.6975334,1.1590419,0.52682626,0.22004166,4.383402,0.27412772,0.15140069,0.5243486
4420318,Ezi Magbegor,SEA,2026-05-17,0.0,18.0,0.0,0.0,51.0,0,0,0,0,0,0,0,0,0,0,,0,0,,0,0,0,0.0,0.0,,,,,,,,,,0.0,8.666666666666666,15.011106998930273,3.0,1.6666666666666667,0.6666666666666666,0.0,0.3333333333333333,0.6666666666666666,0.0,0.3333333333333333,1.3333333333333333,2.3333333333333335,,0.3333333333333333,1.0,,0.3333333333333333,1.3333333333333333,1.3333333333333333,-1.3333333333333333,0.34615384615384615,,0.19230769230769232,,0.07692307692307693,,0.0,,0.038461538461538464,,0.2692307692307692,,0.11538461538461539,,0.038461538461538464,,0.3584615384615385,,14.6,13.371611720357425,3.0,2.6,1.4,0.0,0.4,0.6,0.6,0.4,1.4,2.4,,0.2,0.8,,0.8,1.8,2.2,-5.4,0.20113340765514676,0.13350792732737254,0.17823299888517283,0.04777667868297864,0.09689706428836865,0.0292208274936135,0.0,0.0,0.02731326644370122,0.023786609022688854,0.16099962839093274,0.0966443041083088,0.05235042735042733,0.05842952527297141,0.027313266443701235,0.02378660902268887,0.21134708286882206,0.13242689312921557,22.7,12.52597301609739,5.5,4.6,1.7,0.6,0.9,0.6,1.9,1.1,2.0,4.3,,0.9,1.2,,1.7,2.9,2.6,-2.9,0.235377172500244,0.12052096823421336,0.20411582194103234,0.06572064015701684,0.07573732076712442,0.06422540423227746,0.025283587380361572,0.031218862427789058,0.039558320361265664,0.023384201267768308,0.18510456642469264,0.06138229377437091,0.04912449781401394,0.062350290238101555,0.04871287548356272,0.048584174397770456,0.2554322209464215,0.10039674967968346,,True,True,IND,False,0.96952957,2.6075177,0.46094203,4.0379896,0.0,0.47007567,0.9097754,0.46506587,0.2655356,2.6100497,0.37439552,-0.18603146,3.2499816,0.47007567,0.9097754,0.46506587
4432830,Jordan Horston,SEA,2026-05-17,0.0,18.0,0.0,0.0,3.0,0,0,0,0,0,0,0,0,0,0,,0,0,,0,0,0,0.0,0.0,,,,,,,,,,0.0,0.0,0.0,0.0,0.0,0.0,0.0,0.0,0.0,0.0,0.0,0.0,0.0,,0.0,0.0,,0.0,0.0,0.0,0.0,,,,,,,,,,,,,,,,,,,0.0,0.0,0.0,0.0,0.0,0.0,0.0,0.0,0.0,0.0,0.0,0.0,,0.0,0.0,,0.0,0.0,0.0,0.0,,,,,,,,,,,,,,,,,,,0.0,0.0,0.0,0.0,0.0,0.0,0.0,0.0,0.0,0.0,0.0,0.0,,0.0,0.0,,0.0,0.0,0.0,0.0,,,,,,,,,,,,,,,,,,,,True,True,IND,False,3.6037807,1.2444112,0.7476948,5.595887,0.149794,0.3539491,0.1572927,0.64092773,2.8997867,1.2469432,0.6611483,0.24508332,4.8078785,0.3539491,0.1572927,0.64092773
4432832,Zia Cooke,SEA,2026-05-17,0.0,18.0,0.0,0.0,45.0,19,0,0,4,9,0,0,0,5,12,,5,7,,0,0,2,5.0,18.0,1.0555555555555556,0.0,0.0,0.2222222222222222,0.5,0.6666666666666666,0.3888888888888889,0.0,0.8377777777777777,0.0,12.666666666666666,11.015141094572202,10.333333333333334,0.6666666666666666,1.0,1.3333333333333333,3.6666666666666665,0.0,0.0,1.0,2.6666666666666665,7.0,,3.6666666666666665,4.333333333333333,,0.0,0.6666666666666666,1.3333333333333333,0.6666666666666666,0.8277777777777778,0.32212642254053836,0.05,0.07071067811865477,0.075,0.10606601717798213,0.1111111111111111,0.15713484026367722,0.3,0.282842712474619,0.5583333333333333,0.15320646925708525,0.34444444444444444,0.06285393610547091,0.075,0.10606601717798213,0.7848888888888887,0.07479618396551034,9.0,9.591663046625438,6.8,0.4,0.8,0.8,2.2,0.0,0.0,0.8,1.8,4.8,,2.4,3.0,,0.0,0.4,0.8,1.2,0.6947089947089946,0.32404416231681027,0.03333333333333333,0.05773502691896258,0.0976190476190476,0.08461597925674695,0.07407407407407406,0.12830005981991682,0.19999999999999998,0.2645751311064591,0.515079365079365,0.13171495139222802,0.32486772486772486,0.05590216892153521,0.0976190476190476,0.08461597925674695,0.7556402116402116,0.07323721683879784,4.5,7.961713941664123,3.4,0.2,0.4,0.4,1.1,0.0,0.0,0.4,0.9,2.4,,1.2,1.5,,0.0,0.2,0.4,0.6,0.6947089947089946,0.3240441623168103,0.03333333333333333,0.057735026918962595,0.0976190476190476,0.08461597925674684,0.07407407407407407,0.12830005981991682,0.20000000000000004,0.2645751311064591,0.515079365079365,0.131714951392228,0.32486772486772486,0.05590216892153476,0.0976190476190476,0.08461597925674705,0.7556402116402116,0.0732372168387977,,True,True,IND,False,7.5270534,1.9129964,1.2498748,10.689925,0.7424283,0.45722905,0.16939026,1.1971028,6.8230596,1.9155284,1.1633283,0.83771765,9.9019165,0.45722905,0.16939026,1.1971028
4433643,Mackenzie Holmes,SEA,2026-05-17,0.0,18.0,0.0,0.0,40.0,8,7,0,0,1,1,1,2,2,7,,4,4,,3,4,4,6.0,21.0,0.38095238095238093,0.3333333333333333,0.0,0.0,0.047619047619047616,0.3333333333333333,0.19047619047619047,0.09523809523809523,0.5123809523809524,0.0,11.333333333333334,10.598742063723098,3.6666666666666665,3.3333333333333335,0.0,0.3333333333333333,0.6666666666666666,0.6666666666666666,0.3333333333333333,0.6666666666666666,1.0,3.0,,1.3333333333333333,1.3333333333333333,,1.0,2.3333333333333335,1.6666666666666667,3.0,0.3058608058608059,0.10619552391446313,0.28205128205128205,0.07252377242938947,0.0,0.0,0.038461538461538464,0.05439282932204212,0.06227106227106227,0.02072107783696843,0.24358974358974358,0.1269166017514316,0.09523809523809523,0.13468700594029476,0.047619047619047616,0.06734350297014738,0.3331135531135531,0.2535223873353087,7.8,9.093954035511725,2.2,2.2,0.0,0.2,0.4,0.4,0.2,0.4,0.6,1.8,,0.8,0.8,,0.6,1.6,1.0,3.2,0.20390720390720393,0.19189152014530028,0.25470085470085474,0.0698139413902979,0.0,0.0,0.025641025641025644,0.04441155916843275,0.04151404151404151,0.03882323100264871,0.1623931623931624,0.16683095124737723,0.06349206349206349,0.109971479845643,0.031746031746031744,0.0549857399228215,0.22207570207570207,0.2629163622321919,5.1,7.593125545883958,1.1,1.2,0.1,0.1,0.2,0.2,0.1,0.2,0.3,0.9,,0.4,0.4,,0.3,0.9,0.7,1.0,0.15293040293040294,0.18692986372905454,0.21185897435897438,0.10291273546008418,0.020833333333333332,0.041666666666666664,0.019230769230769232,0.038461538461538464,0.031135531135531136,0.03789040451570916,0.12179487179487179,0.1585809856006792,0.047619047619047616,0.09523809523809523,0.023809523809523808,0.047619047619047616,0.16655677655677656,0.24168729117610513,,True,True,IND,False,6.7161627,3.3032439,0.94092387,10.96033,0.33559236,0.48875505,0.39777943,1.139219,6.012169,3.305776,0.8543774,0.43088168,10.172321,0.48875505,0.39777943,1.139219
4698736,Flau'jae Johnson,SEA,2026-05-17,0.0,18.0,0.0,0.0,3.0,20,3,1,3,7,1,0,2,5,12,,7,8,,1,2,4,3.0,19.0,1.0526315789473684,0.15789473684210525,0.05263157894736842,0.15789473684210525,0.3684210526315789,0.631578947368421,0.42105263157894735,0.10526315789473684,0.9221052631578948,0.0,21.0,2.8284271247461903,16.0,3.5,0.5,2.0,4.5,1.0,0.0,1.0,5.0,11.0,,4.0,4.5,,1.0,2.5,3.5,-2.5,0.7871853546910754,0.37539765042397943,0.16590389016018306,0.011326653245551106,0.02631578947368421,0.03721614637823934,0.10068649885583524,0.08090466603965074,0.22768878718535468,0.19902547845754084,0.5331807780320366,0.13915602558819928,0.23226544622425627,0.2669853979308474,0.05263157894736842,0.07443229275647868,0.6880091533180778,0.3310618934342509,21.0,2.8284271247461903,16.0,3.5,0.5,2.0,4.5,1.0,0.0,1.0,5.0,11.0,,4.0,4.5,,1.0,2.5,3.5,-2.5,0.7871853546910754,0.37539765042397943,0.16590389016018306,0.011326653245551106,0.02631578947368421,0.03721614637823934,0.10068649885583524,0.08090466603965074,0.22768878718535468,0.19902547845754084,0.5331807780320366,0.13915602558819928,0.23226544622425627,0.2669853979308474,0.05263157894736842,0.07443229275647868,0.6880091533180778,0.3310618934342509,21.0,2.8284271247461903,16.0,3.5,0.5,2.0,4.5,1.0,0.0,1.0,5.0,11.0,,4.0,4.5,,1.0,2.5,3.5,-2.5,0.7871853546910754,0.37539765042397943,0.16590389016018306,0.011326653245551106,0.02631578947368421,0.03721614637823934,0.10068649885583524,0.08090466603965074,0.22768878718535468,0.19902547845754084,0.5331807780320366,0.13915602558819928,0.23226544622425627,0.2669853979308474,0.05263157894736842,0.07443229275647868,0.6880091533180778,0.3310618934342509,,True,True,IND,False,13.606029,3.9556997,0.7042879,18.266016,1.3212341,0.763126,0.14382248,1.6902682,12.902035,3.9582317,0.6177414,1.4165235,17.478008,0.763126,0.14382248,1.6902682
4898400,Taylor Thierry,SEA,2026-05-17,0.0,14.0,0.0,1.0,45.0,7,4,1,2,4,0,0,1,2,5,,1,2,,1,3,3,-10.0,13.0,0.5384615384615384,0.3076923076923077,0.07692307692307693,0.15384615384615385,0.3076923076923077,0.38461538461538464,0.15384615384615385,0.07692307692307693,0.5292307692307692,0.0,9.0,7.810249675906655,2.3333333333333335,2.6666666666666665,0.3333333333333333,0.6666666666666666,1.6666666666666667,0.3333333333333333,0.3333333333333333,0.6666666666666666,0.6666666666666666,2.0,,0.3333333333333333,0.6666666666666666,,1.0,1.6666666666666667,1.0,0.3333333333333333,0.2692307692307692,0.3807498052542948,0.2967032967032967,0.015540808377726343,0.038461538461538464,0.05439282932204212,0.07692307692307693,0.10878565864408424,0.18956043956043955,0.16706369006055796,0.22802197802197804,0.22145651938260005,0.07692307692307693,0.10878565864408424,0.07417582417582418,0.0038852020944315857,0.336043956043956,0.2732074112804287,5.8,7.085195833567341,1.4,1.6,0.2,0.4,1.0,0.2,0.2,0.4,0.4,1.2,,0.2,0.4,,0.6,1.0,0.6,0.4,0.1794871794871795,0.31088091417902924,0.1978021978021978,0.1716538390309155,0.025641025641025644,0.04441155916843275,0.05128205128205129,0.0888231183368655,0.12637362637362637,0.161036822964317,0.15201465201465203,0.20457965639056044,0.05128205128205129,0.0888231183368655,0.04945054945054945,0.042913459757728874,0.224029304029304,0.2737937026068485,3.1,5.546770832355224,0.7,0.8,0.1,0.2,0.5,0.1,0.1,0.2,0.2,0.7,,0.1,0.2,,0.3,0.5,0.3,-0.2,0.1346153846153846,0.2692307692307692,0.14835164835164835,0.1715365490691296,0.019230769230769232,0.038461538461538464,0.038461538461538464,0.07692307692307693,0.09478021978021978,0.1458805867630522,0.23901098901098902,0.24119564909503263,0.038461538461538464,0.07692307692307693,0.03708791208791209,0.0428841372672824,0.293021978021978,0.2627076016856304,,True,True,IND,False,5.162488,2.4483075,0.90563446,8.51643,0.4251106,0.5493268,0.26683336,0.79499656,4.458494,2.4508395,0.819088,0.5203999,7.7284217,0.5493268,0.26683336,0.79499656
5017726,Jade Melbourne,SEA,2026-05-17,0.0,18.0,0.0,0.0,48.0,4,1,3,0,2,1,1,2,1,5,,2,4,,1,0,6,6.0,18.0,0.2222222222222222,0.05555555555555555,0.16666666666666666,0.0,0.1111111111111111,0.2777777777777778,0.2222222222222222,0.1111111111111111,0.48666666666666664,0.0,18.666666666666668,1.154700538379272,6.333333333333333,0.3333333333333333,2.6666666666666665,0.3333333333333333,1.3333333333333333,0.6666666666666666,0.6666666666666666,2.3333333333333335,2.6666666666666665,5.0,,0.6666666666666666,1.3333333333333333,,0.3333333333333333,0.0,3.3333333333333335,0.0,0.3407407407407408,0.14330031201594937,0.018518518518518517,0.032075014954979206,0.1425925925925926,0.02850889688581615,0.018518518518518517,0.032075014954979206,0.07222222222222223,0.03379312516832367,0.27037037037037037,0.06697459748157464,0.07407407407407407,0.12830005981991682,0.1259259259259259,0.03571722504071463,0.4288888888888889,0.11181996111474785,18.6,2.607680962081064,5.0,0.6,2.8,0.2,1.2,0.8,0.4,1.8,2.2,4.8,,0.4,0.8,,0.2,0.4,3.0,-5.4,0.26747474747474753,0.14361810678273645,0.03777777777777778,0.05858411700650696,0.14434343434343436,0.06030269190978263,0.011111111111111113,0.024845199749997663,0.06575757575757576,0.02656296794782786,0.261010101010101,0.05100059917503496,0.04444444444444444,0.09938079899999064,0.09373737373737374,0.06011331679449321,0.37430303030303025,0.11031934611264606,20.7,4.083843505544474,4.4,1.1,3.4,0.3,1.9,0.7,0.2,1.9,1.7,4.5,,0.7,1.0,,0.2,0.9,2.3,-7.1,0.21878749905065695,0.14568408426697652,0.05117585630743525,0.05377812609730015,0.158700539226855,0.0803814738943834,0.015079365079365078,0.03313749475158039,0.09583618136249714,0.0879785429289603,0.23184590263537636,0.10873701543011229,0.04507936507936507,0.0788171562345789,0.091417559049138,0.046408037895393585,0.34309838231943496,0.13773962531900774,,True,True,IND,False,6.189309,1.889403,2.9448426,11.023555,0.53459704,0.7264297,0.2494216,1.6092985,5.4853153,1.891935,2.8582962,0.6298863,10.235546,0.7264297,0.2494216,1.6092985
5105731,Grace VanSlooten,SEA,2026-05-17,0.0,18.0,0.0,0.0,3.0,1,1,0,0,0,0,0,0,0,1,,1,2,,1,0,0,6.0,8.0,0.125,0.125,0.0,0.0,0.0,0.125,0.25,0.0,0.235,0.0,15.0,9.899494936611665,2.0,2.0,0.5,0.0,0.0,0.0,0.5,0.0,0.0,1.5,,2.0,3.0,,1.5,0.5,0.5,7.5,0.13068181818181818,0.008035304331665305,0.13068181818181818,0.008035304331665305,0.022727272727272728,0.03214121732666125,0.0,0.0,0.0,0.0,0.10795454545454546,0.024105912994995937,0.2159090909090909,0.04821182598999187,0.0,0.0,0.20295454545454544,0.04531911643059236,15.0,9.899494936611665,2.0,2.0,0.5,0.0,0.0,0.0,0.5,0.0,0.0,1.5,,2.0,3.0,,1.5,0.5,0.5,7.5,0.13068181818181818,0.008035304331665305,0.13068181818181818,0.008035304331665305,0.022727272727272728,0.03214121732666125,0.0,0.0,0.0,0.0,0.10795454545454546,0.024105912994995937,0.2159090909090909,0.04821182598999187,0.0,0.0,0.20295454545454544,0.04531911643059236,15.0,9.899494936611665,2.0,2.0,0.5,0.0,0.0,0.0,0.5,0.0,0.0,1.5,,2.0,3.0,,1.5,0.5,0.5,7.5,0.13068181818181818,0.008035304331665305,0.13068181818181818,0.008035304331665305,0.022727272727272728,0.03214121732666125,0.0,0.0,0.0,0.0,0.10795454545454546,0.024105912994995937,0.2159090909090909,0.04821182598999187,0.0,0.0,0.20295454545454544,0.04531911643059236,,True,True,IND,False,3.3065166,2.1100898,0.4147823,5.8313885,0.08653721,0.4232862,0.4208638,0.560094,2.6025226,2.1126218,0.32823578,0.18182653,5.0433807,0.4232862,0.4208638,0.560094
5106222,Taina Mair,SEA,2026-05-17,0.0,18.0,0.0,0.0,3.0,2,4,5,0,0,0,0,2,0,2,,2,2,,1,3,2,6.0,12.0,0.16666666666666666,0.3333333333333333,0.4166666666666667,0.0,0.0,0.16666666666666666,0.16666666666666666,0.16666666666666666,0.4066666666666667,0.0,14.5,3.5355339059327378,2.0,3.0,4.5,0.0,1.5,0.5,0.0,2.0,0.5,3.0,,1.0,1.0,,1.5,1.5,2.5,10.5,0.14215686274509803,0.03466209711698762,0.22549019607843135,0.15251322731474554,0.32598039215686275,0.1282497593328542,0.0,0.0,0.08823529411764706,0.12478354962115545,0.20098039215686275,0.048526935963782686,0.08333333333333333,0.11785113019775792,0.14215686274509803,0.03466209711698762,0.37980392156862747,0.03798965844021843,14.5,3.5355339059327378,2.0,3.0,4.5,0.0,1.5,0.5,0.0,2.0,0.5,3.0,,1.0,1.0,,1.5,1.5,2.5,10.5,0.14215686274509803,0.03466209711698762,0.22549019607843135,0.15251322731474554,0.32598039215686275,0.1282497593328542,0.0,0.0,0.08823529411764706,0.12478354962115545,0.20098039215686275,0.048526935963782686,0.08333333333333333,0.11785113019775792,0.14215686274509803,0.03466209711698762,0.37980392156862747,0.03798965844021843,14.5,3.5355339059327378,2.0,3.0,4.5,0.0,1.5,0.5,0.0,2.0,0.5,3.0,,1.0,1.0,,1.5,1.5,2.5,10.5,0.14215686274509803,0.03466209711698762,0.22549019607843135,0.15251322731474554,0.32598039215686275,0.1282497593328542,0.0,0.0,0.08823529411764706,0.12478354962115545,0.20098039215686275,0.048526935963782686,0.08333333333333333,0.11785113019775792,0.14215686274509803,0.03466209711698762,0.37980392156862747,0.03798965844021843,,True,True,IND,False,5.3915753,2.9051335,3.7937222,12.090431,0.45415,0.80983245,0.09704108,1.6429763,4.6875815,2.9076655,3.7071757,0.5494393,11.3024235,0.80983245,0.09704108,1.6429763
5220150,Dominique Malonga,SEA,2026-05-17,0.0,18.0,0.0,0.0,51.0,10,11,1,0,1,1,1,2,3,9,,4,6,,6,5,2,4.0,19.0,0.5263157894736842,0.5789473684210527,0.05263157894736842,0.0,0.05263157894736842,0.47368421052631576,0.3157894736842105,0.10526315789473684,0.7178947368421053,0.0,20.666666666666668,1.527525231651946,7.666666666666667,7.0,0.6666666666666666,0.3333333333333333,1.3333333333333333,0.6666666666666666,1.0,2.0,2.3333333333333335,8.0,,2.6666666666666665,4.666666666666667,,3.0,4.0,2.0,-2.3333333333333335,0.3796233006759324,0.2121546251415064,0.34810511126300603,0.19998848079950046,0.03341687552213868,0.02904818488005632,0.015873015873015872,0.02749286996141075,0.06516290726817042,0.0722482972701733,0.3923824713298398,0.14299472377975606,0.23080428343586235,0.12208246353155491,0.0964152806258069,0.04502903737574325,0.5903516366674263,0.1652742896305687,21.8,1.9235384061671057,9.2,8.4,1.2,0.6,1.2,0.8,1.2,1.2,3.0,8.4,,2.6,3.8,,3.2,5.2,2.6,-1.2,0.42342615431860287,0.16174489152536303,0.3874862551636007,0.15157478511642336,0.05447041516835567,0.047307160612485126,0.026190476190476188,0.03802076053016979,0.05576441102756892,0.06036212207582125,0.38796571468196184,0.11499680248088325,0.18123619324992324,0.11106866772508017,0.057849168375484164,0.06166505497393872,0.5255588080874122,0.15410730114915877,18.3,7.165503781622372,8.4,5.9,1.1,0.4,0.9,0.7,1.2,1.0,3.2,6.7,,1.6,3.0,,2.1,3.8,2.6,2.0,0.465395482557954,0.1345441942913128,0.308794672782087,0.16249386692150525,0.06218774868660452,0.041593911611012356,0.0196007696007696,0.03126584063036452,0.049919622288043336,0.056331705448946306,0.366600721720859,0.09449700826920607,0.17734622568718678,0.13620120288573467,0.06000639224323434,0.056917234215323985,0.5046394532664555,0.13861163770702659,,True,True,IND,False,10.133528,6.465309,0.82179904,17.420635,0.020056516,0.5801171,0.90452397,1.3155749,9.429534,6.467841,0.73525256,0.115345836,16.632627,0.5801171,0.90452397,1.3155749
5345325,Awa Fam,SEA,2026-05-17,0.0,18.0,0.0,0.0,3.0,0,0,0,0,0,0,0,0,0,0,,0,0,,0,0,0,0.0,0.0,,,,,,,,,,0.0,0.0,0.0,0.0,0.0,0.0,0.0,0.0,0.0,0.0,0.0,0.0,0.0,,0.0,0.0,,0.0,0.0,0.0,0.0,,,,,,,,,,,,,,,,,,,0.0,0.0,0.0,0.0,0.0,0.0,0.0,0.0,0.0,0.0,0.0,0.0,,0.0,0.0,,0.0,0.0,0.0,0.0,,,,,,,,,,,,,,,,,,,0.0,0.0,0.0,0.0,0.0,0.0,0.0,0.0,0.0,0.0,0.0,0.0,,0.0,0.0,,0.0,0.0,0.0,0.0,,,,,,,,,,,,,,,,,,,,True,True,IND,False,3.6037807,1.2444112,0.7476948,5.595887,0.149794,0.3539491,0.1572927,0.64092773,2.8997867,1.2469432,0.6611483,0.24508332,4.8078785,0.3539491,0.1572927,0.64092773
2566453,Isabelle Harrison,TOR,2026-05-17,0.0,18.0,0.0,0.0,49.0,0,0,0,0,0,0,0,0,0,0,,0,0,,0,0,0,0.0,0.0,,,,,,,,,,0.0,2.3333333333333335,4.041451884327378,1.3333333333333333,0.6666666666666666,0.0,0.0,0.0,0.6666666666666666,0.0,0.0,0.6666666666666666,0.6666666666666666,,0.0,0.6666666666666666,,0.3333333333333333,0.3333333333333333,0.0,-0.3333333333333333,0.5714285714285714,,0.2857142857142857,,0.0,,0.0,,0.0,,0.2857142857142857,,0.2857142857142857,,0.0,,0.4114285714285714,,4.4,6.6558245169174945,0.8,1.4,0.4,0.0,0.2,0.4,0.0,0.4,0.4,1.6,,0.0,0.4,,0.6,0.8,0.2,-2.2,0.2857142857142858,0.4040610178208844,0.30952380952380953,0.03367175148507357,0.06666666666666665,0.09428090415820621,0.0,0.0,0.033333333333333326,0.04714045207910361,0.34285714285714286,0.08081220356417666,0.14285714285714285,0.20203050891044216,0.06666666666666665,0.0942809041582063,0.47238095238095246,0.08619968380178859,5.8,6.795423296438403,2.5,1.4,0.6,0.2,0.6,0.4,0.0,0.3,1.0,2.6,,0.3,0.6,,0.5,0.9,0.4,-0.9,0.41530612244897963,0.3880096729681007,0.18027210884353742,0.13580972894050972,0.11666666666666667,0.13298565781762026,0.014285714285714287,0.03779644730092273,0.16326530612244897,0.1868041744439271,0.422108843537415,0.31875938853783925,0.12653061224489795,0.19560277870203488,0.054761904761904755,0.0994029797388005,0.5325442176870748,0.2462296595528133,,True,True,LAS,False,2.6494527,1.0232856,0.21571675,3.8884552,0.0,0.13798985,0.12117344,0.3575699,1.9454587,1.0258176,0.12917024,0.084818885,3.1004467,0.13798985,0.12117344,0.3575699
2569044,Temi Fagbenle,TOR,2026-05-17,0.0,16.0,0.0,0.0,46.0,4,7,2,0,0,0,1,0,2,7,,0,0,,2,5,3,1.0,15.0,0.26666666666666666,0.4666666666666667,0.13333333333333333,0.0,0.0,0.4666666666666667,0.0,0.0,0.4666666666666667,0.0,18.666666666666668,3.2145502536643176,6.666666666666667,4.333333333333333,2.3333333333333335,0.0,0.6666666666666666,1.0,0.3333333333333333,1.0,3.0,6.0,,0.6666666666666666,1.3333333333333333,,1.0,3.3333333333333335,3.3333333333333335,0.3333333333333333,0.3523809523809524,0.21780184049579562,0.2531746031746032,0.18492404111584648,0.1261904761904762,0.02807101457750383,0.0,0.0,0.03253968253968254,0.028205326418915617,0.3365079365079365,0.17098708583486014,0.06666666666666667,0.11547005383792516,0.048412698412698386,0.04763888475701247,0.41425396825396826,0.15667174208983367,24.2,8.814760348415604,8.0,4.6,1.8,0.2,1.2,1.4,0.8,1.2,3.6,7.2,,0.6,1.2,,1.8,2.8,3.4,-2.6,0.32955722639933166,0.16543068862885968,0.2131133389028126,0.1418432996952288,0.08838485101642997,0.05557185889567173,0.005263157894736842,0.011768778828946272,0.04057644110275689,0.04363389807045071,0.3073628515733779,0.13888474745170545,0.05052631578947368,0.08661053655041774,0.0491255917571707,0.03769338530390374,0.378720022277917,0.12972690482731072,24.5,8.95978670381041,7.8,4.1,1.5,0.3,1.3,1.0,0.6,1.5,3.5,6.7,,0.5,0.8,,1.5,2.6,3.3,1.2,0.31922117120758886,0.13063817811475686,0.1756922099154697,0.10601950890738046,0.0664335120956513,0.05301044611374697,0.010526315789473684,0.018400155231055287,0.052744360902255635,0.041856281139683135,0.2880122124307184,0.11463647410597817,0.036228070175438595,0.06436209860900345,0.05801638954015863,0.051223152222252155,0.36196895284806996,0.09734332196532233,,True,True,LAS,False,7.3901176,4.127469,1.5809618,13.098549,0.118125334,0.6997205,0.52449554,1.2864825,6.686124,4.130001,1.4944153,0.21341465,12.310539,0.6997205,0.52449554,1.2864825
2988756,Brittney Sykes,TOR,2026-05-17,0.0,2.0,1.0,1.0,51.0,27,4,7,2,7,4,0,3,7,19,,11,11,,0,4,4,-7.0,35.0,0.7714285714285715,0.11428571428571428,0.2,0.05714285714285714,0.2,0.5428571428571428,0.3142857142857143,0.08571428571428572,0.7668571428571429,0.0,17.333333333333332,17.502380790433435,11.666666666666666,1.6666666666666667,2.3333333333333335,0.6666666666666666,3.3333333333333335,1.6666666666666667,0.0,2.0,3.3333333333333335,9.333333333333334,,4.333333333333333,4.333333333333333,,0.0,1.6666666666666667,2.3333333333333335,-3.6666666666666665,0.6210084033613447,0.21272624173511265,0.08655462184873947,0.03921768702379171,0.1,0.14142135623730953,0.02857142857142857,0.04040610178208843,0.18823529411764706,0.016637806616154067,0.5361344537815125,0.009507318066373715,0.21596638655462186,0.13904452672071604,0.13109243697478992,0.06417439694802281,0.762252100840336,0.006512512875465983,20.4,13.145341380123982,9.6,2.0,1.6,0.4,2.2,1.0,0.2,2.4,3.2,7.8,,2.8,3.0,,0.4,1.6,2.0,-5.0,0.44536732567423104,0.2570434952350911,0.09279421913693012,0.025725987941092997,0.05925925925925926,0.09543776834611216,0.014285714285714278,0.02857142857142857,0.1033769063180828,0.09961002557474308,0.37797060853326836,0.18272498985762892,0.12811201775396147,0.12939305180040658,0.12593269191734666,0.038347304294421736,0.5602725882623582,0.23336339146203627,23.1,10.5351264296585,9.1,2.4,1.9,0.2,1.6,1.0,0.1,2.5,2.9,7.9,,3.1,3.2,,0.6,1.8,2.2,-5.3,0.3697898389600578,0.22048957629541804,0.10300795802500833,0.02622387911517898,0.07322257903175779,0.06190890141015262,0.006349206349206349,0.01904761904761905,0.06471872351383576,0.07477569191379797,0.3385319075621719,0.13433031591066436,0.1206935474426239,0.09644838444204189,0.12462698754045728,0.08178549098302422,0.5162640559773837,0.15616302219137596,,True,True,LAS,False,12.564937,3.2054858,3.2780344,19.048456,0.7928858,1.0809064,0.33768207,2.1837187,11.860943,3.2080178,3.191488,0.88817513,18.260452,1.0809064,0.33768207,2.1837187
3142327,Kia Nurse,TOR,2026-05-17,0.0,2.0,1.0,1.0,50.0,4,1,1,0,2,1,0,0,2,4,,0,0,,0,1,0,8.0,9.0,0.4444444444444444,0.1111111111111111,0.1111111111111111,0.0,0.2222222222222222,0.4444444444444444,0.0,0.0,0.4444444444444444,0.0,14.0,4.582575694955842,6.333333333333333,0.3333333333333333,0.3333333333333333,1.0,4.333333333333333,0.6666666666666666,0.0,0.6666666666666666,2.3333333333333335,6.666666666666667,,0.6666666666666666,0.6666666666666666,,0.0,0.3333333333333333,0.6666666666666666,0.0,0.45185185185185195,0.012830005981989566,0.037037037037037035,0.06415002990995841,0.037037037037037035,0.06415002990995841,0.059259259259259255,0.05592469952052409,0.28888888888888886,0.1351725006732937,0.46296296296296297,0.13981174880131014,0.044444444444444446,0.0769800358919501,0.04074074074074074,0.03571722504071464,0.5232592592592592,0.12439787488426046,19.6,8.79204185613331,7.6,1.2,0.6,1.2,4.8,0.4,0.0,0.8,2.8,7.8,,0.8,0.8,,0.2,1.0,0.6,-6.2,0.40861111111111115,0.06384660436459305,0.057638888888888885,0.05354432368389223,0.03472222222222222,0.05055631867555915,0.05638888888888889,0.04041642802525952,0.2504166666666667,0.11068015382451046,0.41527777777777775,0.12052162861064784,0.043333333333333335,0.061913918736688944,0.03902777777777777,0.02563055119034688,0.4733722222222222,0.11791871088399475,19.2,7.238784428341545,8.2,1.5,0.8,1.5,4.4,0.5,0.0,1.2,2.7,6.6,,1.3,1.4,,0.2,1.3,1.2,-4.1,0.4295929118773946,0.16866006311156267,0.0803629584017515,0.062040170046102246,0.03829707170224412,0.05345016691844624,0.06829296661193213,0.059970159520282715,0.23220340722495894,0.0841054133843458,0.3571298576902025,0.11701823919376897,0.08928571428571427,0.109358340612994,0.05938252599890531,0.04342906944301089,0.45579809797482207,0.11039022108701471,,True,True,LAS,False,6.959654,1.031593,0.82914805,8.8203945,1.215443,0.2484438,0.104659535,0.74970555,6.25566,1.034125,0.7426016,1.3107324,8.032387,0.2484438,0.104659535,0.74970555
3904576,Marina Mabrey,TOR,2026-05-17,0.0,2.0,1.0,1.0,48.0,7,2,0,1,6,0,1,3,3,10,,0,0,,0,2,3,-21.0,21.0,0.3333333333333333,0.09523809523809523,0.0,0.047619047619047616,0.2857142857142857,0.47619047619047616,0.0,0.14285714285714285,0.6190476190476191,0.0,19.0,18.083141320025124,9.666666666666666,1.0,1.6666666666666667,1.0,4.333333333333333,0.3333333333333333,0.3333333333333333,2.3333333333333335,3.6666666666666665,8.333333333333334,,1.3333333333333333,1.3333333333333333,,0.0,1.0,1.0,-13.0,0.4722222222222222,0.19641855032959657,0.06150793650793648,0.04770164793718773,0.06944444444444446,0.09820927516479827,0.05158730158730157,0.005611958580845615,0.24007936507936511,0.06453752367972457,0.4464285714285713,0.0420896893563421,0.05555555555555555,0.07856742013183861,0.12698412698412698,0.02244783432338246,0.5978571428571429,0.029967858821715605,25.4,15.64608577248636,12.0,2.2,2.8,1.0,4.2,0.6,0.2,2.8,4.2,9.2,,2.6,3.0,,0.0,2.2,1.8,-9.0,0.4499269005847953,0.18589829482803752,0.0870862050960735,0.043235607012786316,0.10010051169590643,0.07000968647178568,0.040185098162071844,0.013707762614341402,0.1763719193817878,0.0838950954892506,0.36753994360902253,0.14344037227211248,0.10508040935672515,0.07689089086833398,0.1132453529657477,0.021017431767281415,0.5270206766917294,0.14908903753853964,28.2,11.203174153386664,12.0,2.5,3.2,1.4,5.4,0.6,0.2,2.3,4.1,10.9,,2.4,2.9,,0.2,2.3,2.5,-10.1,0.406212972518442,0.1985609532885217,0.08980156682556063,0.04120259103852788,0.11164234797232732,0.0683768684694299,0.04785278146346258,0.031175953596288795,0.19434975647178948,0.06419422254309357,0.386270476026668,0.10512708512024099,0.09798780720865345,0.09745914657112904,0.0830400552033679,0.03366111108370708,0.5124251664018433,0.10308666631589065,,True,True,LAS,False,10.904778,2.1961727,2.5921276,15.693078,1.3981955,0.7647494,0.24875191,1.7652717,10.200784,2.1987047,2.5055811,1.4934849,14.905068,0.7647494,0.24875191,1.7652717
3910470,Maria Conde,TOR,2026-05-17,0.0,2.0,1.0,1.0,4.0,6,4,0,2,5,1,0,2,2,6,,0,0,,2,2,0,0.0,20.0,0.3,0.2,0.0,0.1,0.25,0.3,0.0,0.1,0.4,0.0,6.666666666666667,11.547005383792515,2.0,1.3333333333333333,0.0,0.6666666666666666,1.6666666666666667,0.3333333333333333,0.0,0.6666666666666666,0.6666666666666666,2.0,,0.0,0.0,,0.6666666666666666,0.6666666666666666,0.0,0.0,0.3,,0.2,,0.0,,0.1,,0.25,,0.3,,0.0,,0.1,,0.4,,6.666666666666667,11.547005383792515,2.0,1.3333333333333333,0.0,0.6666666666666666,1.6666666666666667,0.3333333333333333,0.0,0.6666666666666666,0.6666666666666666,2.0,,0.0,0.0,,0.6666666666666666,0.6666666666666666,0.0,0.0,0.3,,0.2,,0.0,,0.1,,0.25,,0.3,,0.0,,0.1,,0.4,,6.666666666666667,11.547005383792515,2.0,1.3333333333333333,0.0,0.6666666666666666,1.6666666666666667,0.3333333333333333,0.0,0.6666666666666666,0.6666666666666666,2.0,,0.0,0.0,,0.6666666666666666,0.6666666666666666,0.0,0.0,0.3,,0.2,,0.0,,0.1,,0.25,,0.3,,0.0,,0.1,,0.4,,,True,True,LAS,False,5.8519907,2.6355376,1.1219712,9.609499,0.72150934,0.5806383,0.2441994,1.0782095,5.147997,2.6380696,1.0354247,0.8167987,8.821492,0.5806383,0.2441994,1.0782095
4001679,Julie Allemand,TOR,2026-05-17,0.0,2.0,1.0,1.0,39.0,5,1,4,1,3,2,0,1,2,4,,0,0,,0,1,1,-18.0,21.0,0.23809523809523808,0.047619047619047616,0.19047619047619047,0.047619047619047616,0.14285714285714285,0.19047619047619047,0.0,0.047619047619047616,0.23809523809523808,0.0,14.333333333333334,12.423096769056125,3.3333333333333335,2.3333333333333335,2.0,0.6666666666666666,1.6666666666666667,0.6666666666666666,0.0,0.3333333333333333,1.3333333333333333,2.3333333333333335,,0.0,0.0,,0.0,2.3333333333333335,1.0,-4.0,0.23268398268398272,0.007652670792062209,0.16017316017316016,0.1591755524748938,0.1406926406926407,0.07040457128697225,0.046536796536796536,0.0015305341584124377,0.11688311688311695,0.03673281980189857,0.1634199134199134,0.03826335396031101,0.0,0.0,0.023809523809523822,0.03367175148507369,0.18722943722943722,0.0719351054453847,21.4,13.240090634130873,7.6,2.2,2.8,1.2,2.2,1.6,0.2,0.4,3.0,4.0,,0.4,0.4,,0.4,1.8,1.2,3.6,0.3266868189281983,0.18230843442040254,0.11309150619495446,0.1110658306307189,0.13340050753843857,0.04261867769522029,0.05331765935214211,0.022350224615300424,0.10573219883564712,0.025845174579181694,0.18195626212867594,0.03836365102880889,0.014285714285714292,0.028571428571428574,0.020525451559934318,0.024299915577912695,0.20876742797432452,0.05204533179428652,25.5,10.189864245088511,6.5,2.7,3.7,0.9,2.6,1.4,0.1,0.9,2.6,4.4,,0.4,0.4,,0.2,2.5,1.4,1.9,0.2511785520286014,0.1635231737776125,0.11167391077948133,0.07922213963266199,0.1460876612138742,0.03819063052033958,0.035499332924149925,0.025967256439981205,0.10363116288853609,0.038679265077488596,0.17291631065503144,0.06870186514490838,0.013517665130568355,0.02688654773422087,0.034254196054889635,0.03294377180808793,0.21311827936737113,0.04849240445836507,,True,True,LAS,False,5.9015255,2.3823328,3.3969128,11.680771,0.83292663,0.96556747,0.17115234,1.2381566,5.1975317,2.3848648,3.3103664,0.928216,10.892761,0.96556747,0.17115234,1.2381566
4398768,Nyara Sabally,TOR,2026-05-17,0.0,2.0,1.0,1.0,47.0,14,9,3,0,1,1,2,0,5,10,,4,4,,5,4,3,-4.0,28.0,0.5,0.32142857142857145,0.10714285714285714,0.0,0.03571428571428571,0.35714285714285715,0.14285714285714285,0.0,0.42,0.0,12.666666666666666,14.189197769195175,5.333333333333333,3.3333333333333335,1.3333333333333333,0.0,0.6666666666666666,0.3333333333333333,0.6666666666666666,0.0,1.6666666666666667,4.0,,2.0,2.0,,1.6666666666666667,1.6666666666666667,1.6666666666666667,-3.6666666666666665,0.3500000000000001,0.21213203435596428,0.2107142857142857,0.15657364440559268,0.10357142857142856,0.00505076272276105,0.0,0.0,0.06785714285714287,0.045456864504849495,0.2785714285714286,0.11111677990074317,0.17142857142857143,0.04040610178208844,0.0,0.0,0.354,0.09333809511662428,9.0,11.489125293076057,3.4,2.2,1.0,0.0,0.4,0.4,0.4,0.0,1.0,3.0,,1.4,1.6,,1.0,1.2,1.0,-1.6,0.280952380952381,0.19184035312841605,0.1880952380952381,0.11744154719179546,0.11666666666666665,0.022961073240459387,0.0,0.0,0.045238095238095244,0.050675706318554205,0.32857142857142857,0.11693361102674929,0.20952380952380953,0.07190318509781664,0.0,0.0,0.4207619047619047,0.13314449212157795,5.8,8.954204474869767,2.1,1.4,0.5,0.0,0.2,0.2,0.3,0.0,0.7,2.0,,0.7,0.8,,0.6,0.8,0.6,-2.5,0.2412987012987013,0.19462415830375762,0.1674025974025974,0.13037111163855858,0.06999999999999999,0.06593131862408186,0.0,0.0,0.027142857142857146,0.04356557337707688,0.36987012987012985,0.11117141033541669,0.12571428571428572,0.12551932935136453,0.0,0.0,0.42518441558441555,0.1059470643064227,,True,True,LAS,False,8.874374,4.1165714,1.7677909,14.758737,0.3738374,0.49058467,0.669778,1.4555444,8.170381,4.1191034,1.6812444,0.46912673,13.970729,0.49058467,0.669778,1.4555444
4399342,Lexi Held,TOR,2026-05-17,0.0,2.0,1.0,1.0,60.0,0,0,0,0,0,0,0,0,0,0,,0,0,,0,0,1,4.0,6.0,0.0,0.0,0.0,0.0,0.0,0.0,0.0,0.0,0.0,0.0,17.0,9.539392014169454,8.666666666666666,0.3333333333333333,0.6666666666666666,2.0,3.6666666666666665,1.0,0.3333333333333333,1.0,3.0,6.0,,0.6666666666666666,0.6666666666666666,,0.3333333333333333,0.0,2.3333333333333335,3.0,0.39064558629776025,0.5003019496852251,0.014492753623188406,0.02510218561694029,0.030303030303030314,0.0524863881081478,0.09025032938076417,0.12063972370288355,0.16469038208168643,0.1842225171120781,0.26745718050065875,0.2376915299409445,0.030303030303030304,0.0524863881081478,0.04545454545454545,0.07872958216222169,0.32624505928853764,0.3160077148019311,11.6,10.310189135025603,5.8,0.4,0.4,1.4,2.4,0.6,0.2,0.6,2.0,3.8,,0.4,0.4,,0.2,0.2,1.4,2.4,0.40012704686617734,0.40893473760157234,0.046583850931677,0.06737532130547817,0.022727272727272728,0.045454545454545456,0.10340203274985885,0.1019534100922574,0.15923207227555056,0.15081267560950895,0.23630717108977978,0.2038286893831092,0.022727272727272728,0.045454545454545456,0.03409090909090909,0.06818181818181818,0.2803980801806889,0.2738278641461112,5.8,9.199033765685519,2.9,0.2,0.2,0.7,1.2,0.3,0.1,0.3,1.0,1.9,,0.2,0.2,,0.1,0.1,0.7,1.2,0.40012704686617734,0.40893473760157234,0.046583850931677016,0.06737532130547817,0.022727272727272728,0.045454545454545456,0.10340203274985883,0.1019534100922574,0.15923207227555053,0.15081267560950895,0.23630717108977978,0.2038286893831092,0.022727272727272728,0.045454545454545456,0.03409090909090909,0.06818181818181818,0.2803980801806889,0.2738278641461112,,True,True,LAS,False,4.9919024,1.1455336,0.836572,6.974008,0.55594516,0.46772876,0.21334636,0.55672985,4.2879086,1.1480656,0.7500255,0.65123445,6.1860013,0.46772876,0.21334636,0.55672985
4434020,Teonni Key,TOR,2026-05-17,0.0,2.0,1.0,1.0,4.0,5,2,1,1,1,0,1,0,1,1,,2,2,,2,0,2,-1.0,9.0,0.5555555555555556,0.2222222222222222,0.1111111111111111,0.1111111111111111,0.1111111111111111,0.1111111111111111,0.2222222222222222,0.0,0.20888888888888887,0.0,16.333333333333332,6.6583281184793925,3.0,3.0,1.0,0.3333333333333333,1.0,0.3333333333333333,0.6666666666666666,1.0,0.6666666666666666,2.6666666666666665,,1.3333333333333333,2.0,,1.3333333333333333,1.6666666666666667,4.666666666666667,-4.0,0.2457912457912458,0.28324884556293745,0.1835016835016835,0.1136457160386375,0.06734006734006734,0.059186517950326416,0.037037037037037035,0.06415002990995841,0.0707070707070707,0.03535353535353535,0.14646464646464646,0.11281973688731653,0.13468013468013468,0.11837303590065283,0.052188552188552194,0.05586080815837394,0.2579124579124579,0.12329760372824515,16.333333333333332,6.6583281184793925,3.0,3.0,1.0,0.3333333333333333,1.0,0.3333333333333333,0.6666666666666666,1.0,0.6666666666666666,2.6666666666666665,,1.3333333333333333,2.0,,1.3333333333333333,1.6666666666666667,4.666666666666667,-4.0,0.2457912457912458,0.28324884556293745,0.1835016835016835,0.1136457160386375,0.06734006734006734,0.059186517950326416,0.037037037037037035,0.06415002990995841,0.0707070707070707,0.03535353535353535,0.14646464646464646,0.11281973688731653,0.13468013468013468,0.11837303590065283,0.052188552188552194,0.05586080815837394,0.2579124579124579,0.12329760372824515,16.333333333333332,6.6583281184793925,3.0,3.0,1.0,0.3333333333333333,1.0,0.3333333333333333,0.6666666666666666,1.0,0.6666666666666666,2.6666666666666665,,1.3333333333333333,2.0,,1.3333333333333333,1.6666666666666667,4.666666666666667,-4.0,0.2457912457912458,0.28324884556293745,0.1835016835016835,0.1136457160386375,0.06734006734006734,0.059186517950326416,0.037037037037037035,0.06415002990995841,0.0707070707070707,0.03535353535353535,0.14646464646464646,0.11281973688731653,0.13468013468013468,0.11837303590065283,0.052188552188552194,0.05586080815837394,0.2579124579124579,0.12329760372824515,,True,True,LAS,False,2.9033477,3.0242355,0.47858024,6.406163,0.041511446,0.33345065,0.55340415,1.0735335,2.1993537,3.0267675,0.39203373,0.13680077,5.6181536,0.33345065,0.55340415,1.0735335
4565505,Kiki Rice,TOR,2026-05-17,0.0,2.0,1.0,1.0,4.0,11,0,2,3,4,0,0,1,4,7,,0,0,,0,0,4,15.0,21.0,0.5238095238095238,0.0,0.09523809523809523,0.14285714285714285,0.19047619047619047,0.3333333333333333,0.0,0.047619047619047616,0.38095238095238093,0.0,20.333333333333332,3.0550504633038935,8.666666666666666,1.0,2.0,1.3333333333333333,2.0,0.6666666666666666,0.0,1.3333333333333333,3.3333333333333335,6.666666666666667,,0.6666666666666666,1.0,,0.3333333333333333,0.6666666666666666,2.3333333333333335,-1.6666666666666667,0.4175699265213331,0.1158093125877203,0.04859335038363172,0.044371743153190465,0.09994722526691835,0.015877946839988163,0.06722689075630252,0.07179835080098765,0.09759266025250679,0.08080459118619761,0.3302074452969594,0.024447020419440895,0.043478260869565216,0.07530655685082074,0.07469654528478058,0.09129819432993193,0.42403442536434865,0.09176369098880321,20.333333333333332,3.0550504633038935,8.666666666666666,1.0,2.0,1.3333333333333333,2.0,0.6666666666666666,0.0,1.3333333333333333,3.3333333333333335,6.666666666666667,,0.6666666666666666,1.0,,0.3333333333333333,0.6666666666666666,2.3333333333333335,-1.6666666666666667,0.4175699265213331,0.1158093125877203,0.04859335038363172,0.044371743153190465,0.09994722526691835,0.015877946839988163,0.06722689075630252,0.07179835080098765,0.09759266025250679,0.08080459118619761,0.3302074452969594,0.024447020419440895,0.043478260869565216,0.07530655685082074,0.07469654528478058,0.09129819432993193,0.42403442536434865,0.09176369098880321,20.333333333333332,3.0550504633038935,8.666666666666666,1.0,2.0,1.3333333333333333,2.0,0.6666666666666666,0.0,1.3333333333333333,3.3333333333333335,6.666666666666667,,0.6666666666666666,1.0,,0.3333333333333333,0.6666666666666666,2.3333333333333335,-1.6666666666666667,0.4175699265213331,0.1158093125877203,0.04859335038363172,0.044371743153190465,0.09994722526691835,0.015877946839988163,0.06722689075630252,0.07179835080098765,0.09759266025250679,0.08080459118619761,0.3302074452969594,0.024447020419440895,0.043478260869565216,0.07530655685082074,0.07469654528478058,0.09129819432993193,0.42403442536434865,0.09176369098880321,,True,True,LAS,False,8.472868,1.8178489,1.8972582,12.187975,0.75515664,0.6567222,0.0705415,1.5503063,7.768874,1.8203809,1.8107116,0.850446,11.399968,0.6567222,0.0705415,1.5503063
4874475,Nikolina Milic,TOR,2026-05-17,0.0,2.0,1.0,1.0,4.0,0,0,0,0,0,0,0,2,0,0,,0,0,,0,0,1,-15.0,5.0,0.0,0.0,0.0,0.0,0.0,0.0,0.0,0.4,0.4,0.0,1.6666666666666667,2.8867513459481287,0.0,0.0,0.0,0.0,0.0,0.0,0.0,0.6666666666666666,0.0,0.0,,0.0,0.0,,0.0,0.0,0.3333333333333333,-5.0,0.0,,0.0,,0.0,,0.0,,0.0,,0.0,,0.0,,0.4,,0.4,,1.6666666666666667,2.8867513459481287,0.0,0.0,0.0,0.0,0.0,0.0,0.0,0.6666666666666666,0.0,0.0,,0.0,0.0,,0.0,0.0,0.3333333333333333,-5.0,0.0,,0.0,,0.0,,0.0,,0.0,,0.0,,0.0,,0.4,,0.4,,1.6666666666666667,2.8867513459481287,0.0,0.0,0.0,0.0,0.0,0.0,0.0,0.6666666666666666,0.0,0.0,,0.0,0.0,,0.0,0.0,0.3333333333333333,-5.0,0.0,,0.0,,0.0,,0.0,,0.0,,0.0,,0.0,,0.4,,0.4,,,True,True,LAS,False,4.6527624,1.7019942,0.96844023,7.3231964,0.2852793,0.30228174,0.20096405,0.7263289,3.9487686,1.7045262,0.88189375,0.38056862,6.5351887,0.30228174,0.20096405,0.7263289
5345444,Laura Juskaite,TOR,2026-05-17,0.0,2.0,1.0,1.0,4.0,16,3,4,2,4,4,0,1,5,9,,4,5,,1,2,5,19.0,25.0,0.64,0.12,0.16,0.08,0.16,0.36,0.2,0.04,0.488,0.0,24.0,4.58257569495584,10.666666666666666,4.666666666666667,2.3333333333333335,0.6666666666666666,2.6666666666666665,2.6666666666666665,0.0,2.3333333333333335,3.3333333333333335,9.0,,3.3333333333333335,4.333333333333333,,1.0,3.6666666666666665,4.333333333333333,-1.0,0.4602005012531329,0.22042365292243718,0.19350877192982455,0.06664981319749749,0.10032581453634086,0.062289788195631024,0.02666666666666667,0.046188021535170064,0.10659147869674185,0.053686334140793456,0.37939849624060146,0.03610181518172537,0.19573934837092732,0.12223615464348402,0.10167919799498747,0.05913696747577092,0.5672030075187969,0.1305598541507201,24.0,4.58257569495584,10.666666666666666,4.666666666666667,2.3333333333333335,0.6666666666666666,2.6666666666666665,2.6666666666666665,0.0,2.3333333333333335,3.3333333333333335,9.0,,3.3333333333333335,4.333333333333333,,1.0,3.6666666666666665,4.333333333333333,-1.0,0.4602005012531329,0.22042365292243718,0.19350877192982455,0.06664981319749749,0.10032581453634086,0.062289788195631024,0.02666666666666667,0.046188021535170064,0.10659147869674185,0.053686334140793456,0.37939849624060146,0.03610181518172537,0.19573934837092732,0.12223615464348402,0.10167919799498747,0.05913696747577092,0.5672030075187969,0.1305598541507201,24.0,4.58257569495584,10.666666666666666,4.666666666666667,2.3333333333333335,0.6666666666666666,2.6666666666666665,2.6666666666666665,0.0,2.3333333333333335,3.3333333333333335,9.0,,3.3333333333333335,4.333333333333333,,1.0,3.6666666666666665,4.333333333333333,-1.0,0.4602005012531329,0.22042365292243718,0.19350877192982455,0.06664981319749749,0.10032581453634086,0.062289788195631024,0.02666666666666667,0.046188021535170064,0.10659147869674185,0.053686334140793456,0.37939849624060146,0.03610181518172537,0.19573934837092732,0.12223615464348402,0.10167919799498747,0.05913696747577092,0.5672030075187969,0.1305598541507201,,True,True,LAS,False,11.554013,4.7537155,2.3255162,18.633244,0.64413834,1.175411,0.28242826,2.0535927,10.850019,4.7562475,2.2389698,0.7394277,17.845238,1.175411,0.28242826,2.0535927
