player_id,player_name,team,asof_date,is_home,days_rest,games_last7,games_last14,season_game_number,lag1_pts,lag1_reb,lag1_ast,lag1_threes,lag1_fg3a,lag1_stl,lag1_blk,lag1_tov,lag1_fgm,lag1_fga,lag1_fg_pct,lag1_ftm,lag1_fta,lag1_ft_pct,lag1_oreb,lag1_dreb,lag1_pf,lag1_plus_minus,lag1_min,lag1_pts_per_min,lag1_reb_per_min,lag1_ast_per_min,lag1_fg3m_per_min,lag1_fg3a_per_min,lag1_fga_per_min,lag1_fta_per_min,lag1_tov_per_min,lag1_usage_per_min,b2b,roll3_min,roll3_min_std,roll3_pts,roll3_reb,roll3_ast,roll3_threes,roll3_fg3a,roll3_stl,roll3_blk,roll3_tov,roll3_fgm,roll3_fga,roll3_fg_pct,roll3_ftm,roll3_fta,roll3_ft_pct,roll3_oreb,roll3_dreb,roll3_pf,roll3_plus_minus,roll3_pts_per_min,roll3_pts_per_min_std,roll3_reb_per_min,roll3_reb_per_min_std,roll3_ast_per_min,roll3_ast_per_min_std,roll3_fg3m_per_min,roll3_fg3m_per_min_std,roll3_fg3a_per_min,roll3_fg3a_per_min_std,roll3_fga_per_min,roll3_fga_per_min_std,roll3_fta_per_min,roll3_fta_per_min_std,roll3_tov_per_min,roll3_tov_per_min_std,roll3_usage_per_min,roll3_usage_per_min_std,roll5_min,roll5_min_std,roll5_pts,roll5_reb,roll5_ast,roll5_threes,roll5_fg3a,roll5_stl,roll5_blk,roll5_tov,roll5_fgm,roll5_fga,roll5_fg_pct,roll5_ftm,roll5_fta,roll5_ft_pct,roll5_oreb,roll5_dreb,roll5_pf,roll5_plus_minus,roll5_pts_per_min,roll5_pts_per_min_std,roll5_reb_per_min,roll5_reb_per_min_std,roll5_ast_per_min,roll5_ast_per_min_std,roll5_fg3m_per_min,roll5_fg3m_per_min_std,roll5_fg3a_per_min,roll5_fg3a_per_min_std,roll5_fga_per_min,roll5_fga_per_min_std,roll5_fta_per_min,roll5_fta_per_min_std,roll5_tov_per_min,roll5_tov_per_min_std,roll5_usage_per_min,roll5_usage_per_min_std,roll10_min,roll10_min_std,roll10_pts,roll10_reb,roll10_ast,roll10_threes,roll10_fg3a,roll10_stl,roll10_blk,roll10_tov,roll10_fgm,roll10_fga,roll10_fg_pct,roll10_ftm,roll10_fta,roll10_ft_pct,roll10_oreb,roll10_dreb,roll10_pf,roll10_plus_minus,roll10_pts_per_min,roll10_pts_per_min_std,roll10_reb_per_min,roll10_reb_per_min_std,roll10_ast_per_min,roll10_ast_per_min_std,roll10_fg3m_per_min,roll10_fg3m_per_min_std,roll10_fg3a_per_min,roll10_fg3a_per_min_std,roll10_fga_per_min,roll10_fga_per_min_std,roll10_fta_per_min,roll10_fta_per_min_std,roll10_tov_per_min,roll10_tov_per_min_std,roll10_usage_per_min,roll10_usage_per_min_std,injury_status,team_on_slate,playing_today,opponent,home,pred_pts,pred_reb,pred_ast,pred_pra,pred_threes,pred_stl,pred_blk,pred_tov,mean_pts,mean_reb,mean_ast,mean_threes,mean_pra,mean_stl,mean_blk,mean_tov,sd_pts,sd_reb,sd_ast,sd_threes,sd_pra,sd_stl,sd_blk,sd_tov
981,Courtney Vandersloot,CHI,2026-05-20,1.0,5.0,1.0,1.0,43.0,0,0,0,0,0,0,0,0,0,0,,0,0,,0,0,0,0.0,0.0,,,,,,,,,,0.0,0.0,0.0,0.0,0.0,0.0,0.0,0.0,0.0,0.0,0.0,0.0,0.0,,0.0,0.0,,0.0,0.0,0.0,0.0,,,,,,,,,,,,,,,,,,,0.0,0.0,0.0,0.0,0.0,0.0,0.0,0.0,0.0,0.0,0.0,0.0,,0.0,0.0,,0.0,0.0,0.0,0.0,,,,,,,,,,,,,,,,,,,0.0,0.0,0.0,0.0,0.0,0.0,0.0,0.0,0.0,0.0,0.0,0.0,,0.0,0.0,,0.0,0.0,0.0,0.0,,,,,,,,,,,,,,,,,,,,True,True,DAL,True,2.9879384,1.0441536,0.6112,4.643292,0.15388148,0.26667026,0.1513151,0.4939536,2.6722514629364014,1.1542433500289917,0.5495179891586304,0.22236090898513794,4.376013278961182,0.26667025685310364,0.1513150930404663,0.4939535856246948,7.5,3.0,2.5,1.3,9.0,1.2,1.3,1.5
2491205,Skylar Diggins,CHI,2026-05-20,1.0,5.0,1.0,1.0,51.0,0,2,3,0,2,1,0,0,0,5,,0,0,,1,1,3,-9.0,12.0,0.0,0.16666666666666666,0.25,0.0,0.16666666666666666,0.4166666666666667,0.0,0.0,0.4166666666666667,0.0,20.666666666666668,13.316656236958778,6.666666666666667,2.3333333333333335,4.333333333333333,1.0,3.0,1.3333333333333333,0.3333333333333333,1.3333333333333333,2.0,7.666666666666667,,1.6666666666666667,2.6666666666666665,,1.0,1.3333333333333333,2.0,-6.333333333333333,0.287037037037037,0.2580992567549326,0.1164021164021164,0.04783899820112463,0.2341269841269841,0.061090493326748596,0.027777777777777776,0.048112522432468774,0.14947089947089945,0.015023567052381767,0.3783068783068783,0.03327975033177044,0.16137566137566137,0.23305962422473048,0.0515873015873016,0.04507070115714504,0.5008994708994711,0.10400088344554412,24.6,11.304866208850065,11.6,2.0,4.4,1.8,3.6,1.2,0.4,1.6,4.0,10.8,,1.8,2.8,,0.8,1.2,2.4,-7.0,0.41310134310134305,0.27018147715026664,0.09094017094017094,0.051498569026814614,0.19586080586080587,0.08065406722555041,0.0549084249084249,0.05207723367253028,0.14704517704517706,0.02272668370073588,0.42588522588522587,0.08688632377388412,0.13704517704517705,0.1684588485558771,0.05380952380952379,0.051551880391330816,0.5399946275946277,0.12672933132831823,27.8,8.482662055955993,13.8,2.2,5.2,1.8,4.6,1.7,0.5,1.7,4.8,12.0,,2.4,3.3,,1.0,1.2,2.1,-1.8,0.4679389384561798,0.23437451618676208,0.08551188275326208,0.04542869411002517,0.1947821718511374,0.05490332972171542,0.05713476178993421,0.05168127653573851,0.1635763278866727,0.054009059808373686,0.42805830185140525,0.07867315536971153,0.13069231534748776,0.11491737957244355,0.05659352142110763,0.04029056736365277,0.5421564420254075,0.10501227397755206,,True,True,DAL,True,11.143259,1.995781,3.4947112,16.63375,1.0236667,0.87388456,0.40892535,1.9641442,8.96,2.7266666666666666,2.7266666666666666,0.9533333333333334,14.413333333333334,0.5733333333333334,0.28,1.14,4.551746917393365,1.5227022762911406,1.6447762428029193,0.9475348131980282,5.22581625734732,0.7602338821412498,0.530659966456864,1.1197023413985225
2529137,Natasha Cloud,CHI,2026-05-20,1.0,5.0,1.0,1.0,50.0,7,3,7,0,2,2,0,1,3,8,,1,3,,0,3,5,-11.0,23.0,0.30434782608695654,0.13043478260869565,0.30434782608695654,0.0,0.08695652173913043,0.34782608695652173,0.13043478260869565,0.043478260869565216,0.44869565217391305,0.0,28.666666666666668,6.0277137733417145,7.333333333333333,2.6666666666666665,3.6666666666666665,1.0,2.6666666666666665,2.0,0.3333333333333333,2.0,2.3333333333333335,6.333333333333333,,1.6666666666666667,2.3333333333333335,,0.3333333333333333,2.3333333333333335,3.6666666666666665,-14.333333333333334,0.2633540372670807,0.055651619340626506,0.0958592132505176,0.030783484297507633,0.1443064182194617,0.13878385922837225,0.03333333333333333,0.035951592548908354,0.09565217391304348,0.04351373885251424,0.23260869565217393,0.09984508273458045,0.08633540372670807,0.038853401672132706,0.06449275362318842,0.04329635118815251,0.3350890269151139,0.1036375749243661,29.0,8.57321409974112,9.4,3.0,3.4,1.2,3.2,2.2,0.2,2.4,3.4,7.2,,1.4,2.0,,0.2,2.8,2.8,-4.6,0.2940650539391958,0.17577990853176476,0.09804184373978424,0.040838950736478793,0.12211016672115071,0.10587205155491802,0.034999999999999996,0.03680478007996641,0.10844393592677344,0.03877757816781672,0.25219679633867276,0.0766395037112786,0.06680124223602484,0.04661960325756982,0.0797482837528604,0.037109575800789316,0.3613376266753841,0.08475572475403259,27.3,11.37296990431455,10.0,3.2,3.6,1.5,3.6,1.3,0.4,2.2,3.6,7.4,,1.3,1.6,,0.3,2.9,2.3,-3.3,0.34518946644571014,0.1485236746918543,0.11303001673317364,0.05893783254766565,0.13454547294942462,0.07960953870578255,0.050328554360812426,0.03593366786228955,0.12880497435995578,0.04666059557615872,0.2709137916736155,0.0732141697448796,0.05686488766198911,0.04833886101063971,0.07901189001801684,0.02826354464937454,0.3749462322629075,0.08692132645589695,,True,True,DAL,True,9.706624,3.0559168,3.6858811,16.448421,1.0652769,1.0602926,0.2934549,1.7702602,9.866666666666667,3.7133333333333334,2.4,1.1066666666666667,15.98,0.7266666666666667,0.24,0.9533333333333334,4.501357819838612,1.967525236319869,1.514375558880073,1.0401709261249112,5.453402607546961,0.8477158853190274,0.4715930449020639,1.0154582982848461
2566081,Elizabeth Williams,CHI,2026-05-20,1.0,5.0,1.0,1.0,48.0,1,4,1,0,0,0,1,1,0,2,,1,2,,1,3,3,-5.0,17.0,0.058823529411764705,0.23529411764705882,0.058823529411764705,0.0,0.0,0.11764705882352941,0.11764705882352941,0.058823529411764705,0.22823529411764706,0.0,9.333333333333334,8.621678104251716,1.6666666666666667,2.6666666666666665,0.6666666666666666,0.0,0.0,0.0,0.3333333333333333,0.3333333333333333,0.6666666666666666,2.0,,0.3333333333333333,0.6666666666666666,,1.0,1.6666666666666667,1.6666666666666667,-2.6666666666666665,0.2112299465240643,0.21553522207290485,0.2994652406417112,0.09075167245174941,0.0748663101604278,0.022687918112937352,0.0,0.0,0.0,0.0,0.24064171122994654,0.17394070553251972,0.058823529411764705,0.0831890330807703,0.02941176470588234,0.04159451654038515,0.29593582887700537,0.09574301443659565,16.8,12.235195135346226,5.6,5.2,1.8,0.0,0.0,0.4,0.8,1.6,2.2,4.4,,1.2,2.0,,1.2,4.0,1.4,-7.2,0.31134413992869875,0.16990300400569797,0.30858678698752223,0.05751815159669225,0.0999331550802139,0.03177068085111265,0.0,0.0,0.0,0.0,0.2739666889483066,0.16363043292712628,0.09191176470588236,0.11909343738486611,0.07981004901960784,0.06963828494964938,0.3942179144385027,0.16624950945559328,16.2,8.270429251254136,5.9,3.9,1.4,0.0,0.0,0.5,0.6,1.3,2.5,4.4,,0.9,1.4,,1.3,2.6,1.3,-4.0,0.35099388175368573,0.16808644219514343,0.23032394711316279,0.11442350142624338,0.07965927500241227,0.039493358298086645,0.0,0.0,0.0,0.0,0.27579906023533474,0.11422689295590227,0.07183257918552036,0.09300214689127141,0.0686501452432825,0.06071284349837579,0.3760555403202462,0.12476702330825241,,True,True,DAL,True,6.2874646,3.7971299,1.6141174,11.698712,0.13561407,0.35075814,0.61749583,1.2162604,4.8,4.0,1.6666666666666667,0.34,10.466666666666667,0.2733333333333333,0.26666666666666666,0.74,2.8589042189855425,2.039607805437114,1.4126413400278062,0.539505946831605,3.841296077570115,0.474646066968735,0.5120763831912406,0.8518998376178583
2566186,Rachel Banham,CHI,2026-05-20,1.0,5.0,1.0,1.0,50.0,5,0,1,1,3,0,1,1,2,5,,0,0,,0,0,3,0.0,16.0,0.3125,0.0,0.0625,0.0625,0.1875,0.3125,0.0,0.0625,0.375,0.0,16.666666666666668,1.1547005383792395,8.666666666666666,0.3333333333333333,1.0,2.3333333333333335,3.6666666666666665,0.3333333333333333,0.3333333333333333,1.3333333333333333,2.6666666666666665,4.333333333333333,,1.0,1.3333333333333333,,0.0,0.3333333333333333,2.3333333333333335,-3.0,0.5208333333333334,0.21949278651776538,0.018518518518518517,0.0320750149549792,0.06018518518518518,0.004009376869373578,0.13888888888888887,0.0669697969513399,0.2199074074074074,0.031314234394603346,0.261574074074074,0.046238389711662546,0.08333333333333333,0.1443375672974064,0.0787037037037037,0.028065638085606796,0.37694444444444447,0.04461512366069777,23.4,9.262828941527527,8.6,1.4,3.0,1.8,5.0,0.4,0.4,2.2,2.4,6.2,,2.0,2.6,,0.0,1.4,2.2,-10.0,0.4148172905525847,0.23389014720602652,0.046939988116458706,0.04505423750649054,0.10848187759952466,0.10879441975876933,0.09545454545454546,0.07898658291174175,0.21554515745692218,0.02303987531489315,0.2647875816993464,0.05584644863854081,0.10383244206773619,0.10652674718085754,0.08893345216874629,0.026065675220664282,0.3994073083778966,0.060101542119160016,24.7,6.684143758012533,8.3,1.6,2.9,1.7,4.4,0.7,0.3,2.1,2.6,6.3,,1.4,1.7,,0.0,1.6,1.9,-7.2,0.3628036373809619,0.2177557921001043,0.056764828256289354,0.04888605991476148,0.1091770994133423,0.08205621118765027,0.07911594856756146,0.0634438709399153,0.17929524960597068,0.0560409497057732,0.25384472701028676,0.08454584334159071,0.06760852872617577,0.08557368480932973,0.08168260697767339,0.051447754998850556,0.36527508662747754,0.10942269513522576,,True,True,DAL,True,6.0380044,0.9472251,2.0923235,9.077553,1.1737353,0.34745163,0.25591654,1.3300711,9.686666666666667,1.8333333333333333,1.6866666666666668,1.5533333333333332,13.206666666666667,0.36,0.30666666666666664,0.8466666666666667,4.878711123055168,1.2931443160847216,1.2916999995699037,1.257174963514979,5.103327890264896,0.5919459434779497,0.5531324936717745,0.9711619615468655
3142010,Azura Stevens,CHI,2026-05-20,1.0,5.0,1.0,1.0,47.0,0,0,0,0,0,0,0,0,0,0,,0,0,,0,0,0,0.0,0.0,,,,,,,,,,0.0,17.666666666666668,15.307950004273378,4.333333333333333,7.0,1.6666666666666667,0.6666666666666666,4.333333333333333,1.0,0.0,0.0,1.0,5.0,,1.6666666666666667,2.0,,1.0,6.0,0.6666666666666666,-4.0,0.24430199430199423,0.07353104704646475,0.39743589743589736,0.09065471553673664,0.09401709401709402,0.024174590809796507,0.03774928774928778,0.0010072746170748667,0.24430199430199429,0.07353104704646432,0.28205128205128216,0.07252377242938947,0.1111111111111111,0.15713484026367722,0.0,0.0,0.3309401709401709,0.14166310214540637,21.4,12.157302332343304,5.8,8.0,1.6,0.8,4.4,1.0,0.0,0.6,1.8,6.8,,1.4,1.6,,1.2,6.8,1.2,-0.6,0.2617343304843305,0.13435907422657528,0.3737179487179487,0.06061902168503224,0.07409188034188034,0.028780591844926755,0.03762464387464387,0.0034544159544155515,0.20548433048433046,0.06173615628029223,0.316025641025641,0.05896971367806802,0.07222222222222222,0.10482201257840673,0.029166666666666667,0.03938179688543837,0.3769700854700855,0.09767918382508983,24.2,8.841819822738854,6.8,7.6,2.3,1.1,4.0,1.1,0.6,0.9,2.3,6.7,,1.1,1.3,,1.1,6.5,1.4,-0.7,0.26993191055729676,0.14412065328508303,0.31332284367879476,0.09849101839088859,0.09268651355785207,0.04215906705221163,0.0446537480884286,0.019755839457622593,0.16400289477844787,0.06055622128620985,0.27464680604280156,0.07907864650520186,0.050514288853183924,0.0749861713868403,0.037372420765079274,0.033840416454482616,0.3342455139032818,0.09991689663690884,,True,True,DAL,True,4.6419086,4.6913395,1.0472523,10.380501,0.6555898,0.55908346,0.46788895,0.58776456,6.26,5.126666666666667,1.38,0.7933333333333333,12.766666666666667,0.4866666666666667,0.2733333333333333,0.5,3.8042607691902512,2.316021492895857,1.135311998233672,1.0019758258339149,4.619403520898438,0.6805553287981482,0.5150620243124986,0.660807586719967
4066548,DiJonai Carrington,CHI,2026-05-20,1.0,5.0,1.0,1.0,47.0,0,0,0,0,0,0,0,0,0,0,,0,0,,0,0,0,0.0,0.0,,,,,,,,,,0.0,0.0,0.0,0.0,0.0,0.0,0.0,0.0,0.0,0.0,0.0,0.0,0.0,,0.0,0.0,,0.0,0.0,0.0,0.0,,,,,,,,,,,,,,,,,,,0.0,0.0,0.0,0.0,0.0,0.0,0.0,0.0,0.0,0.0,0.0,0.0,,0.0,0.0,,0.0,0.0,0.0,0.0,,,,,,,,,,,,,,,,,,,2.5,5.317685377848001,1.7,0.2,0.2,0.4,0.7,0.1,0.1,0.1,0.6,1.2,,0.1,0.2,,0.1,0.1,0.3,2.2,0.6655844155844157,0.1698892915837798,0.07142857142857142,0.10101525445522196,0.09090909090909093,0.128564869306645,0.16233766233766234,0.02754961485142441,0.26948051948051943,0.12397326683140801,0.45779220779220775,0.2617213410885278,0.0714285714285714,0.10101525445522067,0.03571428571428568,0.05050762722761057,0.524935064935065,0.3566756802764351,,True,True,DAL,True,2.1383383,0.47254857,0.08566071,2.6965475,0.092242554,0.0436922,0.07409791,0.28035325,1.8226512670516968,0.5826383829116821,0.023978710174560547,0.16072198748588562,2.4292683601379395,0.043692201375961304,0.07409790903329849,0.28035324811935425,7.5,3.0,2.5,1.3,9.0,1.2,1.3,1.5
4432865,Jacy Sheldon,CHI,2026-05-20,1.0,5.0,1.0,1.0,47.0,8,0,3,1,2,0,0,2,3,6,,1,1,,0,0,5,-7.0,26.0,0.3076923076923077,0.0,0.11538461538461539,0.038461538461538464,0.07692307692307693,0.23076923076923078,0.038461538461538464,0.07692307692307693,0.32461538461538464,0.0,20.0,5.196152422706632,4.333333333333333,1.0,1.6666666666666667,0.3333333333333333,1.6666666666666667,0.3333333333333333,0.0,1.6666666666666667,1.6666666666666667,5.333333333333333,,0.6666666666666666,0.6666666666666666,,0.3333333333333333,0.6666666666666666,2.6666666666666665,-9.666666666666666,0.2006033182503771,0.09729383663873388,0.0588235294117647,0.058823529411764705,0.07767722473604825,0.06727996057222004,0.012820512820512822,0.022205779584216375,0.08446455505279034,0.03012818153158096,0.273001508295626,0.03657422519753286,0.032428355957767725,0.029872250860238852,0.08446455505279034,0.030128181531580964,0.37173453996983413,0.044005015371025205,12.0,11.554220008291344,2.6,0.6,1.0,0.2,1.0,0.2,0.0,1.0,1.0,3.2,,0.4,0.4,,0.2,0.4,1.6,-5.8,0.2006033182503771,0.09729383663873388,0.0588235294117647,0.058823529411764705,0.07767722473604825,0.06727996057222004,0.01282051282051283,0.022205779584216375,0.08446455505279037,0.03012818153158096,0.2730015082956259,0.03657422519753286,0.032428355957767725,0.029872250860238852,0.08446455505279034,0.030128181531580964,0.37173453996983413,0.044005015371025205,6.0,9.966610925150702,1.3,0.3,0.5,0.1,0.5,0.1,0.0,0.5,0.5,1.6,,0.2,0.2,,0.1,0.2,0.8,-2.9,0.2006033182503771,0.09729383663873388,0.0588235294117647,0.058823529411764705,0.07767722473604827,0.06727996057222004,0.012820512820512822,0.022205779584216375,0.08446455505279034,0.03012818153158096,0.2730015082956259,0.03657422519753286,0.032428355957767725,0.029872250860238852,0.08446455505279034,0.030128181531580964,0.37173453996983413,0.044005015371025205,,True,True,DAL,True,7.2428226,2.430018,2.0336199,11.70646,0.67335427,0.56206834,0.2491076,1.3513503,4.253333333333333,1.42,1.16,0.47333333333333333,6.833333333333333,0.3933333333333333,0.16,0.78,3.0026358790606333,1.184736257569591,1.0005331911869124,0.5966201099154768,3.4879156462786702,0.6622856047221789,0.4013311184877976,0.7989159321647471
4433405,Kamilla Cardoso,CHI,2026-05-20,1.0,5.0,1.0,1.0,46.0,7,8,1,0,0,0,1,2,2,6,,3,4,,2,6,4,-2.0,23.0,0.30434782608695654,0.34782608695652173,0.043478260869565216,0.0,0.0,0.2608695652173913,0.17391304347826086,0.08695652173913043,0.42434782608695654,0.0,18.666666666666668,3.785938897200182,6.666666666666667,5.333333333333333,0.6666666666666666,0.0,0.0,0.3333333333333333,1.0,2.6666666666666665,2.0,5.0,,2.6666666666666665,4.333333333333333,,1.3333333333333333,4.0,4.0,-9.666666666666666,0.3600277067348678,0.20608828404257604,0.2777067348678602,0.06116868804335178,0.034100596760443296,0.030512412903961252,0.0,0.0,0.0,0.0,0.2695545609548167,0.03932885620881062,0.2368925831202046,0.1534057233126635,0.15276001705029837,0.13905219498052207,0.5265473145780052,0.13531325195023586,25.0,9.137833441248533,10.8,6.8,1.4,0.0,0.0,0.4,1.8,2.4,4.0,8.4,,2.8,4.0,,1.6,5.2,3.0,-13.0,0.41147116949546614,0.1751627940908201,0.2731896974863727,0.10020182640231884,0.04975328734919528,0.032880470394462714,0.0,0.0,0.0,0.0,0.3177933426334961,0.07408099421402647,0.18405474179131467,0.14130608267238134,0.11539338396755276,0.11306612746109936,0.5141708129892273,0.10099596346421266,27.6,7.2141835604900235,12.2,8.0,2.3,0.0,0.0,0.3,1.9,2.5,5.0,9.9,,2.2,3.5,,2.6,5.4,3.1,-9.4,0.43710432120062104,0.1643193922760493,0.2871188032248898,0.10012807181405993,0.07715123035486454,0.04293806681925934,0.0,0.0,0.0,0.0,0.3508301629653519,0.08591813623084531,0.1393676212250381,0.12256887401880807,0.09815062649013025,0.0858913431190588,0.5103025427944989,0.07220251014659751,,True,True,DAL,True,11.835228,7.045753,2.0830915,20.964073,0.0,0.56767744,1.3294796,1.9814043,4.28,5.833333333333333,1.5,0.3466666666666667,11.613333333333333,0.43333333333333335,0.4533333333333333,1.4866666666666666,3.170951487067144,2.3506500283018643,1.1761519176251567,0.5536143864540451,4.212341655447979,0.6472162612982533,0.6691952048709122,1.2314580337505978
4433424,Maddy Westbeld,CHI,2026-05-20,1.0,21.0,0.0,0.0,48.0,5,5,2,1,2,1,1,1,2,4,,0,0,,0,5,1,8.0,12.0,0.4166666666666667,0.4166666666666667,0.16666666666666666,0.08333333333333333,0.16666666666666666,0.3333333333333333,0.0,0.08333333333333333,0.4166666666666667,0.0,22.666666666666668,9.237604307034013,12.333333333333334,4.666666666666667,2.3333333333333335,2.3333333333333335,4.0,1.6666666666666667,0.6666666666666666,0.3333333333333333,3.6666666666666665,7.0,,2.6666666666666665,2.6666666666666665,,0.3333333333333333,4.333333333333333,2.0,-1.0,0.5198412698412699,0.333616659634662,0.24603174603174605,0.1726532533159293,0.11507936507936507,0.04811252243246882,0.0992063492063492,0.07273929674533079,0.17460317460317462,0.036369648372665445,0.3134920634920635,0.12617550075860828,0.09523809523809523,0.08247860988423225,0.027777777777777776,0.048112522432468816,0.3831746031746032,0.12832103778304363,20.4,7.3688533707762165,9.2,4.2,2.0,1.6,3.2,1.0,0.4,0.6,3.0,6.6,,1.6,1.6,,0.8,3.4,2.0,-2.4,0.42629072681704266,0.2972979061475498,0.232531328320802,0.12932605857657165,0.10343358395989974,0.039973915968127244,0.07285714285714286,0.0671031628697201,0.15248120300751877,0.04095678278585843,0.32844611528822054,0.09237595127326628,0.05714285714285714,0.07824607964359516,0.04052631578947368,0.03855859383471226,0.39411528822055136,0.09226581645332392,11.1,11.288637355027989,5.0,2.2,1.1,0.9,1.7,0.5,0.2,0.4,1.6,3.6,,0.9,1.0,,0.4,1.8,1.0,-0.7,0.4293163464216096,0.26601459028354646,0.21229462545252017,0.12584644770288664,0.10471317181843498,0.03589087957668057,0.07923280423280422,0.0620174324005658,0.14558618769145085,0.04033873897616605,0.32926065162907264,0.08264764918384601,0.08465608465608465,0.09715876343820554,0.05229044834307992,0.044941973868992,0.41879977722082984,0.10230507656938617,,True,True,DAL,True,6.916451,2.958902,1.4553653,11.330718,0.68329406,0.7386487,0.44918242,1.2189883,7.833333333333333,3.5733333333333333,1.5,0.8933333333333333,12.906666666666666,0.4666666666666667,0.26,0.72,4.408199430858615,1.8342906591438073,1.1,0.9739723929466492,4.6695419713524595,0.7363574011458174,0.5345403009440293,0.8255906976220118
4433433,Aicha Coulibaly,CHI,2026-05-20,1.0,5.0,1.0,1.0,4.0,8,1,0,0,1,1,0,0,4,6,,0,0,,0,1,4,12.0,16.0,0.5,0.0625,0.0,0.0,0.0625,0.375,0.0,0.0,0.375,0.0,15.333333333333334,0.5773502691896255,5.666666666666667,1.3333333333333333,0.3333333333333333,0.0,0.6666666666666666,1.3333333333333333,1.0,0.3333333333333333,2.0,4.0,,1.6666666666666667,2.0,,0.3333333333333333,1.0,3.3333333333333335,-2.0,0.3666666666666667,0.20275875100994065,0.08749999999999998,0.03974746672570607,0.022222222222222223,0.03849001794597505,0.0,0.0,0.04305555555555555,0.037345360165968754,0.25833333333333336,0.10103629710818449,0.13333333333333333,0.17638342073763938,0.022222222222222223,0.03849001794597505,0.33922222222222226,0.09707747955647096,15.333333333333334,0.5773502691896255,5.666666666666667,1.3333333333333333,0.3333333333333333,0.0,0.6666666666666666,1.3333333333333333,1.0,0.3333333333333333,2.0,4.0,,1.6666666666666667,2.0,,0.3333333333333333,1.0,3.3333333333333335,-2.0,0.3666666666666667,0.20275875100994065,0.08749999999999998,0.03974746672570607,0.022222222222222223,0.03849001794597505,0.0,0.0,0.04305555555555555,0.037345360165968754,0.25833333333333336,0.10103629710818449,0.13333333333333333,0.17638342073763938,0.022222222222222223,0.03849001794597505,0.33922222222222226,0.09707747955647096,15.333333333333334,0.5773502691896255,5.666666666666667,1.3333333333333333,0.3333333333333333,0.0,0.6666666666666666,1.3333333333333333,1.0,0.3333333333333333,2.0,4.0,,1.6666666666666667,2.0,,0.3333333333333333,1.0,3.3333333333333335,-2.0,0.3666666666666667,0.20275875100994065,0.08749999999999998,0.03974746672570607,0.022222222222222223,0.03849001794597505,0.0,0.0,0.04305555555555555,0.037345360165968754,0.25833333333333336,0.10103629710818449,0.13333333333333333,0.17638342073763938,0.022222222222222223,0.03849001794597505,0.33922222222222226,0.09707747955647096,,True,True,DAL,True,6.6556206,2.3553963,0.5756241,9.586641,0.2791174,0.8120507,0.7593353,0.95628124,5.38,2.2466666666666666,0.8066666666666666,0.38,8.433333333333334,0.62,0.37333333333333335,0.6333333333333333,3.528304597584133,1.3413260437177665,0.9215687108886068,0.6073988255942987,3.5240443937170953,0.7542766954727776,0.616945882733828,0.7340905181848415
4433630,Rickea Jackson,CHI,2026-05-20,1.0,5.0,1.0,1.0,45.0,29,6,0,4,10,0,3,2,10,22,,5,6,,1,5,0,-21.0,32.0,0.90625,0.1875,0.0,0.125,0.3125,0.6875,0.1875,0.0625,0.8325,0.0,25.0,6.082762530298216,17.666666666666668,4.0,1.0,1.3333333333333333,4.333333333333333,0.0,1.0,3.0,5.0,13.333333333333334,,6.333333333333333,6.666666666666667,,0.3333333333333333,3.6666666666666665,1.0,-11.666666666666666,0.6765422077922079,0.25071940417567934,0.15557359307359306,0.02783905531924897,0.0468975468975469,0.04763544254038691,0.041666666666666664,0.07216878364870323,0.15034271284271286,0.1420906270507369,0.5076659451659452,0.16002874922576332,0.2811147186147186,0.129240390134511,0.1312229437229437,0.13406460361661324,0.7625793650793652,0.14125612449013045,23.4,4.87852436706018,14.2,3.2,1.2,1.2,4.4,0.0,0.6,2.0,4.2,11.2,,4.6,4.8,,0.4,2.8,0.8,-8.8,0.5759253246753246,0.23070469112134925,0.1306168831168831,0.04987646021443062,0.05632034632034631,0.038861826542117346,0.04409090909090909,0.051164133873655274,0.17566017316017316,0.10672241668779782,0.455508658008658,0.14453669036347921,0.20685064935064937,0.13675810677591424,0.08782467532467533,0.11303236979595711,0.6343476190476192,0.21356494362931458,27.3,6.05621810850449,15.0,2.7,0.8,1.6,5.3,0.2,0.6,2.0,4.8,11.7,,3.8,4.2,,0.3,2.4,0.8,-6.0,0.5401042476042476,0.1903780190389209,0.10169478669478668,0.04978152088364194,0.034062950937950934,0.03658505230469631,0.056090275465275466,0.04884700381066541,0.1915849197099197,0.10153907667844973,0.4245690420690421,0.11495642346965379,0.15871963684463683,0.1253537409993964,0.07686283623783623,0.08233470784636855,0.5712685185185186,0.17868478082085795,,True,True,DAL,True,15.687253,3.6185622,1.7651988,21.071014,1.6713315,0.6999556,0.64041007,1.8868623,10.6,4.033333333333333,0.9733333333333334,1.1866666666666668,15.606666666666667,0.46,0.44666666666666666,0.8133333333333334,4.908496035786658,2.0733762053445313,0.992952947301913,1.179755153505261,5.15609240499905,0.6892508009909503,0.6380874199947493,0.9120428839820099
4594786,Sydney Taylor,CHI,2026-05-20,1.0,5.0,1.0,1.0,4.0,5,0,0,0,1,0,1,0,1,3,,3,3,,0,0,1,8.0,7.0,0.7142857142857143,0.0,0.0,0.0,0.14285714285714285,0.42857142857142855,0.42857142857142855,0.0,0.6171428571428572,0.0,11.666666666666666,5.033222956847166,11.333333333333334,1.0,1.6666666666666667,1.0,3.3333333333333335,0.0,0.6666666666666666,1.3333333333333333,3.3333333333333335,7.0,,3.6666666666666665,5.333333333333333,,0.3333333333333333,0.6666666666666666,2.3333333333333335,3.0,0.8708938120702827,0.42591458889803885,0.08021390374331551,0.09277728113848917,0.15151515151515152,0.262431940540739,0.06951871657754011,0.061671457725512274,0.24548001018589252,0.14531841127805942,0.5492742551566081,0.18702072613394943,0.4191494779730074,0.23276338530743745,0.08912655971479501,0.0882487971086386,0.8228265851795263,0.3490812727504836,11.666666666666666,5.033222956847166,11.333333333333334,1.0,1.6666666666666667,1.0,3.3333333333333335,0.0,0.6666666666666666,1.3333333333333333,3.3333333333333335,7.0,,3.6666666666666665,5.333333333333333,,0.3333333333333333,0.6666666666666666,2.3333333333333335,3.0,0.8708938120702827,0.42591458889803885,0.08021390374331551,0.09277728113848917,0.15151515151515152,0.262431940540739,0.06951871657754011,0.061671457725512274,0.24548001018589252,0.14531841127805942,0.5492742551566081,0.18702072613394943,0.4191494779730074,0.23276338530743745,0.08912655971479501,0.0882487971086386,0.8228265851795263,0.3490812727504836,11.666666666666666,5.033222956847166,11.333333333333334,1.0,1.6666666666666667,1.0,3.3333333333333335,0.0,0.6666666666666666,1.3333333333333333,3.3333333333333335,7.0,,3.6666666666666665,5.333333333333333,,0.3333333333333333,0.6666666666666666,2.3333333333333335,3.0,0.8708938120702827,0.42591458889803885,0.08021390374331551,0.09277728113848917,0.15151515151515152,0.262431940540739,0.06951871657754011,0.061671457725512274,0.24548001018589252,0.14531841127805942,0.5492742551566081,0.18702072613394943,0.4191494779730074,0.23276338530743745,0.08912655971479501,0.0882487971086386,0.8228265851795263,0.3490812727504836,,True,True,DAL,True,8.863437,1.620806,1.3487896,11.833032,0.7621155,0.1466598,0.56104326,1.4294122,8.547749519348145,1.730895757675171,1.2871075868606567,0.8305948972702026,11.565752029418945,0.14665980637073517,0.5610432624816895,1.4294122457504272,7.5,3.0,2.5,1.3,9.0,1.2,1.3,1.5
4858656,Gabriela Jaquez,CHI,2026-05-20,1.0,5.0,1.0,1.0,4.0,13,3,0,0,1,1,0,2,4,5,,5,7,,1,2,2,-5.0,29.0,0.4482758620689655,0.10344827586206896,0.0,0.0,0.034482758620689655,0.1724137931034483,0.2413793103448276,0.06896551724137931,0.34758620689655173,0.0,20.0,8.54400374531753,9.666666666666666,3.3333333333333335,0.0,0.0,1.0,0.6666666666666666,0.0,1.0,2.6666666666666665,5.0,,4.333333333333333,5.333333333333333,,0.6666666666666666,2.6666666666666665,1.6666666666666667,-3.6666666666666665,0.4710627142569066,0.1504228774065565,0.19822544867916916,0.120132050886118,0.0,0.0,0.0,0.0,0.04658197217180884,0.053664479210272446,0.2533776971163541,0.14523918238838407,0.2690562613430127,0.04070103099834586,0.05076628352490422,0.04454795384763788,0.4225287356321839,0.11921529666938006,20.0,8.54400374531753,9.666666666666666,3.3333333333333335,0.0,0.0,1.0,0.6666666666666666,0.0,1.0,2.6666666666666665,5.0,,4.333333333333333,5.333333333333333,,0.6666666666666666,2.6666666666666665,1.6666666666666667,-3.6666666666666665,0.4710627142569066,0.1504228774065565,0.19822544867916916,0.120132050886118,0.0,0.0,0.0,0.0,0.04658197217180884,0.053664479210272446,0.2533776971163541,0.14523918238838407,0.2690562613430127,0.04070103099834586,0.05076628352490422,0.04454795384763788,0.4225287356321839,0.11921529666938006,20.0,8.54400374531753,9.666666666666666,3.3333333333333335,0.0,0.0,1.0,0.6666666666666666,0.0,1.0,2.6666666666666665,5.0,,4.333333333333333,5.333333333333333,,0.6666666666666666,2.6666666666666665,1.6666666666666667,-3.6666666666666665,0.4710627142569066,0.1504228774065565,0.19822544867916916,0.120132050886118,0.0,0.0,0.0,0.0,0.04658197217180884,0.053664479210272446,0.2533776971163541,0.14523918238838407,0.2690562613430127,0.04070103099834586,0.05076628352490422,0.04454795384763788,0.4225287356321839,0.11921529666938006,,True,True,DAL,True,10.592827,3.9465156,0.9015006,15.440844,0.65944314,0.6428477,0.362175,1.4249389,7.066666666666666,4.1066666666666665,1.1133333333333333,0.5933333333333334,12.286666666666667,0.7333333333333333,0.20666666666666667,0.7733333333333333,3.7374976774426076,1.8624237493712923,0.9969063257007762,0.731178652739686,4.506789939142444,0.8768630958643936,0.4516143881183986,0.9807933296854926
2490553,Brittney Griner,CON,2026-05-20,0.0,5.0,1.0,1.0,49.0,0,0,0,0,0,0,0,0,0,0,,0,0,,0,0,0,0.0,0.0,,,,,,,,,,0.0,12.333333333333334,10.969655114602887,7.666666666666667,3.0,1.0,0.6666666666666666,1.0,0.3333333333333333,0.3333333333333333,0.0,3.3333333333333335,5.333333333333333,,0.3333333333333333,1.6666666666666667,,1.0,2.0,0.6666666666666666,-3.6666666666666665,0.5997023809523808,0.2293888069920642,0.25148809523809523,0.08628386318050157,0.08630952380952381,0.05471659616324474,0.047619047619047616,0.06734350297014738,0.07886904761904762,0.023149329145988173,0.4330357142857142,0.006313453403452282,0.15625,0.2209708691207961,0.0,0.0,0.5017857142857142,0.10354063581660132,12.2,8.25832912882503,7.0,2.0,1.2,0.4,0.6,0.2,0.4,0.4,3.0,5.4,,0.6,1.6,,0.6,1.4,1.2,-2.0,0.5654761904761905,0.1579905885712737,0.14136904761904762,0.13892785734504517,0.1056547619047619,0.03869047619047619,0.023809523809523808,0.047619047619047616,0.03943452380952381,0.0474560080925654,0.4508928571428572,0.033007549126217235,0.140625,0.12884705080055187,0.03125,0.0625,0.5440178571428571,0.08125680243633002,13.7,6.583649781424008,7.6,2.9,1.0,0.2,0.4,0.1,1.2,0.5,3.4,6.4,,0.6,1.3,,1.0,1.9,1.1,2.2,0.5242504409171076,0.20056993882629115,0.2050705467372134,0.1307436599884678,0.07848324514991183,0.054708601336176464,0.010582010582010581,0.031746031746031744,0.02546296296296296,0.039120524113353865,0.4704144620811288,0.04316142582698392,0.09071869488536155,0.10463696637799774,0.03364197530864197,0.052712760472186246,0.5439726631393298,0.07388989171986601,,True,True,SEA,False,5.9381695,2.7597108,0.5155438,9.213424,0.0,0.46554834,0.6924474,0.6785914,5.6715,2.795,0.8025,0.48,9.269,0.224,0.2175,0.5745,3.5333536123631895,1.6949852506732914,0.9146003225453181,0.6874590896918885,4.006574472039675,0.46778627598509137,0.46281070644487043,0.7845060547886167
3922628,Kennedy Burke,CON,2026-05-20,0.0,5.0,1.0,1.0,50.0,11,3,3,1,5,4,1,3,5,12,,0,0,,1,2,4,-19.0,24.0,0.4583333333333333,0.125,0.125,0.041666666666666664,0.20833333333333334,0.5,0.0,0.125,0.625,0.0,23.0,1.7320508075688772,9.0,2.6666666666666665,3.3333333333333335,1.6666666666666667,5.333333333333333,1.3333333333333333,0.6666666666666666,2.3333333333333335,3.6666666666666665,9.0,,0.0,0.0,,0.3333333333333333,2.3333333333333335,1.6666666666666667,-3.0,0.40079365079365087,0.2519997495469607,0.1150793650793651,0.01718304372588172,0.14484126984126985,0.020904074906453848,0.0753968253968254,0.05842234866799784,0.23214285714285718,0.021461614734904415,0.3908730158730158,0.1045203745322692,0.0,0.0,0.10317460317460318,0.054010545987365856,0.49404761904761907,0.14809351553124678,21.2,3.271085446759223,8.2,2.2,2.2,1.2,5.0,1.0,0.8,2.2,3.2,8.2,,0.6,0.8,,0.2,2.0,1.6,-9.2,0.39166666666666666,0.17864085951803524,0.1005952380952381,0.025979943860470395,0.09642857142857142,0.06997529528421711,0.057738095238095234,0.052721431313346286,0.23392857142857143,0.03797413787556342,0.38273809523809527,0.08526668847366661,0.044047619047619044,0.06122567081249424,0.10892857142857142,0.06298001608688152,0.5110476190476191,0.1080646327556234,19.6,3.977715704047024,6.3,3.0,1.5,0.8,3.6,0.6,0.4,1.7,2.5,6.5,,0.5,0.6,,0.7,2.3,1.4,-3.9,0.3023809523809524,0.2139694903642862,0.15940476190476188,0.09246661876477298,0.06755952380952382,0.06105907003888616,0.037797619047619045,0.04410054199477376,0.17851190476190476,0.07037385431662939,0.3238095238095238,0.10642210543430004,0.030357142857142853,0.04991568224353184,0.08922619047619047,0.06571652021544129,0.4263928571428572,0.13582614032028537,,True,True,SEA,False,10.200431,3.642844,2.4109612,16.254236,1.2727306,1.0431355,0.5404676,1.5380688,10.117,4.1825,2.1255,1.075,16.425,0.6875,0.3685,1.5435,4.947353939228525,2.0457746087973625,1.427497723290654,1.0316855140981676,5.507029598613031,0.8110756746444809,0.6137652238437755,1.2182396110782148
4398966,Olivia Nelson-Ododa,CON,2026-05-20,0.0,5.0,1.0,1.0,49.0,0,0,0,0,0,0,0,0,0,0,,0,0,,0,0,0,0.0,0.0,,,,,,,,,,0.0,8.666666666666666,7.571877794400366,4.0,2.6666666666666665,0.0,0.0,0.0,0.3333333333333333,0.3333333333333333,2.3333333333333335,1.6666666666666667,2.6666666666666665,,0.6666666666666666,2.6666666666666665,,1.3333333333333333,1.3333333333333333,2.3333333333333335,-2.0,0.4464285714285715,0.277791949751858,0.3095238095238095,0.03367175148507371,0.0,0.0,0.0,0.0,0.0,0.0,0.29166666666666663,0.2946278254943948,0.3214285714285714,0.25253813613805265,0.2738095238095238,0.08417937871268422,0.7069047619047619,0.09933166688096724,5.2,7.155417527999327,2.4,1.6,0.0,0.0,0.0,0.2,0.2,1.4,1.0,1.6,,0.4,1.6,,0.8,0.8,1.4,-1.2,0.4464285714285715,0.277791949751858,0.30952380952380953,0.03367175148507371,0.0,0.0,0.0,0.0,0.0,0.0,0.2916666666666667,0.2946278254943948,0.3214285714285714,0.25253813613805265,0.2738095238095238,0.08417937871268422,0.7069047619047619,0.09933166688096724,5.1,6.6072350915913045,2.2,1.3,0.1,0.0,0.0,0.2,0.1,0.9,0.8,1.5,,0.6,1.2,,0.6,0.7,1.0,-0.6,0.41872710622710624,0.2455685585160777,0.2541208791208791,0.07180133471197206,0.019230769230769232,0.03846153846153846,0.0,0.0,0.0,0.0,0.28685897435897434,0.1752690396164777,0.23763736263736263,0.21540400413591695,0.17696886446886445,0.12195513751678076,0.5683882783882784,0.17025744789413108,,True,True,SEA,False,3.2539182,1.9714496,0.28897595,5.5143433,0.0,0.091269255,0.3045829,0.5822082,2.9382312297821045,2.0815393924713135,0.2272939383983612,0.00036516785621643066,5.247064590454102,0.09126925468444824,0.3045828938484192,0.5822082161903381,7.5,3.0,2.5,1.3,9.0,1.2,1.3,1.5
4433408,Aaliyah Edwards,CON,2026-05-20,0.0,5.0,1.0,1.0,49.0,6,3,0,0,0,1,0,2,3,5,,0,0,,1,2,3,-18.0,17.0,0.35294117647058826,0.17647058823529413,0.0,0.0,0.0,0.29411764705882354,0.0,0.11764705882352941,0.4117647058823529,0.0,11.333333333333334,9.814954576223638,6.666666666666667,2.6666666666666665,0.0,0.0,0.3333333333333333,0.3333333333333333,0.0,1.0,3.0,4.333333333333333,,0.6666666666666666,0.6666666666666666,,1.0,1.6666666666666667,1.3333333333333333,-6.666666666666667,0.5882352941176471,0.33275613232308116,0.23529411764705888,0.08318903308077029,0.0,0.0,0.0,0.0,0.029411764705882353,0.04159451654038515,0.38235294117647056,0.12478354962115541,0.058823529411764705,0.0831890330807703,0.08823529411764705,0.04159451654038515,0.49647058823529405,0.11979220763630924,14.4,8.590692637965812,5.4,4.2,0.2,0.0,0.4,1.6,0.0,0.8,2.2,4.8,,1.0,1.2,,1.4,2.8,1.4,-9.2,0.3875959079283887,0.30115973691188574,0.28793691389599324,0.0776970423425327,0.010869565217391304,0.021739130434782563,0.0,0.0,0.03137254901960784,0.03636713135488511,0.3339300937766411,0.09248415674213735,0.08448422847399831,0.0595250800284656,0.0607843137254902,0.04818904206840983,0.43188746803069056,0.10368838113054504,16.8,8.066391179868893,5.0,4.2,0.5,0.0,0.2,1.0,0.3,1.1,2.0,4.3,,1.0,1.5,,1.4,2.8,1.5,-9.9,0.2908947560717651,0.24668379812739244,0.24075391661877057,0.07747677651040281,0.024672187715665976,0.033588104726516806,0.0,0.0,0.013943355119825708,0.027737379312317574,0.24379070723127796,0.13354091144090852,0.08572454153286028,0.12295150027916565,0.07066604419545595,0.0500348601844097,0.35217554970119247,0.13921570909216152,,True,True,SEA,False,5.618511,4.0202737,1.0839629,10.722748,0.14249341,0.592375,0.37612903,0.94804716,6.8545,4.052,0.9335,0.3135,11.84,0.312,0.2115,0.8935,3.783296148862788,2.0548226200818407,0.9612896285719512,0.5349932242561583,4.431636266662688,0.565381287274349,0.4458337694701917,0.9524482925597589
4433412,Hailey Van Lith,CON,2026-05-20,0.0,5.0,1.0,1.0,49.0,17,1,4,3,4,0,0,1,7,11,,0,0,,1,0,1,-4.0,22.0,0.7727272727272727,0.045454545454545456,0.18181818181818182,0.13636363636363635,0.18181818181818182,0.5,0.0,0.045454545454545456,0.5454545454545454,0.0,21.0,3.6055512754639856,14.0,1.0,4.333333333333333,1.3333333333333333,2.0,0.6666666666666666,0.0,0.6666666666666666,5.666666666666667,8.333333333333334,,1.3333333333333333,1.6666666666666667,,0.3333333333333333,0.6666666666666666,1.3333333333333333,1.0,0.7191770647653001,0.4862850549439638,0.04864824717765894,0.009013283687740936,0.20276292335115867,0.04099579547988208,0.06506238859180036,0.06839556165044446,0.0941027926322044,0.07644659318667607,0.40686274509803916,0.13664078298790544,0.0923202614379085,0.1255594299416172,0.029040404040404044,0.025220939842724974,0.476524064171123,0.14492443310030748,12.6,11.781341180018511,8.4,0.6,2.6,0.8,1.2,0.4,0.0,0.4,3.4,5.0,,0.8,1.0,,0.2,0.4,0.8,0.6,0.7191770647653001,0.4862850549439638,0.04864824717765894,0.009013283687740936,0.20276292335115867,0.04099579547988208,0.06506238859180036,0.06839556165044446,0.0941027926322044,0.07644659318667607,0.40686274509803927,0.13664078298790544,0.0923202614379085,0.1255594299416172,0.02904040404040406,0.025220939842724974,0.476524064171123,0.14492443310030748,6.3,10.285372569279586,4.2,0.3,1.3,0.4,0.6,0.2,0.0,0.2,1.7,2.5,,0.4,0.5,,0.1,0.2,0.4,0.3,0.7191770647653001,0.4862850549439639,0.04864824717765894,0.00901328368774092,0.20276292335115864,0.040995795479882184,0.06506238859180036,0.06839556165044446,0.0941027926322044,0.07644659318667607,0.40686274509803927,0.13664078298790616,0.0923202614379085,0.12555942994161717,0.02904040404040405,0.025220939842724974,0.476524064171123,0.14492443310030767,,True,True,SEA,False,7.8883963,2.3254888,2.7089634,12.922849,0.6056396,0.8029281,0.23716733,1.5085014,7.304,2.5465,1.7515,0.7415,11.602,0.4515,0.1565,1.0545,4.064798149970057,1.5766539728171176,1.3163387671872313,0.8588816856820267,4.56076704075093,0.6660688778197041,0.3975018867879749,1.0370775043361031
4433514,Saniya Rivers,CON,2026-05-20,0.0,5.0,1.0,1.0,50.0,14,4,7,2,6,2,1,1,5,12,,2,2,,0,4,3,-2.0,29.0,0.4827586206896552,0.13793103448275862,0.2413793103448276,0.06896551724137931,0.20689655172413793,0.41379310344827586,0.06896551724137931,0.034482758620689655,0.47862068965517246,0.0,25.333333333333332,3.2145502536643145,6.666666666666667,2.3333333333333335,4.666666666666667,0.6666666666666666,3.3333333333333335,1.3333333333333333,1.0,2.3333333333333335,2.3333333333333335,8.0,,1.3333333333333333,1.3333333333333333,,0.0,2.3333333333333335,2.3333333333333335,-2.3333333333333335,0.24425287356321843,0.24143061852063177,0.08824754289521906,0.04741775724894508,0.1794935865400633,0.056573575666800824,0.022988505747126436,0.03981725994411212,0.1263326669998334,0.08269128879983458,0.30822088955522237,0.0915896070616871,0.05076628352490422,0.04454795384763788,0.09724304514409464,0.07074822362335105,0.4278010994502748,0.05464585673954437,28.2,5.167204273105521,10.4,2.8,4.2,1.0,4.0,1.0,0.8,2.2,4.2,11.4,,1.0,1.0,,0.4,2.4,2.6,-8.6,0.34578544061302685,0.22341017195045465,0.09720139930034984,0.040585183485998065,0.14926703315009165,0.06264605305306231,0.03314176245210728,0.03461288771127758,0.1380601365983675,0.061784220602709404,0.3910628019323671,0.1399075382211691,0.03601532567049808,0.03868712167933547,0.08325004164584374,0.05377979855320318,0.4901595868732301,0.10648248107701223,27.2,4.131182235954577,10.1,2.8,3.0,1.5,4.3,1.0,0.8,2.1,3.8,10.5,,1.0,1.0,,0.6,2.2,1.9,-7.3,0.3614181948319879,0.18423552842815544,0.10107222812170338,0.05042869281492261,0.10628919423072347,0.07460006569287346,0.05516761782279023,0.05209886831014168,0.1586111538802693,0.07072643842596563,0.38319806763285025,0.12371588105009323,0.03738828221586842,0.03586823379889893,0.08110753830543935,0.05261169880816051,0.4807564501132718,0.12372206214137062,,True,True,SEA,False,11.977826,3.1783152,3.31789,18.474031,1.3116865,1.0138522,0.6875484,1.9295619,9.902,4.448,3.2655,1.0505,17.6155,0.7465,0.5275,1.737,4.842457640496198,2.0170017352496257,1.8417409562693663,1.0236941681967324,5.479293727297342,0.8597893637397476,0.7322866583517688,1.3064574237226407
4433635,Diamond Miller,CON,2026-05-20,0.0,5.0,1.0,1.0,50.0,10,3,0,2,4,1,0,0,3,10,,2,2,,1,2,3,-6.0,15.0,0.6666666666666666,0.2,0.0,0.13333333333333333,0.26666666666666666,0.6666666666666666,0.13333333333333333,0.0,0.7253333333333334,0.0,16.333333333333332,1.5275252316519519,8.0,2.6666666666666665,1.3333333333333333,0.6666666666666666,2.0,0.6666666666666666,0.3333333333333333,1.0,2.3333333333333335,6.333333333333333,,2.6666666666666665,2.6666666666666665,,0.6666666666666666,2.0,3.0,-8.333333333333334,0.4953703703703704,0.15235632103615118,0.16851851851851854,0.10097263614974511,0.07638888888888888,0.08419691425682041,0.044444444444444446,0.0769800358919501,0.12824074074074074,0.11993064267941676,0.40277777777777773,0.2511547405559045,0.16018518518518518,0.05388697972944985,0.05555555555555556,0.09622504486493758,0.5288148148148148,0.17019093610562913,15.6,4.827007354458869,6.2,3.2,1.2,0.6,2.4,0.6,0.4,1.0,1.8,5.6,,2.0,2.0,,0.6,2.6,2.8,-3.2,0.41031746031746036,0.17154037175942252,0.19277777777777777,0.10782644949119191,0.06488095238095237,0.07019015716797689,0.05166666666666666,0.07080881928749334,0.18051587301587302,0.13802811495859246,0.3738095238095238,0.1846869478536133,0.11515873015873015,0.07991890100734128,0.08333333333333333,0.11785113019775782,0.5078126984126984,0.16236978751047115,16.1,6.505553183413553,5.4,2.9,1.3,0.3,2.1,0.5,0.4,1.0,2.0,6.2,,1.1,1.5,,0.8,2.1,2.2,-6.1,0.31082375478927204,0.2037975106973764,0.1776062347614072,0.08390574082464095,0.0785145170921033,0.08538478331151889,0.02583333333333333,0.05449685685805562,0.14362224461362394,0.1016336915492387,0.36144947007015976,0.16227380134773647,0.08352353585112204,0.07418142754297785,0.06761083743842364,0.08944116869413254,0.4658106632830771,0.17723181847672728,,True,True,SEA,False,6.7254443,3.0336423,1.2973285,11.056416,0.4834237,0.4747357,0.3537605,1.2319008,6.033,3.4785,1.2025,0.539,10.714,0.361,0.2045,0.84,3.6910582493371735,1.836719289929738,1.0924713955065368,0.7186647340728498,4.310592070702121,0.6030580403244783,0.4423570390532968,0.9308061022576077
4684384,Aneesah Morrow,CON,2026-05-20,0.0,5.0,1.0,1.0,50.0,10,9,2,0,3,2,0,2,4,11,,2,2,,2,7,4,4.0,27.0,0.37037037037037035,0.3333333333333333,0.07407407407407407,0.0,0.1111111111111111,0.4074074074074074,0.07407407407407407,0.07407407407407407,0.5140740740740741,0.0,22.0,5.567764362830017,13.0,8.0,0.6666666666666666,0.3333333333333333,2.6666666666666665,2.0,0.3333333333333333,1.3333333333333333,5.0,10.666666666666666,,2.6666666666666665,3.0,,2.0,6.0,3.0,2.6666666666666665,0.59447128287708,0.28340279281124664,0.3792270531400965,0.1055917535961081,0.024691358024691357,0.042766686606638946,0.014492753623188406,0.02510218561694025,0.12218196457326892,0.009965292910214583,0.5098966720343531,0.15441682871289572,0.13248121309715513,0.1113380730827525,0.06001744498121309,0.015448244430267166,0.6282058507783146,0.1351872735995314,25.8,6.534523701081816,12.6,9.6,0.4,0.6,3.2,1.6,0.4,1.8,4.6,11.6,,2.8,4.0,,2.6,7.0,2.4,-3.8,0.5093037374681835,0.23339540628347324,0.38035881252921927,0.08942181413366113,0.014814814814814814,0.03312693299999688,0.02159887798036466,0.030496444151308574,0.12411563035686457,0.007661374767981217,0.47085735805932155,0.12287174902378072,0.1488435665679705,0.09815721636768923,0.06806691860163108,0.03789438183885544,0.6044154459508597,0.10123843188856678,22.8,8.12130257751523,9.7,8.9,0.7,0.3,2.3,1.1,0.3,1.1,3.4,8.9,,2.6,3.7,,2.3,6.6,2.1,-2.9,0.42950035358257654,0.18145081734948215,0.3809369820221854,0.12487208128354294,0.02695286195286195,0.03769544104163501,0.010799438990182328,0.023300956700726624,0.09569417881479593,0.0701423298092954,0.3869438305448123,0.13656411871891927,0.17942178328398523,0.1294072280981935,0.058578913846270085,0.063823269848851,0.5244683290360359,0.1315296546197599,,True,True,SEA,False,11.130321,7.1876893,1.033478,19.351488,0.62373817,0.6878803,0.6816982,1.4832838,11.311,8.565,1.1615,0.6455,21.0375,0.9415,0.311,1.3165,5.031329744709643,2.8500482452056843,1.0537636120117264,0.7917258048087102,5.943744085170558,0.9767690361595213,0.5461492470012204,1.1385638980751145
4703609,Charlisse Leger-Walker,CON,2026-05-20,0.0,5.0,1.0,1.0,4.0,10,1,4,1,1,1,0,0,3,5,,3,4,,0,1,0,-3.0,18.0,0.5555555555555556,0.05555555555555555,0.2222222222222222,0.05555555555555555,0.05555555555555555,0.2777777777777778,0.2222222222222222,0.0,0.37555555555555553,0.0,18.666666666666668,5.033222956847167,6.0,1.0,2.6666666666666665,0.3333333333333333,0.3333333333333333,0.6666666666666666,0.3333333333333333,2.6666666666666665,2.0,3.3333333333333335,,1.6666666666666667,2.3333333333333335,,0.0,1.0,1.6666666666666667,1.6666666666666667,0.2962962962962963,0.27962349760262034,0.0462962962962963,0.04243125643477629,0.12962962962962962,0.11564811108145182,0.018518518518518517,0.032075014954979206,0.018518518518518517,0.032075014954979206,0.17195767195767195,0.1032763031531383,0.11574074074074074,0.11140008718070338,0.14087301587301587,0.12203590725937921,0.3637566137566137,0.07286290625150639,18.666666666666668,5.033222956847167,6.0,1.0,2.6666666666666665,0.3333333333333333,0.3333333333333333,0.6666666666666666,0.3333333333333333,2.6666666666666665,2.0,3.3333333333333335,,1.6666666666666667,2.3333333333333335,,0.0,1.0,1.6666666666666667,1.6666666666666667,0.2962962962962963,0.27962349760262034,0.0462962962962963,0.04243125643477629,0.12962962962962962,0.11564811108145182,0.018518518518518517,0.032075014954979206,0.018518518518518517,0.032075014954979206,0.17195767195767195,0.1032763031531383,0.11574074074074074,0.11140008718070338,0.14087301587301587,0.12203590725937921,0.3637566137566137,0.07286290625150639,18.666666666666668,5.033222956847167,6.0,1.0,2.6666666666666665,0.3333333333333333,0.3333333333333333,0.6666666666666666,0.3333333333333333,2.6666666666666665,2.0,3.3333333333333335,,1.6666666666666667,2.3333333333333335,,0.0,1.0,1.6666666666666667,1.6666666666666667,0.2962962962962963,0.27962349760262034,0.0462962962962963,0.04243125643477629,0.12962962962962962,0.11564811108145182,0.018518518518518517,0.032075014954979206,0.018518518518518517,0.032075014954979206,0.17195767195767195,0.1032763031531383,0.11574074074074074,0.11140008718070338,0.14087301587301587,0.12203590725937921,0.3637566137566137,0.07286290625150639,,True,True,SEA,False,6.6804075,1.6696653,2.9300952,11.280169,0.29507023,0.69056815,0.27416062,1.6151755,6.9685,2.3155,2.236,0.594,11.52,0.4675,0.235,1.628,3.963648287878227,1.5469194387556193,1.4735345262327586,0.7875049206195477,4.513380108078644,0.6640359553518168,0.48864608869814974,1.2548370412129217
4898898,Gianna Kneepkens,CON,2026-05-20,0.0,5.0,1.0,1.0,4.0,3,3,0,0,2,0,0,2,1,5,,1,1,,2,1,2,-5.0,18.0,0.16666666666666666,0.16666666666666666,0.0,0.0,0.1111111111111111,0.2777777777777778,0.05555555555555555,0.1111111111111111,0.41333333333333333,0.0,16.0,2.6457513110645907,3.6666666666666665,2.3333333333333335,0.6666666666666666,0.6666666666666666,2.3333333333333335,0.6666666666666666,0.0,1.0,1.3333333333333333,5.0,,0.3333333333333333,1.0,,1.0,1.3333333333333333,2.0,-5.666666666666667,0.23051784816490697,0.06372586206275131,0.14605329311211665,0.02542197862261738,0.0392156862745098,0.06792356108113244,0.04524886877828055,0.04021807428649589,0.15317580023462377,0.06727729928974208,0.3248701189877661,0.1202492920402914,0.0698005698005698,0.07790603369729526,0.056644880174291944,0.055587585281799884,0.4122272498743087,0.11756046367645803,16.0,2.6457513110645907,3.6666666666666665,2.3333333333333335,0.6666666666666666,0.6666666666666666,2.3333333333333335,0.6666666666666666,0.0,1.0,1.3333333333333333,5.0,,0.3333333333333333,1.0,,1.0,1.3333333333333333,2.0,-5.666666666666667,0.23051784816490697,0.06372586206275131,0.14605329311211665,0.02542197862261738,0.0392156862745098,0.06792356108113244,0.04524886877828055,0.04021807428649589,0.15317580023462377,0.06727729928974208,0.3248701189877661,0.1202492920402914,0.0698005698005698,0.07790603369729526,0.056644880174291944,0.055587585281799884,0.4122272498743087,0.11756046367645803,16.0,2.6457513110645907,3.6666666666666665,2.3333333333333335,0.6666666666666666,0.6666666666666666,2.3333333333333335,0.6666666666666666,0.0,1.0,1.3333333333333333,5.0,,0.3333333333333333,1.0,,1.0,1.3333333333333333,2.0,-5.666666666666667,0.23051784816490697,0.06372586206275131,0.14605329311211665,0.02542197862261738,0.0392156862745098,0.06792356108113244,0.04524886877828055,0.04021807428649589,0.15317580023462377,0.06727729928974208,0.3248701189877661,0.1202492920402914,0.0698005698005698,0.07790603369729526,0.056644880174291944,0.055587585281799884,0.4122272498743087,0.11756046367645803,,True,True,SEA,False,5.840266,2.5842834,0.8465067,9.271056,0.60041606,0.509819,0.13806877,1.094936,4.3705,3.093,0.8385,0.5845,8.302,0.3935,0.1025,0.85,3.2531876290801303,1.7729498018838548,0.8980076558693696,0.7757962039092483,3.8473102292380843,0.627421509035194,0.32092639343002005,0.9041570660012562
5105732,Raegan Beers,CON,2026-05-20,0.0,5.0,1.0,1.0,4.0,6,4,3,0,0,0,0,1,2,4,,2,2,,2,2,3,14.0,17.0,0.35294117647058826,0.23529411764705882,0.17647058823529413,0.0,0.0,0.23529411764705882,0.11764705882352941,0.058823529411764705,0.3458823529411765,0.0,14.0,3.0,5.0,3.0,2.0,0.3333333333333333,0.6666666666666666,0.6666666666666666,0.3333333333333333,1.6666666666666667,2.0,3.6666666666666665,,0.6666666666666666,0.6666666666666666,,1.6666666666666667,1.3333333333333333,2.6666666666666665,7.666666666666667,0.35790679908326967,0.005388363628596567,0.22994652406417113,0.2273199070249442,0.14323911382734913,0.062247206274554386,0.023809523809523808,0.041239304942116126,0.047619047619047616,0.08247860988423225,0.2580850522026992,0.08985686099494751,0.0392156862745098,0.06792356108113244,0.12783295136236314,0.06285869770920886,0.40317290552584667,0.08432328202917129,14.0,3.0,5.0,3.0,2.0,0.3333333333333333,0.6666666666666666,0.6666666666666666,0.3333333333333333,1.6666666666666667,2.0,3.6666666666666665,,0.6666666666666666,0.6666666666666666,,1.6666666666666667,1.3333333333333333,2.6666666666666665,7.666666666666667,0.35790679908326967,0.005388363628596567,0.22994652406417113,0.2273199070249442,0.14323911382734913,0.062247206274554386,0.023809523809523808,0.041239304942116126,0.047619047619047616,0.08247860988423225,0.2580850522026992,0.08985686099494751,0.0392156862745098,0.06792356108113244,0.12783295136236314,0.06285869770920886,0.40317290552584667,0.08432328202917129,14.0,3.0,5.0,3.0,2.0,0.3333333333333333,0.6666666666666666,0.6666666666666666,0.3333333333333333,1.6666666666666667,2.0,3.6666666666666665,,0.6666666666666666,0.6666666666666666,,1.6666666666666667,1.3333333333333333,2.6666666666666665,7.666666666666667,0.35790679908326967,0.005388363628596567,0.22994652406417113,0.2273199070249442,0.14323911382734913,0.062247206274554386,0.023809523809523808,0.041239304942116126,0.047619047619047616,0.08247860988423225,0.2580850522026992,0.08985686099494751,0.0392156862745098,0.06792356108113244,0.12783295136236314,0.06285869770920886,0.40317290552584667,0.08432328202917129,,True,True,SEA,False,6.364167,3.2468102,1.9577372,11.568714,0.3156345,0.67737836,0.34025314,1.3249044,5.8175,3.604,1.6675,0.5425,11.089,0.3935,0.216,1.062,3.628111595582473,1.8708778688091856,1.2613261869952592,0.7477925848789891,4.2578256187871295,0.6369126706229041,0.46940813797802866,1.01644281688642
5208981,Leila Lacan,CON,2026-05-20,0.0,17.0,0.0,0.0,33.0,0,0,0,0,0,0,0,0,0,0,,0,0,,0,0,0,0.0,0.0,,,,,,,,,,0.0,0.0,0.0,0.0,0.0,0.0,0.0,0.0,0.0,0.0,0.0,0.0,0.0,,0.0,0.0,,0.0,0.0,0.0,0.0,,,,,,,,,,,,,,,,,,,9.4,12.91510743277035,4.4,0.8,0.2,0.0,0.8,0.4,0.2,1.0,1.6,3.6,,1.2,1.4,,0.2,0.6,1.4,-3.0,0.4618181818181818,0.1388500588511761,0.08818181818181818,0.06813938073252164,0.02272727272727275,0.03214121732666186,0.0,0.0,0.08545454545454546,0.007713892158398697,0.3845454545454545,0.03471251471279452,0.14272727272727276,0.13756441015811016,0.10545454545454544,0.02057037908906296,0.5528000000000001,0.046386204845837636,18.6,13.418064109417744,9.5,1.4,2.3,0.5,1.6,1.1,0.3,2.0,3.8,7.1,,1.4,1.6,,0.4,1.0,2.5,-2.3,0.48702869710934227,0.1871182512713489,0.07195171763720151,0.046681982962006485,0.12268014243820695,0.07946069512662285,0.022753456221198155,0.030235534396809344,0.08388563049853373,0.02401195960075337,0.37582635106828655,0.08222105676740096,0.08182184750733137,0.084066570468908,0.10449622957687474,0.06249416783707737,0.5163241935483872,0.12948381223846936,,True,True,SEA,False,6.0080585,0.7908094,1.3583181,8.1571865,0.21868648,0.44260326,0.08953429,0.8827472,5.131,1.7175,1.1965,0.3825,8.045,0.297,0.094,0.732,3.311470821251487,1.2882910191412498,1.0935665274687223,0.603484672547696,3.6905250303987915,0.5529837248961311,0.30686153229103186,0.8550882995340306
5345319,Nell Angloma,CON,2026-05-20,0.0,5.0,1.0,1.0,4.0,7,1,1,0,0,0,0,1,3,6,,1,2,,1,0,2,4.0,14.0,0.5,0.07142857142857142,0.07142857142857142,0.0,0.0,0.42857142857142855,0.14285714285714285,0.07142857142857142,0.5628571428571428,0.0,4.666666666666667,8.082903768654761,2.3333333333333335,0.3333333333333333,0.3333333333333333,0.0,0.0,0.0,0.0,0.3333333333333333,1.0,2.0,,0.3333333333333333,0.6666666666666666,,0.3333333333333333,0.0,0.6666666666666666,1.3333333333333333,0.5,,0.07142857142857142,,0.07142857142857142,,0.0,,0.0,,0.42857142857142855,,0.14285714285714285,,0.07142857142857142,,0.5628571428571428,,4.666666666666667,8.082903768654761,2.3333333333333335,0.3333333333333333,0.3333333333333333,0.0,0.0,0.0,0.0,0.3333333333333333,1.0,2.0,,0.3333333333333333,0.6666666666666666,,0.3333333333333333,0.0,0.6666666666666666,1.3333333333333333,0.5,,0.07142857142857142,,0.07142857142857142,,0.0,,0.0,,0.42857142857142855,,0.14285714285714285,,0.07142857142857142,,0.5628571428571428,,4.666666666666667,8.082903768654761,2.3333333333333335,0.3333333333333333,0.3333333333333333,0.0,0.0,0.0,0.0,0.3333333333333333,1.0,2.0,,0.3333333333333333,0.6666666666666666,,0.3333333333333333,0.0,0.6666666666666666,1.3333333333333333,0.5,,0.07142857142857142,,0.07142857142857142,,0.0,,0.0,,0.42857142857142855,,0.14285714285714285,,0.07142857142857142,,0.5628571428571428,,,True,True,SEA,False,6.1347504,1.821264,1.2477031,9.203718,0.27124166,0.43658653,0.24087003,1.1291653,5.819063186645508,1.9313538074493408,1.186021089553833,0.33972111344337463,8.936437606811523,0.43658652901649475,0.24087002873420715,1.1291652917861938,7.5,3.0,2.5,1.3,9.0,1.2,1.3,1.5
924,Alysha Clark,DAL,2026-05-20,0.0,17.0,0.0,0.0,49.0,6,2,1,0,0,1,0,0,2,3,,2,3,,0,2,3,1.0,18.0,0.3333333333333333,0.1111111111111111,0.05555555555555555,0.0,0.0,0.16666666666666666,0.16666666666666666,0.0,0.24000000000000002,0.0,15.666666666666666,7.767453465154031,3.6666666666666665,2.3333333333333335,1.0,0.3333333333333333,1.3333333333333333,1.0,0.3333333333333333,0.6666666666666666,1.3333333333333333,2.6666666666666665,,0.6666666666666666,1.0,,0.3333333333333333,2.0,2.6666666666666665,-2.0,0.18686868686868685,0.17030015454633704,0.2101972101972102,0.1893871823618848,0.08128908128908129,0.05355816702615616,0.015151515151515152,0.026243194054073906,0.060606060606060656,0.1049727762162956,0.13131313131313133,0.11768868886597009,0.05555555555555555,0.09622504486493763,0.09523809523809523,0.1649572197684645,0.25099567099567094,0.030733247855592664,21.4,9.813256340277675,5.4,1.8,1.6,0.6,2.8,1.0,0.2,0.6,2.0,4.4,,0.8,1.4,,0.4,1.4,2.6,-8.6,0.2185185185185185,0.1280701153630014,0.14093314093314097,0.16617748688792555,0.08042328042328042,0.04818012814399921,0.02255892255892256,0.021281485647219496,0.10235690235690238,0.09444429439961208,0.17037037037037037,0.10365094420747321,0.06296296296296296,0.08646383355502779,0.0632034632034632,0.1250775138686139,0.2612775372775373,0.0318922996511986,22.3,7.242620765686658,3.8,3.2,1.5,0.4,2.5,0.7,0.1,0.5,1.5,4.1,,0.4,0.7,,0.3,2.9,2.1,-8.1,0.15739064856711918,0.12759512562184572,0.17111848935378346,0.11761665021128155,0.06771876271876272,0.053884180819745324,0.01716181422063775,0.0232643274839601,0.10046368664015723,0.07109747545022542,0.16699095022624436,0.0856211853252837,0.03148148148148148,0.0665121666521036,0.04248408454290807,0.08848236479958277,0.2233268866210043,0.06833365096930562,,True,True,CHI,False,4.293787,2.6378124,1.1358311,8.0674305,0.53793496,0.52042645,0.3180615,0.92039704,7.706666666666667,5.3933333333333335,2.1533333333333333,0.6333333333333333,15.253333333333334,0.8933333333333333,0.3333333333333333,0.98,4.22144788221082,2.300425081491583,1.4820556294852392,0.819891591749923,4.789135853389651,0.8496796782055903,0.5249338582674541,1.0293687385966217
2529047,Odyssey Sims,DAL,2026-05-20,0.0,17.0,0.0,0.0,41.0,5,0,2,1,1,0,0,0,2,5,,0,0,,0,0,1,8.0,16.0,0.3125,0.0,0.125,0.0625,0.0625,0.3125,0.0,0.0,0.3125,0.0,24.0,14.730919862656235,13.666666666666666,1.6666666666666667,4.0,0.6666666666666666,1.0,0.6666666666666666,0.0,1.6666666666666667,4.333333333333333,7.666666666666667,,4.333333333333333,5.0,,0.3333333333333333,1.3333333333333333,3.0,6.333333333333333,0.523678861788618,0.18521343554484818,0.08292682926829269,0.10428077232405833,0.1793360433604336,0.07637959701687964,0.02896341463414634,0.031499966950871684,0.03709349593495934,0.03284816333108535,0.30687669376693777,0.037714116141980315,0.15013550135501355,0.15920296334282283,0.04065040650406504,0.07040856941336893,0.4135867208672086,0.16409884551120948,23.2,10.686440005914035,12.2,2.0,3.2,0.6,1.0,0.6,0.0,2.0,3.8,7.8,,4.0,4.6,,0.6,1.4,2.4,5.2,0.4792599486521181,0.2609389415002752,0.09986136071887035,0.09802985362537442,0.14465425759520753,0.07247067723106504,0.025378048780487807,0.026837041556849975,0.04078241335044929,0.024185961318192437,0.32981022678647837,0.04130607764645879,0.1591339323919555,0.12285709543303876,0.07196919127086007,0.07124785155013634,0.47179834830979883,0.14109984682644006,26.6,8.126773310757754,12.7,2.1,4.1,0.6,1.6,1.2,0.0,2.1,4.2,9.6,,3.7,4.4,,0.4,1.7,1.7,2.1,0.4569244145035638,0.20990025704570808,0.08781577167194585,0.07564990801196629,0.15664079153868588,0.07442765920651523,0.023089156665376177,0.022095392327617633,0.05791094127157215,0.03660505888523644,0.3562192241629951,0.0833959520005378,0.14987759940983678,0.09439866689749195,0.07219651319815404,0.06960089153476681,0.49436188110147733,0.13194654224643299,,True,True,CHI,False,10.357232,2.0131843,3.3272038,15.69762,0.46670848,0.7905662,0.17456418,2.0170524,11.846666666666666,4.22,3.7866666666666666,0.88,19.85333333333333,0.52,0.23333333333333334,1.2,5.6459267519946525,1.8398188316606974,1.8058669816892816,0.9303762679690406,6.268850683250391,0.6803920438492307,0.4384315479321969,1.0583005244258363
3904577,Arike Ogunbowale,DAL,2026-05-20,0.0,255.0,0.0,0.0,38.0,0,0,0,0,0,0,0,0,0,0,,0,0,,0,0,0,0.0,0.0,,,,,,,,,,0.0,0.0,0.0,0.0,0.0,0.0,0.0,0.0,0.0,0.0,0.0,0.0,0.0,,0.0,0.0,,0.0,0.0,0.0,0.0,,,,,,,,,,,,,,,,,,,0.0,0.0,0.0,0.0,0.0,0.0,0.0,0.0,0.0,0.0,0.0,0.0,,0.0,0.0,,0.0,0.0,0.0,0.0,,,,,,,,,,,,,,,,,,,16.3,17.378466880341062,6.3,1.3,1.6,0.2,1.6,0.6,0.1,0.7,1.9,5.7,,2.3,2.4,,0.4,0.9,1.0,-3.2,0.3822527472527473,0.06742241848368404,0.07626373626373628,0.06729187973037777,0.10239010989010991,0.05509830961999042,0.011428571428571423,0.025555062599997645,0.09501373626373624,0.03855719315985832,0.3429395604395604,0.08270848386924234,0.15115384615384614,0.06766735036573138,0.04107142857142857,0.03900058869257422,0.45051868131868134,0.09858665960952609,,True,True,CHI,False,2.401433,0.0,0.3594172,2.7608502,0.20918544,0.23018299,0.0,0.4902845,3.066666666666667,0.6266666666666667,0.9133333333333333,0.32666666666666666,4.6066666666666665,0.2,0.013333333333333334,0.37333333333333335,2.7968235951204043,0.7169069364677368,0.9087476119485665,0.5715087245372744,3.0019919312942127,0.4472135954999579,0.25,0.616945882733828
3906949,Jessica Shepard,DAL,2026-05-20,0.0,17.0,0.0,0.0,51.0,6,5,2,0,0,0,0,0,2,2,,2,4,,1,4,3,9.0,17.0,0.35294117647058826,0.29411764705882354,0.11764705882352941,0.0,0.0,0.11764705882352941,0.23529411764705882,0.0,0.22117647058823528,0.0,20.333333333333332,14.294521094927719,6.666666666666667,4.333333333333333,2.0,0.0,0.3333333333333333,1.0,0.0,1.0,2.6666666666666665,4.666666666666667,,1.3333333333333333,2.0,,0.6666666666666666,3.6666666666666665,1.3333333333333333,5.666666666666667,0.24727668845315917,0.21490086085518098,0.20452069716775587,0.0850078983882451,0.14106753812636166,0.09931540480664598,0.0,0.0,0.009259259259259259,0.016037507477489603,0.18273420479302838,0.10642992806694461,0.09694989106753811,0.12298759575333573,0.06018518518518518,0.06262846878920693,0.2855773420479302,0.08777489016837195,17.6,10.830512453249845,5.0,4.2,1.8,0.0,0.2,0.6,0.0,1.0,2.0,3.6,,1.0,1.6,,0.8,3.4,1.2,3.6,0.22169934640522881,0.15638639546402902,0.23271241830065356,0.15320387262750382,0.1279738562091503,0.07460384215966064,0.0,0.0,0.005555555555555555,0.012422599874998833,0.17297385620915035,0.1002181342944185,0.08483660130718954,0.10030113997781506,0.06277777777777777,0.06477644366836587,0.2730797385620915,0.06445510829322429,21.5,10.102254973794489,7.6,6.9,2.1,0.0,0.2,0.8,0.1,1.0,3.2,5.5,,1.2,1.9,,2.1,4.8,1.0,3.2,0.31417627615500815,0.22795791191124648,0.3134074049146737,0.16518883851944577,0.11512122163892254,0.07794171714763386,0.0,0.0,0.00804093567251462,0.017935444658458033,0.2361683567401026,0.10838406043256761,0.0963824950269963,0.12079486141436777,0.051312611238240526,0.049771152367825214,0.3298892657902215,0.11330451621344016,,True,True,CHI,False,6.9891424,5.6539073,1.5462368,14.189286,0.0,0.72925603,0.34908605,1.2962513,7.68,7.72,2.32,0.3333333333333333,17.72,0.5266666666666666,0.26666666666666666,0.8866666666666667,3.9026828379120606,2.6028702106200634,1.5419468213917105,0.6394442031083626,5.3405617682037905,0.7275224318802059,0.48534065928536796,0.9058084173206213
3913881,Alanna Smith,DAL,2026-05-20,0.0,17.0,0.0,0.0,54.0,12,7,1,2,2,0,0,1,5,6,,0,0,,3,4,3,19.0,12.0,1.0,0.5833333333333334,0.08333333333333333,0.16666666666666666,0.16666666666666666,0.5,0.0,0.08333333333333333,0.5833333333333334,0.0,19.333333333333332,7.505553499465136,8.333333333333334,6.333333333333333,2.3333333333333335,1.0,1.3333333333333333,0.6666666666666666,0.6666666666666666,2.3333333333333335,3.3333333333333335,4.666666666666667,,0.6666666666666666,0.6666666666666666,,1.6666666666666667,4.666666666666667,3.0,9.333333333333334,0.5198180636777128,0.41617971766070566,0.36338531513970107,0.1952484837828837,0.12784275503573747,0.11945073058351598,0.07309941520467837,0.08519767417738869,0.08544509421702406,0.07077079417205012,0.27582846003898637,0.2027548154260694,0.03508771929824559,0.06077371254627639,0.12784275503573747,0.11945073058351593,0.4191098115659519,0.16208128676121186,20.0,8.336666000266531,7.6,5.8,2.6,0.8,2.0,0.4,1.0,1.8,3.2,5.4,,0.4,0.4,,1.4,4.4,2.8,2.2,0.3985575048732944,0.3710057031518778,0.2946978557504873,0.18378038261831617,0.1267056530214425,0.08946909215411415,0.05052631578947368,0.06872850401233442,0.12126705653021444,0.0878793320343905,0.29216374269005846,0.14558150368191758,0.021052631578947358,0.047075115315785045,0.09003898635477582,0.10183026716639933,0.39146588693957113,0.12127205145613075,21.1,6.419588079550827,6.4,4.6,2.5,0.6,2.7,1.0,1.4,1.6,2.4,5.5,,1.0,1.3,,1.3,3.3,2.6,6.1,0.3123325407535934,0.2999760154110279,0.21767313583103057,0.15742667235122232,0.1187008118587066,0.07998964311006193,0.03383458646616542,0.05162545644899031,0.13749684039157722,0.06523521911973253,0.2752907910802648,0.12250632713620307,0.05552631578947368,0.09588686328657722,0.074519525308999,0.07509495113985498,0.37424189533663216,0.11043572257677003,,True,True,CHI,False,5.3146353,4.0058064,1.492337,10.812779,0.3786934,0.7309908,0.8744005,1.287299,13.613333333333333,7.8133333333333335,3.0866666666666664,1.28,24.513333333333332,0.52,0.7866666666666666,1.46,5.873995422386897,2.7015715590909095,1.945718947387372,1.2708002727940113,6.556154021646804,0.7277362159464102,0.9701317207243332,1.225452297453203
4336633,Li Yueru,DAL,2026-05-20,0.0,17.0,0.0,0.0,40.0,0,0,0,0,0,0,0,1,0,0,,0,0,,0,0,1,3.0,5.0,0.0,0.0,0.0,0.0,0.0,0.0,0.0,0.2,0.2,0.0,5.666666666666667,6.027713773341708,2.6666666666666665,2.6666666666666665,0.6666666666666666,0.0,0.3333333333333333,0.0,0.0,1.3333333333333333,1.0,1.6666666666666667,,0.6666666666666666,1.0,,1.6666666666666667,1.0,1.3333333333333333,0.3333333333333333,0.33333333333333337,0.4714045207910317,0.3333333333333333,0.4714045207910317,0.08333333333333333,0.11785113019775792,0.0,0.0,0.041666666666666664,0.05892556509887896,0.2083333333333333,0.2946278254943948,0.125,0.1767766952966369,0.22499999999999998,0.03535533905932737,0.4883333333333333,0.4077649104842424,3.4,5.272570530585627,1.6,1.6,0.4,0.0,0.2,0.0,0.0,0.8,0.6,1.0,,0.4,0.6,,1.0,0.6,0.8,0.2,0.33333333333333337,0.4714045207910317,0.33333333333333326,0.4714045207910317,0.08333333333333333,0.11785113019775792,0.0,0.0,0.041666666666666664,0.05892556509887896,0.20833333333333334,0.2946278254943948,0.125,0.1767766952966369,0.225,0.03535533905932737,0.4883333333333334,0.4077649104842424,8.1,9.109823757290197,3.4,1.9,0.7,0.4,1.5,0.2,0.2,0.7,1.2,2.9,,0.6,0.7,,0.7,1.2,0.9,-1.5,0.3179012345679012,0.3242415792854765,0.2098765432098765,0.25517058138792714,0.09814814814814814,0.08327158205895226,0.040123456790123455,0.04745464467600637,0.1675925925925926,0.11549232600590895,0.30030864197530865,0.19404868602200803,0.06635802469135803,0.10772887185345653,0.10895061728395061,0.09806367200813124,0.4384567901234568,0.2453024690581353,,True,True,CHI,False,3.4809475,1.8348399,0.7586458,6.0744333,0.29166383,0.13598922,0.30512226,0.6614035,3.1652605533599854,1.9449297189712524,0.6969637870788574,0.3601432740688324,5.807155132293701,0.1359892189502716,0.3051222562789917,0.661403477191925,7.5,3.0,2.5,1.3,9.0,1.2,1.3,1.5
4399415,Maddy Siegrist,DAL,2026-05-20,0.0,17.0,0.0,0.0,37.0,14,5,1,0,1,0,0,1,7,10,,0,0,,1,4,2,9.0,22.0,0.6363636363636364,0.22727272727272727,0.045454545454545456,0.0,0.045454545454545456,0.45454545454545453,0.0,0.045454545454545456,0.5,0.0,23.666666666666668,4.725815626252608,14.0,6.0,1.0,0.6666666666666666,2.3333333333333335,0.3333333333333333,0.3333333333333333,0.6666666666666666,6.0,10.0,,1.3333333333333333,1.3333333333333333,,1.6666666666666667,4.333333333333333,2.0,9.666666666666666,0.5856844305120167,0.07461758938562828,0.2355276907001045,0.13983803308762877,0.048484848484848485,0.050068823157146385,0.022988505747126436,0.03981725994411211,0.08928944618599792,0.07202366331349497,0.41760710553814007,0.05863333085275988,0.056321839080459755,0.051184928915430625,0.02664576802507837,0.023719037539845698,0.46903448275862064,0.06531121872480898,27.2,5.974947698515861,14.2,4.6,1.0,1.2,4.0,0.8,0.4,0.6,6.0,12.0,,1.0,1.6,,1.6,3.0,1.6,6.6,0.5293992731079691,0.09514218548338838,0.1730054189741424,0.1354522340231559,0.04142487493531137,0.03671392452084538,0.03789177517503108,0.04001049641390962,0.13289055575713954,0.08272095058851095,0.43500449102686883,0.04828505009616222,0.05732251521298173,0.05515369268345809,0.022439073718272827,0.02108434801119315,0.48266547143885363,0.05163591437980121,30.0,5.3748384988656905,14.9,4.4,1.1,1.2,3.5,1.0,0.4,0.9,6.2,12.3,,1.3,1.8,,1.8,2.6,2.1,-2.0,0.5003553241163659,0.09955489803675213,0.151134378246529,0.09734839556090871,0.03898041132386483,0.03617633077163253,0.03696176060338856,0.03724328889870198,0.1120410794175762,0.07100647917764245,0.4105902393316514,0.07128040624033638,0.05725602884832094,0.06388441442519034,0.029597784710000897,0.022512110226406253,0.46538067673491346,0.057192736158362976,,True,True,CHI,False,12.593667,4.1007495,0.930861,17.625277,0.9812467,0.6427878,0.46350628,1.2372855,16.373333333333335,7.933333333333334,1.5866666666666667,1.1666666666666667,25.893333333333334,0.38,0.32,0.8733333333333333,6.169329154958603,2.677478083736427,1.1898832809238988,1.073416145873641,6.543339276614723,0.6073988255942988,0.6358196809368728,0.8663845694737542
4433730,Paige Bueckers,DAL,2026-05-20,0.0,17.0,0.0,0.0,41.0,11,4,9,1,1,1,0,0,4,9,,2,2,,0,4,0,15.0,22.0,0.5,0.18181818181818182,0.4090909090909091,0.045454545454545456,0.045454545454545456,0.4090909090909091,0.09090909090909091,0.0,0.44909090909090915,0.0,24.0,5.29150262212919,18.333333333333332,4.666666666666667,6.333333333333333,2.3333333333333335,3.3333333333333335,1.0,0.6666666666666666,1.3333333333333333,7.333333333333333,13.0,,1.3333333333333333,1.6666666666666667,,1.0,3.6666666666666665,1.3333333333333333,17.0,0.7666666666666667,0.2516611478423585,0.1828282828282828,0.08333792457508402,0.2641414141414142,0.13226442520835432,0.10404040404040404,0.0837775122817938,0.1484848484848485,0.13402026901512712,0.5363636363636364,0.11022141502711036,0.06363636363636364,0.05529784118452908,0.061111111111111116,0.07876359377087681,0.6254747474747475,0.1570145055189907,27.4,6.06630035524124,20.0,4.8,6.4,1.4,2.6,1.4,0.6,1.4,7.8,13.4,,3.0,3.2,,0.6,4.2,1.6,10.0,0.7349525616698293,0.19811316284821015,0.17193605888103042,0.06644683820669062,0.23894025645448796,0.10120277623996984,0.062424242424242424,0.08219888979743104,0.1067379679144385,0.11498544892505802,0.49107814386751764,0.15344763822684013,0.10630326030705536,0.07219733855203198,0.05488298545224542,0.057120904643435236,0.5927345638548674,0.16873715286515595,28.8,5.613475849338896,19.7,3.3,5.6,1.3,2.5,1.1,0.3,1.7,7.5,13.6,,3.4,3.7,,0.5,2.8,1.8,0.7,0.6781231142809367,0.2791338576013445,0.11589283530852594,0.07812713546838625,0.1945039348533427,0.12516364132572563,0.049809863339275104,0.06409817288615467,0.09250947609973978,0.0804851022687164,0.4692605668012983,0.127827765712106,0.12786365916575954,0.08630680787716728,0.06004306627090113,0.04819250039360072,0.5855636431051336,0.14340919443979622,,True,True,CHI,False,17.277319,3.8465965,5.5442667,26.668182,1.1409392,1.1593933,0.3677871,2.5143995,18.586666666666666,5.846666666666667,4.3533333333333335,1.9066666666666667,28.786666666666665,0.5466666666666666,0.2866666666666667,1.0866666666666667,6.627404385495796,2.1809376169182118,1.9048592832251123,1.3921047214759226,7.304415711669818,0.7172788083366807,0.5578131905535719,0.9793648735560999
4433790,Azzi Fudd,DAL,2026-05-20,0.0,17.0,0.0,0.0,3.0,12,0,1,1,5,0,0,1,4,10,,3,4,,0,0,2,15.0,21.0,0.5714285714285714,0.0,0.047619047619047616,0.047619047619047616,0.23809523809523808,0.47619047619047616,0.19047619047619047,0.047619047619047616,0.6076190476190476,0.0,18.5,3.5355339059327378,8.0,0.0,1.0,0.5,3.5,0.0,0.0,0.5,3.0,8.5,,1.5,2.0,,0.0,0.0,2.5,6.0,0.4107142857142857,0.22728432252424738,0.0,0.0,0.05505952380952381,0.01052242233908553,0.023809523809523808,0.03367175148507369,0.18154761904761904,0.07997040977705001,0.4568452380952381,0.027358298081622354,0.09523809523809523,0.13468700594029476,0.023809523809523808,0.03367175148507369,0.5225595238095238,0.1202923321804258,18.5,3.5355339059327378,8.0,0.0,1.0,0.5,3.5,0.0,0.0,0.5,3.0,8.5,,1.5,2.0,,0.0,0.0,2.5,6.0,0.4107142857142857,0.22728432252424738,0.0,0.0,0.05505952380952381,0.01052242233908553,0.023809523809523808,0.03367175148507369,0.18154761904761904,0.07997040977705001,0.4568452380952381,0.027358298081622354,0.09523809523809523,0.13468700594029476,0.023809523809523808,0.03367175148507369,0.5225595238095238,0.1202923321804258,18.5,3.5355339059327378,8.0,0.0,1.0,0.5,3.5,0.0,0.0,0.5,3.0,8.5,,1.5,2.0,,0.0,0.0,2.5,6.0,0.4107142857142857,0.22728432252424738,0.0,0.0,0.05505952380952381,0.01052242233908553,0.023809523809523808,0.03367175148507369,0.18154761904761904,0.07997040977705001,0.4568452380952381,0.027358298081622354,0.09523809523809523,0.13468700594029476,0.023809523809523808,0.03367175148507369,0.5225595238095238,0.1202923321804258,,True,True,CHI,False,10.297531,1.3335464,1.3853655,13.016443,1.1896425,0.6640546,0.13321768,1.377753,9.806666666666667,2.74,1.9733333333333334,0.7066666666666667,14.52,0.4666666666666667,0.2,0.5866666666666667,4.530925831316254,1.5250355187120506,1.4280367253291804,0.7877957998251973,4.914902508358296,0.6599663291074445,0.43204937989385733,0.7499925925560125
4433807,Aziaha James,DAL,2026-05-20,0.0,17.0,0.0,0.0,47.0,18,4,2,2,5,2,1,3,6,13,,4,7,,2,2,4,15.0,17.0,1.0588235294117647,0.23529411764705882,0.11764705882352941,0.11764705882352941,0.29411764705882354,0.7647058823529411,0.4117647058823529,0.17647058823529413,1.1223529411764706,0.0,26.333333333333332,8.082903768654761,18.333333333333332,6.666666666666667,2.0,1.3333333333333333,5.666666666666667,2.6666666666666665,0.3333333333333333,3.3333333333333335,6.666666666666667,14.333333333333334,,3.6666666666666665,5.0,,2.3333333333333335,4.333333333333333,3.3333333333333335,21.0,0.7507906388361797,0.27111714698907907,0.25047438330170774,0.03483407922331276,0.08222643896268185,0.044514581429254664,0.06072106261859583,0.058915273989601606,0.22707147375079065,0.06642269749690109,0.5774826059456041,0.17450429028201733,0.2232764073371284,0.18976597048284488,0.13409234661606578,0.04008842979757325,0.8098165717900064,0.2707267100274505,20.4,9.98999499499373,12.4,4.6,1.4,1.0,4.4,1.6,0.2,2.2,4.4,10.8,,2.6,3.4,,1.4,3.2,2.8,8.2,0.5673974602247847,0.3226059398129054,0.21028462998102468,0.12200506976197983,0.06472047876222449,0.04801071656502918,0.051817252955772886,0.05122299922650665,0.22239673040432056,0.04863440514892747,0.5341818712596702,0.1453886564116951,0.17396584440227705,0.16602615323626835,0.10045540796963948,0.06461422389564427,0.7111822507663115,0.2349353114470625,18.2,10.891382934330345,9.5,3.3,1.4,0.9,3.8,0.9,0.1,1.4,3.6,9.5,,1.4,1.9,,0.9,2.4,2.4,-0.4,0.4524757131967758,0.31510081660804157,0.1779590124308657,0.11129679407647833,0.06269378944900766,0.06255724898967112,0.04417937814522255,0.04594290008372206,0.2100961001656764,0.06979469315501644,0.5115862936229792,0.1390012483571854,0.10655064241402003,0.14308233468669257,0.07100251635355999,0.059613626449400776,0.629471092638708,0.2099720488273621,,True,True,CHI,False,12.368185,4.5314736,1.6223133,18.52197,1.1088067,0.99920034,0.46680555,1.6408769,11.46,6.493333333333333,2.3,0.8133333333333334,20.253333333333334,0.84,0.3333333333333333,1.3666666666666667,5.162208829561237,2.542299921112552,1.6237815945091467,0.8973046057808661,5.943272574002381,0.9170968687476077,0.53748384988657,1.1455226851626388
4434015,JJ Quinerly,DAL,2026-05-20,0.0,17.0,0.0,0.0,41.0,7,3,3,1,1,1,0,3,1,3,,4,4,,0,3,2,3.0,11.0,0.6363636363636364,0.2727272727272727,0.2727272727272727,0.09090909090909091,0.09090909090909091,0.2727272727272727,0.36363636363636365,0.2727272727272727,0.7054545454545454,0.0,3.6666666666666665,6.3508529610858835,2.3333333333333335,1.0,1.0,0.3333333333333333,0.3333333333333333,0.3333333333333333,0.0,1.0,0.3333333333333333,1.0,,1.3333333333333333,1.3333333333333333,,0.0,1.0,0.6666666666666666,1.0,0.6363636363636364,,0.2727272727272727,,0.2727272727272727,,0.09090909090909091,,0.09090909090909091,,0.2727272727272727,,0.36363636363636365,,0.2727272727272727,,0.7054545454545454,,10.6,10.714476188783099,3.2,1.2,1.6,0.2,0.8,0.4,0.2,1.2,0.8,2.8,,1.4,1.4,,0.0,1.2,0.8,-3.0,0.3602693602693603,0.24547394306138298,0.14183501683501684,0.11855471186533346,0.16498316498316498,0.10859564594525345,0.030303030303030293,0.0524863881081478,0.0765993265993266,0.01861392625210131,0.2668350168350168,0.014796629487583764,0.16750841750841752,0.17041868933260465,0.14183501683501681,0.11855471186533344,0.48237373737373734,0.19781313202234482,12.7,10.044899203078145,4.7,1.2,1.7,0.7,1.3,0.8,0.1,1.8,1.6,3.4,,0.8,0.8,,0.2,1.0,1.4,-1.0,0.44447601010101007,0.3077814893728383,0.10214646464646465,0.08023198323699111,0.09936868686868686,0.12886941085569825,0.06136363636363636,0.0871292110011403,0.09330808080808081,0.08359931752329705,0.276104797979798,0.07899699114124094,0.07844065656565656,0.12459292363338316,0.15735479797979796,0.12869301867520924,0.46797348484848483,0.18443301790069605,,True,True,CHI,False,4.315035,1.2203646,1.563375,7.0987744,0.33550632,0.28269973,0.13185345,1.1043038,5.046666666666667,2.4066666666666667,1.7266666666666666,0.44666666666666666,9.18,0.15333333333333332,0.12,0.5666666666666667,3.414355315754677,1.6536693206993418,1.3160378245155246,0.6883474574822095,4.089123785523413,0.37835902996433896,0.39866443700602805,0.7951240294584375
4594527,Dulcy Fankam Mendjiadeu,DAL,2026-05-20,0.0,17.0,0.0,0.0,3.0,0,1,0,0,0,0,0,1,0,0,,0,0,,1,0,2,0.0,10.0,0.0,0.1,0.0,0.0,0.0,0.0,0.0,0.1,0.1,0.0,11.0,1.4142135623730951,4.0,2.0,0.5,0.0,0.0,0.0,0.0,1.0,2.0,3.5,,0.0,0.0,,1.0,1.0,3.5,3.0,0.3333333333333333,0.4714045207910317,0.175,0.10606601717798211,0.041666666666666664,0.05892556509887896,0.0,0.0,0.0,0.0,0.2916666666666667,0.41247895569215276,0.0,0.0,0.09166666666666667,0.011785113019775794,0.3833333333333333,0.4006938426723769,11.0,1.4142135623730951,4.0,2.0,0.5,0.0,0.0,0.0,0.0,1.0,2.0,3.5,,0.0,0.0,,1.0,1.0,3.5,3.0,0.3333333333333333,0.4714045207910317,0.175,0.10606601717798211,0.041666666666666664,0.05892556509887896,0.0,0.0,0.0,0.0,0.2916666666666667,0.41247895569215276,0.0,0.0,0.09166666666666667,0.011785113019775794,0.3833333333333333,0.4006938426723769,11.0,1.4142135623730951,4.0,2.0,0.5,0.0,0.0,0.0,0.0,1.0,2.0,3.5,,0.0,0.0,,1.0,1.0,3.5,3.0,0.3333333333333333,0.4714045207910317,0.175,0.10606601717798211,0.041666666666666664,0.05892556509887896,0.0,0.0,0.0,0.0,0.2916666666666667,0.41247895569215276,0.0,0.0,0.09166666666666667,0.011785113019775794,0.3833333333333333,0.4006938426723769,,True,True,CHI,False,4.2791204,2.290864,0.6087542,7.1787386,0.024370834,0.37977162,0.17266372,0.9706797,4.68,3.5,1.0733333333333333,0.22,9.253333333333334,0.29333333333333333,0.17333333333333334,0.58,3.404545980499211,1.8964879822099234,1.1378146695407922,0.5147167505855366,3.944932051238511,0.5836284967530478,0.3957552554574888,0.741799613552519
5345473,Costanza Verona,DAL,2026-05-20,0.0,17.0,0.0,0.0,2.0,0,0,0,0,0,1,0,0,0,4,,0,0,,0,0,0,-3.0,4.0,0.0,0.0,0.0,0.0,0.0,1.0,0.0,0.0,1.0,0.0,4.0,,0.0,0.0,0.0,0.0,0.0,1.0,0.0,0.0,0.0,4.0,,0.0,0.0,,0.0,0.0,0.0,-3.0,0.0,,0.0,,0.0,,0.0,,0.0,,1.0,,0.0,,0.0,,1.0,,4.0,,0.0,0.0,0.0,0.0,0.0,1.0,0.0,0.0,0.0,4.0,,0.0,0.0,,0.0,0.0,0.0,-3.0,0.0,,0.0,,0.0,,0.0,,0.0,,1.0,,0.0,,0.0,,1.0,,4.0,,0.0,0.0,0.0,0.0,0.0,1.0,0.0,0.0,0.0,4.0,,0.0,0.0,,0.0,0.0,0.0,-3.0,0.0,,0.0,,0.0,,0.0,,0.0,,1.0,,0.0,,0.0,,1.0,,,True,True,CHI,False,4.938193,1.0540236,0.7683681,6.760585,0.14239569,0.33752477,0.03991902,0.67870647,4.6225056648254395,1.1641134023666382,0.7066861391067505,0.21087512373924255,6.493305683135986,0.33752477169036865,0.03991901874542236,0.6787064671516418,7.5,3.0,2.5,1.3,9.0,1.2,1.3,1.5
2955898,Damiris Dantas,IND,2026-05-20,1.0,5.0,1.0,1.0,50.0,3,2,0,1,2,1,0,0,1,2,,0,0,,0,2,1,3.0,7.0,0.42857142857142855,0.2857142857142857,0.0,0.14285714285714285,0.2857142857142857,0.2857142857142857,0.0,0.0,0.2857142857142857,0.0,8.333333333333334,9.073771725877465,3.3333333333333335,2.3333333333333335,0.3333333333333333,0.3333333333333333,3.3333333333333335,0.3333333333333333,0.0,1.0,1.0,4.333333333333333,,1.0,1.3333333333333333,,0.0,2.3333333333333335,1.0,-0.6666666666666666,0.4087301587301587,0.028059792904228054,0.28174603174603174,0.005611958580845596,0.02777777777777779,0.039283710065919304,0.07142857142857142,0.10101525445522107,0.36507936507936506,0.1122391716169123,0.44841269841269843,0.23009030181467027,0.1111111111111111,0.15713484026367722,0.08333333333333336,0.11785113019775792,0.5806349206349206,0.41708076172844616,5.0,7.874007874011811,2.0,1.4,0.2,0.2,2.0,0.2,0.0,0.6,0.6,2.6,,0.6,0.8,,0.0,1.4,0.6,-0.4,0.4087301587301587,0.028059792904228054,0.28174603174603174,0.005611958580845596,0.027777777777777776,0.039283710065919304,0.07142857142857142,0.10101525445522107,0.36507936507936506,0.1122391716169123,0.44841269841269843,0.23009030181467027,0.1111111111111111,0.15713484026367722,0.08333333333333333,0.11785113019775792,0.5806349206349206,0.41708076172844616,5.3,7.469196000165541,2.9,1.5,0.1,0.6,1.8,0.1,0.0,0.3,0.9,2.4,,0.5,0.6,,0.2,1.3,0.4,-0.2,0.5559693574399457,0.19488678806701001,0.27456285544520836,0.07042590862173694,0.013888888888888888,0.02777777777777778,0.13330786860198623,0.11187077020617966,0.3322723028605381,0.09153999312460859,0.4260780069603599,0.14153752790904178,0.08496732026143791,0.10699807544931307,0.041666666666666664,0.08333333333333326,0.5051302945420593,0.25690604477632084,,True,True,POR,True,4.4041705,2.068114,0.5349716,7.007256,0.6120055,0.23771845,0.18702188,0.74267954,4.0884833335876465,2.178203821182251,0.4732896089553833,0.6804848909378052,6.73997688293457,0.23771844804286957,0.1870218813419342,0.7426795363426208,7.5,3.0,2.5,1.3,9.0,1.2,1.3,1.5
3058893,Shatori Walker-Kimbrough,IND,2026-05-20,1.0,5.0,1.0,1.0,53.0,0,0,0,0,0,0,0,0,0,0,,0,0,,0,0,0,0.0,0.0,,,,,,,,,,0.0,14.0,12.16552506059644,8.333333333333334,2.0,2.0,0.3333333333333333,0.6666666666666666,1.3333333333333333,1.0,0.3333333333333333,3.3333333333333335,6.0,,1.3333333333333333,2.6666666666666665,,0.0,2.0,0.6666666666666666,3.6666666666666665,0.5840909090909091,0.33105453846461097,0.14090909090909093,0.05785419118799026,0.14545454545454545,0.07713892158398701,0.022727272727272728,0.03214121732666125,0.045454545454545456,0.0642824346533225,0.425,0.10606601717798214,0.19090909090909092,0.012856486930664506,0.022727272727272728,0.03214121732666125,0.5317272727272727,0.132550380255151,9.4,10.807404868885037,5.0,1.4,1.4,0.2,0.4,1.2,0.6,0.2,2.0,3.6,,0.8,1.6,,0.0,1.4,0.4,3.4,0.3893939393939394,0.41051100319791245,0.1606060606060606,0.053267866155293525,0.16363636363636366,0.06298366572977741,0.015151515151515152,0.026243194054073896,0.030303030303030304,0.05248638810814779,0.2833333333333333,0.25658007197234417,0.1272727272727273,0.11059568236905853,0.015151515151515152,0.026243194054073896,0.35448484848484846,0.3209819815922493,6.2,8.05260482356141,2.5,1.2,0.8,0.1,0.3,0.6,0.4,0.2,1.0,2.0,,0.4,0.8,,0.0,1.2,0.3,1.0,0.14602272727272728,0.297931054479288,0.18522727272727274,0.3398707129701364,0.09261363636363637,0.10832898153702943,0.005681818181818182,0.016070608663330627,0.03636363636363636,0.07337375008740539,0.1625,0.19410968916715993,0.04772727272727273,0.08850723194325637,0.036931818181818184,0.08754953059249235,0.22043181818181817,0.26303609113965837,,True,True,POR,True,3.4458163,1.7797202,0.7126383,5.9381747,0.0,0.490817,0.40935808,0.5853959,3.186,2.259,1.0155,0.2345,6.4605,0.4165,0.1945,0.3725,2.6546947093780857,1.4885963186841489,1.0174771496205701,0.4769798213761249,3.2254363658271106,0.6511741318572168,0.43551090686686594,0.5981168364124186
3142055,Myisha Hines-Allen,IND,2026-05-20,1.0,5.0,1.0,1.0,47.0,6,2,5,0,2,2,1,2,2,4,,2,2,,0,2,4,5.0,21.0,0.2857142857142857,0.09523809523809523,0.23809523809523808,0.0,0.09523809523809523,0.19047619047619047,0.09523809523809523,0.09523809523809523,0.3276190476190476,0.0,18.666666666666668,2.081665999466134,4.333333333333333,4.333333333333333,2.6666666666666665,0.0,1.0,0.6666666666666666,0.3333333333333333,1.6666666666666667,1.3333333333333333,3.6666666666666665,,1.6666666666666667,2.0,,1.3333333333333333,3.0,2.6666666666666665,2.0,0.2324929971988795,0.21097848804090238,0.24307500778089008,0.15929030984542725,0.1360099595393713,0.09219300880957913,0.0,0.0,0.05135387488328665,0.04805643037332495,0.19638966697790228,0.023442054226765686,0.11017740429505135,0.11835631654521625,0.08948023653906008,0.031443654321941406,0.334347961406785,0.060217271983862015,22.6,5.683308895353124,7.0,7.2,4.2,0.2,2.2,0.8,0.4,1.4,2.4,7.6,,2.0,2.2,,2.2,5.0,2.8,2.2,0.2913476501711796,0.1897240913022939,0.3065857454092748,0.14403218080484956,0.17271708683473389,0.08241120842893986,0.006666666666666666,0.014907119849998558,0.08710862122626828,0.05982598623264242,0.3059819483348895,0.15740571798747507,0.10018051665110488,0.09138169522904677,0.06776221599751012,0.037154436567595074,0.41782359165888583,0.13514710208086542,26.1,6.244108334173006,9.8,7.6,3.0,0.4,2.6,0.8,0.5,1.9,3.6,9.2,,2.2,2.7,,2.2,5.4,2.6,0.1,0.3688958627154235,0.2069531113117125,0.28862979883616624,0.10170579002438274,0.11418084848105133,0.08693985061035155,0.014462768615692154,0.018885400805461798,0.09528060962578998,0.05060894868688722,0.34167311958122437,0.15339309436927734,0.10618653451178366,0.09672515617013265,0.07384734109842143,0.032540489163631864,0.46224253586483055,0.14008276389657603,,True,True,POR,True,9.1104965,5.7539926,2.448544,17.313032,0.68168026,0.69458276,0.53517073,1.5689263,10.183,6.721,3.1655,1.0295,20.0695,0.9085,0.3435,1.257,4.788790139481996,2.5861475209276055,1.7731637685222423,0.9897624715051586,5.754013360255605,0.9333422469812452,0.5886490890165379,1.0945094791732048
3142191,Kelsey Mitchell,IND,2026-05-20,1.0,5.0,1.0,1.0,59.0,24,0,0,4,8,1,0,3,10,25,,0,2,,0,0,2,-10.0,39.0,0.6153846153846154,0.0,0.0,0.10256410256410256,0.20512820512820512,0.6410256410256411,0.05128205128205128,0.07692307692307693,0.7405128205128205,0.0,24.333333333333332,12.701705922171767,17.333333333333332,0.0,0.3333333333333333,2.0,5.0,0.3333333333333333,0.0,1.6666666666666667,7.0,16.333333333333332,,1.3333333333333333,2.0,,0.0,0.0,1.3333333333333333,-2.6666666666666665,0.7541478129713424,0.26420586774838645,0.0,0.0,0.019607843137254884,0.033961780540566325,0.073403720462544,0.06401526010013874,0.20563097033685265,0.02941498738322782,0.6842634489693314,0.03744504008318838,0.09552538964303671,0.03831585496884394,0.06485671191553545,0.010449778627866531,0.7911513323278029,0.043854237641613246,27.0,11.224972160321824,18.4,1.0,1.4,2.2,4.6,0.2,0.0,2.0,6.8,15.4,,2.6,3.4,,0.2,0.8,1.8,-1.6,0.7111285985966294,0.1959282516193613,0.032775919732441476,0.045020250623314606,0.049668830742999534,0.0479741484638359,0.08038559905567579,0.05406959451665058,0.17510656436487637,0.04669318431113815,0.5826873893370057,0.15313275410161312,0.13156272542461803,0.06061223955787596,0.07168994688176274,0.01243914190126039,0.7122649354056003,0.12102066667225175,30.1,8.438667614683677,20.3,1.1,2.1,2.6,6.0,0.9,0.1,2.2,7.1,16.9,,3.5,4.2,,0.3,0.8,1.9,0.4,0.688345209876778,0.19474372224067296,0.033674633908113,0.03371707160639291,0.0691399260494504,0.05588633102525723,0.08565595198961627,0.04529084982940768,0.1990139734847836,0.0562169484891787,0.5649641860060655,0.1353451616856507,0.14018998844201042,0.04883195903539093,0.07295329805623994,0.02281510022813029,0.69960107897679,0.11953935858352853,,True,True,POR,True,18.861591,1.9706552,2.8404112,23.672657,1.7921952,1.0831989,0.2867703,2.209757,17.7135,3.825,2.4695,2.431,24.008,0.742,0.2655,1.3365,6.375219035452821,1.9779724467241702,1.5375531698123481,1.5215909437164772,6.806242428829582,0.8564087808984677,0.5234594062580211,1.1464151734864643
3142255,Monique Billings,IND,2026-05-20,1.0,5.0,1.0,1.0,41.0,10,9,3,1,2,3,2,0,4,11,,1,2,,6,3,4,-9.0,36.0,0.2777777777777778,0.25,0.08333333333333333,0.027777777777777776,0.05555555555555555,0.3055555555555556,0.05555555555555555,0.0,0.33,0.0,26.333333333333332,8.386497083606084,7.0,6.333333333333333,1.3333333333333333,0.3333333333333333,1.3333333333333333,1.3333333333333333,1.3333333333333333,1.3333333333333333,3.0,8.666666666666666,,0.6666666666666666,1.0,,3.3333333333333335,3.0,4.333333333333333,-6.666666666666667,0.2657527657527657,0.1691520447838271,0.23989898989898992,0.09887258560834288,0.04365079365079364,0.04180814981290769,0.009259259259259259,0.016037507477489603,0.049543049543049535,0.005318264643457418,0.3363395863395863,0.12728218196218188,0.03439153439153439,0.03004713410476332,0.06132756132756132,0.06920767906562748,0.4127994227994228,0.11551373824763535,21.6,11.50217370760849,7.2,4.6,0.8,0.2,0.8,1.0,1.0,0.8,3.2,7.6,,0.6,0.8,,2.4,2.2,3.0,-3.4,0.27945165945165945,0.24425001339478045,0.17593939393939392,0.12553167004248264,0.026190476190476188,0.038020760530169784,0.005555555555555555,0.01242259987499883,0.02972582972582972,0.027395183825198965,0.29780375180375185,0.19921037044127943,0.028634920634920635,0.026712356927040937,0.03679653679653679,0.05935631688658912,0.34719965367965366,0.2137549416166437,20.9,8.143845665422582,6.8,4.0,0.9,0.3,1.2,0.8,1.0,0.8,2.7,6.6,,1.1,1.3,,1.8,2.2,2.3,-2.7,0.30032969446012925,0.18120372986844432,0.16562670180061484,0.10859843071370494,0.03680538302277432,0.04561107675490981,0.012333333333333332,0.020914943037208037,0.05397402597402597,0.06414725538911602,0.2856023589936633,0.15384191668126443,0.06004209799861974,0.06784539827031769,0.03544174665913796,0.05468564047772575,0.34746262877219397,0.1883779256738608,,True,True,POR,True,10.980842,5.6994424,1.9952807,18.675566,0.558923,0.8902353,1.0421791,1.6829277,8.0375,6.494,1.9855,0.9705,16.517,1.117,0.4785,0.9905,4.296171987944617,2.453765269947392,1.3730585384461946,0.9734627625132869,5.1573938185870585,1.0527635062064034,0.6764153679507882,0.9640589971573317
3907781,Sophie Cunningham,IND,2026-05-20,1.0,5.0,1.0,1.0,54.0,7,1,2,1,3,0,0,0,2,5,,2,2,,0,1,3,0.0,20.0,0.35,0.05,0.1,0.05,0.15,0.25,0.1,0.0,0.294,0.0,16.0,3.4641016151377544,7.0,1.3333333333333333,1.0,1.3333333333333333,3.0,0.6666666666666666,0.0,0.0,2.3333333333333335,4.333333333333333,,1.0,1.6666666666666667,,0.0,1.3333333333333333,1.6666666666666667,-2.6666666666666665,0.45,0.4372338840800826,0.0880952380952381,0.048620423468243176,0.05714285714285714,0.05150787536377128,0.0880952380952381,0.11210721301898621,0.19285714285714287,0.2174762478234047,0.27380952380952384,0.28645736703609437,0.10476190476190476,0.10722219284950192,0.0,0.0,0.31990476190476186,0.23962391167748479,9.6,9.09945053286186,4.2,0.8,0.6,0.8,1.8,0.4,0.0,0.0,1.4,2.6,,0.6,1.0,,0.0,0.8,1.0,-1.6,0.45,0.4372338840800826,0.0880952380952381,0.048620423468243176,0.057142857142857155,0.05150787536377128,0.0880952380952381,0.11210721301898621,0.19285714285714284,0.2174762478234047,0.2738095238095238,0.28645736703609437,0.10476190476190476,0.10722219284950192,0.0,0.0,0.3199047619047619,0.23962391167748479,4.8,7.8993670632526,2.1,0.4,0.3,0.4,0.9,0.2,0.0,0.0,0.7,1.3,,0.3,0.5,,0.0,0.4,0.5,-0.8,0.45,0.4372338840800826,0.0880952380952381,0.048620423468243176,0.05714285714285714,0.05150787536377128,0.0880952380952381,0.11210721301898621,0.19285714285714284,0.2174762478234047,0.2738095238095238,0.28645736703609437,0.10476190476190476,0.10722219284950192,0.0,0.0,0.3199047619047619,0.23962391167748479,,True,True,POR,True,6.4961863,2.068807,1.4791157,10.044108,0.73254406,0.5298693,0.2292625,1.0486423,4.617,1.665,1.0625,0.844,7.3445,0.4645,0.1555,0.6475,3.4180858678506016,1.3079659781508082,0.9972932116484099,0.8908782183890233,3.8089131980133124,0.6824512803123751,0.392835525379261,0.8131689553838121
4065760,Tyasha Harris,IND,2026-05-20,1.0,5.0,1.0,1.0,23.0,2,0,1,0,1,0,0,1,1,2,,0,0,,0,0,0,2.0,10.0,0.2,0.0,0.1,0.0,0.1,0.2,0.0,0.1,0.3,0.0,3.3333333333333335,5.773502691896257,0.6666666666666666,0.0,0.3333333333333333,0.0,0.3333333333333333,0.0,0.0,0.3333333333333333,0.3333333333333333,0.6666666666666666,,0.0,0.0,,0.0,0.0,0.0,0.6666666666666666,0.2,,0.0,,0.1,,0.0,,0.1,,0.2,,0.0,,0.1,,0.3,,2.0,4.47213595499958,0.4,0.0,0.2,0.0,0.2,0.0,0.0,0.2,0.2,0.4,,0.0,0.0,,0.0,0.0,0.0,0.4,0.2,,0.0,,0.1,,0.0,,0.1,,0.2,,0.0,,0.1,,0.3,,1.0,3.1622776601683795,0.2,0.0,0.1,0.0,0.1,0.0,0.0,0.1,0.1,0.2,,0.0,0.0,,0.0,0.0,0.0,0.2,0.2,,0.0,,0.1,,0.0,,0.1,,0.2,,0.0,,0.1,,0.3,,,True,True,POR,True,4.5759645,1.5366893,1.0617176,7.1743712,0.40035444,0.3852709,0.22176902,0.8452064,4.260277271270752,1.6467790603637695,1.0000356435775757,0.468833863735199,6.907092094421387,0.385270893573761,0.22176901996135712,0.8452063798904419,7.5,3.0,2.5,1.3,9.0,1.2,1.3,1.5
4398829,Lexie Hull,IND,2026-05-20,1.0,5.0,1.0,1.0,58.0,9,4,1,2,4,3,0,1,3,6,,1,2,,1,3,5,8.0,26.0,0.34615384615384615,0.15384615384615385,0.038461538461538464,0.07692307692307693,0.15384615384615385,0.23076923076923078,0.07692307692307693,0.038461538461538464,0.3030769230769231,0.0,23.0,21.656407827707714,7.0,3.6666666666666665,1.3333333333333333,0.6666666666666666,3.0,1.0,0.3333333333333333,2.0,2.6666666666666665,6.0,,1.0,1.3333333333333333,,0.3333333333333333,3.3333333333333335,2.0,-0.3333333333333333,0.3126118067978534,0.047435606966897206,0.1583184257602862,0.006324747595586295,0.05411449016100179,0.022136616584552023,0.038461538461538464,0.05439282932204212,0.1350626118067978,0.02656393990146244,0.2549194991055455,0.034153637016165965,0.061717352415026835,0.021504141824993397,0.07737030411449014,0.055025304081600744,0.3594454382826475,0.07971711869477066,27.8,16.798809481626964,8.8,5.6,1.8,1.2,4.4,1.6,0.8,1.8,3.2,8.0,,1.2,2.0,,0.6,5.0,3.0,0.8,0.32735853497787404,0.13289280971426443,0.2033368444590905,0.073882178838556,0.06488619244892195,0.04405842627742881,0.04924721659919029,0.04357977232565062,0.1604589374823463,0.033120721876805634,0.2845321179738254,0.03949476769119133,0.07279946568119763,0.024953455939485163,0.05965554679408719,0.038779808131281304,0.3762194296676396,0.05299634855055372,29.4,11.852800887928941,9.1,4.4,1.7,1.5,4.8,1.0,0.5,1.6,3.1,8.8,,1.4,2.0,,0.9,3.5,3.0,1.7,0.3183279907485966,0.12214325599634686,0.15166010292224724,0.08080060106700748,0.05771213142525192,0.03016176891929712,0.055608902968775666,0.052140389123817674,0.16543953234436407,0.08834306598594048,0.30022353973149,0.11033984829939782,0.06842808857359262,0.036165602614617265,0.05412361392673333,0.045260868330375174,0.3844555126306041,0.09971516116718368,,True,True,POR,True,7.5584555,3.9578252,0.9739461,12.490227,1.1402372,0.73700786,0.4885894,1.3572387,12.3185,5.832,1.873,1.639,20.0235,0.741,0.3355,0.95,5.415907841719613,2.3815490757068183,1.3582602843343392,1.2937074630688346,5.907279217203128,0.8665558262454878,0.562974022491269,0.9922197337283712
4432831,Aliyah Boston,IND,2026-05-20,1.0,5.0,1.0,1.0,58.0,9,4,1,1,3,1,0,0,3,8,,2,4,,1,3,2,-12.0,21.0,0.42857142857142855,0.19047619047619047,0.047619047619047616,0.047619047619047616,0.14285714285714285,0.38095238095238093,0.19047619047619047,0.0,0.46476190476190476,0.0,17.666666666666668,16.258331197676263,6.666666666666667,6.666666666666667,1.0,0.3333333333333333,1.0,0.3333333333333333,0.0,1.0,2.6666666666666665,6.666666666666667,,1.0,2.0,,2.6666666666666665,4.0,2.6666666666666665,-3.3333333333333335,0.3861607142857143,0.05997780733278748,0.34523809523809523,0.218866384652979,0.055059523809523794,0.01052242233908553,0.023809523809523808,0.03367175148507369,0.07142857142857142,0.10101525445522107,0.3779761904761906,0.004208968935634196,0.12648809523809523,0.09049283211613554,0.04687499999999999,0.06629126073623882,0.4805059523809524,0.022265445669504995,25.0,15.329709716755891,11.2,8.4,2.4,0.2,1.0,0.8,0.6,1.6,4.0,10.2,,3.0,4.2,,3.0,5.4,3.0,-1.2,0.44849831379920385,0.1781642218557185,0.32819180303700424,0.15200136344330667,0.09061025726079905,0.044868618582476524,0.011904761904761904,0.023809523809523808,0.04887218045112782,0.06739012360776317,0.4045453707798909,0.0318532323622951,0.17199017765000735,0.15365415607220897,0.05788022445820434,0.04115610752463393,0.5381012734040984,0.08997844184664013,27.3,11.005554153345587,10.9,9.5,3.4,0.2,1.2,0.5,0.3,1.5,4.4,10.1,,1.9,2.9,,2.4,7.1,3.0,-1.3,0.4082882664972715,0.17714345102533005,0.3415009443620525,0.10963693130783672,0.12202179401522842,0.045645179092582464,0.01034151034151034,0.020527931804410957,0.049288736008069836,0.04829569828954706,0.3747289975404633,0.0857061028599533,0.10258386980523203,0.1270050721889331,0.05320011123296594,0.037746931214778706,0.47306601148773136,0.1095413193451008,,True,True,POR,True,10.42866,7.4211135,2.6105366,20.46031,0.17826161,0.7176949,0.587554,1.8340665,9.7285,7.899,2.8275,0.7935,20.455,0.696,0.32,1.103,4.596932428261264,2.74623360259101,1.7040374849163382,0.891547951598791,5.6226306120889715,0.8423680905637393,0.555517776493246,1.0307235322820567
4433403,Caitlin Clark,IND,2026-05-20,1.0,5.0,1.0,1.0,50.0,32,4,8,7,17,2,1,4,10,28,,5,5,,1,3,3,14.0,37.0,0.8648648648648649,0.10810810810810811,0.21621621621621623,0.1891891891891892,0.4594594594594595,0.7567567567567568,0.13513513513513514,0.10810810810810811,0.9243243243243244,0.0,23.333333333333332,11.846237095944574,20.0,3.0,5.333333333333333,3.3333333333333335,8.333333333333334,1.0,0.6666666666666666,2.3333333333333335,5.333333333333333,14.666666666666666,,6.0,6.666666666666667,,0.3333333333333333,2.6666666666666665,1.6666666666666667,2.6666666666666665,0.8630431902490726,0.4503704102082034,0.13652623211446743,0.035608955226914644,0.23383677795442495,0.016938975498009236,0.12433757286698464,0.0651853543334752,0.3136923688394277,0.13703234726502128,0.5733306836248012,0.191314311782514,0.3550940646528882,0.3962216557324256,0.09853603603603604,0.09411578466343841,0.8281081081081081,0.16292074820974842,14.0,15.280706789936126,12.0,1.8,3.2,2.0,5.0,0.6,0.4,1.4,3.2,8.8,,3.6,4.0,,0.2,1.6,1.0,1.6,0.8630431902490726,0.4503704102082034,0.13652623211446743,0.035608955226914644,0.23383677795442503,0.016938975498009236,0.12433757286698464,0.0651853543334752,0.3136923688394277,0.13703234726502128,0.5733306836248014,0.191314311782514,0.3550940646528882,0.3962216557324256,0.09853603603603604,0.09411578466343841,0.8281081081081081,0.16292074820974842,7.0,12.578641509408806,6.0,0.9,1.6,1.0,2.5,0.3,0.2,0.7,1.6,4.4,,1.8,2.0,,0.1,0.8,0.5,0.8,0.8630431902490726,0.4503704102082034,0.13652623211446743,0.035608955226914644,0.23383677795442503,0.016938975498009236,0.12433757286698464,0.0651853543334752,0.3136923688394277,0.13703234726502128,0.5733306836248012,0.191314311782514,0.3550940646528882,0.3962216557324256,0.09853603603603604,0.09411578466343841,0.8281081081081081,0.16292074820974842,,True,True,POR,True,13.526995,3.5349145,3.846275,20.908184,1.5277026,1.3484972,0.44690558,2.2389612,14.4345,3.4835,2.575,2.204,20.493,0.774,0.222,1.1905,6.038601638624624,1.8318645555826447,1.5557554435064658,1.5017935943397813,6.496533768095106,0.9021773661536848,0.47509577981708073,1.0987309725314929
4433546,Makayla Timpson,IND,2026-05-20,1.0,5.0,1.0,1.0,59.0,0,1,0,0,0,0,0,0,0,1,,0,0,,1,0,1,-1.0,4.0,0.0,0.25,0.0,0.0,0.0,0.25,0.0,0.0,0.25,0.0,17.333333333333332,11.59022576714247,7.333333333333333,1.6666666666666667,0.3333333333333333,0.0,0.0,1.3333333333333333,0.6666666666666666,0.6666666666666666,2.0,2.6666666666666665,,3.3333333333333335,4.333333333333333,,0.6666666666666666,1.0,2.3333333333333335,3.0,0.3060869565217392,0.26576849371121364,0.1389855072463769,0.09620426965413198,0.013333333333333334,0.023094010767585032,0.0,0.0,0.0,0.0,0.18130434782608695,0.06531442057441562,0.18144927536231883,0.16039962695611937,0.02666666666666667,0.04618802153517006,0.28780869565217393,0.03276220331378,13.0,10.606601717798211,4.4,1.4,0.2,0.0,0.0,1.0,0.4,0.6,1.2,1.6,,2.0,2.6,,0.8,0.6,1.8,2.0,0.18365217391304348,0.25183965853412754,0.11975494071146246,0.0972279008163393,0.008,0.01788854381999832,0.0,0.0,0.0,0.0,0.10878260869565222,0.10951879623917835,0.1088695652173913,0.15080176399062548,0.03418181818181818,0.04696402702825583,0.1908670355731225,0.13852941590012852,10.2,8.599741598185117,4.0,2.0,0.1,0.0,0.0,0.6,0.4,0.5,1.2,1.7,,1.6,2.1,,1.0,1.0,1.0,0.2,0.3212378516624041,0.3294610205003062,0.2667402154537704,0.3635458545768054,0.004,0.012649110640673518,0.0,0.0,0.0,0.0,0.18037169650468882,0.2325126609014605,0.15541517476555838,0.1828605459520656,0.028855614973262035,0.04735073401389641,0.27760998837479656,0.22797384418835015,,True,True,POR,True,3.6436546,2.347517,0.09788634,6.0890584,0.0,0.4353542,0.46091068,0.48687774,3.6795,2.423,0.345,0.201,6.4475,0.3555,0.234,0.3875,2.8570578835578395,1.4946809024002412,0.5924314306314277,0.46324831354253193,3.291389334308538,0.603423358845181,0.4881024482626573,0.6142831187652807
4433797,Raven Johnson,IND,2026-05-20,1.0,5.0,1.0,1.0,4.0,0,2,0,0,0,0,0,0,0,0,,0,0,,1,1,0,-10.0,4.0,0.0,0.5,0.0,0.0,0.0,0.0,0.0,0.0,0.0,0.0,14.333333333333334,9.073771725877465,3.0,2.0,4.333333333333333,0.0,0.3333333333333333,2.0,0.6666666666666666,1.0,1.3333333333333333,2.0,,0.3333333333333333,1.0,,0.3333333333333333,1.6666666666666667,2.0,0.6666666666666666,0.15873015873015872,0.16723259925163075,0.2380952380952381,0.23449661432847868,0.22751322751322753,0.22241110642310793,0.0,0.0,0.015873015873015872,0.02749286996141075,0.10317460317460318,0.09014140231429006,0.047619047619047616,0.08247860988423225,0.047619047619047616,0.08247860988423225,0.17174603174603176,0.17434121763452481,14.333333333333334,9.073771725877465,3.0,2.0,4.333333333333333,0.0,0.3333333333333333,2.0,0.6666666666666666,1.0,1.3333333333333333,2.0,,0.3333333333333333,1.0,,0.3333333333333333,1.6666666666666667,2.0,0.6666666666666666,0.15873015873015872,0.16723259925163075,0.2380952380952381,0.23449661432847868,0.22751322751322753,0.22241110642310793,0.0,0.0,0.015873015873015872,0.02749286996141075,0.10317460317460318,0.09014140231429006,0.047619047619047616,0.08247860988423225,0.047619047619047616,0.08247860988423225,0.17174603174603176,0.17434121763452481,14.333333333333334,9.073771725877465,3.0,2.0,4.333333333333333,0.0,0.3333333333333333,2.0,0.6666666666666666,1.0,1.3333333333333333,2.0,,0.3333333333333333,1.0,,0.3333333333333333,1.6666666666666667,2.0,0.6666666666666666,0.15873015873015872,0.16723259925163075,0.2380952380952381,0.23449661432847868,0.22751322751322753,0.22241110642310793,0.0,0.0,0.015873015873015872,0.02749286996141075,0.10317460317460318,0.09014140231429006,0.047619047619047616,0.08247860988423225,0.047619047619047616,0.08247860988423225,0.17174603174603176,0.17434121763452481,,True,True,POR,True,2.6490085,2.0263157,3.1286476,7.8039722,0.0,1.0029365,0.52051103,1.1830142,2.7315,2.436,2.556,0.381,7.7235,1.0585,0.2915,0.8005,2.541733217707948,1.5871055415441027,1.571580096590689,0.611423748312085,3.436720493435566,1.0020368007214107,0.5417820133596167,0.9223338603781172
4682855,Justine Pissott,IND,2026-05-20,1.0,25.0,0.0,0.0,2.0,8,1,1,2,3,0,0,0,2,4,,2,2,,0,1,3,16.0,10.0,0.8,0.1,0.1,0.2,0.3,0.4,0.2,0.0,0.488,0.0,10.0,,8.0,1.0,1.0,2.0,3.0,0.0,0.0,0.0,2.0,4.0,,2.0,2.0,,0.0,1.0,3.0,16.0,0.8,,0.1,,0.1,,0.2,,0.3,,0.4,,0.2,,0.0,,0.488,,10.0,,8.0,1.0,1.0,2.0,3.0,0.0,0.0,0.0,2.0,4.0,,2.0,2.0,,0.0,1.0,3.0,16.0,0.8,,0.1,,0.1,,0.2,,0.3,,0.4,,0.2,,0.0,,0.488,,10.0,,8.0,1.0,1.0,2.0,3.0,0.0,0.0,0.0,2.0,4.0,,2.0,2.0,,0.0,1.0,3.0,16.0,0.8,,0.1,,0.1,,0.2,,0.3,,0.4,,0.2,,0.0,,0.488,,,True,True,POR,True,6.8341966,1.4245478,0.7148515,8.973596,1.2216152,0.3445465,0.105591595,1.082017,7.9765,2.0215,0.894,1.167,10.892,0.345,0.088,0.638,4.453195229270776,1.4439659795161381,0.9212838867580394,1.076155657885977,4.824348246136466,0.5966364051916376,0.29369371801249,0.7771460609177661
4898383,Bree Hall,IND,2026-05-20,1.0,232.0,0.0,0.0,20.0,0,0,0,0,0,0,0,0,0,0,,0,0,,0,0,0,0.0,0.0,,,,,,,,,,0.0,0.0,0.0,0.0,0.0,0.0,0.0,0.0,0.0,0.0,0.0,0.0,0.0,,0.0,0.0,,0.0,0.0,0.0,0.0,,,,,,,,,,,,,,,,,,,1.0,1.7320508075688772,0.4,0.6,0.0,0.0,0.2,0.0,0.0,0.0,0.2,0.4,,0.0,0.0,,0.2,0.4,0.2,0.4,1.0,1.4142135623730951,1.125,1.2374368670764584,0.0,0.0,0.0,0.0,0.5,0.7071067811865476,1.0,1.414213562373095,0.0,0.0,0.0,0.0,1.0,1.414213562373095,1.4,1.8378731669453625,0.6,0.4,0.0,0.0,0.1,0.0,0.0,0.0,0.2,0.5,,0.2,0.4,,0.1,0.3,0.2,0.6,0.8,1.0954451150103321,0.48999999999999994,0.8517628778010932,0.0,0.0,0.0,0.0,0.2,0.4472135954999579,0.58,0.8258329128825032,0.4,0.8944271909999159,0.0,0.0,0.756,0.895365847014504,,True,True,POR,True,0.0,0.0,0.0,0.0,0.0,0.0,0.0,0.0,-3.919156312942505,-1.9083151817321777,-1.447160243988037,-0.2972777187824249,-7.274632453918457,-0.22776171565055847,-0.2029188871383667,-0.38294804096221924,7.5,3.0,2.5,1.3,9.0,1.2,1.3,1.5
3056730,Karlie Samuelson,POR,2026-05-20,0.0,17.0,0.0,0.0,35.0,0,0,0,0,0,0,0,0,0,0,,0,0,,0,0,0,0.0,0.0,,,,,,,,,,0.0,0.0,0.0,0.0,0.0,0.0,0.0,0.0,0.0,0.0,0.0,0.0,0.0,,0.0,0.0,,0.0,0.0,0.0,0.0,,,,,,,,,,,,,,,,,,,0.0,0.0,0.0,0.0,0.0,0.0,0.0,0.0,0.0,0.0,0.0,0.0,,0.0,0.0,,0.0,0.0,0.0,0.0,,,,,,,,,,,,,,,,,,,0.0,0.0,0.0,0.0,0.0,0.0,0.0,0.0,0.0,0.0,0.0,0.0,,0.0,0.0,,0.0,0.0,0.0,0.0,,,,,,,,,,,,,,,,,,,,True,True,IND,False,3.0657148,1.0727302,0.62004614,4.758491,0.15745004,0.2918355,0.15339425,0.5507579,2.750027894973755,1.1828199625015259,0.5583641529083252,0.22592946887016296,4.491212368011475,0.2918354868888855,0.15339425206184387,0.550757884979248,7.5,3.0,2.5,1.3,9.0,1.2,1.3,1.5
3906972,Bridget Carleton,POR,2026-05-20,0.0,17.0,0.0,0.0,56.0,9,1,1,1,5,1,0,1,3,8,,2,4,,1,0,1,-10.0,25.0,0.36,0.04,0.04,0.04,0.2,0.32,0.16,0.04,0.4304,0.0,18.0,15.716233645501717,4.0,1.3333333333333333,0.6666666666666666,0.6666666666666666,2.0,1.0,0.3333333333333333,0.6666666666666666,1.3333333333333333,3.3333333333333335,,0.6666666666666666,1.3333333333333333,,0.3333333333333333,1.0,1.6666666666666667,-6.0,0.2317241379310344,0.1814094638630315,0.07172413793103448,0.044864706116663704,0.037241379310344824,0.0039012787927533692,0.037241379310344824,0.0039012787927533692,0.11724137931034481,0.11703836378260098,0.19448275862068962,0.17750818507027816,0.08,0.1131370849898476,0.037241379310344824,0.0039012787927533692,0.2669241379310344,0.23118978125856446,24.4,14.99333185119305,4.0,2.6,0.6,0.6,2.8,1.0,0.4,1.0,1.2,4.8,,1.0,1.4,,0.8,1.8,1.2,-5.6,0.18361274647229234,0.13809324766295444,0.10338691088060306,0.04606555529292624,0.02471825063078217,0.017701007341660486,0.027879948914431674,0.018722860791826234,0.11688627231099899,0.06771813389805827,0.20473912095442795,0.10931375541175953,0.061454381210478776,0.06890746022290409,0.043236769149300684,0.021550253391897308,0.27501581783633927,0.14440799164749352,24.9,10.365005225919244,4.6,3.1,1.5,0.9,3.0,0.6,0.3,1.0,1.5,4.7,,0.7,0.9,,0.8,2.3,2.0,-0.8,0.2005842854567273,0.15836176036501212,0.12254956235518799,0.06412482180554631,0.06340366296632066,0.04579785623860075,0.04012822993665906,0.055931154340408164,0.1222561336326405,0.08051555341628994,0.190924507556598,0.09691659926363098,0.037895068897778925,0.056454900879638545,0.039471769685768376,0.029824657060035144,0.24707010755738912,0.11105017162697804,,True,True,IND,False,5.4856625,2.5368698,1.4047416,9.427274,0.8747852,0.75904226,0.28186566,1.0787784,10.0165,5.0965,2.0025,1.1325,17.1155,0.5575,0.277,1.1985,4.926279300851709,2.2483744683659794,1.4316053052430338,1.079788752488189,5.6978206140593795,0.7353188084089785,0.535042988927058,1.0858626754797311
3934218,Megan Gustafson,POR,2026-05-20,0.0,17.0,0.0,0.0,53.0,0,0,0,0,0,0,0,0,0,0,,0,0,,0,0,0,0.0,0.0,,,,,,,,,,0.0,10.666666666666666,11.590225767142472,2.6666666666666665,1.0,0.0,0.3333333333333333,1.3333333333333333,0.3333333333333333,0.0,0.3333333333333333,1.0,2.3333333333333335,,0.3333333333333333,0.6666666666666666,,0.0,1.0,1.0,1.6666666666666667,0.17391304347826086,0.24595018476053823,0.09903381642512077,0.017079873941703558,0.0,0.0,0.021739130434782608,0.03074377309506728,0.08695652173913043,0.12297509238026912,0.15217391304347827,0.21520641166547105,0.043478260869565216,0.06148754619013456,0.021739130434782608,0.030743773095067206,0.19304347826086954,0.2730047050841974,11.2,8.25832912882503,2.0,1.0,0.0,0.2,1.2,0.4,0.0,0.6,0.8,2.2,,0.2,0.4,,0.2,0.8,1.4,-0.6,0.12541806020066887,0.1650584406836422,0.09497145366710584,0.07502590414519104,0.0,0.0,0.010869565217391304,0.021739130434782608,0.0819397993311037,0.09496993013131352,0.15650653694131955,0.13683239809116618,0.021739130434782608,0.043478260869565216,0.05632411067193675,0.08613669105163232,0.22239586500456063,0.16212963750323522,11.3,6.48159788255266,2.6,1.0,0.3,0.3,1.1,0.3,0.1,0.4,1.1,2.2,,0.1,0.2,,0.3,0.7,1.4,0.6,0.2459610169755097,0.2510611104209427,0.11527350802713121,0.1565575131155539,0.02244668911335578,0.04482669008651295,0.02952227589908749,0.05580151625488053,0.10026248576973215,0.10023883124014835,0.20999456796558247,0.16931052157793072,0.009661835748792265,0.028985507246376836,0.03244034548382375,0.06115683804404791,0.24668612117887478,0.16706846310899381,,True,True,IND,False,2.5389247,1.2205153,0.12241168,3.8818517,0.21798493,0.3483196,0.11976662,0.34938702,3.861,2.088,0.3245,0.3995,6.2735,0.231,0.1045,0.404,2.9645706265832157,1.458511570060382,0.5460766887535119,0.6228159840594973,3.3668527960099475,0.48645554781500855,0.31871578247711546,0.6251271870587618
4068159,Sug Sutton,POR,2026-05-20,0.0,17.0,0.0,0.0,49.0,0,0,0,0,0,0,0,0,0,0,,0,0,,0,0,0,0.0,0.0,,,,,,,,,,0.0,9.0,15.5884572681199,1.6666666666666667,1.0,1.0,0.3333333333333333,1.0,0.0,0.0,1.0,0.6666666666666666,2.3333333333333335,,0.0,0.0,,0.0,1.0,0.3333333333333333,-3.0,0.18518518518518517,,0.1111111111111111,,0.1111111111111111,,0.037037037037037035,,0.1111111111111111,,0.25925925925925924,,0.0,,0.1111111111111111,,0.37037037037037035,,16.2,14.855975228843107,3.6,1.8,2.6,0.4,1.4,0.4,0.0,1.0,1.4,5.0,,0.4,0.6,,0.0,1.8,0.8,-4.0,0.2185100042571307,0.08052204338015118,0.11151979565772668,0.008283426843916615,0.15565772669220945,0.10525582280644084,0.023839931885908893,0.020685450171573222,0.08485312899106001,0.03903244991324517,0.30802894848871853,0.04402231479453042,0.034482758620689655,0.05972588991616818,0.061864623243933596,0.04273783351491323,0.38506598552575566,0.03482276284199012,21.5,11.928024890055255,5.1,1.8,3.6,0.7,2.0,0.2,0.0,1.7,2.0,6.2,,0.4,0.5,,0.1,1.7,1.2,-8.2,0.23579045794563033,0.1940213848908502,0.08355272760445173,0.03764426373566803,0.1613015416894727,0.07207311971590744,0.031082831600072976,0.04225258997099066,0.09660166940339354,0.05684085706585074,0.28958492975734357,0.07946508908056756,0.022931034482758617,0.042920003726599126,0.08243203794927932,0.057865327036151985,0.38210662287903663,0.08079638680833182,,True,True,IND,False,3.3491805,0.725353,1.9333007,6.0078344,0.27167165,0.21370952,0.0,0.99355686,5.561,2.2525,2.165,0.5665,9.9785,0.2015,0.0415,0.9465,3.5077455723013893,1.507893812574347,1.4624551275167383,0.7426828057791564,4.135702812098568,0.4537595729017736,0.25,0.9683169677331902
4068346,Kamiah Smalls,POR,2026-05-20,0.0,17.0,0.0,0.0,7.0,0,0,0,0,0,0,0,0,0,0,,0,0,,0,0,0,0.0,0.0,,,,,,,,,,0.0,0.0,0.0,0.0,0.0,0.0,0.0,0.0,0.0,0.0,0.0,0.0,0.0,,0.0,0.0,,0.0,0.0,0.0,0.0,,,,,,,,,,,,,,,,,,,0.4,0.5477225575051661,0.0,0.0,0.0,0.0,0.0,0.0,0.0,0.0,0.0,0.0,,0.0,0.0,,0.0,0.0,0.0,0.0,0.0,0.0,0.0,0.0,0.0,0.0,0.0,0.0,0.0,0.0,0.0,0.0,0.0,0.0,0.0,0.0,0.0,0.0,0.5,0.5477225575051661,0.0,0.0,0.0,0.0,0.0,0.0,0.0,0.0,0.0,0.0,,0.0,0.0,,0.0,0.0,0.0,0.3333333333333333,0.0,0.0,0.0,0.0,0.0,0.0,0.0,0.0,0.0,0.0,0.0,0.0,0.0,0.0,0.0,0.0,0.0,0.0,,True,True,IND,False,3.0675929,1.0729233,0.6952581,4.8357744,0.17022708,0.34052706,0.15144278,0.6103389,2.751905918121338,1.1830130815505981,0.6335760951042175,0.23870651423931122,4.568495273590088,0.3405270576477051,0.1514427810907364,0.6103389263153076,7.5,3.0,2.5,1.3,9.0,1.2,1.3,1.5
4398729,Emily Engstler,POR,2026-05-20,0.0,17.0,0.0,0.0,48.0,0,0,0,0,0,0,0,0,0,0,,0,0,,0,0,0,0.0,0.0,,,,,,,,,,0.0,7.333333333333333,8.736894948054104,1.6666666666666667,3.3333333333333335,1.6666666666666667,0.3333333333333333,1.0,0.6666666666666666,1.3333333333333333,0.6666666666666666,0.6666666666666666,1.6666666666666667,,0.0,0.0,,0.3333333333333333,3.0,1.6666666666666667,-4.333333333333333,0.14705882352941174,0.20797258270192576,0.5058823529411764,0.13310245292923265,0.3588235294117647,0.3410750356311581,0.029411764705882353,0.04159451654038515,0.08823529411764706,0.12478354962115543,0.14705882352941174,0.20797258270192576,0.0,0.0,0.058823529411764705,0.0831890330807703,0.2058823529411765,0.2911616157826963,9.2,6.833739825307955,2.6,4.2,1.8,0.2,0.8,0.4,1.0,0.6,1.0,2.2,,0.4,0.4,,1.0,3.2,1.2,-2.8,0.24495798319327738,0.17138668681490546,0.4779411764705882,0.09280642999638301,0.2722689075630252,0.23973696639157177,0.014705882352941176,0.029411764705882353,0.06197478991596639,0.08342743551119666,0.2021008403361345,0.14029083956798558,0.03571428571428571,0.0714285714285715,0.04726890756302521,0.05775082330537593,0.2650840336134454,0.18255048098138976,12.2,6.069962474714686,3.2,3.2,1.7,0.1,1.4,0.5,0.5,0.7,1.3,3.6,,0.5,0.6,,0.7,2.5,1.4,-6.5,0.23695663450565416,0.18441420734147282,0.29004175744371824,0.19037269777772764,0.17532939101566553,0.1897635970808939,0.006535947712418299,0.019607843137254926,0.09451965971573814,0.08030151887071488,0.25741518829754123,0.17006495199875885,0.04303350970017637,0.06506215628285097,0.046471366324307505,0.04853468996392396,0.32282129888992633,0.20090463510139456,,True,True,IND,False,2.5719092,2.0316563,0.8814748,5.48504,0.01671055,0.40086004,0.4187969,0.69773334,3.416,3.576,1.45,0.233,8.442,0.2735,0.246,0.656,2.6946138869975416,1.8974256243658143,1.18046600967584,0.4792817542949033,3.5214536771055216,0.5173951584620792,0.5034719455937937,0.8201609598121579
4595910,Haley Jones,POR,2026-05-20,0.0,17.0,0.0,0.0,38.0,8,3,2,0,1,2,0,4,4,8,,0,0,,0,3,5,-20.0,21.0,0.38095238095238093,0.14285714285714285,0.09523809523809523,0.0,0.047619047619047616,0.38095238095238093,0.0,0.19047619047619047,0.5714285714285714,0.0,23.666666666666668,3.7859388972001904,6.666666666666667,4.0,1.6666666666666667,0.0,1.3333333333333333,2.0,0.6666666666666666,3.6666666666666665,3.0,7.666666666666667,,0.6666666666666666,1.3333333333333333,,0.3333333333333333,3.6666666666666665,3.0,-9.333333333333334,0.28932178932178937,0.08456345505121404,0.16125541125541126,0.08112552957536866,0.07720057720057721,0.06994836933977701,0.0,0.0,0.054834054834054825,0.014411965624414276,0.3282828282828283,0.0484158703313351,0.05411255411255411,0.04786438179111684,0.15656565656565655,0.0295463134624001,0.5086580086580087,0.057039063547168124,27.2,5.630275304103704,8.8,4.6,3.4,0.2,1.8,2.2,1.2,4.0,3.8,8.4,,1.0,1.6,,0.4,4.2,3.0,-7.8,0.3181851039536049,0.13870133566084578,0.16487468887848394,0.05987818182977113,0.11975488142471066,0.078040517349044,0.0058823529411764705,0.013153341044116423,0.06345071753041392,0.017702827970862242,0.3138577425104939,0.03954749521451207,0.056566204194287685,0.039350591469027044,0.1502961301822782,0.0435493836434313,0.4890430025382587,0.05556169724347295,22.1,9.723396754449784,7.6,4.6,2.6,0.4,1.8,1.5,0.8,2.8,3.3,7.2,,0.6,1.2,,0.6,4.0,2.2,-8.6,0.34846262388956883,0.22786717622083544,0.20985101763090377,0.09509286430987254,0.10921126569450415,0.06622556744784656,0.023021060275962235,0.04013329729451427,0.08644087481848392,0.0455403261591575,0.33507969822011563,0.06872106193927974,0.05611702702151785,0.07351290960978993,0.1275454691488847,0.06599928930903087,0.48731665925846823,0.0712359852860045,,True,True,IND,False,8.69648,4.3678427,2.527388,15.591711,0.31873125,0.83324265,0.7174524,1.6653451,10.738,7.569,2.625,0.627,20.932,1.155,0.4235,2.6525,4.8527678699892505,2.670250737290414,1.6060432746349023,0.789221768579656,5.836555148373054,1.03777406018844,0.6512662665914765,1.658536629079985
4682797,Luisa Geiselsoder,POR,2026-05-20,0.0,17.0,0.0,0.0,39.0,7,6,0,0,2,0,1,4,2,6,,3,3,,0,6,5,-13.0,21.0,0.3333333333333333,0.2857142857142857,0.0,0.0,0.09523809523809523,0.2857142857142857,0.14285714285714285,0.19047619047619047,0.5390476190476191,0.0,14.0,12.12435565298214,7.333333333333333,2.0,0.3333333333333333,0.6666666666666666,2.0,0.3333333333333333,0.3333333333333333,2.0,1.6666666666666667,3.6666666666666665,,3.3333333333333335,3.6666666666666665,,0.0,2.0,3.0,-5.0,0.5238095238095238,0.26937401188058957,0.14285714285714282,0.20203050891044214,0.023809523809523808,0.03367175148507369,0.047619047619047616,0.06734350297014738,0.14285714285714285,0.06734350297014738,0.2619047619047619,0.03367175148507371,0.26190476190476186,0.16835875742536843,0.14285714285714282,0.06734350297014738,0.52,0.026937401188059013,11.2,10.616025621672172,5.2,1.8,0.4,0.4,1.6,0.4,0.2,1.6,1.4,3.4,,2.0,2.2,,0.2,1.6,2.2,-5.0,0.4444444444444444,0.23489918391982134,0.16666666666666666,0.14869042853329542,0.03968253968253968,0.03636964837266554,0.031746031746031744,0.05498573992282145,0.14285714285714282,0.04761904761904778,0.31746031746031744,0.09912695235553017,0.17460317460317457,0.19245008972987523,0.14285714285714288,0.04761904761904748,0.537142857142857,0.03527668414752609,17.5,10.88577052853862,5.7,3.2,1.3,1.1,3.2,0.8,0.2,1.7,1.8,4.9,,1.0,1.1,,0.3,2.9,2.6,-4.7,0.3374984576210347,0.1955455147630635,0.18447062749584958,0.09307399055656367,0.0779581760240328,0.07667856410416475,0.06160231541129037,0.05756288364007414,0.18549250363761063,0.0587256826939934,0.2894769893083091,0.06996231491677038,0.06547619047619047,0.13692324631204317,0.10674120430017926,0.06188592656274369,0.4250277174180122,0.1104760657285373,,True,True,IND,False,6.9920216,3.4010518,1.6510417,12.044115,0.81785977,0.5787321,0.3666271,1.5120339,8.4205,4.089,1.194,0.893,13.7035,0.3235,0.248,1.5365,4.485719535369995,2.0000197499024854,1.089662333018812,0.9217109091249817,4.997558178750898,0.5664342415497142,0.5064543414761098,1.2400273182474653
4703794,Sarah Ashlee Barker,POR,2026-05-20,0.0,17.0,0.0,0.0,48.0,0,0,0,0,0,0,0,0,0,0,,0,0,,0,0,0,0.0,0.0,,,,,,,,,,0.0,23.666666666666668,20.647840887931437,9.666666666666666,2.6666666666666665,1.6666666666666667,0.3333333333333333,2.6666666666666665,0.6666666666666666,0.0,1.0,3.6666666666666665,7.333333333333333,,2.0,2.6666666666666665,,0.6666666666666666,2.0,1.3333333333333333,-9.0,0.4094896331738438,0.02086359721204436,0.11722488038277518,0.09134872292840576,0.07177033492822968,0.027066288275083145,0.013157894736842118,0.01860807318911967,0.11124401913875598,0.0287579312922759,0.3094098883572568,0.009022096091689366,0.12121212121212122,0.17141982574219333,0.04346092503987242,0.02424688324642871,0.40620414673046246,0.09064951048129952,18.8,16.361540269791227,5.8,2.6,1.8,0.2,2.2,0.4,0.0,1.2,2.2,5.2,,1.2,2.0,,0.6,2.0,1.2,-1.8,0.2047448165869219,0.23672561427770858,0.15682672590567326,0.08237639179258409,0.11847445317840055,0.059031559226209555,0.006578947368421052,0.013157894736842105,0.10249700956937799,0.07897506846644371,0.2172049441786284,0.1475786853871788,0.09185606060606061,0.11639640577885949,0.10878403394850764,0.1191199035294452,0.36640564479380267,0.07723873878376641,13.0,12.666666666666673,3.9,1.9,1.1,0.2,1.4,0.2,0.0,0.6,1.4,3.4,,0.9,1.4,,0.5,1.4,0.9,-2.9,0.22712083238399028,0.17669854169243235,0.1383235023585901,0.11806821285864595,0.08704684691526797,0.07631392255004127,0.015269655620532813,0.03697928194111184,0.08034659460098056,0.08680490602784954,0.2437216779322042,0.20262947085077399,0.09806397306397306,0.12845942469702432,0.04834845953267006,0.09278089550548184,0.33521828561302247,0.1618609563917114,,True,True,IND,False,3.1085875,1.9675226,0.68724686,5.7633567,0.20845978,0.32870218,0.17566457,0.7238618,5.5105,3.754,1.3795,0.455,10.644,0.2905,0.157,0.777,3.5294319302119996,1.9148065176408817,1.1434508078618861,0.6572480505866867,4.1765133784054855,0.5459942765267782,0.3979334115150423,0.8810624268461344
5105406,Frieda Bühner,POR,2026-05-20,0.0,17.0,0.0,0.0,3.0,5,1,0,0,3,0,0,1,1,6,,3,4,,0,1,2,0.0,21.0,0.23809523809523808,0.047619047619047616,0.0,0.0,0.14285714285714285,0.2857142857142857,0.19047619047619047,0.047619047619047616,0.41714285714285715,0.0,10.5,14.849242404917497,2.5,0.5,0.0,0.0,1.5,0.0,0.0,0.5,0.5,3.0,,1.5,2.0,,0.0,0.5,1.0,0.0,0.23809523809523808,,0.047619047619047616,,0.0,,0.0,,0.14285714285714285,,0.2857142857142857,,0.19047619047619047,,0.047619047619047616,,0.41714285714285715,,10.5,14.849242404917497,2.5,0.5,0.0,0.0,1.5,0.0,0.0,0.5,0.5,3.0,,1.5,2.0,,0.0,0.5,1.0,0.0,0.23809523809523808,,0.047619047619047616,,0.0,,0.0,,0.14285714285714285,,0.2857142857142857,,0.19047619047619047,,0.047619047619047616,,0.41714285714285715,,10.5,14.849242404917497,2.5,0.5,0.0,0.0,1.5,0.0,0.0,0.5,0.5,3.0,,1.5,2.0,,0.0,0.5,1.0,0.0,0.23809523809523808,,0.047619047619047616,,0.0,,0.0,,0.14285714285714285,,0.2857142857142857,,0.19047619047619047,,0.047619047619047616,,0.41714285714285715,,,True,True,IND,False,6.8849325,1.8802243,1.0221324,9.787289,0.76110196,0.51386464,0.24972728,1.2300227,7.029,2.762,0.938,0.678,10.729,0.3405,0.1885,1.0605,4.061792584561649,1.6749196995677136,0.9783434979596891,0.8223843383722723,4.475662967650715,0.5895419832378352,0.4289146185431315,1.0241287760823832
5108550,Serah Williams,POR,2026-05-20,0.0,17.0,0.0,0.0,3.0,12,8,1,0,0,2,1,3,3,6,,6,8,,3,5,4,3.0,19.0,0.631578947368421,0.42105263157894735,0.05263157894736842,0.0,0.0,0.3157894736842105,0.42105263157894735,0.15789473684210525,0.6589473684210526,0.0,14.5,6.363961030678928,10.5,5.5,0.5,0.0,0.0,1.5,1.0,1.5,3.0,4.5,,4.5,6.0,,2.0,3.5,3.0,1.5,0.7657894736842106,0.18980234652902073,0.3605263157894737,0.08559713666995046,0.02631578947368421,0.03721614637823934,0.0,0.0,0.0,0.0,0.3078947368421052,0.011164843913471818,0.4105263157894737,0.014886458551295705,0.07894736842105263,0.11164843913471803,0.5674736842105264,0.12936332481075993,14.5,6.363961030678928,10.5,5.5,0.5,0.0,0.0,1.5,1.0,1.5,3.0,4.5,,4.5,6.0,,2.0,3.5,3.0,1.5,0.7657894736842106,0.18980234652902073,0.3605263157894737,0.08559713666995046,0.02631578947368421,0.03721614637823934,0.0,0.0,0.0,0.0,0.3078947368421052,0.011164843913471818,0.4105263157894737,0.014886458551295705,0.07894736842105263,0.11164843913471803,0.5674736842105264,0.12936332481075993,14.5,6.363961030678928,10.5,5.5,0.5,0.0,0.0,1.5,1.0,1.5,3.0,4.5,,4.5,6.0,,2.0,3.5,3.0,1.5,0.7657894736842106,0.18980234652902073,0.3605263157894737,0.08559713666995046,0.02631578947368421,0.03721614637823934,0.0,0.0,0.0,0.0,0.3078947368421052,0.011164843913471818,0.4105263157894737,0.014886458551295705,0.07894736842105263,0.11164843913471803,0.5674736842105264,0.12936332481075993,,True,True,IND,False,9.888336,5.9579873,0.88337725,16.7297,0.0,0.92362285,0.96189916,1.5468831,9.5815,7.94,1.147,0.372,18.6685,0.83,0.5775,1.497,4.3514776513271896,2.8473496448451847,1.0580127598474414,0.6177507588016384,5.376672553726887,0.9105492847726586,0.7449790265504124,1.219832365532248
5208982,Carla Leite,POR,2026-05-20,0.0,17.0,0.0,0.0,47.0,11,1,3,1,1,1,0,4,4,6,,2,2,,0,1,4,-8.0,22.0,0.5,0.045454545454545456,0.13636363636363635,0.045454545454545456,0.045454545454545456,0.2727272727272727,0.09090909090909091,0.18181818181818182,0.4945454545454545,0.0,17.333333333333332,8.08290376865476,7.666666666666667,1.6666666666666667,3.0,0.6666666666666666,1.3333333333333333,0.3333333333333333,0.0,2.6666666666666665,2.3333333333333335,5.0,,2.3333333333333335,4.333333333333333,,0.3333333333333333,1.3333333333333333,2.6666666666666665,-9.333333333333334,0.34848484848484845,0.30265127811269965,0.12878787878787878,0.1074049005966502,0.16287878787878787,0.05605548707177552,0.030303030303030304,0.0262431940540739,0.08712121212121214,0.03990777936686645,0.3068181818181818,0.059047186621666255,0.196969696969697,0.2663393307764689,0.14772727272727273,0.030065355807552267,0.5412121212121211,0.07615411371562693,14.4,7.1274118724821856,5.6,1.2,2.2,0.4,1.0,0.2,0.0,2.2,1.4,3.8,,2.4,3.8,,0.2,1.0,2.0,-6.6,0.3257575757575758,0.26166539453288695,0.09393939393939395,0.09440865199802653,0.13106060606060604,0.08331611392343087,0.01818181818181818,0.02489647988659846,0.06893939393939394,0.04779336453208324,0.2590909090909091,0.08926062221207043,0.2515151515151515,0.23438370430729982,0.15530303030303033,0.06349641899333411,0.525060606060606,0.08844511872698219,14.6,6.719788356455541,5.6,1.0,2.2,0.2,0.9,0.4,0.0,2.2,1.8,4.3,,1.8,2.9,,0.2,0.8,1.4,-2.1,0.3018939393939394,0.2602728788838778,0.06558441558441559,0.07752893716101225,0.13954725829725828,0.07311825408770681,0.00909090909090909,0.01916531915253564,0.0730429292929293,0.053378262588316426,0.2860479797979798,0.07510618878460663,0.176758658008658,0.18841014543455809,0.15914502164502164,0.09702657429825286,0.522966810966811,0.13580644268018954,,True,True,IND,False,8.021102,2.410843,2.655866,13.0878105,0.3058957,0.54935366,0.18487316,1.8578837,9.9075,3.1985,2.791,0.9595,15.897,0.361,0.193,1.9015,4.898157178980683,1.8240333741464272,1.6029095420515782,0.9751203771842736,5.492393922507744,0.6063654013876452,0.440171557463678,1.329209445497586
5209202,Nyadiew Puoch,POR,2026-05-20,0.0,17.0,0.0,0.0,3.0,12,1,2,2,3,1,0,0,4,5,,2,4,,0,1,2,-12.0,23.0,0.5217391304347826,0.043478260869565216,0.08695652173913043,0.08695652173913043,0.13043478260869565,0.21739130434782608,0.17391304347826086,0.0,0.29391304347826086,0.0,22.0,1.4142135623730951,8.0,2.0,1.5,1.0,2.0,1.5,0.5,1.0,2.5,5.0,,2.0,4.0,,1.0,1.0,3.0,-14.0,0.35610766045548653,0.23423827120051263,0.09316770186335403,0.07027148136015378,0.06728778467908902,0.027815794705060876,0.043478260869565216,0.061487546190134565,0.08902691511387163,0.05855956780012816,0.2277432712215321,0.014639891950032045,0.18219461697722567,0.011711913560025627,0.047619047619047616,0.06734350297014738,0.355527950310559,0.08713663688659071,22.0,1.4142135623730951,8.0,2.0,1.5,1.0,2.0,1.5,0.5,1.0,2.5,5.0,,2.0,4.0,,1.0,1.0,3.0,-14.0,0.35610766045548653,0.23423827120051263,0.09316770186335403,0.07027148136015378,0.06728778467908902,0.027815794705060876,0.043478260869565216,0.061487546190134565,0.08902691511387163,0.05855956780012816,0.2277432712215321,0.014639891950032045,0.18219461697722567,0.011711913560025627,0.047619047619047616,0.06734350297014738,0.355527950310559,0.08713663688659071,22.0,1.4142135623730951,8.0,2.0,1.5,1.0,2.0,1.5,0.5,1.0,2.5,5.0,,2.0,4.0,,1.0,1.0,3.0,-14.0,0.35610766045548653,0.23423827120051263,0.09316770186335403,0.07027148136015378,0.06728778467908902,0.027815794705060876,0.043478260869565216,0.061487546190134565,0.08902691511387163,0.05855956780012816,0.2277432712215321,0.014639891950032045,0.18219461697722567,0.011711913560025627,0.047619047619047616,0.06734350297014738,0.355527950310559,0.08713663688659071,,True,True,IND,False,7.183277,2.71105,1.5775712,11.471898,0.53434074,0.7490583,0.51546955,1.5353074,11.6505,4.546,2.154,1.3965,18.3505,0.81,0.3645,1.289,5.119213782408389,2.1116069710057315,1.468088553187443,1.1615884598255959,5.768418305740317,0.8960468737739115,0.6128945667894276,1.103847362636701
5346554,Teja Oblak,POR,2026-05-20,0.0,17.0,0.0,0.0,3.0,0,0,0,0,0,0,0,0,0,0,,0,0,,0,0,0,0.0,0.0,,,,,,,,,,0.0,0.0,0.0,0.0,0.0,0.0,0.0,0.0,0.0,0.0,0.0,0.0,0.0,,0.0,0.0,,0.0,0.0,0.0,0.0,,,,,,,,,,,,,,,,,,,0.0,0.0,0.0,0.0,0.0,0.0,0.0,0.0,0.0,0.0,0.0,0.0,,0.0,0.0,,0.0,0.0,0.0,0.0,,,,,,,,,,,,,,,,,,,0.0,0.0,0.0,0.0,0.0,0.0,0.0,0.0,0.0,0.0,0.0,0.0,,0.0,0.0,,0.0,0.0,0.0,0.0,,,,,,,,,,,,,,,,,,,,True,True,IND,False,3.2235713,1.1413362,0.7248829,5.0897903,0.17699474,0.3541351,0.15799288,0.6417465,2.907884359359741,1.2514259815216064,0.6632009148597717,0.245474174618721,4.822511196136475,0.35413509607315063,0.157992884516716,0.6417465209960938,7.5,3.0,2.5,1.3,9.0,1.2,1.3,1.5
2529183,Stefanie Dolson,SEA,2026-05-20,1.0,21.0,0.0,0.0,49.0,6,2,0,0,1,0,0,0,2,4,,2,3,,1,1,2,3.0,16.0,0.375,0.125,0.0,0.0,0.0625,0.25,0.1875,0.0,0.3325,0.0,17.0,1.0000000000000213,2.0,2.6666666666666665,0.6666666666666666,0.0,1.0,0.3333333333333333,0.3333333333333333,0.6666666666666666,0.6666666666666666,3.0,,0.6666666666666666,1.0,,0.6666666666666666,2.0,3.6666666666666665,-3.3333333333333335,0.125,0.21650635094610965,0.1571350762527233,0.06804301670563308,0.03921568627450978,0.06792356108113246,0.0,0.0,0.05895969498910677,0.0034742240801121345,0.17810457516339864,0.06691370990014132,0.0625,0.10825317547305482,0.03812636165577342,0.033058803715672144,0.2437309368191721,0.08020762393076995,16.0,1.5811388300841844,1.8,2.2,0.6,0.2,1.2,0.2,0.2,0.6,0.6,2.8,,0.4,0.6,,0.4,1.8,2.6,-5.6,0.11499999999999999,0.16918924315688652,0.13523342670401495,0.06077298107548901,0.03781512605042017,0.05429768060218526,0.013333333333333332,0.029814239699997132,0.07537581699346405,0.07423831293271396,0.17543417366946779,0.05157767210107973,0.0375,0.08385254915624211,0.03620915032679738,0.03329999614506192,0.2281433239962652,0.07475497896057921,14.9,2.8848262031225014,3.3,2.3,1.1,0.6,1.5,0.4,0.4,0.3,1.1,3.1,,0.5,0.9,,0.4,1.9,2.1,-1.5,0.20777777777777778,0.25656603767303815,0.1583111577964519,0.0888824322404676,0.06807422969187675,0.0788843327371773,0.03666666666666667,0.06373169066533328,0.10018790849673202,0.058932412164372436,0.21202264239028948,0.09465776941276344,0.06319444444444444,0.08520845595994678,0.01810457516339869,0.029275160862099237,0.25793277310924373,0.11915090295156808,,True,True,CON,True,4.596697,2.536981,0.9533686,8.087047,0.39331478,0.31521007,0.38393182,0.9719088,7.479,3.866,1.631,0.836,12.976,0.413,0.248,0.8085,4.199590337163853,1.9603683327374986,1.2469318345442946,0.941330972612715,4.797439316969001,0.6320055379504202,0.4893832853704752,0.9358566930892784
3058892,Lexie Brown,SEA,2026-05-20,1.0,21.0,0.0,0.0,50.0,6,6,1,0,3,3,0,2,2,6,,2,2,,0,6,1,-4.0,19.0,0.3157894736842105,0.3157894736842105,0.05263157894736842,0.0,0.15789473684210525,0.3157894736842105,0.10526315789473684,0.10526315789473684,0.46736842105263154,0.0,14.666666666666666,13.051181300301261,5.0,3.0,0.3333333333333333,0.6666666666666666,2.0,1.0,0.0,1.6666666666666667,1.6666666666666667,4.0,,1.0,1.3333333333333333,,0.3333333333333333,2.6666666666666665,0.3333333333333333,-5.333333333333333,0.33789473684210525,0.031261562957721055,0.21789473684210525,0.13844406452705035,0.02631578947368421,0.03721614637823934,0.04,0.0565685424949238,0.13894736842105265,0.026795625392332323,0.27789473684210525,0.053591250784664646,0.09263157894736843,0.017863750261554876,0.11263157894736842,0.010420520985907017,0.4312842105263157,0.05103077991384183,10.2,11.344602240713423,4.0,2.0,0.2,0.6,1.6,0.6,0.0,1.0,1.4,3.0,,0.6,0.8,,0.2,1.8,0.2,-2.4,0.46335839598997497,0.2184308402208769,0.19288220551378443,0.10705260235854021,0.017543859649122806,0.030386856273138196,0.07428571428571429,0.07159979477795239,0.18786967418546366,0.08682844449834787,0.32812030075187965,0.09488852876136779,0.061754385964912284,0.054952342317057944,0.0750877192982456,0.06544400523247304,0.4303799498746867,0.03611818532658768,5.7,9.104943712072032,2.0,1.0,0.3,0.3,0.9,0.3,0.0,0.5,0.7,1.6,,0.3,0.4,,0.1,0.9,0.2,-0.4,0.3475187969924812,0.2923752248224863,0.14466165413533832,0.1301578250258352,0.09649122807017546,0.15983216805516312,0.055714285714285716,0.06926239175457793,0.18256892230576438,0.0716834085728978,0.28775689223057643,0.11189000960837271,0.04631578947368423,0.05446626782296773,0.05631578947368421,0.06530558892314146,0.3644516290726817,0.13511423367881065,,True,True,CON,True,6.8467126,2.7699385,1.2471592,10.863811,0.68913436,0.6466683,0.2607153,1.1130033,7.4,3.1775,1.175,0.821,11.7525,0.6365,0.1525,0.788,4.0853396431631,1.821536096266006,1.0937892850087716,0.9055158750679084,4.649757386143927,0.7812603599313099,0.38632078639389833,0.8550181284627829
3906753,Natisha Hiedeman,SEA,2026-05-20,1.0,21.0,0.0,0.0,56.0,0,2,3,0,2,0,1,2,0,4,,0,0,,1,1,1,1.0,14.0,0.0,0.14285714285714285,0.21428571428571427,0.0,0.14285714285714285,0.2857142857142857,0.0,0.14285714285714285,0.42857142857142855,0.0,11.666666666666666,10.692676621563628,1.0,1.3333333333333333,2.3333333333333335,0.0,1.3333333333333333,0.0,0.6666666666666666,1.0,0.3333333333333333,3.6666666666666665,,0.3333333333333333,0.6666666666666666,,0.3333333333333333,1.0,1.3333333333333333,-2.3333333333333335,0.07142857142857137,0.10101525445522107,0.11904761904761904,0.03367175148507369,0.20238095238095238,0.016835875742536834,0.0,0.0,0.11904761904761907,0.03367175148507369,0.30952380952380953,0.03367175148507371,0.047619047619047616,0.06734350297014738,0.09523809523809523,0.06734350297014738,0.4257142857142856,0.004040610178208833,14.6,9.016651263079881,4.4,1.4,2.2,0.0,1.6,0.4,0.4,1.2,1.6,4.6,,1.2,1.6,,0.4,1.0,1.2,-2.4,0.2422360248447205,0.39501673216475586,0.09792960662525879,0.03226715436367243,0.15046583850931677,0.06607407260198148,0.0,0.0,0.10300207039337474,0.07590893386260311,0.28519668737060044,0.21572117996040097,0.08902691511387162,0.12304478640251451,0.08602484472049689,0.041152247577830384,0.4103933747412008,0.2687352990847247,18.8,7.714344503009387,7.4,1.6,2.9,0.6,2.9,0.8,0.4,1.7,2.9,7.2,,1.0,1.3,,0.5,1.1,1.2,2.6,0.3482941979623902,0.3521160144695892,0.08507494116189768,0.03884742163335344,0.15510807397535087,0.08683805733824713,0.028283850652271705,0.04624994188689136,0.14614853279613005,0.07997598959878811,0.35965085511996264,0.17579524444366765,0.06181823007909965,0.08455130610909926,0.09183596765976627,0.02930401088733249,0.47868684401453276,0.2050358775167109,,True,True,CON,True,7.0914354,1.7575235,2.4931054,11.342064,0.5844448,0.63900787,0.31036004,1.4250438,9.1605,2.9525,2.6335,0.9405,14.7465,0.722,0.216,1.0135,4.551784238076317,1.7407595325029817,1.5956747005577296,0.9544421145360258,5.121155899794498,0.8201926602939091,0.4542510319195764,0.9936386415593951
3917453,Katie Lou Samuelson,SEA,2026-05-20,1.0,21.0,0.0,0.0,44.0,0,0,0,0,0,0,0,0,0,0,,0,0,,0,0,0,0.0,0.0,,,,,,,,,,0.0,0.0,0.0,0.0,0.0,0.0,0.0,0.0,0.0,0.0,0.0,0.0,0.0,,0.0,0.0,,0.0,0.0,0.0,0.0,,,,,,,,,,,,,,,,,,,0.0,0.0,0.0,0.0,0.0,0.0,0.0,0.0,0.0,0.0,0.0,0.0,,0.0,0.0,,0.0,0.0,0.0,0.0,,,,,,,,,,,,,,,,,,,0.0,0.0,0.0,0.0,0.0,0.0,0.0,0.0,0.0,0.0,0.0,0.0,,0.0,0.0,,0.0,0.0,0.0,0.0,,,,,,,,,,,,,,,,,,,,True,True,CON,True,2.9889278,1.0355042,0.5823505,4.606783,0.15038963,0.27356973,0.14930011,0.52189225,2.673240900039673,1.1455940008163452,0.5206685066223145,0.21886906027793884,4.339503765106201,0.2735697329044342,0.14930011332035065,0.521892249584198,7.5,3.0,2.5,1.3,9.0,1.2,1.3,1.5
4420318,Ezi Magbegor,SEA,2026-05-20,1.0,21.0,0.0,0.0,51.0,0,0,0,0,0,0,0,0,0,0,,0,0,,0,0,0,0.0,0.0,,,,,,,,,,0.0,8.666666666666666,15.011106998930273,3.0,1.6666666666666667,0.6666666666666666,0.0,0.3333333333333333,0.6666666666666666,0.0,0.3333333333333333,1.3333333333333333,2.3333333333333335,,0.3333333333333333,1.0,,0.3333333333333333,1.3333333333333333,1.3333333333333333,-1.3333333333333333,0.34615384615384615,,0.19230769230769232,,0.07692307692307693,,0.0,,0.038461538461538464,,0.2692307692307692,,0.11538461538461539,,0.038461538461538464,,0.3584615384615385,,14.6,13.371611720357425,3.0,2.6,1.4,0.0,0.4,0.6,0.6,0.4,1.4,2.4,,0.2,0.8,,0.8,1.8,2.2,-5.4,0.20113340765514676,0.13350792732737254,0.17823299888517283,0.04777667868297864,0.09689706428836865,0.0292208274936135,0.0,0.0,0.02731326644370122,0.023786609022688854,0.16099962839093274,0.0966443041083088,0.05235042735042733,0.05842952527297141,0.027313266443701235,0.02378660902268887,0.21134708286882206,0.13242689312921557,22.7,12.52597301609739,5.5,4.6,1.7,0.6,0.9,0.6,1.9,1.1,2.0,4.3,,0.9,1.2,,1.7,2.9,2.6,-2.9,0.235377172500244,0.12052096823421336,0.20411582194103234,0.06572064015701684,0.07573732076712442,0.06422540423227746,0.025283587380361572,0.031218862427789058,0.039558320361265664,0.023384201267768308,0.18510456642469264,0.06138229377437091,0.04912449781401394,0.062350290238101555,0.04871287548356272,0.048584174397770456,0.2554322209464215,0.10039674967968346,,True,True,CON,True,0.5569301,2.4865122,0.4299199,3.4733622,0.0,0.4695177,0.9076748,0.4626095,2.497,3.291,1.142,0.233,6.93,0.5215,0.396,0.4465,2.4279602550289,1.8139236477867529,1.0472993841304405,0.4906230732446243,3.3048600575516054,0.7297518413817123,0.6182103201985552,0.6558488774100327
4432830,Jordan Horston,SEA,2026-05-20,1.0,21.0,0.0,0.0,3.0,0,0,0,0,0,0,0,0,0,0,,0,0,,0,0,0,0.0,0.0,,,,,,,,,,0.0,0.0,0.0,0.0,0.0,0.0,0.0,0.0,0.0,0.0,0.0,0.0,0.0,,0.0,0.0,,0.0,0.0,0.0,0.0,,,,,,,,,,,,,,,,,,,0.0,0.0,0.0,0.0,0.0,0.0,0.0,0.0,0.0,0.0,0.0,0.0,,0.0,0.0,,0.0,0.0,0.0,0.0,,,,,,,,,,,,,,,,,,,0.0,0.0,0.0,0.0,0.0,0.0,0.0,0.0,0.0,0.0,0.0,0.0,,0.0,0.0,,0.0,0.0,0.0,0.0,,,,,,,,,,,,,,,,,,,,True,True,CON,True,3.1911814,1.1234056,0.71667254,5.0312595,0.17543128,0.3533911,0.15519212,0.63847136,2.8754944801330566,1.2334953546524048,0.654990553855896,0.24391071498394012,4.763980388641357,0.3533911108970642,0.15519212186336517,0.6384713649749756,7.5,3.0,2.5,1.3,9.0,1.2,1.3,1.5
4432832,Zia Cooke,SEA,2026-05-20,1.0,21.0,0.0,0.0,45.0,19,0,0,4,9,0,0,0,5,12,,5,7,,0,0,2,5.0,18.0,1.0555555555555556,0.0,0.0,0.2222222222222222,0.5,0.6666666666666666,0.3888888888888889,0.0,0.8377777777777777,0.0,12.666666666666666,11.015141094572202,10.333333333333334,0.6666666666666666,1.0,1.3333333333333333,3.6666666666666665,0.0,0.0,1.0,2.6666666666666665,7.0,,3.6666666666666665,4.333333333333333,,0.0,0.6666666666666666,1.3333333333333333,0.6666666666666666,0.8277777777777778,0.32212642254053836,0.05,0.07071067811865477,0.075,0.10606601717798213,0.1111111111111111,0.15713484026367722,0.3,0.282842712474619,0.5583333333333333,0.15320646925708525,0.34444444444444444,0.06285393610547091,0.075,0.10606601717798213,0.7848888888888887,0.07479618396551034,9.0,9.591663046625438,6.8,0.4,0.8,0.8,2.2,0.0,0.0,0.8,1.8,4.8,,2.4,3.0,,0.0,0.4,0.8,1.2,0.6947089947089946,0.32404416231681027,0.03333333333333333,0.05773502691896258,0.0976190476190476,0.08461597925674695,0.07407407407407406,0.12830005981991682,0.19999999999999998,0.2645751311064591,0.515079365079365,0.13171495139222802,0.32486772486772486,0.05590216892153521,0.0976190476190476,0.08461597925674695,0.7556402116402116,0.07323721683879784,4.5,7.961713941664123,3.4,0.2,0.4,0.4,1.1,0.0,0.0,0.4,0.9,2.4,,1.2,1.5,,0.0,0.2,0.4,0.6,0.6947089947089946,0.3240441623168103,0.03333333333333333,0.057735026918962595,0.0976190476190476,0.08461597925674684,0.07407407407407407,0.12830005981991682,0.20000000000000004,0.2645751311064591,0.515079365079365,0.131714951392228,0.32486772486772486,0.05590216892153476,0.0976190476190476,0.08461597925674705,0.7556402116402116,0.0732372168387977,,True,True,CON,True,7.1144547,1.7919908,1.2188525,10.125298,0.7680657,0.4566711,0.16728967,1.1946465,7.536,2.063,1.1895,0.8395,10.7885,0.4505,0.1265,0.802,4.179318604748865,1.4453480549680757,1.0966265316870645,0.9201846282132732,4.5788391268966855,0.6554004501066505,0.3499967856995261,0.9081828009822692
4433643,Mackenzie Holmes,SEA,2026-05-20,1.0,21.0,0.0,0.0,40.0,8,7,0,0,1,1,1,2,2,7,,4,4,,3,4,4,6.0,21.0,0.38095238095238093,0.3333333333333333,0.0,0.0,0.047619047619047616,0.3333333333333333,0.19047619047619047,0.09523809523809523,0.5123809523809524,0.0,11.333333333333334,10.598742063723098,3.6666666666666665,3.3333333333333335,0.0,0.3333333333333333,0.6666666666666666,0.6666666666666666,0.3333333333333333,0.6666666666666666,1.0,3.0,,1.3333333333333333,1.3333333333333333,,1.0,2.3333333333333335,1.6666666666666667,3.0,0.3058608058608059,0.10619552391446313,0.28205128205128205,0.07252377242938947,0.0,0.0,0.038461538461538464,0.05439282932204212,0.06227106227106227,0.02072107783696843,0.24358974358974358,0.1269166017514316,0.09523809523809523,0.13468700594029476,0.047619047619047616,0.06734350297014738,0.3331135531135531,0.2535223873353087,7.8,9.093954035511725,2.2,2.2,0.0,0.2,0.4,0.4,0.2,0.4,0.6,1.8,,0.8,0.8,,0.6,1.6,1.0,3.2,0.20390720390720393,0.19189152014530028,0.25470085470085474,0.0698139413902979,0.0,0.0,0.025641025641025644,0.04441155916843275,0.04151404151404151,0.03882323100264871,0.1623931623931624,0.16683095124737723,0.06349206349206349,0.109971479845643,0.031746031746031744,0.0549857399228215,0.22207570207570207,0.2629163622321919,5.1,7.593125545883958,1.1,1.2,0.1,0.1,0.2,0.2,0.1,0.2,0.3,0.9,,0.4,0.4,,0.3,0.9,0.7,1.0,0.15293040293040294,0.18692986372905454,0.21185897435897438,0.10291273546008418,0.020833333333333332,0.041666666666666664,0.019230769230769232,0.038461538461538464,0.031135531135531136,0.03789040451570916,0.12179487179487179,0.1585809856006792,0.047619047619047616,0.09523809523809523,0.023809523809523808,0.047619047619047616,0.16655677655677656,0.24168729117610513,,True,True,CON,True,6.303563,3.182238,0.9099016,10.395703,0.36122966,0.48819706,0.39567888,1.1367627,5.7085,3.2695,0.871,0.5445,9.849,0.474,0.211,0.7205,3.6778428120299,1.8659768889244048,0.9446475533234604,0.731450442613852,4.293739512359827,0.6755175793419443,0.4674173723771935,0.8598719381396279
4698736,Flau'jae Johnson,SEA,2026-05-20,1.0,21.0,0.0,0.0,3.0,20,3,1,3,7,1,0,2,5,12,,7,8,,1,2,4,3.0,19.0,1.0526315789473684,0.15789473684210525,0.05263157894736842,0.15789473684210525,0.3684210526315789,0.631578947368421,0.42105263157894735,0.10526315789473684,0.9221052631578948,0.0,21.0,2.8284271247461903,16.0,3.5,0.5,2.0,4.5,1.0,0.0,1.0,5.0,11.0,,4.0,4.5,,1.0,2.5,3.5,-2.5,0.7871853546910754,0.37539765042397943,0.16590389016018306,0.011326653245551106,0.02631578947368421,0.03721614637823934,0.10068649885583524,0.08090466603965074,0.22768878718535468,0.19902547845754084,0.5331807780320366,0.13915602558819928,0.23226544622425627,0.2669853979308474,0.05263157894736842,0.07443229275647868,0.6880091533180778,0.3310618934342509,21.0,2.8284271247461903,16.0,3.5,0.5,2.0,4.5,1.0,0.0,1.0,5.0,11.0,,4.0,4.5,,1.0,2.5,3.5,-2.5,0.7871853546910754,0.37539765042397943,0.16590389016018306,0.011326653245551106,0.02631578947368421,0.03721614637823934,0.10068649885583524,0.08090466603965074,0.22768878718535468,0.19902547845754084,0.5331807780320366,0.13915602558819928,0.23226544622425627,0.2669853979308474,0.05263157894736842,0.07443229275647868,0.6880091533180778,0.3310618934342509,21.0,2.8284271247461903,16.0,3.5,0.5,2.0,4.5,1.0,0.0,1.0,5.0,11.0,,4.0,4.5,,1.0,2.5,3.5,-2.5,0.7871853546910754,0.37539765042397943,0.16590389016018306,0.011326653245551106,0.02631578947368421,0.03721614637823934,0.10068649885583524,0.08090466603965074,0.22768878718535468,0.19902547845754084,0.5331807780320366,0.13915602558819928,0.23226544622425627,0.2669853979308474,0.05263157894736842,0.07443229275647868,0.6880091533180778,0.3310618934342509,,True,True,CON,True,13.193428,3.8346941,0.67326564,17.701387,1.3468714,0.762568,0.14172193,1.6878119,15.8045,5.0165,1.103,1.765,21.924,0.8155,0.1635,1.233,5.888571961859683,2.2565964969395833,1.0617867017438107,1.334456818334711,6.430802749268555,0.8890780336955806,0.39845671032120916,1.1268145366474467
5017726,Jade Melbourne,SEA,2026-05-20,1.0,21.0,0.0,0.0,48.0,4,1,3,0,2,1,1,2,1,5,,2,4,,1,0,6,6.0,18.0,0.2222222222222222,0.05555555555555555,0.16666666666666666,0.0,0.1111111111111111,0.2777777777777778,0.2222222222222222,0.1111111111111111,0.48666666666666664,0.0,18.666666666666668,1.154700538379272,6.333333333333333,0.3333333333333333,2.6666666666666665,0.3333333333333333,1.3333333333333333,0.6666666666666666,0.6666666666666666,2.3333333333333335,2.6666666666666665,5.0,,0.6666666666666666,1.3333333333333333,,0.3333333333333333,0.0,3.3333333333333335,0.0,0.3407407407407408,0.14330031201594937,0.018518518518518517,0.032075014954979206,0.1425925925925926,0.02850889688581615,0.018518518518518517,0.032075014954979206,0.07222222222222223,0.03379312516832367,0.27037037037037037,0.06697459748157464,0.07407407407407407,0.12830005981991682,0.1259259259259259,0.03571722504071463,0.4288888888888889,0.11181996111474785,18.6,2.607680962081064,5.0,0.6,2.8,0.2,1.2,0.8,0.4,1.8,2.2,4.8,,0.4,0.8,,0.2,0.4,3.0,-5.4,0.26747474747474753,0.14361810678273645,0.03777777777777778,0.05858411700650696,0.14434343434343436,0.06030269190978263,0.011111111111111113,0.024845199749997663,0.06575757575757576,0.02656296794782786,0.261010101010101,0.05100059917503496,0.04444444444444444,0.09938079899999064,0.09373737373737374,0.06011331679449321,0.37430303030303025,0.11031934611264606,20.7,4.083843505544474,4.4,1.1,3.4,0.3,1.9,0.7,0.2,1.9,1.7,4.5,,0.7,1.0,,0.2,0.9,2.3,-7.1,0.21878749905065695,0.14568408426697652,0.05117585630743525,0.05377812609730015,0.158700539226855,0.0803814738943834,0.015079365079365078,0.03313749475158039,0.09583618136249714,0.0879785429289603,0.23184590263537636,0.10873701543011229,0.04507936507936507,0.0788171562345789,0.091417559049138,0.046408037895393585,0.34309838231943496,0.13773962531900774,,True,True,CON,True,5.7767096,1.7683971,2.9138205,10.458927,0.5602343,0.72587174,0.24732101,1.606842,8.5995,2.8635,3.18,0.8775,14.643,0.758,0.206,1.149,4.457925498480207,1.7166443283336243,1.7316466152191676,0.9404752787819571,4.9982547954261,0.8505504100287061,0.4456052064327795,1.0619788133479877
5105731,Grace VanSlooten,SEA,2026-05-20,1.0,21.0,0.0,0.0,3.0,1,1,0,0,0,0,0,0,0,1,,1,2,,1,0,0,6.0,8.0,0.125,0.125,0.0,0.0,0.0,0.125,0.25,0.0,0.235,0.0,15.0,9.899494936611665,2.0,2.0,0.5,0.0,0.0,0.0,0.5,0.0,0.0,1.5,,2.0,3.0,,1.5,0.5,0.5,7.5,0.13068181818181818,0.008035304331665305,0.13068181818181818,0.008035304331665305,0.022727272727272728,0.03214121732666125,0.0,0.0,0.0,0.0,0.10795454545454546,0.024105912994995937,0.2159090909090909,0.04821182598999187,0.0,0.0,0.20295454545454544,0.04531911643059236,15.0,9.899494936611665,2.0,2.0,0.5,0.0,0.0,0.0,0.5,0.0,0.0,1.5,,2.0,3.0,,1.5,0.5,0.5,7.5,0.13068181818181818,0.008035304331665305,0.13068181818181818,0.008035304331665305,0.022727272727272728,0.03214121732666125,0.0,0.0,0.0,0.0,0.10795454545454546,0.024105912994995937,0.2159090909090909,0.04821182598999187,0.0,0.0,0.20295454545454544,0.04531911643059236,15.0,9.899494936611665,2.0,2.0,0.5,0.0,0.0,0.0,0.5,0.0,0.0,1.5,,2.0,3.0,,1.5,0.5,0.5,7.5,0.13068181818181818,0.008035304331665305,0.13068181818181818,0.008035304331665305,0.022727272727272728,0.03214121732666125,0.0,0.0,0.0,0.0,0.10795454545454546,0.024105912994995937,0.2159090909090909,0.04821182598999187,0.0,0.0,0.20295454545454544,0.04531911643059236,,True,True,CON,True,2.893917,1.9890838,0.38376004,5.266761,0.112174526,0.4227282,0.41876316,0.5576377,4.004,2.837,0.824,0.3265,7.665,0.4585,0.2505,0.535,3.028198144111445,1.677030411173274,0.8871437313085181,0.5726235674507294,3.5524322653641125,0.6813792996562195,0.4987481829540836,0.7181747698158157
5106222,Taina Mair,SEA,2026-05-20,1.0,21.0,0.0,0.0,3.0,2,4,5,0,0,0,0,2,0,2,,2,2,,1,3,2,6.0,12.0,0.16666666666666666,0.3333333333333333,0.4166666666666667,0.0,0.0,0.16666666666666666,0.16666666666666666,0.16666666666666666,0.4066666666666667,0.0,14.5,3.5355339059327378,2.0,3.0,4.5,0.0,1.5,0.5,0.0,2.0,0.5,3.0,,1.0,1.0,,1.5,1.5,2.5,10.5,0.14215686274509803,0.03466209711698762,0.22549019607843135,0.15251322731474554,0.32598039215686275,0.1282497593328542,0.0,0.0,0.08823529411764706,0.12478354962115545,0.20098039215686275,0.048526935963782686,0.08333333333333333,0.11785113019775792,0.14215686274509803,0.03466209711698762,0.37980392156862747,0.03798965844021843,14.5,3.5355339059327378,2.0,3.0,4.5,0.0,1.5,0.5,0.0,2.0,0.5,3.0,,1.0,1.0,,1.5,1.5,2.5,10.5,0.14215686274509803,0.03466209711698762,0.22549019607843135,0.15251322731474554,0.32598039215686275,0.1282497593328542,0.0,0.0,0.08823529411764706,0.12478354962115545,0.20098039215686275,0.048526935963782686,0.08333333333333333,0.11785113019775792,0.14215686274509803,0.03466209711698762,0.37980392156862747,0.03798965844021843,14.5,3.5355339059327378,2.0,3.0,4.5,0.0,1.5,0.5,0.0,2.0,0.5,3.0,,1.0,1.0,,1.5,1.5,2.5,10.5,0.14215686274509803,0.03466209711698762,0.22549019607843135,0.15251322731474554,0.32598039215686275,0.1282497593328542,0.0,0.0,0.08823529411764706,0.12478354962115545,0.20098039215686275,0.048526935963782686,0.08333333333333333,0.11785113019775792,0.14215686274509803,0.03466209711698762,0.37980392156862747,0.03798965844021843,,True,True,CON,True,4.9789762,2.7841277,3.7626998,11.525804,0.47978735,0.80927444,0.09494049,1.6405201,5.959,3.6485,2.928,0.5945,12.5355,0.7525,0.1,1.0475,3.7663402660938643,1.9138828987166376,1.6881398046370448,0.7861741219348295,4.592247788392957,0.8810469624259538,0.3209361307176242,1.0345258575792102
5220150,Dominique Malonga,SEA,2026-05-20,1.0,21.0,0.0,0.0,51.0,10,11,1,0,1,1,1,2,3,9,,4,6,,6,5,2,4.0,19.0,0.5263157894736842,0.5789473684210527,0.05263157894736842,0.0,0.05263157894736842,0.47368421052631576,0.3157894736842105,0.10526315789473684,0.7178947368421053,0.0,20.666666666666668,1.527525231651946,7.666666666666667,7.0,0.6666666666666666,0.3333333333333333,1.3333333333333333,0.6666666666666666,1.0,2.0,2.3333333333333335,8.0,,2.6666666666666665,4.666666666666667,,3.0,4.0,2.0,-2.3333333333333335,0.3796233006759324,0.2121546251415064,0.34810511126300603,0.19998848079950046,0.03341687552213868,0.02904818488005632,0.015873015873015872,0.02749286996141075,0.06516290726817042,0.0722482972701733,0.3923824713298398,0.14299472377975606,0.23080428343586235,0.12208246353155491,0.0964152806258069,0.04502903737574325,0.5903516366674263,0.1652742896305687,21.8,1.9235384061671057,9.2,8.4,1.2,0.6,1.2,0.8,1.2,1.2,3.0,8.4,,2.6,3.8,,3.2,5.2,2.6,-1.2,0.42342615431860287,0.16174489152536303,0.3874862551636007,0.15157478511642336,0.05447041516835567,0.047307160612485126,0.026190476190476188,0.03802076053016979,0.05576441102756892,0.06036212207582125,0.38796571468196184,0.11499680248088325,0.18123619324992324,0.11106866772508017,0.057849168375484164,0.06166505497393872,0.5255588080874122,0.15410730114915877,18.3,7.165503781622372,8.4,5.9,1.1,0.4,0.9,0.7,1.2,1.0,3.2,6.7,,1.6,3.0,,2.1,3.8,2.6,2.0,0.465395482557954,0.1345441942913128,0.308794672782087,0.16249386692150525,0.06218774868660452,0.041593911611012356,0.0196007696007696,0.03126584063036452,0.049919622288043336,0.056331705448946306,0.366600721720859,0.09449700826920607,0.17734622568718678,0.13620120288573467,0.06000639224323434,0.056917234215323985,0.5046394532664555,0.13861163770702659,,True,True,CON,True,9.720929,6.3443036,0.79077685,16.85601,0.04569377,0.5795591,0.9024234,1.3131185,10.127,7.126,1.5845,0.763,18.8375,0.699,0.4515,1.0515,4.769472822021319,2.6465305590527386,1.247741860322078,0.8756888716890264,5.6051845420110835,0.8151067414762313,0.6690648324340475,0.9766512939632036
5345325,Awa Fam,SEA,2026-05-20,1.0,21.0,0.0,0.0,3.0,0,0,0,0,0,0,0,0,0,0,,0,0,,0,0,0,0.0,0.0,,,,,,,,,,0.0,0.0,0.0,0.0,0.0,0.0,0.0,0.0,0.0,0.0,0.0,0.0,0.0,,0.0,0.0,,0.0,0.0,0.0,0.0,,,,,,,,,,,,,,,,,,,0.0,0.0,0.0,0.0,0.0,0.0,0.0,0.0,0.0,0.0,0.0,0.0,,0.0,0.0,,0.0,0.0,0.0,0.0,,,,,,,,,,,,,,,,,,,0.0,0.0,0.0,0.0,0.0,0.0,0.0,0.0,0.0,0.0,0.0,0.0,,0.0,0.0,,0.0,0.0,0.0,0.0,,,,,,,,,,,,,,,,,,,,True,True,CON,True,3.1911814,1.1234056,0.71667254,5.0312595,0.17543128,0.3533911,0.15519212,0.63847136,2.8754944801330566,1.2334953546524048,0.654990553855896,0.24391071498394012,4.763980388641357,0.3533911108970642,0.15519212186336517,0.6384713649749756,7.5,3.0,2.5,1.3,9.0,1.2,1.3,1.5
