stat,n,rmse_global,rmse_player,delta_rmse,mae_global,mae_player,delta_mae
ast,2444,2.1425934906367172,2.148847430927937,0.0062539402912196495,1.5966512273139881,1.599587653836899,0.0029364265229106274
pra,2444,9.32186527239591,9.113434303747397,-0.20843096864851182,7.53311662439407,7.2967012839451275,-0.23641534044894247
pts,2444,7.212858445670834,7.099625860092778,-0.11323258557805634,5.762386602123691,5.6325599740603485,-0.12982662806334236
reb,2444,2.7293889095494506,2.7583828969149278,0.02899398736547714,2.121357348987439,2.133731904879675,0.012374555892235366
threes,2444,1.4980279827461025,1.4795638760072485,-0.018464106738854093,1.1573182060927976,1.1345219018640165,-0.022796304228780866
