stat,n,rmse_global,rmse_player,delta_rmse,mae_global,mae_player,delta_mae
ast,2232,2.107451257394192,2.1135955497921888,0.0061442923979966825,1.5832574686934715,1.5852627238123143,0.002005255118842667
pra,2232,9.216418843722042,9.016990515432548,-0.19942832828949408,7.469606501709993,7.245704107979257,-0.22390239373073598
pts,2232,7.132956375653184,7.035925619803146,-0.0970307558500377,5.721495319784783,5.603463156440979,-0.11803216334380345
reb,2232,2.7078617099727182,2.7389673722201024,0.03110566224738451,2.1054945397567293,2.119948552899126,0.01445401314239683
threes,2232,1.4807180404576572,1.465794902590647,-0.014923137867010392,1.1477147699916546,1.1270331785151422,-0.020681591476512308
