player_id,player_name,team,asof_date,is_home,days_rest,games_last7,games_last14,season_game_number,lag1_pts,lag1_reb,lag1_ast,lag1_threes,lag1_fg3a,lag1_stl,lag1_blk,lag1_tov,lag1_fgm,lag1_fga,lag1_fg_pct,lag1_ftm,lag1_fta,lag1_ft_pct,lag1_oreb,lag1_dreb,lag1_pf,lag1_plus_minus,lag1_min,lag1_pts_per_min,lag1_reb_per_min,lag1_ast_per_min,lag1_fg3m_per_min,lag1_fg3a_per_min,lag1_fga_per_min,lag1_fta_per_min,lag1_tov_per_min,lag1_usage_per_min,b2b,roll3_min,roll3_min_std,roll3_pts,roll3_reb,roll3_ast,roll3_threes,roll3_fg3a,roll3_stl,roll3_blk,roll3_tov,roll3_fgm,roll3_fga,roll3_fg_pct,roll3_ftm,roll3_fta,roll3_ft_pct,roll3_oreb,roll3_dreb,roll3_pf,roll3_plus_minus,roll3_pts_per_min,roll3_pts_per_min_std,roll3_reb_per_min,roll3_reb_per_min_std,roll3_ast_per_min,roll3_ast_per_min_std,roll3_fg3m_per_min,roll3_fg3m_per_min_std,roll3_fg3a_per_min,roll3_fg3a_per_min_std,roll3_fga_per_min,roll3_fga_per_min_std,roll3_fta_per_min,roll3_fta_per_min_std,roll3_tov_per_min,roll3_tov_per_min_std,roll3_usage_per_min,roll3_usage_per_min_std,roll5_min,roll5_min_std,roll5_pts,roll5_reb,roll5_ast,roll5_threes,roll5_fg3a,roll5_stl,roll5_blk,roll5_tov,roll5_fgm,roll5_fga,roll5_fg_pct,roll5_ftm,roll5_fta,roll5_ft_pct,roll5_oreb,roll5_dreb,roll5_pf,roll5_plus_minus,roll5_pts_per_min,roll5_pts_per_min_std,roll5_reb_per_min,roll5_reb_per_min_std,roll5_ast_per_min,roll5_ast_per_min_std,roll5_fg3m_per_min,roll5_fg3m_per_min_std,roll5_fg3a_per_min,roll5_fg3a_per_min_std,roll5_fga_per_min,roll5_fga_per_min_std,roll5_fta_per_min,roll5_fta_per_min_std,roll5_tov_per_min,roll5_tov_per_min_std,roll5_usage_per_min,roll5_usage_per_min_std,roll10_min,roll10_min_std,roll10_pts,roll10_reb,roll10_ast,roll10_threes,roll10_fg3a,roll10_stl,roll10_blk,roll10_tov,roll10_fgm,roll10_fga,roll10_fg_pct,roll10_ftm,roll10_fta,roll10_ft_pct,roll10_oreb,roll10_dreb,roll10_pf,roll10_plus_minus,roll10_pts_per_min,roll10_pts_per_min_std,roll10_reb_per_min,roll10_reb_per_min_std,roll10_ast_per_min,roll10_ast_per_min_std,roll10_fg3m_per_min,roll10_fg3m_per_min_std,roll10_fg3a_per_min,roll10_fg3a_per_min_std,roll10_fga_per_min,roll10_fga_per_min_std,roll10_fta_per_min,roll10_fta_per_min_std,roll10_tov_per_min,roll10_tov_per_min_std,roll10_usage_per_min,roll10_usage_per_min_std,injury_status,team_on_slate,playing_today,opponent,home,pred_pts,pred_reb,pred_ast,pred_pra,pred_threes,pred_stl,pred_blk,pred_tov,mean_pts,mean_reb,mean_ast,mean_threes,mean_pra,mean_stl,mean_blk,mean_tov,sd_pts,sd_reb,sd_ast,sd_threes,sd_pra,sd_stl,sd_blk,sd_tov
3058895,Brionna Jones,ATL,2026-05-22,1.0,246.0,0.0,0.0,50.0,12,7,4,1,2,1,1,3,5,8,,1,2,,3,4,4,-3.0,32.0,0.375,0.21875,0.125,0.03125,0.0625,0.25,0.0625,0.09375,0.37125,0.0,28.333333333333332,5.507570547286102,10.666666666666666,4.666666666666667,2.6666666666666665,0.3333333333333333,0.6666666666666666,2.0,0.3333333333333333,2.0,4.666666666666667,7.0,,1.0,1.3333333333333333,,1.3333333333333333,3.3333333333333335,4.0,-3.0,0.37524437927663734,0.01173211433634124,0.15698313782991205,0.06402919950815586,0.08907624633431084,0.04032757900238709,0.010416666666666666,0.018042195912175808,0.020833333333333332,0.036084391824351615,0.24951124144672532,0.023464228672691347,0.04233870967741935,0.0366802528198796,0.06790689149560118,0.024325617874991975,0.3360471652003911,0.03048769165237263,24.2,7.014271166700073,10.6,4.2,2.0,0.2,0.4,1.6,0.2,1.4,4.6,8.0,,1.2,1.6,,1.4,2.8,3.0,1.2,0.4676466275659824,0.19325483576132393,0.1691898826979472,0.06543987972055013,0.07594574780058652,0.033999364679610344,0.00625,0.013975424859373685,0.012500000000000002,0.02795084971874737,0.3572067448680352,0.1591317661430133,0.0754032258064516,0.10264057262507514,0.053244134897360705,0.034456746810111766,0.4436282991202346,0.14892259021105145,24.8,5.5936471902408025,12.6,6.5,1.7,0.1,0.4,1.4,0.8,1.2,5.5,9.9,,1.5,1.7,,3.2,3.3,2.9,5.8,0.5278233137829912,0.1781802341268278,0.25992827468230695,0.13737045206735507,0.0669252548526742,0.030970960540864286,0.003125,0.009882117688026186,0.012916666666666665,0.027248428429027832,0.41031765814830334,0.13346337279335996,0.07474923195084486,0.0705456898892968,0.04681254363915654,0.024419906048184472,0.4900198638458316,0.12556005971734235,,True,True,DAL,True,11.765619277954102,5.701181,1.7319725,19.1987726688385,0.2968854308128357,1.3282601,0.53059274,1.5442991,9.34,6.213333333333333,2.0,0.5333333333333333,17.553333333333335,0.8266666666666667,0.47333333333333333,1.34,4.0030488380733,2.5445016975606225,1.4966629547095767,0.7453559924999299,4.963247144987062,0.8925369584629099,0.6292499944819671,1.1652181483882464
3058901,Allisha Gray,ATL,2026-05-22,1.0,19.0,0.0,0.0,50.0,3,1,0,0,1,1,0,2,1,3,,1,2,,0,1,1,3.0,10.0,0.3,0.1,0.0,0.0,0.1,0.3,0.2,0.2,0.588,0.0,17.666666666666668,13.279056191361393,9.0,4.333333333333333,0.3333333333333333,0.6666666666666666,2.6666666666666665,0.3333333333333333,0.3333333333333333,1.3333333333333333,4.0,8.0,,0.3333333333333333,0.6666666666666666,,1.3333333333333333,3.0,2.3333333333333335,2.6666666666666665,0.45858585858585865,0.14246721896186007,0.15454545454545454,0.18785434836156206,0.010101010101010102,0.01749546270271526,0.043434343434343436,0.05127692988483664,0.19696969696969693,0.1758881437688661,0.4515151515151516,0.15002295508468563,0.06666666666666664,0.11547005383792516,0.08686868686868687,0.10255385976967318,0.5677171717171717,0.04591689435963509,23.8,12.676750372236569,11.2,5.2,1.4,0.8,3.4,0.8,0.4,1.2,4.2,11.2,,2.0,2.4,,1.4,3.8,3.0,0.4,0.44750174556626166,0.14232492551846732,0.17217427733556767,0.13637063904173444,0.04182097472420053,0.04846869970980805,0.03822650467811758,0.03697585226521032,0.17255969836614998,0.1288775602998521,0.4655634687892752,0.1098107720909047,0.09714285714285714,0.13642670155786654,0.06354978354978355,0.08177029680530819,0.571856109481916,0.05481152192646825,26.9,10.918384088825183,13.5,4.8,2.0,1.1,4.2,0.5,0.3,1.1,4.5,11.0,,3.4,4.0,,1.3,3.5,2.5,5.8,0.5030151370473951,0.1457083229782695,0.16422527680592197,0.10634168553365042,0.06790748435909726,0.07990966366760462,0.049593732819539264,0.04964525789250292,0.17489846780169363,0.09351009755589564,0.4072712238841271,0.10799811664339143,0.14537323037323038,0.12105287801777433,0.04758570258570259,0.06022005140246731,0.5188211478340511,0.0760178476725415,,True,True,DAL,True,9.605677604675293,3.674295,1.0841725,14.364145040512085,1.0268772840499878,0.50391555,0.35339317,1.1161299,8.993333333333334,4.906666666666666,1.1733333333333333,0.88,15.073333333333334,0.49333333333333335,0.29333333333333333,1.1,5.078709372359171,2.191944849265652,1.0939022909849958,1.012719112093773,5.490715395606984,0.6607739569794062,0.483689523925788,1.1416362526362471
3142250,Jordin Canada,ATL,2026-05-22,1.0,19.0,0.0,0.0,41.0,3,0,1,1,2,0,0,1,1,3,,0,1,,0,0,1,-4.0,9.0,0.3333333333333333,0.0,0.1111111111111111,0.1111111111111111,0.2222222222222222,0.3333333333333333,0.1111111111111111,0.1111111111111111,0.4933333333333333,0.0,17.666666666666668,13.316656236958782,7.666666666666667,1.3333333333333333,5.0,0.3333333333333333,1.6666666666666667,0.0,0.3333333333333333,2.0,3.3333333333333335,6.333333333333333,,0.6666666666666666,2.0,,0.0,1.3333333333333333,2.0,-0.3333333333333333,0.35353535353535354,0.18265799313156675,0.06060606060606063,0.0524863881081478,0.2592592592592593,0.13183011414445714,0.037037037037037035,0.06415002990995841,0.12457912457912457,0.08590808634459982,0.31313131313131315,0.12246823891901153,0.08754208754208755,0.07845912591064673,0.12794612794612795,0.04773551137628901,0.4795959595959596,0.10973770101556345,20.2,10.059821071967423,5.8,1.6,5.0,0.2,1.2,0.6,0.2,1.6,2.6,6.8,,0.4,1.6,,0.4,1.2,2.8,-1.8,0.26290382081686425,0.1821697527027657,0.06836363636363636,0.06848538481956787,0.23972946859903382,0.10332749877028832,0.02222222222222222,0.04969039949999532,0.08344312692138779,0.08425683274612417,0.31274835309617915,0.08677634225390017,0.0699165568730786,0.06786444613905111,0.09276767676767676,0.06526634622370797,0.4362793148880105,0.09975481789291557,22.2,9.886017061149206,6.8,1.8,5.4,0.3,1.6,1.2,0.5,1.8,2.7,7.3,,1.1,1.9,,0.4,1.4,2.3,5.4,0.315577358437106,0.20920095609091582,0.06819257086999023,0.06458099770626846,0.2468934081346424,0.11637223861795273,0.01711469534050179,0.03532191436702352,0.07396170682986952,0.07406269041859526,0.30440643461260575,0.10567921562297557,0.08974322467309845,0.07506753925169718,0.09761322906484196,0.06524827361279845,0.44150668253361103,0.08709724908306055,,True,True,DAL,True,6.040867805480957,1.954732,3.859739,11.85533881187439,0.23221153020858765,0.96998215,0.2880908,1.7080504,5.846666666666667,3.1066666666666665,2.966666666666667,0.4666666666666667,11.92,0.8733333333333333,0.29333333333333333,1.7,3.579081198048212,1.6818508323338972,1.6709943812659043,0.6798692684790378,3.92856207791095,0.9953000664232984,0.5603173703853518,1.2096831541082704
4398674,Rhyne Howard,ATL,2026-05-22,1.0,19.0,0.0,0.0,47.0,2,0,3,0,5,1,0,0,0,5,,2,2,,0,0,0,-6.0,13.0,0.15384615384615385,0.0,0.23076923076923078,0.0,0.38461538461538464,0.38461538461538464,0.15384615384615385,0.0,0.4523076923076923,0.0,21.333333333333332,15.30795000427338,9.0,1.0,2.6666666666666665,1.6666666666666667,5.333333333333333,1.3333333333333333,0.3333333333333333,1.0,3.3333333333333335,9.333333333333334,,0.6666666666666666,1.0,,0.0,1.0,1.6666666666666667,-1.0,0.4380341880341881,0.2990460763406027,0.025641025641025644,0.04441155916843293,0.1581196581196581,0.07727838170950907,0.10042735042735042,0.13204713295282372,0.27991452991453,0.09340808971963419,0.42094017094017094,0.038639190854754445,0.05982905982905983,0.08242436547857228,0.025641025641025644,0.04441155916843275,0.4729059829059828,0.06888819961055798,25.8,12.437845472588894,11.4,2.2,2.6,1.8,6.0,1.4,0.2,1.4,3.8,10.8,,2.0,2.6,,0.0,2.2,2.0,-4.8,0.44842657342657344,0.2405719055650918,0.06500582750582751,0.07684028288748043,0.12555361305361307,0.0712417354272572,0.08525641025641026,0.10537026541516381,0.2546911421911422,0.10064456443042293,0.4133595571095571,0.09596088681521675,0.09726107226107225,0.0801722701468219,0.039816433566433565,0.04251894625775631,0.49597086247086253,0.08455082071752677,29.9,9.882082551545285,16.9,3.3,3.7,3.0,8.0,1.5,0.2,1.4,5.9,13.4,,2.1,2.4,,0.4,2.9,2.5,5.7,0.5497110255386995,0.23355694220765022,0.09829740093959109,0.06421695534608014,0.13457092662313375,0.05600233706625224,0.10314967736444818,0.0867218086118486,0.27236707817140754,0.09595619847277938,0.44009247818140007,0.1148960302747971,0.08023930958990382,0.06442150829187218,0.0433542434550499,0.04808748708058086,0.5187520178560077,0.10836897706894405,,True,True,DAL,True,11.621012687683105,2.1161075,2.5166917,16.253811836242676,1.9974476099014282,0.79114795,0.19686812,1.5092897,11.54,3.7133333333333334,2.066666666666667,1.3133333333333332,17.32,0.66,0.19333333333333333,1.3866666666666667,4.867073042394165,2.030883770403636,1.521694961401777,1.114370774124224,5.313278962498895,0.7556895306054376,0.41144730997891926,1.1359968701052345
4398915,Naz Hillmon,ATL,2026-05-22,1.0,19.0,0.0,0.0,51.0,0,1,1,0,1,0,0,0,0,1,,0,0,,1,0,0,-5.0,10.0,0.0,0.1,0.1,0.0,0.1,0.1,0.0,0.0,0.1,0.0,26.333333333333332,15.176736583776282,5.666666666666667,6.0,1.6666666666666667,0.6666666666666666,3.3333333333333335,0.0,0.0,1.0,2.3333333333333335,6.666666666666667,,0.3333333333333333,0.6666666666666666,,0.6666666666666666,5.333333333333333,3.0,-6.0,0.16695402298850562,0.14680589858346366,0.19712643678160915,0.08422432910953724,0.07614942528735633,0.04433024285998626,0.016666666666666666,0.028867513459481287,0.12097701149425288,0.019282872494031746,0.22643678160919542,0.14151941473987056,0.01666666666666666,0.02886751345948135,0.03132183908045977,0.034914679994411606,0.2650919540229885,0.17484137989974707,27.8,11.122050170719424,8.0,6.2,1.8,1.0,3.2,0.2,0.6,1.0,3.0,6.2,,1.0,1.4,,1.4,4.8,3.4,0.6,0.24899396261465223,0.1725024135865446,0.20245094624404966,0.0744313146061035,0.07127888076163938,0.037280546160413486,0.029528619528619526,0.028218521569788567,0.11164344595379079,0.0250400775257005,0.2079159410193893,0.10568162975989444,0.040303030303030306,0.06583154616258155,0.030914315569487975,0.032695040200721025,0.2565635899222106,0.14139659653071138,30.5,8.086339647138796,9.8,6.3,2.7,1.7,4.3,0.5,0.6,1.0,3.7,7.6,,0.7,0.9,,1.2,5.1,2.5,9.2,0.2964495956864111,0.16068344482842745,0.19724262998476993,0.05818726968336109,0.08951198940042754,0.04148258102341086,0.04960908100613983,0.043939700738885666,0.13639361840173198,0.039472052319078584,0.23901107508485803,0.10277547264422447,0.026818181818181817,0.050231836764671335,0.03131500092199889,0.03066628744451609,0.28212607600685696,0.1211742316664903,,True,True,DAL,True,5.075838565826416,4.325068,1.4828238,10.883730411529541,0.6803162693977356,0.579993,0.41509283,1.0974181,8.38,5.76,1.9066666666666667,0.8933333333333333,16.046666666666667,0.5533333333333333,0.4066666666666667,1.2,4.282787254425167,2.481075035812769,1.4205476252331548,0.987567156647531,5.284362675752763,0.7705986129122101,0.6642957841872014,1.0392304845413265
4433402,Angel Reese,ATL,2026-05-22,1.0,19.0,0.0,0.0,49.0,10,4,0,0,0,2,0,2,3,7,,4,6,,3,1,3,-9.0,11.0,0.9090909090909091,0.36363636363636365,0.0,0.0,0.0,0.6363636363636364,0.5454545454545454,0.18181818181818182,1.0581818181818183,0.0,8.0,7.000000000000001,6.0,3.6666666666666665,0.6666666666666666,0.0,0.3333333333333333,1.6666666666666667,0.0,0.6666666666666666,1.6666666666666667,4.666666666666667,,2.6666666666666665,4.666666666666667,,1.6666666666666667,2.0,1.3333333333333333,1.6666666666666667,0.7622377622377623,0.207681711956888,0.451048951048951,0.12362006664100478,0.07692307692307693,0.10878565864408424,0.0,0.0,0.038461538461538464,0.05439282932204212,0.5874125874125874,0.0692272373189627,0.5804195804195804,0.04944802665640198,0.09090909090909088,0.128564869306645,0.9337062937062938,0.17603497489679099,4.8,6.610597552415364,3.6,2.2,0.4,0.0,0.2,1.0,0.0,0.4,1.0,2.8,,1.6,2.8,,1.0,1.2,0.8,1.0,0.7622377622377623,0.207681711956888,0.451048951048951,0.12362006664100478,0.07692307692307693,0.10878565864408424,0.0,0.0,0.038461538461538464,0.05439282932204212,0.5874125874125874,0.0692272373189627,0.5804195804195804,0.04944802665640198,0.09090909090909091,0.128564869306645,0.9337062937062938,0.17603497489679099,15.6,15.756480148391857,8.1,7.1,1.6,0.0,0.3,1.4,0.4,1.9,2.4,5.9,,3.3,5.1,,2.9,4.2,1.9,1.7,0.5781901593393529,0.209698702201248,0.45306870004450656,0.1147061264596872,0.09641442000312968,0.056146475233904675,0.0,0.0,0.02357320099255583,0.03672959525616358,0.42515703654816556,0.13566684621735992,0.3839746828658119,0.17675779215969475,0.11740525349396318,0.0697977152667387,0.7115111505030859,0.21702033830434425,,True,True,DAL,True,7.179748058319092,5.253447,1.1558483,13.589043378829956,0.0,0.6479962,0.53637344,1.2774427,3.6933333333333334,4.626666666666667,0.9933333333333333,0.11333333333333333,9.313333333333333,0.4533333333333333,0.26666666666666666,0.86,3.035230176151756,2.0576577838784456,1.0165081843688661,0.374818474583216,3.8594242518224857,0.7881342243270213,0.5249338582674541,0.9524004759903613
4433431,Te-Hina Paopao,ATL,2026-05-22,1.0,19.0,0.0,0.0,51.0,8,2,0,2,2,0,0,1,3,4,,0,0,,0,2,0,-8.0,9.0,0.8888888888888888,0.2222222222222222,0.0,0.2222222222222222,0.2222222222222222,0.4444444444444444,0.0,0.1111111111111111,0.5555555555555556,0.0,14.0,8.660254037844387,9.0,2.6666666666666665,1.6666666666666667,1.6666666666666667,3.0,0.0,0.0,1.0,3.6666666666666665,6.0,,0.0,0.0,,0.0,2.6666666666666665,1.0,-2.3333333333333335,0.699074074074074,0.1758649991965055,0.22685185185185186,0.1042437986036824,0.0925925925925926,0.08486251286955258,0.11574074074074074,0.11140008718070338,0.24074074074074073,0.08486251286955258,0.5046296296296297,0.24858136590108887,0.0,0.0,0.08796296296296295,0.040093768693723976,0.5925925925925927,0.27962349760262045,12.4,7.092249290598854,8.0,2.0,1.0,1.6,2.8,0.2,0.2,1.2,3.2,5.2,,0.0,0.0,,0.2,1.8,1.0,-0.8,0.6432539682539683,0.2165354419757777,0.18373015873015872,0.10026812756249058,0.05555555555555556,0.07856742013183846,0.1123015873015873,0.10939361366647657,0.21587301587301586,0.14388956740837575,0.45515873015873015,0.1913607931024805,0.0,0.0,0.11468253968253968,0.04704515288183242,0.5698412698412698,0.20174971585061754,16.5,7.6775285375206845,6.6,1.9,2.2,1.2,3.3,0.5,0.3,1.2,2.7,5.7,,0.0,0.0,,0.1,1.8,1.4,2.5,0.45389848950332823,0.2529887550278608,0.13588773681515615,0.08670558203099998,0.10909690220174091,0.09419933621325291,0.07882936507936508,0.0829348228354671,0.20251792114695338,0.10611648946332743,0.37976638504864313,0.15084403410345507,0.0,0.0,0.08712621607782897,0.05835118163286617,0.4668926011264721,0.1793498555935616,,True,True,DAL,True,6.133219242095947,1.885842,1.9371073,9.956168532371521,0.8699930906295776,0.60143113,0.19165257,1.2240834,7.14,3.02,1.4466666666666668,0.8666666666666667,11.606666666666667,0.49333333333333335,0.14,1.0866666666666667,4.0480942018024555,1.8528176740665372,1.2029777868088651,0.8768630958643936,4.559088602877651,0.7187643718369896,0.3656956840507327,1.045221932839571
5017721,Sika Kone,ATL,2026-05-22,1.0,19.0,0.0,0.0,43.0,4,2,0,0,1,0,0,0,2,4,,0,0,,1,1,1,1.0,11.0,0.36363636363636365,0.18181818181818182,0.0,0.0,0.09090909090909091,0.36363636363636365,0.0,0.0,0.36363636363636365,0.0,12.0,12.52996408614167,5.0,2.6666666666666665,0.3333333333333333,0.0,0.3333333333333333,0.0,0.0,0.0,1.6666666666666667,3.3333333333333335,,1.6666666666666667,2.6666666666666665,,0.6666666666666666,2.0,1.3333333333333333,0.0,0.40181818181818185,0.05399724510879092,0.2109090909090909,0.041140758178126395,0.02,0.0282842712474619,0.0,0.0,0.045454545454545456,0.0642824346533225,0.3018181818181818,0.08742411112851861,0.16,0.2262741699796952,0.0,0.0,0.3722181818181818,0.012136523662547243,7.6,10.714476188783099,3.0,1.8,0.2,0.0,0.2,0.0,0.0,0.4,1.0,2.2,,1.0,1.6,,0.6,1.2,1.0,-0.4,0.20090909090909093,0.2340751686382021,0.35545454545454547,0.44168847079605755,0.01,0.02,0.0,0.0,0.022727272727272728,0.04545454545454545,0.4009090909090909,0.4269734606367875,0.08,0.16,0.5,0.5773502691896257,0.9361090909090909,0.7685568997864546,4.5,7.877534865397649,1.9,1.0,0.2,0.0,0.2,0.0,0.0,0.2,0.5,1.4,,0.9,1.2,,0.3,0.7,0.6,-0.1,0.5337373737373737,1.311580685082034,0.195016835016835,0.3277737155590213,0.04148148148148148,0.11024103782055522,0.0,0.0,0.04713804713804713,0.1114549317712825,0.28929292929292927,0.4237655328286981,0.48000000000000004,1.324235628579748,0.2222222222222222,0.44095855184409843,0.7227151515151515,0.764361280162444,,True,True,DAL,True,4.024438858032227,2.3721204,0.09006858,6.486627817153931,0.0,0.10460171,0.1804762,0.58990514,2.513333333333333,2.5866666666666664,0.26,0.04666666666666667,5.36,0.18,0.13333333333333333,0.5666666666666667,2.459638636511921,1.625573403107005,0.482078831727758,0.25,2.9939494540378155,0.4174525921187539,0.39440531887330776,0.786694914747063
5105740,Indya Nivar,ATL,2026-05-22,1.0,19.0,0.0,0.0,3.0,4,2,0,0,1,0,0,2,1,3,,2,2,,1,1,3,3.0,14.0,0.2857142857142857,0.14285714285714285,0.0,0.0,0.07142857142857142,0.21428571428571427,0.14285714285714285,0.14285714285714285,0.42,0.0,16.0,2.8284271247461903,5.5,2.0,1.0,0.5,1.0,0.0,0.0,2.0,2.0,4.0,,1.0,1.5,,1.0,1.0,3.5,-1.0,0.3373015873015873,0.07295546155099303,0.12698412698412698,0.02244783432338246,0.05555555555555555,0.07856742013183861,0.027777777777777776,0.039283710065919304,0.06349206349206349,0.01122391716169123,0.24603174603174605,0.04489566864676495,0.0992063492063492,0.061731544389301764,0.12698412698412698,0.02244783432338246,0.41666666666666663,0.004714045207910328,16.0,2.8284271247461903,5.5,2.0,1.0,0.5,1.0,0.0,0.0,2.0,2.0,4.0,,1.0,1.5,,1.0,1.0,3.5,-1.0,0.3373015873015873,0.07295546155099303,0.12698412698412698,0.02244783432338246,0.05555555555555555,0.07856742013183861,0.027777777777777776,0.039283710065919304,0.06349206349206349,0.01122391716169123,0.24603174603174605,0.04489566864676495,0.0992063492063492,0.061731544389301764,0.12698412698412698,0.02244783432338246,0.41666666666666663,0.004714045207910328,16.0,2.8284271247461903,5.5,2.0,1.0,0.5,1.0,0.0,0.0,2.0,2.0,4.0,,1.0,1.5,,1.0,1.0,3.5,-1.0,0.3373015873015873,0.07295546155099303,0.12698412698412698,0.02244783432338246,0.05555555555555555,0.07856742013183861,0.027777777777777776,0.039283710065919304,0.06349206349206349,0.01122391716169123,0.24603174603174605,0.04489566864676495,0.0992063492063492,0.061731544389301764,0.12698412698412698,0.02244783432338246,0.41666666666666663,0.004714045207910328,,True,True,DAL,True,5.839611053466797,2.4071577,0.9524007,9.199169397354126,0.38337650895118713,0.3508988,0.0990577,1.3568337,6.166666666666667,3.38,1.22,0.52,10.766666666666667,0.32,0.12,1.0266666666666666,3.5410293544234968,1.9720378630577386,1.1824832627427193,0.718516991216399,4.207004740773285,0.5576139644353728,0.38157568056677826,0.8940295794261445
5108587,Madina Okot,ATL,2026-05-22,1.0,19.0,0.0,0.0,3.0,9,6,1,1,3,1,2,5,3,6,,2,4,,2,4,3,3.0,21.0,0.42857142857142855,0.2857142857142857,0.047619047619047616,0.047619047619047616,0.14285714285714285,0.2857142857142857,0.19047619047619047,0.23809523809523808,0.6076190476190476,0.0,22.0,1.4142135623730951,11.5,8.5,0.5,0.5,2.5,1.0,1.0,3.5,4.0,10.0,,3.0,5.0,,1.0,7.5,2.5,1.5,0.5186335403726708,0.1273670599652788,0.38198757763975155,0.136150995135298,0.023809523809523808,0.03367175148507369,0.023809523809523808,0.03367175148507369,0.11490683229813664,0.0395277082650865,0.4472049689440994,0.22838231442049986,0.22567287784679088,0.04977563263010894,0.16252587991718426,0.10687121123523388,0.7090269151138717,0.14341238154251396,22.0,1.4142135623730951,11.5,8.5,0.5,0.5,2.5,1.0,1.0,3.5,4.0,10.0,,3.0,5.0,,1.0,7.5,2.5,1.5,0.5186335403726708,0.1273670599652788,0.38198757763975155,0.136150995135298,0.023809523809523808,0.03367175148507369,0.023809523809523808,0.03367175148507369,0.11490683229813664,0.0395277082650865,0.4472049689440994,0.22838231442049986,0.22567287784679088,0.04977563263010894,0.16252587991718426,0.10687121123523388,0.7090269151138717,0.14341238154251396,22.0,1.4142135623730951,11.5,8.5,0.5,0.5,2.5,1.0,1.0,3.5,4.0,10.0,,3.0,5.0,,1.0,7.5,2.5,1.5,0.5186335403726708,0.1273670599652788,0.38198757763975155,0.136150995135298,0.023809523809523808,0.03367175148507369,0.023809523809523808,0.03367175148507369,0.11490683229813664,0.0395277082650865,0.4472049689440994,0.22838231442049986,0.22567287784679088,0.04977563263010894,0.16252587991718426,0.10687121123523388,0.7090269151138717,0.14341238154251396,,True,True,DAL,True,12.13526725769043,7.169637,0.68869776,19.993602216243744,0.445454865694046,0.6981179,0.9191338,1.7641764,8.533333333333333,6.706666666666667,0.8466666666666667,0.7,16.086666666666666,0.62,0.5066666666666667,1.32,3.906689419728963,2.614183535170313,0.8464566668701292,0.7895146188218007,5.043724373472004,0.7542766954727776,0.7187643718369896,1.1737120600896969
5208983,Isobel Borlase,ATL,2026-05-22,1.0,19.0,0.0,0.0,3.0,2,1,2,0,2,2,1,1,1,4,,0,0,,0,1,0,-7.0,14.0,0.14285714285714285,0.07142857142857142,0.14285714285714285,0.0,0.14285714285714285,0.2857142857142857,0.0,0.07142857142857142,0.35714285714285715,0.0,19.0,7.0710678118654755,7.5,1.0,2.5,0.0,3.0,1.0,1.0,2.5,2.5,9.0,,2.5,2.5,,0.0,1.0,0.5,2.0,0.34226190476190477,0.28200091868749216,0.05654761904761904,0.021044844678171058,0.13392857142857142,0.012626906806902628,0.0,0.0,0.15476190476190477,0.016835875742536855,0.43452380952380953,0.21044844678171062,0.10416666666666667,0.1473139127471974,0.11904761904761904,0.06734350297014738,0.5994047619047619,0.34261007136062477,19.0,7.0710678118654755,7.5,1.0,2.5,0.0,3.0,1.0,1.0,2.5,2.5,9.0,,2.5,2.5,,0.0,1.0,0.5,2.0,0.34226190476190477,0.28200091868749216,0.05654761904761904,0.021044844678171058,0.13392857142857142,0.012626906806902628,0.0,0.0,0.15476190476190477,0.016835875742536855,0.43452380952380953,0.21044844678171062,0.10416666666666667,0.1473139127471974,0.11904761904761904,0.06734350297014738,0.5994047619047619,0.34261007136062477,19.0,7.0710678118654755,7.5,1.0,2.5,0.0,3.0,1.0,1.0,2.5,2.5,9.0,,2.5,2.5,,0.0,1.0,0.5,2.0,0.34226190476190477,0.28200091868749216,0.05654761904761904,0.021044844678171058,0.13392857142857142,0.012626906806902628,0.0,0.0,0.15476190476190477,0.016835875742536855,0.43452380952380953,0.21044844678171062,0.10416666666666667,0.1473139127471974,0.11904761904761904,0.06734350297014738,0.5994047619047619,0.34261007136062477,,True,True,DAL,True,10.573541641235352,1.6094414,2.7037292,14.886712193489075,0.9930579662322998,0.9847386,0.6819266,1.5003444,8.88,2.6266666666666665,2.1333333333333333,0.6533333333333333,13.64,0.7,0.44,1.32,4.4300790060674995,1.610576156397317,1.4817407180595246,0.774481905677739,5.071856990623191,0.8621678104251708,0.6162250671088716,1.1793783673331188
2490553,Brittney Griner,CON,2026-05-22,0.0,7.0,1.0,1.0,49.0,0,0,0,0,0,0,0,0,0,0,,0,0,,0,0,0,0.0,0.0,,,,,,,,,,0.0,12.333333333333334,10.969655114602887,7.666666666666667,3.0,1.0,0.6666666666666666,1.0,0.3333333333333333,0.3333333333333333,0.0,3.3333333333333335,5.333333333333333,,0.3333333333333333,1.6666666666666667,,1.0,2.0,0.6666666666666666,-3.6666666666666665,0.5997023809523808,0.2293888069920642,0.25148809523809523,0.08628386318050157,0.08630952380952381,0.05471659616324474,0.047619047619047616,0.06734350297014738,0.07886904761904762,0.023149329145988173,0.4330357142857142,0.006313453403452282,0.15625,0.2209708691207961,0.0,0.0,0.5017857142857142,0.10354063581660132,12.2,8.25832912882503,7.0,2.0,1.2,0.4,0.6,0.2,0.4,0.4,3.0,5.4,,0.6,1.6,,0.6,1.4,1.2,-2.0,0.5654761904761905,0.1579905885712737,0.14136904761904762,0.13892785734504517,0.1056547619047619,0.03869047619047619,0.023809523809523808,0.047619047619047616,0.03943452380952381,0.0474560080925654,0.4508928571428572,0.033007549126217235,0.140625,0.12884705080055187,0.03125,0.0625,0.5440178571428571,0.08125680243633002,13.7,6.583649781424008,7.6,2.9,1.0,0.2,0.4,0.1,1.2,0.5,3.4,6.4,,0.6,1.3,,1.0,1.9,1.1,2.2,0.5242504409171076,0.20056993882629115,0.2050705467372134,0.1307436599884678,0.07848324514991183,0.054708601336176464,0.010582010582010581,0.031746031746031744,0.02546296296296296,0.039120524113353865,0.4704144620811288,0.04316142582698392,0.09071869488536155,0.10463696637799774,0.03364197530864197,0.052712760472186246,0.5439726631393298,0.07388989171986601,,True,True,SEA,False,6.140926837921143,2.78875,0.50755894,9.437235713005066,0.0,0.46517634,0.6910471,0.67695385,4.423,2.8015,0.6485,0.2485,7.873,0.2535,0.262,0.535,3.1080654755007977,1.6401517460283972,0.8129869310142692,0.5106346541315033,3.590246648908679,0.4880960458762189,0.5294865437383655,0.7353740544783994
3922628,Kennedy Burke,CON,2026-05-22,0.0,7.0,1.0,1.0,50.0,11,3,3,1,5,4,1,3,5,12,,0,0,,1,2,4,-19.0,24.0,0.4583333333333333,0.125,0.125,0.041666666666666664,0.20833333333333334,0.5,0.0,0.125,0.625,0.0,23.0,1.7320508075688772,9.0,2.6666666666666665,3.3333333333333335,1.6666666666666667,5.333333333333333,1.3333333333333333,0.6666666666666666,2.3333333333333335,3.6666666666666665,9.0,,0.0,0.0,,0.3333333333333333,2.3333333333333335,1.6666666666666667,-3.0,0.40079365079365087,0.2519997495469607,0.1150793650793651,0.01718304372588172,0.14484126984126985,0.020904074906453848,0.0753968253968254,0.05842234866799784,0.23214285714285718,0.021461614734904415,0.3908730158730158,0.1045203745322692,0.0,0.0,0.10317460317460318,0.054010545987365856,0.49404761904761907,0.14809351553124678,21.2,3.271085446759223,8.2,2.2,2.2,1.2,5.0,1.0,0.8,2.2,3.2,8.2,,0.6,0.8,,0.2,2.0,1.6,-9.2,0.39166666666666666,0.17864085951803524,0.1005952380952381,0.025979943860470395,0.09642857142857142,0.06997529528421711,0.057738095238095234,0.052721431313346286,0.23392857142857143,0.03797413787556342,0.38273809523809527,0.08526668847366661,0.044047619047619044,0.06122567081249424,0.10892857142857142,0.06298001608688152,0.5110476190476191,0.1080646327556234,19.6,3.977715704047024,6.3,3.0,1.5,0.8,3.6,0.6,0.4,1.7,2.5,6.5,,0.5,0.6,,0.7,2.3,1.4,-3.9,0.3023809523809524,0.2139694903642862,0.15940476190476188,0.09246661876477298,0.06755952380952382,0.06105907003888616,0.037797619047619045,0.04410054199477376,0.17851190476190476,0.07037385431662939,0.3238095238095238,0.10642210543430004,0.030357142857142853,0.04991568224353184,0.08922619047619047,0.06571652021544129,0.4263928571428572,0.13582614032028537,,True,True,SEA,False,10.06602355177002,3.6718833,2.4029763,16.140883170910644,0.9727773476974487,1.0427635,0.53906727,1.5364313,8.72,3.8225,2.0135,0.848,14.556,0.8095,0.367,1.202,4.574450786706532,1.8737645930052151,1.4008275232875746,0.9246058619757934,5.103808773847233,0.8978918364702957,0.6068863155484724,1.0859079150646245
4398966,Olivia Nelson-Ododa,CON,2026-05-22,0.0,7.0,1.0,1.0,49.0,0,0,0,0,0,0,0,0,0,0,,0,0,,0,0,0,0.0,0.0,,,,,,,,,,0.0,8.666666666666666,7.571877794400366,4.0,2.6666666666666665,0.0,0.0,0.0,0.3333333333333333,0.3333333333333333,2.3333333333333335,1.6666666666666667,2.6666666666666665,,0.6666666666666666,2.6666666666666665,,1.3333333333333333,1.3333333333333333,2.3333333333333335,-2.0,0.4464285714285715,0.277791949751858,0.3095238095238095,0.03367175148507371,0.0,0.0,0.0,0.0,0.0,0.0,0.29166666666666663,0.2946278254943948,0.3214285714285714,0.25253813613805265,0.2738095238095238,0.08417937871268422,0.7069047619047619,0.09933166688096724,5.2,7.155417527999327,2.4,1.6,0.0,0.0,0.0,0.2,0.2,1.4,1.0,1.6,,0.4,1.6,,0.8,0.8,1.4,-1.2,0.4464285714285715,0.277791949751858,0.30952380952380953,0.03367175148507371,0.0,0.0,0.0,0.0,0.0,0.0,0.2916666666666667,0.2946278254943948,0.3214285714285714,0.25253813613805265,0.2738095238095238,0.08417937871268422,0.7069047619047619,0.09933166688096724,5.1,6.6072350915913045,2.2,1.3,0.1,0.0,0.0,0.2,0.1,0.9,0.8,1.5,,0.6,1.2,,0.6,0.7,1.0,-0.6,0.41872710622710624,0.2455685585160777,0.2541208791208791,0.07180133471197206,0.019230769230769232,0.03846153846153846,0.0,0.0,0.0,0.0,0.28685897435897434,0.1752690396164777,0.23763736263736263,0.21540400413591695,0.17696886446886445,0.12195513751678076,0.5683882783882784,0.17025744789413108,,True,True,SEA,False,3.4566755294799805,2.000489,0.28099096,5.738155484199524,0.0,0.09089723,0.30318248,0.58057064,2.9220361709594727,2.0725741386413574,0.22318875789642334,-0.0004165768623352051,5.217799186706543,0.09089723229408264,0.3031824827194214,0.580570638179779,7.5,3.0,2.5,1.3,9.0,1.2,1.3,1.5
4433408,Aaliyah Edwards,CON,2026-05-22,0.0,7.0,1.0,1.0,49.0,6,3,0,0,0,1,0,2,3,5,,0,0,,1,2,3,-18.0,17.0,0.35294117647058826,0.17647058823529413,0.0,0.0,0.0,0.29411764705882354,0.0,0.11764705882352941,0.4117647058823529,0.0,11.333333333333334,9.814954576223638,6.666666666666667,2.6666666666666665,0.0,0.0,0.3333333333333333,0.3333333333333333,0.0,1.0,3.0,4.333333333333333,,0.6666666666666666,0.6666666666666666,,1.0,1.6666666666666667,1.3333333333333333,-6.666666666666667,0.5882352941176471,0.33275613232308116,0.23529411764705888,0.08318903308077029,0.0,0.0,0.0,0.0,0.029411764705882353,0.04159451654038515,0.38235294117647056,0.12478354962115541,0.058823529411764705,0.0831890330807703,0.08823529411764705,0.04159451654038515,0.49647058823529405,0.11979220763630924,14.4,8.590692637965812,5.4,4.2,0.2,0.0,0.4,1.6,0.0,0.8,2.2,4.8,,1.0,1.2,,1.4,2.8,1.4,-9.2,0.3875959079283887,0.30115973691188574,0.28793691389599324,0.0776970423425327,0.010869565217391304,0.021739130434782563,0.0,0.0,0.03137254901960784,0.03636713135488511,0.3339300937766411,0.09248415674213735,0.08448422847399831,0.0595250800284656,0.0607843137254902,0.04818904206840983,0.43188746803069056,0.10368838113054504,16.8,8.066391179868893,5.0,4.2,0.5,0.0,0.2,1.0,0.3,1.1,2.0,4.3,,1.0,1.5,,1.4,2.8,1.5,-9.9,0.2908947560717651,0.24668379812739244,0.24075391661877057,0.07747677651040281,0.024672187715665976,0.033588104726516806,0.0,0.0,0.013943355119825708,0.027737379312317574,0.24379070723127796,0.13354091144090852,0.08572454153286028,0.12295150027916565,0.07066604419545595,0.0500348601844097,0.35217554970119247,0.13921570909216152,,True,True,SEA,False,5.8212690353393555,4.0493135,1.075978,10.946560621261597,0.17119714617729187,0.592003,0.37472862,0.9464096,5.031,4.035,0.873,0.3275,9.939,0.313,0.2035,0.7455,3.241919030450946,1.992680355701837,0.9087744494647723,0.5650165926767107,3.9564225001887756,0.5665959759828868,0.45396888659907075,0.869327182365765
4433412,Hailey Van Lith,CON,2026-05-22,0.0,7.0,1.0,1.0,49.0,17,1,4,3,4,0,0,1,7,11,,0,0,,1,0,1,-4.0,22.0,0.7727272727272727,0.045454545454545456,0.18181818181818182,0.13636363636363635,0.18181818181818182,0.5,0.0,0.045454545454545456,0.5454545454545454,0.0,21.0,3.6055512754639856,14.0,1.0,4.333333333333333,1.3333333333333333,2.0,0.6666666666666666,0.0,0.6666666666666666,5.666666666666667,8.333333333333334,,1.3333333333333333,1.6666666666666667,,0.3333333333333333,0.6666666666666666,1.3333333333333333,1.0,0.7191770647653001,0.4862850549439638,0.04864824717765894,0.009013283687740936,0.20276292335115867,0.04099579547988208,0.06506238859180036,0.06839556165044446,0.0941027926322044,0.07644659318667607,0.40686274509803916,0.13664078298790544,0.0923202614379085,0.1255594299416172,0.029040404040404044,0.025220939842724974,0.476524064171123,0.14492443310030748,12.6,11.781341180018511,8.4,0.6,2.6,0.8,1.2,0.4,0.0,0.4,3.4,5.0,,0.8,1.0,,0.2,0.4,0.8,0.6,0.7191770647653001,0.4862850549439638,0.04864824717765894,0.009013283687740936,0.20276292335115867,0.04099579547988208,0.06506238859180036,0.06839556165044446,0.0941027926322044,0.07644659318667607,0.40686274509803927,0.13664078298790544,0.0923202614379085,0.1255594299416172,0.02904040404040406,0.025220939842724974,0.476524064171123,0.14492443310030748,6.3,10.285372569279586,4.2,0.3,1.3,0.4,0.6,0.2,0.0,0.2,1.7,2.5,,0.4,0.5,,0.1,0.2,0.4,0.3,0.7191770647653001,0.4862850549439639,0.04864824717765894,0.00901328368774092,0.20276292335115864,0.040995795479882184,0.06506238859180036,0.06839556165044446,0.0941027926322044,0.07644659318667607,0.40686274509803927,0.13664078298790616,0.0923202614379085,0.12555942994161717,0.02904040404040405,0.025220939842724974,0.476524064171123,0.14492443310030767,,True,True,SEA,False,8.091153144836426,2.3545282,2.7009783,13.14665961265564,0.6343432664871216,0.80255604,0.23576695,1.5068638,7.316,2.4155,1.6095,0.739,11.341,0.4,0.1485,0.9605,4.1808066207372,1.5753919353608488,1.2222969156469308,0.8484568344942481,4.593443044166325,0.6276941930590088,0.39172407380706137,1.0049575861696851
4433514,Saniya Rivers,CON,2026-05-22,0.0,7.0,1.0,1.0,50.0,14,4,7,2,6,2,1,1,5,12,,2,2,,0,4,3,-2.0,29.0,0.4827586206896552,0.13793103448275862,0.2413793103448276,0.06896551724137931,0.20689655172413793,0.41379310344827586,0.06896551724137931,0.034482758620689655,0.47862068965517246,0.0,25.333333333333332,3.2145502536643145,6.666666666666667,2.3333333333333335,4.666666666666667,0.6666666666666666,3.3333333333333335,1.3333333333333333,1.0,2.3333333333333335,2.3333333333333335,8.0,,1.3333333333333333,1.3333333333333333,,0.0,2.3333333333333335,2.3333333333333335,-2.3333333333333335,0.24425287356321843,0.24143061852063177,0.08824754289521906,0.04741775724894508,0.1794935865400633,0.056573575666800824,0.022988505747126436,0.03981725994411212,0.1263326669998334,0.08269128879983458,0.30822088955522237,0.0915896070616871,0.05076628352490422,0.04454795384763788,0.09724304514409464,0.07074822362335105,0.4278010994502748,0.05464585673954437,28.2,5.167204273105521,10.4,2.8,4.2,1.0,4.0,1.0,0.8,2.2,4.2,11.4,,1.0,1.0,,0.4,2.4,2.6,-8.6,0.34578544061302685,0.22341017195045465,0.09720139930034984,0.040585183485998065,0.14926703315009165,0.06264605305306231,0.03314176245210728,0.03461288771127758,0.1380601365983675,0.061784220602709404,0.3910628019323671,0.1399075382211691,0.03601532567049808,0.03868712167933547,0.08325004164584374,0.05377979855320318,0.4901595868732301,0.10648248107701223,27.2,4.131182235954577,10.1,2.8,3.0,1.5,4.3,1.0,0.8,2.1,3.8,10.5,,1.0,1.0,,0.6,2.2,1.9,-7.3,0.3614181948319879,0.18423552842815544,0.10107222812170338,0.05042869281492261,0.10628919423072347,0.07460006569287346,0.05516761782279023,0.05209886831014168,0.1586111538802693,0.07072643842596563,0.38319806763285025,0.12371588105009323,0.03738828221586842,0.03586823379889893,0.08110753830543935,0.05261169880816051,0.4807564501132718,0.12372206214137062,,True,True,SEA,False,10.680583000183105,3.2073545,3.309905,17.197842597961426,1.3403903245925903,1.0134803,0.68614805,1.9279243,12.2945,4.291,2.876,1.323,19.4615,0.711,0.418,1.274,5.37268738621558,2.0472711105273773,1.6818513608520822,1.1312254417223828,5.966952132370428,0.8470413213061097,0.6405279072764902,1.1072145230261388
4433635,Diamond Miller,CON,2026-05-22,0.0,7.0,1.0,1.0,50.0,10,3,0,2,4,1,0,0,3,10,,2,2,,1,2,3,-6.0,15.0,0.6666666666666666,0.2,0.0,0.13333333333333333,0.26666666666666666,0.6666666666666666,0.13333333333333333,0.0,0.7253333333333334,0.0,16.333333333333332,1.5275252316519519,8.0,2.6666666666666665,1.3333333333333333,0.6666666666666666,2.0,0.6666666666666666,0.3333333333333333,1.0,2.3333333333333335,6.333333333333333,,2.6666666666666665,2.6666666666666665,,0.6666666666666666,2.0,3.0,-8.333333333333334,0.4953703703703704,0.15235632103615118,0.16851851851851854,0.10097263614974511,0.07638888888888888,0.08419691425682041,0.044444444444444446,0.0769800358919501,0.12824074074074074,0.11993064267941676,0.40277777777777773,0.2511547405559045,0.16018518518518518,0.05388697972944985,0.05555555555555556,0.09622504486493758,0.5288148148148148,0.17019093610562913,15.6,4.827007354458869,6.2,3.2,1.2,0.6,2.4,0.6,0.4,1.0,1.8,5.6,,2.0,2.0,,0.6,2.6,2.8,-3.2,0.41031746031746036,0.17154037175942252,0.19277777777777777,0.10782644949119191,0.06488095238095237,0.07019015716797689,0.05166666666666666,0.07080881928749334,0.18051587301587302,0.13802811495859246,0.3738095238095238,0.1846869478536133,0.11515873015873015,0.07991890100734128,0.08333333333333333,0.11785113019775782,0.5078126984126984,0.16236978751047115,16.1,6.505553183413553,5.4,2.9,1.3,0.3,2.1,0.5,0.4,1.0,2.0,6.2,,1.1,1.5,,0.8,2.1,2.2,-6.1,0.31082375478927204,0.2037975106973764,0.1776062347614072,0.08390574082464095,0.0785145170921033,0.08538478331151889,0.02583333333333333,0.05449685685805562,0.14362224461362394,0.1016336915492387,0.36144947007015976,0.16227380134773647,0.08352353585112204,0.07418142754297785,0.06761083743842364,0.08944116869413254,0.4658106632830771,0.17723181847672728,,True,True,SEA,False,6.663074024786377,3.0626817,1.2893436,11.015099295248413,0.7123529623017228,0.4743637,0.3523601,1.2302632,6.88,3.4745,0.842,0.658,11.1965,0.291,0.2175,0.8595,3.973361297440745,1.8117256276820726,0.9016850891525267,0.7899594926323754,4.530550490834419,0.5552648016937504,0.4518780255776995,0.9191081274801132
4684384,Aneesah Morrow,CON,2026-05-22,0.0,7.0,1.0,1.0,50.0,10,9,2,0,3,2,0,2,4,11,,2,2,,2,7,4,4.0,27.0,0.37037037037037035,0.3333333333333333,0.07407407407407407,0.0,0.1111111111111111,0.4074074074074074,0.07407407407407407,0.07407407407407407,0.5140740740740741,0.0,22.0,5.567764362830017,13.0,8.0,0.6666666666666666,0.3333333333333333,2.6666666666666665,2.0,0.3333333333333333,1.3333333333333333,5.0,10.666666666666666,,2.6666666666666665,3.0,,2.0,6.0,3.0,2.6666666666666665,0.59447128287708,0.28340279281124664,0.3792270531400965,0.1055917535961081,0.024691358024691357,0.042766686606638946,0.014492753623188406,0.02510218561694025,0.12218196457326892,0.009965292910214583,0.5098966720343531,0.15441682871289572,0.13248121309715513,0.1113380730827525,0.06001744498121309,0.015448244430267166,0.6282058507783146,0.1351872735995314,25.8,6.534523701081816,12.6,9.6,0.4,0.6,3.2,1.6,0.4,1.8,4.6,11.6,,2.8,4.0,,2.6,7.0,2.4,-3.8,0.5093037374681835,0.23339540628347324,0.38035881252921927,0.08942181413366113,0.014814814814814814,0.03312693299999688,0.02159887798036466,0.030496444151308574,0.12411563035686457,0.007661374767981217,0.47085735805932155,0.12287174902378072,0.1488435665679705,0.09815721636768923,0.06806691860163108,0.03789438183885544,0.6044154459508597,0.10123843188856678,22.8,8.12130257751523,9.7,8.9,0.7,0.3,2.3,1.1,0.3,1.1,3.4,8.9,,2.6,3.7,,2.3,6.6,2.1,-2.9,0.42950035358257654,0.18145081734948215,0.3809369820221854,0.12487208128354294,0.02695286195286195,0.03769544104163501,0.010799438990182328,0.023300956700726624,0.09569417881479593,0.0701423298092954,0.3869438305448123,0.13656411871891927,0.17942178328398523,0.1294072280981935,0.058578913846270085,0.063823269848851,0.5244683290360359,0.1315296546197599,,True,True,SEA,False,12.833077430725098,7.2167287,1.025493,21.0752991437912,0.8449782806738717,0.6875083,0.68029785,1.4816463,9.7935,7.8985,1.161,0.6605,18.853,0.718,0.321,1.2165,4.437776216755414,2.779064186016581,1.0733494305211142,0.7869178800866073,5.403738613219555,0.8339520369901376,0.554038807305048,1.0925327226220731
4703609,Charlisse Leger-Walker,CON,2026-05-22,0.0,7.0,1.0,1.0,4.0,10,1,4,1,1,1,0,0,3,5,,3,4,,0,1,0,-3.0,18.0,0.5555555555555556,0.05555555555555555,0.2222222222222222,0.05555555555555555,0.05555555555555555,0.2777777777777778,0.2222222222222222,0.0,0.37555555555555553,0.0,18.666666666666668,5.033222956847167,6.0,1.0,2.6666666666666665,0.3333333333333333,0.3333333333333333,0.6666666666666666,0.3333333333333333,2.6666666666666665,2.0,3.3333333333333335,,1.6666666666666667,2.3333333333333335,,0.0,1.0,1.6666666666666667,1.6666666666666667,0.2962962962962963,0.27962349760262034,0.0462962962962963,0.04243125643477629,0.12962962962962962,0.11564811108145182,0.018518518518518517,0.032075014954979206,0.018518518518518517,0.032075014954979206,0.17195767195767195,0.1032763031531383,0.11574074074074074,0.11140008718070338,0.14087301587301587,0.12203590725937921,0.3637566137566137,0.07286290625150639,18.666666666666668,5.033222956847167,6.0,1.0,2.6666666666666665,0.3333333333333333,0.3333333333333333,0.6666666666666666,0.3333333333333333,2.6666666666666665,2.0,3.3333333333333335,,1.6666666666666667,2.3333333333333335,,0.0,1.0,1.6666666666666667,1.6666666666666667,0.2962962962962963,0.27962349760262034,0.0462962962962963,0.04243125643477629,0.12962962962962962,0.11564811108145182,0.018518518518518517,0.032075014954979206,0.018518518518518517,0.032075014954979206,0.17195767195767195,0.1032763031531383,0.11574074074074074,0.11140008718070338,0.14087301587301587,0.12203590725937921,0.3637566137566137,0.07286290625150639,18.666666666666668,5.033222956847167,6.0,1.0,2.6666666666666665,0.3333333333333333,0.3333333333333333,0.6666666666666666,0.3333333333333333,2.6666666666666665,2.0,3.3333333333333335,,1.6666666666666667,2.3333333333333335,,0.0,1.0,1.6666666666666667,1.6666666666666667,0.2962962962962963,0.27962349760262034,0.0462962962962963,0.04243125643477629,0.12962962962962962,0.11564811108145182,0.018518518518518517,0.032075014954979206,0.018518518518518517,0.032075014954979206,0.17195767195767195,0.1032763031531383,0.11574074074074074,0.11140008718070338,0.14087301587301587,0.12203590725937921,0.3637566137566137,0.07286290625150639,,True,True,SEA,False,8.022760632659912,1.6987045,2.9221103,12.643575432922363,0.4582733610252086,0.69019616,0.2727602,1.6135378,6.8465,1.8825,2.0,0.6915,10.729,0.3795,0.1715,1.174,3.9347093602958783,1.3930878471941386,1.408190328045183,0.8290523204237474,4.386520146995794,0.5937000505305688,0.4231876061512199,1.0847690998548953
4898898,Gianna Kneepkens,CON,2026-05-22,0.0,7.0,1.0,1.0,4.0,3,3,0,0,2,0,0,2,1,5,,1,1,,2,1,2,-5.0,18.0,0.16666666666666666,0.16666666666666666,0.0,0.0,0.1111111111111111,0.2777777777777778,0.05555555555555555,0.1111111111111111,0.41333333333333333,0.0,16.0,2.6457513110645907,3.6666666666666665,2.3333333333333335,0.6666666666666666,0.6666666666666666,2.3333333333333335,0.6666666666666666,0.0,1.0,1.3333333333333333,5.0,,0.3333333333333333,1.0,,1.0,1.3333333333333333,2.0,-5.666666666666667,0.23051784816490697,0.06372586206275131,0.14605329311211665,0.02542197862261738,0.0392156862745098,0.06792356108113244,0.04524886877828055,0.04021807428649589,0.15317580023462377,0.06727729928974208,0.3248701189877661,0.1202492920402914,0.0698005698005698,0.07790603369729526,0.056644880174291944,0.055587585281799884,0.4122272498743087,0.11756046367645803,16.0,2.6457513110645907,3.6666666666666665,2.3333333333333335,0.6666666666666666,0.6666666666666666,2.3333333333333335,0.6666666666666666,0.0,1.0,1.3333333333333333,5.0,,0.3333333333333333,1.0,,1.0,1.3333333333333333,2.0,-5.666666666666667,0.23051784816490697,0.06372586206275131,0.14605329311211665,0.02542197862261738,0.0392156862745098,0.06792356108113244,0.04524886877828055,0.04021807428649589,0.15317580023462377,0.06727729928974208,0.3248701189877661,0.1202492920402914,0.0698005698005698,0.07790603369729526,0.056644880174291944,0.055587585281799884,0.4122272498743087,0.11756046367645803,16.0,2.6457513110645907,3.6666666666666665,2.3333333333333335,0.6666666666666666,0.6666666666666666,2.3333333333333335,0.6666666666666666,0.0,1.0,1.3333333333333333,5.0,,0.3333333333333333,1.0,,1.0,1.3333333333333333,2.0,-5.666666666666667,0.23051784816490697,0.06372586206275131,0.14605329311211665,0.02542197862261738,0.0392156862745098,0.06792356108113244,0.04524886877828055,0.04021807428649589,0.15317580023462377,0.06727729928974208,0.3248701189877661,0.1202492920402914,0.0698005698005698,0.07790603369729526,0.056644880174291944,0.055587585281799884,0.4122272498743087,0.11756046367645803,,True,True,SEA,False,4.596477586273194,2.6133227,0.8385217,8.04832204008484,0.36310499590401785,0.509447,0.13666838,1.0932984,5.5405,2.9015,0.919,0.611,9.361,0.422,0.11,0.88,3.645594567419696,1.7440750413901347,0.9774656004177333,0.7941530079273138,4.1332407382101515,0.6300126982847251,0.34044089061098404,0.9421252570651102
5105732,Raegan Beers,CON,2026-05-22,0.0,7.0,1.0,1.0,4.0,6,4,3,0,0,0,0,1,2,4,,2,2,,2,2,3,14.0,17.0,0.35294117647058826,0.23529411764705882,0.17647058823529413,0.0,0.0,0.23529411764705882,0.11764705882352941,0.058823529411764705,0.3458823529411765,0.0,14.0,3.0,5.0,3.0,2.0,0.3333333333333333,0.6666666666666666,0.6666666666666666,0.3333333333333333,1.6666666666666667,2.0,3.6666666666666665,,0.6666666666666666,0.6666666666666666,,1.6666666666666667,1.3333333333333333,2.6666666666666665,7.666666666666667,0.35790679908326967,0.005388363628596567,0.22994652406417113,0.2273199070249442,0.14323911382734913,0.062247206274554386,0.023809523809523808,0.041239304942116126,0.047619047619047616,0.08247860988423225,0.2580850522026992,0.08985686099494751,0.0392156862745098,0.06792356108113244,0.12783295136236314,0.06285869770920886,0.40317290552584667,0.08432328202917129,14.0,3.0,5.0,3.0,2.0,0.3333333333333333,0.6666666666666666,0.6666666666666666,0.3333333333333333,1.6666666666666667,2.0,3.6666666666666665,,0.6666666666666666,0.6666666666666666,,1.6666666666666667,1.3333333333333333,2.6666666666666665,7.666666666666667,0.35790679908326967,0.005388363628596567,0.22994652406417113,0.2273199070249442,0.14323911382734913,0.062247206274554386,0.023809523809523808,0.041239304942116126,0.047619047619047616,0.08247860988423225,0.2580850522026992,0.08985686099494751,0.0392156862745098,0.06792356108113244,0.12783295136236314,0.06285869770920886,0.40317290552584667,0.08432328202917129,14.0,3.0,5.0,3.0,2.0,0.3333333333333333,0.6666666666666666,0.6666666666666666,0.3333333333333333,1.6666666666666667,2.0,3.6666666666666665,,0.6666666666666666,0.6666666666666666,,1.6666666666666667,1.3333333333333333,2.6666666666666665,7.666666666666667,0.35790679908326967,0.005388363628596567,0.22994652406417113,0.2273199070249442,0.14323911382734913,0.062247206274554386,0.023809523809523808,0.041239304942116126,0.047619047619047616,0.08247860988423225,0.2580850522026992,0.08985686099494751,0.0392156862745098,0.06792356108113244,0.12783295136236314,0.06285869770920886,0.40317290552584667,0.08432328202917129,,True,True,SEA,False,6.566924095153809,3.2758493,1.9497523,11.79252576828003,0.34433817863464355,0.67700636,0.33885273,1.3232669,5.8395,2.875,1.412,0.591,10.1265,0.2855,0.172,0.8625,3.7405534015704145,1.6713392833293903,1.1637250534383112,0.7627050543952099,4.217285590281977,0.5243946510024678,0.4030086847699439,0.9130135541162574
5106232,Ashlon Jackson,CON,2026-05-22,0.0,27.0,0.0,0.0,2.0,1,5,2,0,1,2,1,5,0,1,,1,2,,1,4,1,14.0,26.0,0.038461538461538464,0.19230769230769232,0.07692307692307693,0.0,0.038461538461538464,0.038461538461538464,0.07692307692307693,0.19230769230769232,0.2646153846153846,0.0,26.0,,1.0,5.0,2.0,0.0,1.0,2.0,1.0,5.0,0.0,1.0,,1.0,2.0,,1.0,4.0,1.0,14.0,0.038461538461538464,,0.19230769230769232,,0.07692307692307693,,0.0,,0.038461538461538464,,0.038461538461538464,,0.07692307692307693,,0.19230769230769232,,0.2646153846153846,,26.0,,1.0,5.0,2.0,0.0,1.0,2.0,1.0,5.0,0.0,1.0,,1.0,2.0,,1.0,4.0,1.0,14.0,0.038461538461538464,,0.19230769230769232,,0.07692307692307693,,0.0,,0.038461538461538464,,0.038461538461538464,,0.07692307692307693,,0.19230769230769232,,0.2646153846153846,,26.0,,1.0,5.0,2.0,0.0,1.0,2.0,1.0,5.0,0.0,1.0,,1.0,2.0,,1.0,4.0,1.0,14.0,0.038461538461538464,,0.19230769230769232,,0.07692307692307693,,0.0,,0.038461538461538464,,0.038461538461538464,,0.07692307692307693,,0.19230769230769232,,0.2646153846153846,,,True,True,SEA,False,4.075535297393799,3.948857,2.2633197,10.287712097167969,0.35613831877708435,1.1640242,0.63159335,1.1653266,6.2045,5.146,2.1095,0.5955,13.46,0.634,0.338,1.0585,3.662469078367762,2.1942388201834366,1.4537915084357866,0.7408641913333375,4.533034303863142,0.8050118011557347,0.5689956063099258,1.0227794239228711
5208981,Leila Lacan,CON,2026-05-22,0.0,19.0,0.0,0.0,33.0,0,0,0,0,0,0,0,0,0,0,,0,0,,0,0,0,0.0,0.0,,,,,,,,,,0.0,0.0,0.0,0.0,0.0,0.0,0.0,0.0,0.0,0.0,0.0,0.0,0.0,,0.0,0.0,,0.0,0.0,0.0,0.0,,,,,,,,,,,,,,,,,,,9.4,12.91510743277035,4.4,0.8,0.2,0.0,0.8,0.4,0.2,1.0,1.6,3.6,,1.2,1.4,,0.2,0.6,1.4,-3.0,0.4618181818181818,0.1388500588511761,0.08818181818181818,0.06813938073252164,0.02272727272727275,0.03214121732666186,0.0,0.0,0.08545454545454546,0.007713892158398697,0.3845454545454545,0.03471251471279452,0.14272727272727276,0.13756441015811016,0.10545454545454544,0.02057037908906296,0.5528000000000001,0.046386204845837636,18.6,13.418064109417744,9.5,1.4,2.3,0.5,1.6,1.1,0.3,2.0,3.8,7.1,,1.4,1.6,,0.4,1.0,2.5,-2.3,0.48702869710934227,0.1871182512713489,0.07195171763720151,0.046681982962006485,0.12268014243820695,0.07946069512662285,0.022753456221198155,0.030235534396809344,0.08388563049853373,0.02401195960075337,0.37582635106828655,0.08222105676740096,0.08182184750733137,0.084066570468908,0.10449622957687474,0.06249416783707737,0.5163241935483872,0.12948381223846936,,True,True,SEA,False,6.210816383361816,0.81984884,1.3503332,8.380998432636261,0.2473902404308319,0.44223127,0.0881339,0.8811096,5.676177024841309,0.8919339179992676,1.2925310134887695,0.2863841950893402,7.8606414794921875,0.44223126769065857,0.08813390135765076,0.8811095952987671,7.5,3.0,2.5,1.3,9.0,1.2,1.3,1.5
5345319,Nell Angloma,CON,2026-05-22,0.0,7.0,1.0,1.0,4.0,7,1,1,0,0,0,0,1,3,6,,1,2,,1,0,2,4.0,14.0,0.5,0.07142857142857142,0.07142857142857142,0.0,0.0,0.42857142857142855,0.14285714285714285,0.07142857142857142,0.5628571428571428,0.0,4.666666666666667,8.082903768654761,2.3333333333333335,0.3333333333333333,0.3333333333333333,0.0,0.0,0.0,0.0,0.3333333333333333,1.0,2.0,,0.3333333333333333,0.6666666666666666,,0.3333333333333333,0.0,0.6666666666666666,1.3333333333333333,0.5,,0.07142857142857142,,0.07142857142857142,,0.0,,0.0,,0.42857142857142855,,0.14285714285714285,,0.07142857142857142,,0.5628571428571428,,4.666666666666667,8.082903768654761,2.3333333333333335,0.3333333333333333,0.3333333333333333,0.0,0.0,0.0,0.0,0.3333333333333333,1.0,2.0,,0.3333333333333333,0.6666666666666666,,0.3333333333333333,0.0,0.6666666666666666,1.3333333333333333,0.5,,0.07142857142857142,,0.07142857142857142,,0.0,,0.0,,0.42857142857142855,,0.14285714285714285,,0.07142857142857142,,0.5628571428571428,,4.666666666666667,8.082903768654761,2.3333333333333335,0.3333333333333333,0.3333333333333333,0.0,0.0,0.0,0.0,0.3333333333333333,1.0,2.0,,0.3333333333333333,0.6666666666666666,,0.3333333333333333,0.0,0.6666666666666666,1.3333333333333333,0.5,,0.07142857142857142,,0.07142857142857142,,0.0,,0.0,,0.42857142857142855,,0.14285714285714285,,0.07142857142857142,,0.5628571428571428,,,True,True,SEA,False,6.337507247924805,1.8503034,1.2397182,9.427528858184814,0.2999454438686371,0.43621454,0.23946965,1.1275277,5.802867889404297,1.9223885536193848,1.1819159984588623,0.3389393985271454,8.907173156738281,0.43621453642845154,0.23946964740753174,1.1275277137756348,7.5,3.0,2.5,1.3,9.0,1.2,1.3,1.5
924,Alysha Clark,DAL,2026-05-22,0.0,19.0,0.0,0.0,49.0,6,2,1,0,0,1,0,0,2,3,,2,3,,0,2,3,1.0,18.0,0.3333333333333333,0.1111111111111111,0.05555555555555555,0.0,0.0,0.16666666666666666,0.16666666666666666,0.0,0.24000000000000002,0.0,15.666666666666666,7.767453465154031,3.6666666666666665,2.3333333333333335,1.0,0.3333333333333333,1.3333333333333333,1.0,0.3333333333333333,0.6666666666666666,1.3333333333333333,2.6666666666666665,,0.6666666666666666,1.0,,0.3333333333333333,2.0,2.6666666666666665,-2.0,0.18686868686868685,0.17030015454633704,0.2101972101972102,0.1893871823618848,0.08128908128908129,0.05355816702615616,0.015151515151515152,0.026243194054073906,0.060606060606060656,0.1049727762162956,0.13131313131313133,0.11768868886597009,0.05555555555555555,0.09622504486493763,0.09523809523809523,0.1649572197684645,0.25099567099567094,0.030733247855592664,21.4,9.813256340277675,5.4,1.8,1.6,0.6,2.8,1.0,0.2,0.6,2.0,4.4,,0.8,1.4,,0.4,1.4,2.6,-8.6,0.2185185185185185,0.1280701153630014,0.14093314093314097,0.16617748688792555,0.08042328042328042,0.04818012814399921,0.02255892255892256,0.021281485647219496,0.10235690235690238,0.09444429439961208,0.17037037037037037,0.10365094420747321,0.06296296296296296,0.08646383355502779,0.0632034632034632,0.1250775138686139,0.2612775372775373,0.0318922996511986,22.3,7.242620765686658,3.8,3.2,1.5,0.4,2.5,0.7,0.1,0.5,1.5,4.1,,0.4,0.7,,0.3,2.9,2.1,-8.1,0.15739064856711918,0.12759512562184572,0.17111848935378346,0.11761665021128155,0.06771876271876272,0.053884180819745324,0.01716181422063775,0.0232643274839601,0.10046368664015723,0.07109747545022542,0.16699095022624436,0.0856211853252837,0.03148148148148148,0.0665121666521036,0.04248408454290807,0.08848236479958277,0.2233268866210043,0.06833365096930562,,True,True,ATL,False,4.49654483795166,2.6668518,1.1278461,8.291242718696594,0.566638708114624,0.52005446,0.31666112,0.91875947,7.72,4.846666666666667,2.006666666666667,0.7866666666666666,14.573333333333334,0.9866666666666667,0.29333333333333333,0.9933333333333333,4.278816035618576,2.3487206919701817,1.334149750048905,0.8373503182990709,5.017763999587421,0.9520971005569174,0.5234076380370805,0.9899270455723268
2529047,Odyssey Sims,DAL,2026-05-22,0.0,19.0,0.0,0.0,41.0,5,0,2,1,1,0,0,0,2,5,,0,0,,0,0,1,8.0,16.0,0.3125,0.0,0.125,0.0625,0.0625,0.3125,0.0,0.0,0.3125,0.0,24.0,14.730919862656235,13.666666666666666,1.6666666666666667,4.0,0.6666666666666666,1.0,0.6666666666666666,0.0,1.6666666666666667,4.333333333333333,7.666666666666667,,4.333333333333333,5.0,,0.3333333333333333,1.3333333333333333,3.0,6.333333333333333,0.523678861788618,0.18521343554484818,0.08292682926829269,0.10428077232405833,0.1793360433604336,0.07637959701687964,0.02896341463414634,0.031499966950871684,0.03709349593495934,0.03284816333108535,0.30687669376693777,0.037714116141980315,0.15013550135501355,0.15920296334282283,0.04065040650406504,0.07040856941336893,0.4135867208672086,0.16409884551120948,23.2,10.686440005914035,12.2,2.0,3.2,0.6,1.0,0.6,0.0,2.0,3.8,7.8,,4.0,4.6,,0.6,1.4,2.4,5.2,0.4792599486521181,0.2609389415002752,0.09986136071887035,0.09802985362537442,0.14465425759520753,0.07247067723106504,0.025378048780487807,0.026837041556849975,0.04078241335044929,0.024185961318192437,0.32981022678647837,0.04130607764645879,0.1591339323919555,0.12285709543303876,0.07196919127086007,0.07124785155013634,0.47179834830979883,0.14109984682644006,26.6,8.126773310757754,12.7,2.1,4.1,0.6,1.6,1.2,0.0,2.1,4.2,9.6,,3.7,4.4,,0.4,1.7,1.7,2.1,0.4569244145035638,0.20990025704570808,0.08781577167194585,0.07564990801196629,0.15664079153868588,0.07442765920651523,0.023089156665376177,0.022095392327617633,0.05791094127157215,0.03660505888523644,0.3562192241629951,0.0833959520005378,0.14987759940983678,0.09439866689749195,0.07219651319815404,0.06960089153476681,0.49436188110147733,0.13194654224643299,,True,True,ATL,False,10.559988975524902,2.0422237,3.3192189,15.921431541442871,0.4954122304916382,0.7901942,0.1731638,2.015415,11.693333333333333,3.8533333333333335,3.8333333333333335,0.94,19.38,0.6133333333333333,0.24666666666666667,1.2266666666666666,5.261110993781531,2.0046168932962947,1.9197800799975906,0.8735368719559963,5.986284323351172,0.8228946199578385,0.47520755699191297,1.0076154469284841
3904577,Arike Ogunbowale,DAL,2026-05-22,0.0,257.0,0.0,0.0,38.0,0,0,0,0,0,0,0,0,0,0,,0,0,,0,0,0,0.0,0.0,,,,,,,,,,0.0,0.0,0.0,0.0,0.0,0.0,0.0,0.0,0.0,0.0,0.0,0.0,0.0,,0.0,0.0,,0.0,0.0,0.0,0.0,,,,,,,,,,,,,,,,,,,0.0,0.0,0.0,0.0,0.0,0.0,0.0,0.0,0.0,0.0,0.0,0.0,,0.0,0.0,,0.0,0.0,0.0,0.0,,,,,,,,,,,,,,,,,,,16.3,17.378466880341062,6.3,1.3,1.6,0.2,1.6,0.6,0.1,0.7,1.9,5.7,,2.3,2.4,,0.4,0.9,1.0,-3.2,0.3822527472527473,0.06742241848368404,0.07626373626373628,0.06729187973037777,0.10239010989010991,0.05509830961999042,0.011428571428571423,0.025555062599997645,0.09501373626373624,0.03855719315985832,0.3429395604395604,0.08270848386924234,0.15115384615384614,0.06766735036573138,0.04107142857142857,0.03900058869257422,0.45051868131868134,0.09858665960952609,,True,True,ATL,False,2.6041905879974365,0.0,0.35143214,2.9556227326393127,0.23788920044898987,0.229811,0.0,0.48864698,3.12,0.4066666666666667,0.6866666666666666,0.3,4.213333333333333,0.16666666666666666,0.02,0.2733333333333333,2.6278508329050947,0.7220033856491871,0.872824279120501,0.5385164807134504,2.8649297063317665,0.40688518719112343,0.25,0.4884897360459298
3906949,Jessica Shepard,DAL,2026-05-22,0.0,19.0,0.0,0.0,51.0,6,5,2,0,0,0,0,0,2,2,,2,4,,1,4,3,9.0,17.0,0.35294117647058826,0.29411764705882354,0.11764705882352941,0.0,0.0,0.11764705882352941,0.23529411764705882,0.0,0.22117647058823528,0.0,20.333333333333332,14.294521094927719,6.666666666666667,4.333333333333333,2.0,0.0,0.3333333333333333,1.0,0.0,1.0,2.6666666666666665,4.666666666666667,,1.3333333333333333,2.0,,0.6666666666666666,3.6666666666666665,1.3333333333333333,5.666666666666667,0.24727668845315917,0.21490086085518098,0.20452069716775587,0.0850078983882451,0.14106753812636166,0.09931540480664598,0.0,0.0,0.009259259259259259,0.016037507477489603,0.18273420479302838,0.10642992806694461,0.09694989106753811,0.12298759575333573,0.06018518518518518,0.06262846878920693,0.2855773420479302,0.08777489016837195,17.6,10.830512453249845,5.0,4.2,1.8,0.0,0.2,0.6,0.0,1.0,2.0,3.6,,1.0,1.6,,0.8,3.4,1.2,3.6,0.22169934640522881,0.15638639546402902,0.23271241830065356,0.15320387262750382,0.1279738562091503,0.07460384215966064,0.0,0.0,0.005555555555555555,0.012422599874998833,0.17297385620915035,0.1002181342944185,0.08483660130718954,0.10030113997781506,0.06277777777777777,0.06477644366836587,0.2730797385620915,0.06445510829322429,21.5,10.102254973794489,7.6,6.9,2.1,0.0,0.2,0.8,0.1,1.0,3.2,5.5,,1.2,1.9,,2.1,4.8,1.0,3.2,0.31417627615500815,0.22795791191124648,0.3134074049146737,0.16518883851944577,0.11512122163892254,0.07794171714763386,0.0,0.0,0.00804093567251462,0.017935444658458033,0.2361683567401026,0.10838406043256761,0.0963824950269963,0.12079486141436777,0.051312611238240526,0.049771152367825214,0.3298892657902215,0.11330451621344016,,True,True,ATL,False,7.191899299621582,5.6829467,1.5382519,14.413097858428955,0.006426233798265457,0.7288841,0.34768566,1.2946138,7.026666666666666,6.34,2.1466666666666665,0.4266666666666667,15.513333333333334,0.6533333333333333,0.28,0.94,3.500374583129957,2.682859171356807,1.425420016073235,0.5926962872238098,4.29532562470207,0.7998888811717676,0.5179446559881342,0.9325949460153284
3913881,Alanna Smith,DAL,2026-05-22,0.0,19.0,0.0,0.0,54.0,12,7,1,2,2,0,0,1,5,6,,0,0,,3,4,3,19.0,12.0,1.0,0.5833333333333334,0.08333333333333333,0.16666666666666666,0.16666666666666666,0.5,0.0,0.08333333333333333,0.5833333333333334,0.0,19.333333333333332,7.505553499465136,8.333333333333334,6.333333333333333,2.3333333333333335,1.0,1.3333333333333333,0.6666666666666666,0.6666666666666666,2.3333333333333335,3.3333333333333335,4.666666666666667,,0.6666666666666666,0.6666666666666666,,1.6666666666666667,4.666666666666667,3.0,9.333333333333334,0.5198180636777128,0.41617971766070566,0.36338531513970107,0.1952484837828837,0.12784275503573747,0.11945073058351598,0.07309941520467837,0.08519767417738869,0.08544509421702406,0.07077079417205012,0.27582846003898637,0.2027548154260694,0.03508771929824559,0.06077371254627639,0.12784275503573747,0.11945073058351593,0.4191098115659519,0.16208128676121186,20.0,8.336666000266531,7.6,5.8,2.6,0.8,2.0,0.4,1.0,1.8,3.2,5.4,,0.4,0.4,,1.4,4.4,2.8,2.2,0.3985575048732944,0.3710057031518778,0.2946978557504873,0.18378038261831617,0.1267056530214425,0.08946909215411415,0.05052631578947368,0.06872850401233442,0.12126705653021444,0.0878793320343905,0.29216374269005846,0.14558150368191758,0.021052631578947358,0.047075115315785045,0.09003898635477582,0.10183026716639933,0.39146588693957113,0.12127205145613075,21.1,6.419588079550827,6.4,4.6,2.5,0.6,2.7,1.0,1.4,1.6,2.4,5.5,,1.0,1.3,,1.3,3.3,2.6,6.1,0.3123325407535934,0.2999760154110279,0.21767313583103057,0.15742667235122232,0.1187008118587066,0.07998964311006193,0.03383458646616542,0.05162545644899031,0.13749684039157722,0.06523521911973253,0.2752907910802648,0.12250632713620307,0.05552631578947368,0.09588686328657722,0.074519525308999,0.07509495113985498,0.37424189533663216,0.11043572257677003,,True,True,ATL,False,5.517392158508301,4.034846,1.4843519,11.036589860916138,0.40739715099334717,0.73061883,0.87300014,1.2856615,12.586666666666666,6.273333333333333,3.04,1.2266666666666666,21.9,0.6133333333333333,0.68,1.76,5.326896115208388,2.5163377268474028,1.9004560856103287,1.0401709261249112,6.226556030423239,0.7374430298146577,0.7858753081755401,1.1528515371315886
4336633,Li Yueru,DAL,2026-05-22,0.0,19.0,0.0,0.0,40.0,0,0,0,0,0,0,0,1,0,0,,0,0,,0,0,1,3.0,5.0,0.0,0.0,0.0,0.0,0.0,0.0,0.0,0.2,0.2,0.0,5.666666666666667,6.027713773341708,2.6666666666666665,2.6666666666666665,0.6666666666666666,0.0,0.3333333333333333,0.0,0.0,1.3333333333333333,1.0,1.6666666666666667,,0.6666666666666666,1.0,,1.6666666666666667,1.0,1.3333333333333333,0.3333333333333333,0.33333333333333337,0.4714045207910317,0.3333333333333333,0.4714045207910317,0.08333333333333333,0.11785113019775792,0.0,0.0,0.041666666666666664,0.05892556509887896,0.2083333333333333,0.2946278254943948,0.125,0.1767766952966369,0.22499999999999998,0.03535533905932737,0.4883333333333333,0.4077649104842424,3.4,5.272570530585627,1.6,1.6,0.4,0.0,0.2,0.0,0.0,0.8,0.6,1.0,,0.4,0.6,,1.0,0.6,0.8,0.2,0.33333333333333337,0.4714045207910317,0.33333333333333326,0.4714045207910317,0.08333333333333333,0.11785113019775792,0.0,0.0,0.041666666666666664,0.05892556509887896,0.20833333333333334,0.2946278254943948,0.125,0.1767766952966369,0.225,0.03535533905932737,0.4883333333333334,0.4077649104842424,8.1,9.109823757290197,3.4,1.9,0.7,0.4,1.5,0.2,0.2,0.7,1.2,2.9,,0.6,0.7,,0.7,1.2,0.9,-1.5,0.3179012345679012,0.3242415792854765,0.2098765432098765,0.25517058138792714,0.09814814814814814,0.08327158205895226,0.040123456790123455,0.04745464467600637,0.1675925925925926,0.11549232600590895,0.30030864197530865,0.19404868602200803,0.06635802469135803,0.10772887185345653,0.10895061728395061,0.09806367200813124,0.4384567901234568,0.2453024690581353,,True,True,ATL,False,3.6837050914764404,1.8638792,0.75066084,6.298245131969452,0.32036760449409485,0.13561723,0.30372185,0.6597659,3.1490657329559326,1.9359643459320068,0.6928586363792419,0.35936155915260315,5.777888774871826,0.1356172263622284,0.3037218451499939,0.659765899181366,7.5,3.0,2.5,1.3,9.0,1.2,1.3,1.5
4399415,Maddy Siegrist,DAL,2026-05-22,0.0,19.0,0.0,0.0,37.0,14,5,1,0,1,0,0,1,7,10,,0,0,,1,4,2,9.0,22.0,0.6363636363636364,0.22727272727272727,0.045454545454545456,0.0,0.045454545454545456,0.45454545454545453,0.0,0.045454545454545456,0.5,0.0,23.666666666666668,4.725815626252608,14.0,6.0,1.0,0.6666666666666666,2.3333333333333335,0.3333333333333333,0.3333333333333333,0.6666666666666666,6.0,10.0,,1.3333333333333333,1.3333333333333333,,1.6666666666666667,4.333333333333333,2.0,9.666666666666666,0.5856844305120167,0.07461758938562828,0.2355276907001045,0.13983803308762877,0.048484848484848485,0.050068823157146385,0.022988505747126436,0.03981725994411211,0.08928944618599792,0.07202366331349497,0.41760710553814007,0.05863333085275988,0.056321839080459755,0.051184928915430625,0.02664576802507837,0.023719037539845698,0.46903448275862064,0.06531121872480898,27.2,5.974947698515861,14.2,4.6,1.0,1.2,4.0,0.8,0.4,0.6,6.0,12.0,,1.0,1.6,,1.6,3.0,1.6,6.6,0.5293992731079691,0.09514218548338838,0.1730054189741424,0.1354522340231559,0.04142487493531137,0.03671392452084538,0.03789177517503108,0.04001049641390962,0.13289055575713954,0.08272095058851095,0.43500449102686883,0.04828505009616222,0.05732251521298173,0.05515369268345809,0.022439073718272827,0.02108434801119315,0.48266547143885363,0.05163591437980121,30.0,5.3748384988656905,14.9,4.4,1.1,1.2,3.5,1.0,0.4,0.9,6.2,12.3,,1.3,1.8,,1.8,2.6,2.1,-2.0,0.5003553241163659,0.09955489803675213,0.151134378246529,0.09734839556090871,0.03898041132386483,0.03617633077163253,0.03696176060338856,0.03724328889870198,0.1120410794175762,0.07100647917764245,0.4105902393316514,0.07128040624033638,0.05725602884832094,0.06388441442519034,0.029597784710000897,0.022512110226406253,0.46538067673491346,0.057192736158362976,,True,True,ATL,False,12.796424865722656,4.1297894,0.9228761,17.849090337753296,1.0099503993988037,0.6424159,0.4621059,1.2356479,16.106666666666666,6.653333333333333,1.4066666666666667,1.28,24.166666666666668,0.62,0.4066666666666667,0.9066666666666666,5.66879959858248,2.7202614253454063,1.065186472981244,1.1951011114824832,6.267819042981024,0.8219489035213806,0.6439116571566492,1.1156263811071438
4433730,Paige Bueckers,DAL,2026-05-22,0.0,19.0,0.0,0.0,41.0,11,4,9,1,1,1,0,0,4,9,,2,2,,0,4,0,15.0,22.0,0.5,0.18181818181818182,0.4090909090909091,0.045454545454545456,0.045454545454545456,0.4090909090909091,0.09090909090909091,0.0,0.44909090909090915,0.0,24.0,5.29150262212919,18.333333333333332,4.666666666666667,6.333333333333333,2.3333333333333335,3.3333333333333335,1.0,0.6666666666666666,1.3333333333333333,7.333333333333333,13.0,,1.3333333333333333,1.6666666666666667,,1.0,3.6666666666666665,1.3333333333333333,17.0,0.7666666666666667,0.2516611478423585,0.1828282828282828,0.08333792457508402,0.2641414141414142,0.13226442520835432,0.10404040404040404,0.0837775122817938,0.1484848484848485,0.13402026901512712,0.5363636363636364,0.11022141502711036,0.06363636363636364,0.05529784118452908,0.061111111111111116,0.07876359377087681,0.6254747474747475,0.1570145055189907,27.4,6.06630035524124,20.0,4.8,6.4,1.4,2.6,1.4,0.6,1.4,7.8,13.4,,3.0,3.2,,0.6,4.2,1.6,10.0,0.7349525616698293,0.19811316284821015,0.17193605888103042,0.06644683820669062,0.23894025645448796,0.10120277623996984,0.062424242424242424,0.08219888979743104,0.1067379679144385,0.11498544892505802,0.49107814386751764,0.15344763822684013,0.10630326030705536,0.07219733855203198,0.05488298545224542,0.057120904643435236,0.5927345638548674,0.16873715286515595,28.8,5.613475849338896,19.7,3.3,5.6,1.3,2.5,1.1,0.3,1.7,7.5,13.6,,3.4,3.7,,0.5,2.8,1.8,0.7,0.6781231142809367,0.2791338576013445,0.11589283530852594,0.07812713546838625,0.1945039348533427,0.12516364132572563,0.049809863339275104,0.06409817288615467,0.09250947609973978,0.0804851022687164,0.4692605668012983,0.127827765712106,0.12786365916575954,0.08630680787716728,0.06004306627090113,0.04819250039360072,0.5855636431051336,0.14340919443979622,,True,True,ATL,False,17.48007583618164,3.8756359,5.5362816,26.891993284225464,1.1696430444717407,1.1590213,0.36638668,2.512762,17.746666666666666,5.12,4.16,1.8,27.026666666666667,0.9133333333333333,0.3933333333333333,1.2933333333333332,5.915163189258227,2.3149370041824757,1.98353220291479,1.4189197769195174,6.511473634200548,0.9447163007426562,0.6098815914221019,1.1462790042374307
4433790,Azzi Fudd,DAL,2026-05-22,0.0,19.0,0.0,0.0,3.0,12,0,1,1,5,0,0,1,4,10,,3,4,,0,0,2,15.0,21.0,0.5714285714285714,0.0,0.047619047619047616,0.047619047619047616,0.23809523809523808,0.47619047619047616,0.19047619047619047,0.047619047619047616,0.6076190476190476,0.0,18.5,3.5355339059327378,8.0,0.0,1.0,0.5,3.5,0.0,0.0,0.5,3.0,8.5,,1.5,2.0,,0.0,0.0,2.5,6.0,0.4107142857142857,0.22728432252424738,0.0,0.0,0.05505952380952381,0.01052242233908553,0.023809523809523808,0.03367175148507369,0.18154761904761904,0.07997040977705001,0.4568452380952381,0.027358298081622354,0.09523809523809523,0.13468700594029476,0.023809523809523808,0.03367175148507369,0.5225595238095238,0.1202923321804258,18.5,3.5355339059327378,8.0,0.0,1.0,0.5,3.5,0.0,0.0,0.5,3.0,8.5,,1.5,2.0,,0.0,0.0,2.5,6.0,0.4107142857142857,0.22728432252424738,0.0,0.0,0.05505952380952381,0.01052242233908553,0.023809523809523808,0.03367175148507369,0.18154761904761904,0.07997040977705001,0.4568452380952381,0.027358298081622354,0.09523809523809523,0.13468700594029476,0.023809523809523808,0.03367175148507369,0.5225595238095238,0.1202923321804258,18.5,3.5355339059327378,8.0,0.0,1.0,0.5,3.5,0.0,0.0,0.5,3.0,8.5,,1.5,2.0,,0.0,0.0,2.5,6.0,0.4107142857142857,0.22728432252424738,0.0,0.0,0.05505952380952381,0.01052242233908553,0.023809523809523808,0.03367175148507369,0.18154761904761904,0.07997040977705001,0.4568452380952381,0.027358298081622354,0.09523809523809523,0.13468700594029476,0.023809523809523808,0.03367175148507369,0.5225595238095238,0.1202923321804258,,True,True,ATL,False,10.500288009643555,1.3625858,1.3773804,13.240254163742065,1.2183462381362915,0.6636826,0.13181727,1.3761156,8.526666666666667,2.1266666666666665,1.8266666666666667,0.6933333333333334,12.48,0.66,0.16666666666666666,0.6533333333333333,4.256284242805637,1.4800750731710275,1.4035510519947452,0.7654773383683906,4.812095870477505,0.8151073548925932,0.40688518719112343,0.7301750170716302
4433807,Aziaha James,DAL,2026-05-22,0.0,19.0,0.0,0.0,47.0,18,4,2,2,5,2,1,3,6,13,,4,7,,2,2,4,15.0,17.0,1.0588235294117647,0.23529411764705882,0.11764705882352941,0.11764705882352941,0.29411764705882354,0.7647058823529411,0.4117647058823529,0.17647058823529413,1.1223529411764706,0.0,26.333333333333332,8.082903768654761,18.333333333333332,6.666666666666667,2.0,1.3333333333333333,5.666666666666667,2.6666666666666665,0.3333333333333333,3.3333333333333335,6.666666666666667,14.333333333333334,,3.6666666666666665,5.0,,2.3333333333333335,4.333333333333333,3.3333333333333335,21.0,0.7507906388361797,0.27111714698907907,0.25047438330170774,0.03483407922331276,0.08222643896268185,0.044514581429254664,0.06072106261859583,0.058915273989601606,0.22707147375079065,0.06642269749690109,0.5774826059456041,0.17450429028201733,0.2232764073371284,0.18976597048284488,0.13409234661606578,0.04008842979757325,0.8098165717900064,0.2707267100274505,20.4,9.98999499499373,12.4,4.6,1.4,1.0,4.4,1.6,0.2,2.2,4.4,10.8,,2.6,3.4,,1.4,3.2,2.8,8.2,0.5673974602247847,0.3226059398129054,0.21028462998102468,0.12200506976197983,0.06472047876222449,0.04801071656502918,0.051817252955772886,0.05122299922650665,0.22239673040432056,0.04863440514892747,0.5341818712596702,0.1453886564116951,0.17396584440227705,0.16602615323626835,0.10045540796963948,0.06461422389564427,0.7111822507663115,0.2349353114470625,18.2,10.891382934330345,9.5,3.3,1.4,0.9,3.8,0.9,0.1,1.4,3.6,9.5,,1.4,1.9,,0.9,2.4,2.4,-0.4,0.4524757131967758,0.31510081660804157,0.1779590124308657,0.11129679407647833,0.06269378944900766,0.06255724898967112,0.04417937814522255,0.04594290008372206,0.2100961001656764,0.06979469315501644,0.5115862936229792,0.1390012483571854,0.10655064241402003,0.14308233468669257,0.07100251635355999,0.059613626449400776,0.629471092638708,0.2099720488273621,,True,True,ATL,False,12.570942878723145,4.560513,1.6143284,18.745784282684326,1.1375104188919067,0.9988284,0.46540514,1.6392393,10.886666666666667,5.386666666666667,2.1466666666666665,0.9066666666666666,18.42,1.1666666666666667,0.34,1.3466666666666667,4.8298194123130065,2.3826782316451283,1.3874997497497272,0.9405435780559145,5.397863774988522,0.93392838174146,0.5010655313096947,1.0953639679221798
4434015,JJ Quinerly,DAL,2026-05-22,0.0,19.0,0.0,0.0,41.0,7,3,3,1,1,1,0,3,1,3,,4,4,,0,3,2,3.0,11.0,0.6363636363636364,0.2727272727272727,0.2727272727272727,0.09090909090909091,0.09090909090909091,0.2727272727272727,0.36363636363636365,0.2727272727272727,0.7054545454545454,0.0,3.6666666666666665,6.3508529610858835,2.3333333333333335,1.0,1.0,0.3333333333333333,0.3333333333333333,0.3333333333333333,0.0,1.0,0.3333333333333333,1.0,,1.3333333333333333,1.3333333333333333,,0.0,1.0,0.6666666666666666,1.0,0.6363636363636364,,0.2727272727272727,,0.2727272727272727,,0.09090909090909091,,0.09090909090909091,,0.2727272727272727,,0.36363636363636365,,0.2727272727272727,,0.7054545454545454,,10.6,10.714476188783099,3.2,1.2,1.6,0.2,0.8,0.4,0.2,1.2,0.8,2.8,,1.4,1.4,,0.0,1.2,0.8,-3.0,0.3602693602693603,0.24547394306138298,0.14183501683501684,0.11855471186533346,0.16498316498316498,0.10859564594525345,0.030303030303030293,0.0524863881081478,0.0765993265993266,0.01861392625210131,0.2668350168350168,0.014796629487583764,0.16750841750841752,0.17041868933260465,0.14183501683501681,0.11855471186533344,0.48237373737373734,0.19781313202234482,12.7,10.044899203078145,4.7,1.2,1.7,0.7,1.3,0.8,0.1,1.8,1.6,3.4,,0.8,0.8,,0.2,1.0,1.4,-1.0,0.44447601010101007,0.3077814893728383,0.10214646464646465,0.08023198323699111,0.09936868686868686,0.12886941085569825,0.06136363636363636,0.0871292110011403,0.09330808080808081,0.08359931752329705,0.276104797979798,0.07899699114124094,0.07844065656565656,0.12459292363338316,0.15735479797979796,0.12869301867520924,0.46797348484848483,0.18443301790069605,,True,True,ATL,False,4.517792224884033,1.2494038,1.5553901,7.322586178779602,0.3642100691795349,0.28232774,0.13045307,1.1026664,4.733333333333333,1.92,1.6733333333333333,0.44,8.326666666666666,0.2733333333333333,0.13333333333333333,0.7266666666666667,3.2937651538761665,1.5979987484350542,1.1747150954829668,0.6162250671088716,3.9991610231258368,0.5150620243124986,0.3771236166328253,0.7737068063693264
4594527,Dulcy Fankam Mendjiadeu,DAL,2026-05-22,0.0,19.0,0.0,0.0,3.0,0,1,0,0,0,0,0,1,0,0,,0,0,,1,0,2,0.0,10.0,0.0,0.1,0.0,0.0,0.0,0.0,0.0,0.1,0.1,0.0,11.0,1.4142135623730951,4.0,2.0,0.5,0.0,0.0,0.0,0.0,1.0,2.0,3.5,,0.0,0.0,,1.0,1.0,3.5,3.0,0.3333333333333333,0.4714045207910317,0.175,0.10606601717798211,0.041666666666666664,0.05892556509887896,0.0,0.0,0.0,0.0,0.2916666666666667,0.41247895569215276,0.0,0.0,0.09166666666666667,0.011785113019775794,0.3833333333333333,0.4006938426723769,11.0,1.4142135623730951,4.0,2.0,0.5,0.0,0.0,0.0,0.0,1.0,2.0,3.5,,0.0,0.0,,1.0,1.0,3.5,3.0,0.3333333333333333,0.4714045207910317,0.175,0.10606601717798211,0.041666666666666664,0.05892556509887896,0.0,0.0,0.0,0.0,0.2916666666666667,0.41247895569215276,0.0,0.0,0.09166666666666667,0.011785113019775794,0.3833333333333333,0.4006938426723769,11.0,1.4142135623730951,4.0,2.0,0.5,0.0,0.0,0.0,0.0,1.0,2.0,3.5,,0.0,0.0,,1.0,1.0,3.5,3.0,0.3333333333333333,0.4714045207910317,0.175,0.10606601717798211,0.041666666666666664,0.05892556509887896,0.0,0.0,0.0,0.0,0.2916666666666667,0.41247895569215276,0.0,0.0,0.09166666666666667,0.011785113019775794,0.3833333333333333,0.4006938426723769,,True,True,ATL,False,4.481877326965332,2.3199034,0.6007692,7.402549922466278,0.05307457223534584,0.37939963,0.17126334,0.9690421,4.766666666666667,2.8066666666666666,1.0266666666666666,0.24,8.6,0.31333333333333335,0.18666666666666668,0.64,3.034065845619629,1.521826388112506,1.0062913207527044,0.5122499389946279,3.575844888507703,0.6124994331063136,0.4951318567367237,0.8349051842375077
5345473,Costanza Verona,DAL,2026-05-22,0.0,19.0,0.0,0.0,2.0,0,0,0,0,0,1,0,0,0,4,,0,0,,0,0,0,-3.0,4.0,0.0,0.0,0.0,0.0,0.0,1.0,0.0,0.0,1.0,0.0,4.0,,0.0,0.0,0.0,0.0,0.0,1.0,0.0,0.0,0.0,4.0,,0.0,0.0,,0.0,0.0,0.0,-3.0,0.0,,0.0,,0.0,,0.0,,0.0,,1.0,,0.0,,0.0,,1.0,,4.0,,0.0,0.0,0.0,0.0,0.0,1.0,0.0,0.0,0.0,4.0,,0.0,0.0,,0.0,0.0,0.0,-3.0,0.0,,0.0,,0.0,,0.0,,0.0,,1.0,,0.0,,0.0,,1.0,,4.0,,0.0,0.0,0.0,0.0,0.0,1.0,0.0,0.0,0.0,4.0,,0.0,0.0,,0.0,0.0,0.0,-3.0,0.0,,0.0,,0.0,,0.0,,0.0,,1.0,,0.0,,0.0,,1.0,,,True,True,ATL,False,5.1409502029418945,1.0830629,0.7603832,6.984396278858185,0.171099454164505,0.33715278,0.038518637,0.67706895,4.606310844421387,1.1551480293273926,0.702580988407135,0.2100934088230133,6.464040279388428,0.33715277910232544,0.03851863741874695,0.6770689487457275,7.5,3.0,2.5,1.3,9.0,1.2,1.3,1.5
1054,Tiffany Hayes,GSV,2026-05-22,0.0,27.0,0.0,0.0,38.0,5,0,1,1,2,1,0,1,2,4,,0,0,,0,0,1,-7.0,10.0,0.5,0.0,0.1,0.1,0.2,0.4,0.0,0.1,0.5,0.0,3.3333333333333335,5.773502691896257,1.6666666666666667,0.0,0.3333333333333333,0.3333333333333333,0.6666666666666666,0.3333333333333333,0.0,0.3333333333333333,0.6666666666666666,1.3333333333333333,,0.0,0.0,,0.0,0.0,0.3333333333333333,-2.3333333333333335,0.5,,0.0,,0.1,,0.1,,0.2,,0.4,,0.0,,0.1,,0.5,,6.2,9.338094023942997,2.0,0.2,0.8,0.4,1.0,0.2,0.0,0.4,0.8,1.8,,0.0,0.0,,0.0,0.2,1.0,-1.8,0.36904761904761907,0.1851946331679053,0.02380952380952378,0.03367175148507369,0.12142857142857143,0.030304576336566313,0.07380952380952381,0.03703892663358106,0.17142857142857143,0.04040610178208844,0.31904761904761914,0.1144839550492506,0.0,0.0,0.07380952380952382,0.03703892663358106,0.39285714285714285,0.15152288168283162,18.0,13.976170195491076,6.6,2.4,2.1,0.8,2.4,0.6,0.1,1.1,2.2,5.6,,1.4,2.1,,0.6,1.8,1.5,2.9,0.36997859488623036,0.14955617619852227,0.11590282664790054,0.09828136156457264,0.11654644616467277,0.0487266358343522,0.04978741496598639,0.04099325227722649,0.14075035186488388,0.058107174151082255,0.31643795449214174,0.07360271496639287,0.09913793103448276,0.09226116273759083,0.06520349519117992,0.040558601676612384,0.42526213933849405,0.09165013693858902,,True,True,IND,False,4.769424915313721,1.4927417,1.5042336,7.766400218009949,0.5092685222625732,0.41996497,0.177244,1.1884882,5.806666666666667,2.72,1.7333333333333334,0.9533333333333334,10.26,0.34,0.28,0.7266666666666667,3.8082308520128114,1.9012978023795573,1.2840906856172147,0.9820839520575055,4.436860752078358,0.5868560300448484,0.530659966456864,0.807437648091514
2529622,Kayla Thornton,GSV,2026-05-22,0.0,27.0,0.0,0.0,35.0,7,1,0,1,5,0,0,0,3,8,,0,0,,1,0,3,-4.0,15.0,0.4666666666666667,0.06666666666666667,0.0,0.06666666666666667,0.3333333333333333,0.5333333333333333,0.0,0.0,0.5333333333333333,0.0,5.0,8.660254037844387,2.3333333333333335,0.3333333333333333,0.0,0.3333333333333333,1.6666666666666667,0.0,0.0,0.0,1.0,2.6666666666666665,,0.0,0.0,,0.3333333333333333,0.0,1.0,-1.3333333333333333,0.4666666666666667,,0.06666666666666667,,0.0,,0.06666666666666667,,0.3333333333333333,,0.5333333333333333,,0.0,,0.0,,0.5333333333333333,,3.0,6.708203932499369,1.4,0.2,0.0,0.2,1.0,0.0,0.0,0.0,0.6,1.6,,0.0,0.0,,0.2,0.0,0.6,-0.8,0.4666666666666667,,0.06666666666666667,,0.0,,0.06666666666666667,,0.3333333333333333,,0.5333333333333333,,0.0,,0.0,,0.5333333333333333,,1.5,4.743416490252569,0.7,0.1,0.0,0.1,0.5,0.0,0.0,0.0,0.3,0.8,,0.0,0.0,,0.1,0.0,0.3,-0.4,0.4666666666666667,,0.06666666666666667,,0.0,,0.06666666666666667,,0.3333333333333333,,0.5333333333333333,,0.0,,0.0,,0.5333333333333333,,,True,True,IND,False,5.376535892486572,1.873251,0.903351,8.153137862682343,0.6050648093223572,0.4022555,0.2193174,1.0423901,4.493333333333333,2.28,0.6133333333333333,0.62,7.386666666666667,0.4,0.28,0.5933333333333334,3.377862572035096,1.6046598808885744,0.8065289138579527,0.7453858061433689,3.949323430102371,0.5773502691896258,0.5049092327669729,0.703293837753625
2590093,Kiah Stokes,GSV,2026-05-22,0.0,27.0,0.0,0.0,59.0,0,5,0,0,1,1,0,2,0,1,,0,0,,3,2,1,-6.0,10.0,0.0,0.5,0.0,0.0,0.1,0.1,0.0,0.2,0.3,0.0,3.6666666666666665,5.507570547286102,0.0,1.6666666666666667,0.0,0.0,0.3333333333333333,0.3333333333333333,0.0,0.6666666666666666,0.0,0.3333333333333333,,0.0,0.0,,1.0,0.6666666666666666,0.3333333333333333,-2.6666666666666665,0.0,0.0,0.25,0.3535533905932738,0.0,0.0,0.0,0.0,0.05,0.07071067811865477,0.05,0.07071067811865477,0.0,0.0,0.1,0.14142135623730953,0.15,0.21213203435596426,2.2,4.381780460041329,0.0,1.0,0.0,0.0,0.2,0.2,0.0,0.4,0.0,0.2,,0.0,0.0,,0.6,0.4,0.2,-1.6,0.0,0.0,0.25,0.3535533905932738,0.0,0.0,0.0,0.0,0.05,0.07071067811865477,0.05,0.07071067811865477,0.0,0.0,0.1,0.14142135623730953,0.15,0.21213203435596426,1.6,3.204163957519504,0.0,0.6,0.0,0.0,0.1,0.1,0.0,0.2,0.0,0.1,,0.0,0.0,,0.3,0.3,0.2,-1.2,0.0,0.0,0.1875,0.23935677693908458,0.0,0.0,0.0,0.0,0.025,0.05,0.025,0.05,0.0,0.0,0.05,0.1,0.075,0.15,,True,True,IND,False,3.873300313949585,1.9383366,0.44549707,6.257133990526199,0.2739872336387634,0.341736,0.22610854,0.5969471,2.3266666666666667,2.033333333333333,0.3333333333333333,0.32666666666666666,4.693333333333333,0.26666666666666666,0.10666666666666667,0.41333333333333333,2.5547254690518555,1.4487542541400489,0.5962847939999439,0.5476819839610899,3.0788453824264854,0.5120763831912406,0.30868898407440604,0.6550996531487066
3142328,Gabby Williams,GSV,2026-05-22,0.0,27.0,0.0,0.0,50.0,0,0,0,0,0,0,0,0,0,0,,0,0,,0,0,0,0.0,0.0,,,,,,,,,,0.0,21.333333333333332,18.903262505010435,4.333333333333333,2.3333333333333335,1.3333333333333333,0.3333333333333333,1.3333333333333333,1.0,0.0,1.0,1.6666666666666667,4.666666666666667,,0.6666666666666666,0.6666666666666666,,0.6666666666666666,1.6666666666666667,0.6666666666666666,4.666666666666667,0.20833333333333326,0.05892556509887909,0.12103174603174602,0.1318810266498719,0.06349206349206354,0.0112239171616924,0.017857142857142856,0.025253813613805267,0.06349206349206349,0.011223917161690957,0.21825396825396826,0.005611958580838108,0.027777777777777776,0.039283710065919304,0.049603174603174593,0.030865772194650937,0.28007936507936515,0.007968981184789985,22.8,13.590437814875573,6.2,2.2,2.4,0.2,1.2,1.0,0.0,1.6,2.8,6.4,,0.4,0.4,,0.4,1.8,0.6,0.4,0.2740539452495974,0.22254807392177725,0.09916321601104208,0.08483834987234579,0.1154819415688981,0.09726946036991871,0.008928571428571428,0.01785714285714287,0.05026455026455026,0.034493134419061544,0.283845180584311,0.13179799372298545,0.013888888888888888,0.027777777777777776,0.07431849551414768,0.035060929527353374,0.3642747872095698,0.15271051459193574,25.9,10.503438590396117,7.6,3.2,2.4,0.6,2.0,1.3,0.2,1.7,3.1,8.1,,0.8,0.8,,0.4,2.8,1.3,-2.3,0.28583636479070484,0.17764534318267336,0.12001837876078175,0.07516569290276133,0.09619696298829851,0.06406332761868953,0.022367298173749786,0.044146356672784,0.07440163712565145,0.04643139819083766,0.3114978978622426,0.09643019379927603,0.027048260381593713,0.044213639042775,0.06702993559001039,0.02704777109362176,0.3904290680201542,0.11414352828893268,,True,True,IND,False,5.425471782684326,1.8395298,1.1738852,8.438886761665344,0.3673135042190552,0.6377127,0.14979862,0.7777452,7.6066666666666665,4.726666666666667,2.08,0.9133333333333333,14.413333333333334,0.6866666666666666,0.2866666666666667,0.86,4.023094441954959,2.247655568710552,1.5557206261622512,0.8712953319945859,4.773798859980964,0.7927729112986196,0.5207259889380935,0.8487638069569178
4065780,Kaila Charles,GSV,2026-05-22,0.0,27.0,0.0,0.0,41.0,0,0,0,0,0,0,0,0,0,0,,0,0,,0,0,0,0.0,0.0,,,,,,,,,,0.0,15.333333333333334,14.189197769195175,2.3333333333333335,1.6666666666666667,1.3333333333333333,0.3333333333333333,0.6666666666666666,1.0,0.3333333333333333,0.3333333333333333,1.0,4.0,,0.0,0.0,,1.0,0.6666666666666666,1.6666666666666667,-9.666666666666666,0.1448412698412699,0.04770164793718763,0.09920634920634921,0.06173154438930186,0.08134920634920635,0.03647773077549653,0.01785714285714287,0.025253813613805267,0.04563492063492067,0.014029896452113663,0.2738095238095237,0.08417937871268433,0.0,0.0,0.027777777777777776,0.03928371006591917,0.30158730158730185,0.12346308877860306,19.6,11.696153213770756,5.4,4.2,1.4,0.4,1.4,1.2,0.4,1.2,2.0,6.0,,1.0,1.0,,1.2,3.0,2.4,-9.2,0.26289682539682546,0.14440573788038683,0.2028769841269841,0.1254911301508423,0.0689484126984127,0.02821718780422201,0.017857142857142863,0.02061965247105804,0.07192460317460317,0.03828131226502938,0.31398809523809523,0.10838946304493112,0.044642857142857144,0.08928571428571429,0.06597222222222222,0.09845449221359602,0.3996031746031746,0.19220282234690358,23.0,9.128709291752761,7.7,5.2,1.4,0.7,2.3,1.3,0.3,1.3,3.2,7.5,,0.6,0.8,,0.9,4.3,2.3,-1.3,0.3169819886097231,0.1997601775631956,0.22523126452063083,0.1007886232478973,0.06412629594420277,0.051993774549002315,0.028209297808852864,0.025725215341293618,0.09874316502333987,0.06772926610825353,0.3248447112714427,0.14950434632823215,0.03145417306707629,0.0599435160978082,0.058320767415180316,0.06701109102019018,0.3970053148361366,0.17477876915474644,,True,True,IND,False,4.202273845672607,3.196987,0.429105,7.82836577296257,0.15636029839515686,0.6049794,0.26606563,0.72086793,6.306666666666667,6.406666666666666,1.4,0.8333333333333334,14.113333333333333,0.6733333333333333,0.37333333333333335,0.6,4.004908099930495,2.414115895220351,1.171893055416463,0.9195409482755814,4.9187216044641335,0.8366334654767018,0.5603173703853518,0.7023769168568492
4257500,Cecilia Zandalasini,GSV,2026-05-22,0.0,27.0,0.0,0.0,34.0,0,0,0,0,0,0,0,0,0,0,,0,0,,0,0,0,0.0,0.0,,,,,,,,,,0.0,20.666666666666668,17.925772879665004,9.333333333333334,3.0,1.6666666666666667,1.0,3.0,0.6666666666666666,0.0,1.6666666666666667,3.0,8.666666666666666,,2.3333333333333335,2.6666666666666665,,0.3333333333333333,2.6666666666666665,2.0,-7.0,0.45208333333333334,0.020623947784607733,0.14479166666666665,0.01620453040219168,0.08020833333333333,0.019150808657135643,0.04791666666666666,0.02062394778460764,0.14583333333333331,0.029462782549439986,0.41666666666666663,0.11785113019775793,0.13229166666666667,0.1428944953647815,0.07916666666666668,0.06481812160876685,0.5540416666666667,0.11979567384602095,17.8,14.567086187704112,7.2,2.4,1.0,0.6,3.4,0.8,0.0,2.0,2.4,7.6,,1.8,2.2,,0.2,2.2,1.4,-6.6,0.3169507575757576,0.2157037334131152,0.14512310606060608,0.045509850351264536,0.04010416666666667,0.04760997867511016,0.02395833333333333,0.030118400614168667,0.24109848484848484,0.1228400389152409,0.421969696969697,0.0718539739477538,0.10023674242424242,0.10618604763882246,0.09640151515151515,0.10200652786147782,0.5624753787878788,0.1560505774672001,18.4,15.181860521322442,8.7,2.7,1.4,1.3,3.4,0.8,0.0,1.1,2.9,7.0,,1.6,1.8,,0.3,2.4,0.9,0.0,0.4119607834032592,0.21660217076028232,0.149636530969957,0.039566309695132154,0.06323811226381541,0.046842281860774736,0.05724907871936317,0.05828306012802092,0.2131695321469674,0.09744967368473795,0.38713811745751997,0.07692733107120396,0.0908074568183022,0.0862982266914452,0.05916821273964131,0.086312598937508,0.4862616111972143,0.15311718816398387,,True,True,IND,False,5.90369176864624,1.9756522,0.81158024,8.690924227237701,0.6582075357437134,0.28368497,0.12348907,1.0292597,9.44,4.74,1.5866666666666667,1.5133333333333334,15.766666666666667,0.36,0.24666666666666667,0.8666666666666667,4.929475969444757,2.4857728509794828,1.233891765467656,1.2040856374121494,5.567065853950555,0.52,0.46096517101500073,0.9067647005823629
4398577,Miela Sowah,GSV,2026-05-22,0.0,27.0,0.0,0.0,2.0,14,2,1,4,4,1,0,3,5,6,,0,0,,1,1,2,1.0,14.0,1.0,0.14285714285714285,0.07142857142857142,0.2857142857142857,0.2857142857142857,0.42857142857142855,0.0,0.21428571428571427,0.6428571428571429,0.0,14.0,,14.0,2.0,1.0,4.0,4.0,1.0,0.0,3.0,5.0,6.0,,0.0,0.0,,1.0,1.0,2.0,1.0,1.0,,0.14285714285714285,,0.07142857142857142,,0.2857142857142857,,0.2857142857142857,,0.42857142857142855,,0.0,,0.21428571428571427,,0.6428571428571429,,14.0,,14.0,2.0,1.0,4.0,4.0,1.0,0.0,3.0,5.0,6.0,,0.0,0.0,,1.0,1.0,2.0,1.0,1.0,,0.14285714285714285,,0.07142857142857142,,0.2857142857142857,,0.2857142857142857,,0.42857142857142855,,0.0,,0.21428571428571427,,0.6428571428571429,,14.0,,14.0,2.0,1.0,4.0,4.0,1.0,0.0,3.0,5.0,6.0,,0.0,0.0,,1.0,1.0,2.0,1.0,1.0,,0.14285714285714285,,0.07142857142857142,,0.2857142857142857,,0.2857142857142857,,0.42857142857142855,,0.0,,0.21428571428571427,,0.6428571428571429,,,True,True,IND,False,8.93586254119873,2.2830007,1.2694882,12.488351464271545,1.3279187679290771,0.546103,0.058646195,1.6186373,15.006666666666666,4.5,1.58,2.4133333333333336,21.086666666666666,0.62,0.12666666666666668,1.1266666666666667,6.2551276743342505,2.0453198608856593,1.245097051103514,1.5966075145619087,6.5857792924519485,0.7803418054502356,0.3520732247069572,1.0538606275130606
4398935,Veronica Burton,GSV,2026-05-22,0.0,27.0,0.0,0.0,50.0,14,1,3,4,7,1,0,2,4,7,,2,2,,0,1,1,-1.0,14.0,1.0,0.07142857142857142,0.21428571428571427,0.2857142857142857,0.5,0.5,0.14285714285714285,0.14285714285714285,0.7057142857142856,0.0,27.666666666666668,11.846237095944568,13.666666666666666,4.0,6.333333333333333,3.3333333333333335,7.333333333333333,2.6666666666666665,0.6666666666666666,4.0,3.6666666666666665,10.666666666666666,,3.0,3.0,,0.0,4.0,3.0,-8.0,0.5943977591036415,0.351840353428624,0.12997198879551822,0.05214374306585169,0.22577030812324927,0.027492394302105993,0.15322128851540615,0.11474922483790109,0.31204481792717087,0.16932373440939444,0.40840336134453775,0.08174617838746154,0.11568627450980394,0.0507435938603911,0.14481792717086836,0.06010802443605468,0.6041232492997198,0.13290369637427463,29.6,8.848728722251575,12.6,3.4,7.4,2.0,5.8,2.8,0.6,3.4,3.6,11.4,,3.4,3.6,,0.6,2.8,3.0,-7.6,0.4906044998644619,0.2916303086712903,0.10910273786934128,0.04853995414266588,0.24532935754947136,0.04784277653881213,0.09193277310924369,0.11673354820592917,0.2295418812686365,0.16718119769858056,0.3983626999186771,0.06273211198797497,0.12462998102466791,0.038445504658044645,0.11744104093250203,0.05728973042831945,0.5706409325020332,0.1091532245770942,29.4,7.058485830702094,12.1,4.7,7.5,1.3,4.3,1.8,0.8,3.4,3.5,10.0,,3.8,4.3,,0.7,4.0,2.9,0.3,0.46077302915301016,0.24782364080742728,0.15580136893467064,0.06913367717504142,0.24939086925092618,0.058387028707024516,0.058182295645530936,0.08953850134553544,0.16526065924903688,0.13360494895393707,0.347812302340291,0.08359583075713532,0.15458230652964997,0.0750106197702101,0.11505168929741985,0.041707952976295246,0.5308802065107567,0.094739146743213,,True,True,IND,False,11.187317848205566,3.210866,5.5364056,19.934589385986328,1.1896432638168335,1.5953325,0.43300757,2.4569874,14.246666666666666,6.54,4.173333333333333,2.16,24.96,1.3,0.5533333333333333,1.5466666666666666,6.217112584543479,2.669906365399356,1.9587297471122,1.6576288285781389,7.077551365644288,1.1818065267490558,0.7705986129122102,1.1808847906925082
4432834,Laeticia Amihere,GSV,2026-05-22,0.0,27.0,0.0,0.0,42.0,3,4,1,0,1,1,1,1,1,5,,1,4,,1,3,3,4.0,15.0,0.2,0.26666666666666666,0.06666666666666667,0.0,0.06666666666666667,0.3333333333333333,0.26666666666666666,0.06666666666666667,0.5173333333333333,0.0,6.333333333333333,7.76745346515403,1.0,1.6666666666666667,0.3333333333333333,0.0,0.3333333333333333,0.3333333333333333,0.3333333333333333,0.3333333333333333,0.3333333333333333,1.6666666666666667,,0.3333333333333333,1.3333333333333333,,0.3333333333333333,1.3333333333333333,1.0,3.0,0.1,0.14142135623730953,0.2583333333333333,0.01178511301977581,0.03333333333333333,0.04714045207910317,0.0,0.0,0.03333333333333333,0.04714045207910317,0.1666666666666666,0.23570226039551584,0.13333333333333336,0.18856180831641267,0.03333333333333339,0.04714045207910317,0.25866666666666666,0.36580990813384057,4.8,6.140032573203499,1.2,1.2,0.2,0.2,0.4,0.2,0.2,0.6,0.4,1.2,,0.2,0.8,,0.2,1.0,0.6,1.8,0.2666666666666666,0.30550504633038933,0.2388888888888889,0.03469443332443541,0.022222222222222223,0.03849001794597505,0.06666666666666667,0.11547005383792516,0.08888888888888889,0.10183501544346313,0.17777777777777778,0.16777409856157222,0.08888888888888889,0.1539600717839002,0.15555555555555556,0.2143033502442879,0.3724444444444444,0.3251839365537489,6.8,8.024961059095556,2.1,2.2,0.2,0.2,0.4,0.6,0.1,0.5,0.7,1.6,,0.5,0.8,,0.4,1.8,0.5,3.1,0.2763888888888889,0.24968962214599025,0.3277777777777778,0.135263802609184,0.01805555555555556,0.02906729102285604,0.04027777777777778,0.0800028934661926,0.05833333333333333,0.07870479302078395,0.1875,0.15181769037602674,0.09166666666666667,0.11630897548245242,0.11111111111111112,0.14857346355952689,0.33894444444444444,0.24260277699854835,,True,True,IND,False,5.242754936218262,2.9791448,0.8521027,9.07400244474411,0.221716046333313,0.606985,0.33407626,0.97236896,4.708115577697754,3.051229953765869,0.7943004965782166,0.2607100009918213,8.5536470413208,0.6069849729537964,0.33407625555992126,0.9723689556121826,7.5,3.0,2.5,1.3,9.0,1.2,1.3,1.5
4790263,Iliana Rupert,GSV,2026-05-22,0.0,27.0,0.0,0.0,25.0,0,0,0,0,0,0,0,0,0,0,,0,0,,0,0,0,0.0,0.0,,,,,,,,,,0.0,16.333333333333332,16.010413278030438,2.6666666666666665,1.6666666666666667,2.0,0.6666666666666666,2.0,0.0,0.6666666666666666,1.6666666666666667,1.0,2.3333333333333335,,0.0,0.0,,0.3333333333333333,1.3333333333333333,1.6666666666666667,-7.0,0.12499999999999992,0.17677669529663675,0.11948529411764705,0.0805893757969963,0.10753676470588235,0.06889091802001292,0.03125000000000001,0.04419417382415921,0.12132352941176472,0.005199314567547183,0.13694852941176466,0.02729640147962743,0.0,0.0,0.09191176470588236,0.046793831107933274,0.22886029411764705,0.07409023258755984,18.2,11.945710527214361,4.4,3.2,1.8,1.2,3.2,0.4,0.8,1.8,1.6,4.0,,0.0,0.0,,1.0,2.2,1.8,-4.8,0.23073529411764707,0.15970010461509274,0.18386029411764707,0.10546967338546615,0.09318014705882353,0.05349436524428786,0.06503676470588235,0.049084815697571754,0.17948529411764705,0.06725391941773572,0.2267095588235294,0.10898542830799697,0.0,0.0,0.09066176470588236,0.036820252156362705,0.3173713235294117,0.11089841602002133,23.8,10.261037417770625,7.7,3.6,2.0,1.7,4.3,0.7,0.9,1.3,2.8,6.3,,0.4,0.4,,1.0,2.6,1.7,1.9,0.29958817477608324,0.191135247804194,0.16148299443234085,0.10397818820937896,0.0832116920842411,0.04649431051251333,0.06759289518276446,0.05128791441715135,0.1774957637375938,0.06903417371147283,0.25998275236020335,0.08939370680092566,0.013071895424836602,0.03921568627450978,0.056214899540062944,0.04138222397196087,0.32194928588719435,0.0834902632086897,,True,True,IND,False,3.2416722774505615,1.9951339,0.81673557,6.053541719913483,0.7010488510131836,0.50513875,0.43250293,0.76164746,8.16,4.6866666666666665,1.7333333333333334,1.3933333333333333,14.58,0.5933333333333334,0.41333333333333333,0.6133333333333333,4.398605839733009,2.053084400494913,1.3646326326972482,1.1307617884515828,5.083660098787093,0.7924364678354698,0.6448427887649999,0.81475285959745
4790264,Janelle Salaun,GSV,2026-05-22,0.0,27.0,0.0,0.0,43.0,0,0,0,0,0,0,0,0,0,0,,0,0,,0,0,0,0.0,0.0,,,,,,,,,,0.0,23.333333333333332,20.231987873991358,9.0,3.3333333333333335,0.3333333333333333,1.6666666666666667,3.6666666666666665,0.3333333333333333,0.0,0.6666666666666666,3.0,6.0,,1.3333333333333333,1.6666666666666667,,0.3333333333333333,3.0,1.3333333333333333,-10.333333333333334,0.3864379084967321,0.03581750035422103,0.1421568627450981,0.03466209711698744,0.014705882352941173,0.02079725827019253,0.07107843137254902,0.01733104855849376,0.15604575163398696,0.054303952149947314,0.2557189542483661,0.07047959747120952,0.07352941176470588,0.10398629135096288,0.02777777777777779,0.03928371006591931,0.3158496732026144,0.06400933934270067,27.0,15.264337522473745,10.8,5.4,0.6,2.0,4.8,0.6,0.0,0.6,3.6,8.6,,1.6,2.2,,1.2,4.2,1.0,-8.6,0.3920284780578898,0.18981211389059124,0.2056022408963585,0.1100934177985118,0.024019607843137256,0.03163189373510132,0.07125350140056022,0.05917366946778712,0.17802287581699344,0.04033565489954268,0.3207166199813259,0.08616713048478175,0.08438375350140054,0.06876750700280108,0.02103174603174602,0.026667139073668966,0.3788772175536882,0.08276272070058725,28.8,10.88117640698835,12.8,5.4,0.9,2.5,5.3,0.4,0.0,1.6,4.2,9.6,,1.9,2.4,,0.9,4.5,1.5,-2.5,0.4415503690689627,0.15596670689089442,0.18774364773350571,0.07692346392745186,0.03170858485260108,0.028276664805558606,0.08656033605323667,0.0424398967032078,0.18640224064497224,0.046611780563774595,0.3374156151708552,0.07520868476064099,0.08363978292984378,0.04728570585117841,0.05604347948837469,0.04732189914259495,0.4302605991483612,0.09347104027862642,,True,True,IND,False,6.133768081665039,2.843701,0.0,8.977468967437744,1.0037530660629272,0.25549263,0.016272768,0.8035181,11.5,6.386666666666667,0.88,1.8333333333333333,18.766666666666666,0.5066666666666667,0.14666666666666667,0.5466666666666666,5.004997502496879,2.682751489712671,0.9375144443331705,1.2931443160847216,5.663234254577699,0.7094285650358948,0.3721409529854097,0.6691952048709122
4899328,Kaitlyn Chen,GSV,2026-05-22,0.0,27.0,0.0,0.0,40.0,11,2,3,0,1,0,0,1,5,9,,1,2,,1,1,3,7.0,29.0,0.3793103448275862,0.06896551724137931,0.10344827586206896,0.0,0.034482758620689655,0.3103448275862069,0.06896551724137931,0.034482758620689655,0.37517241379310345,0.0,11.0,15.716233645501712,4.333333333333333,1.0,1.3333333333333333,0.0,0.3333333333333333,0.0,0.0,0.3333333333333333,2.0,3.3333333333333335,,0.3333333333333333,0.6666666666666666,,0.3333333333333333,0.6666666666666666,1.0,4.0,0.4396551724137931,0.08534047359147989,0.15948275862068967,0.1280107103872198,0.17672413793103448,0.10362771793251127,0.0,0.0,0.017241379310344827,0.024382992454708534,0.2801724137931034,0.04267023679573996,0.034482758620689655,0.04876598490941707,0.017241379310344827,0.024382992454708534,0.3125862068965517,0.088510262610592,7.6,12.177848742696716,2.6,0.6,0.8,0.0,0.2,0.0,0.0,0.2,1.2,2.0,,0.2,0.4,,0.2,0.4,0.6,2.4,0.29310344827586204,0.2609094129383027,0.10632183908045985,0.1291186318313849,0.11781609195402298,0.12561777582985284,0.0,0.0,0.011494252873563218,0.01990862997205606,0.1867816091954023,0.16454756669218892,0.022988505747126436,0.03981725994411212,0.011494252873563218,0.01990862997205606,0.20839080459770112,0.19101591262079692,4.9,8.987027688099479,1.3,0.5,0.5,0.0,0.2,0.0,0.0,0.2,0.6,1.6,,0.1,0.2,,0.2,0.3,0.4,1.1,0.17586206896551723,0.24456032036547792,0.26379310344827583,0.4240643333958915,0.09291187739463601,0.10293704384987092,0.0,0.0,0.029118773946360154,0.04820587275877885,0.47873563218390797,0.5860857436220389,0.013793103448275862,0.030842316931031583,0.10689655172413792,0.2202581989333974,0.5917011494252873,0.8005957469326239,,True,True,IND,False,6.695035934448242,2.1102622,1.5465529,10.351850986480713,0.3274783790111542,0.51145464,0.29006124,1.2478355,5.866666666666666,3.9,1.9466666666666668,0.7333333333333333,11.713333333333333,0.5933333333333334,0.3,0.72,3.922017621355394,1.9790570145063195,1.4037410334135312,0.9213516640723501,4.417143370500391,0.7220033856491872,0.5859465277082315,0.8878438301112795
5106170,Ndjakalenga Mwenentanda,GSV,2026-05-22,0.0,27.0,0.0,0.0,2.0,0,1,1,0,1,0,0,0,0,1,,0,0,,0,1,1,-6.0,7.0,0.0,0.14285714285714285,0.14285714285714285,0.0,0.14285714285714285,0.14285714285714285,0.0,0.0,0.14285714285714285,0.0,7.0,,0.0,1.0,1.0,0.0,1.0,0.0,0.0,0.0,0.0,1.0,,0.0,0.0,,0.0,1.0,1.0,-6.0,0.0,,0.14285714285714285,,0.14285714285714285,,0.0,,0.14285714285714285,,0.14285714285714285,,0.0,,0.0,,0.14285714285714285,,7.0,,0.0,1.0,1.0,0.0,1.0,0.0,0.0,0.0,0.0,1.0,,0.0,0.0,,0.0,1.0,1.0,-6.0,0.0,,0.14285714285714285,,0.14285714285714285,,0.0,,0.14285714285714285,,0.14285714285714285,,0.0,,0.0,,0.14285714285714285,,7.0,,0.0,1.0,1.0,0.0,1.0,0.0,0.0,0.0,0.0,1.0,,0.0,0.0,,0.0,1.0,1.0,-6.0,0.0,,0.14285714285714285,,0.14285714285714285,,0.0,,0.14285714285714285,,0.14285714285714285,,0.0,,0.0,,0.14285714285714285,,,True,True,IND,False,3.5999486446380615,1.6035755,1.243282,6.446806073188782,0.4938443899154663,0.3998553,0.15501352,0.9156424,3.0653092861175537,1.6756606101989746,1.185479760169983,0.5328383445739746,5.926449775695801,0.39985528588294983,0.15501351654529572,0.9156423807144165,7.5,3.0,2.5,1.3,9.0,1.2,1.3,1.5
5277552,Juste Jocyte,GSV,2026-05-22,0.0,27.0,0.0,0.0,4.0,0,0,0,0,0,0,0,0,0,0,,0,0,,0,0,0,0.0,0.0,,,,,,,,,,0.0,0.0,0.0,0.0,0.0,0.0,0.0,0.0,0.0,0.0,0.0,0.0,0.0,,0.0,0.0,,0.0,0.0,0.0,0.0,,,,,,,,,,,,,,,,,,,0.0,0.0,0.0,0.0,0.0,0.0,0.0,0.0,0.0,0.0,0.0,0.0,,0.0,0.0,,0.0,0.0,0.0,0.0,,,,,,,,,,,,,,,,,,,0.0,0.0,0.0,0.0,0.0,0.0,0.0,0.0,0.0,0.0,0.0,0.0,,0.0,0.0,,0.0,0.0,0.0,0.0,,,,,,,,,,,,,,,,,,,,True,True,IND,False,3.3566160202026367,1.1323704,0.69720113,5.186187505722046,0.20196078717708588,0.35032827,0.15084726,0.6307153,2.821976661682129,1.2044554948806763,0.6393989324569702,0.24095474183559418,4.665831089019775,0.350328266620636,0.15084725618362427,0.6307153105735779,7.5,3.0,2.5,1.3,9.0,1.2,1.3,1.5
2955898,Damiris Dantas,IND,2026-05-22,1.0,7.0,1.0,1.0,50.0,3,2,0,1,2,1,0,0,1,2,,0,0,,0,2,1,3.0,7.0,0.42857142857142855,0.2857142857142857,0.0,0.14285714285714285,0.2857142857142857,0.2857142857142857,0.0,0.0,0.2857142857142857,0.0,8.333333333333334,9.073771725877465,3.3333333333333335,2.3333333333333335,0.3333333333333333,0.3333333333333333,3.3333333333333335,0.3333333333333333,0.0,1.0,1.0,4.333333333333333,,1.0,1.3333333333333333,,0.0,2.3333333333333335,1.0,-0.6666666666666666,0.4087301587301587,0.028059792904228054,0.28174603174603174,0.005611958580845596,0.02777777777777779,0.039283710065919304,0.07142857142857142,0.10101525445522107,0.36507936507936506,0.1122391716169123,0.44841269841269843,0.23009030181467027,0.1111111111111111,0.15713484026367722,0.08333333333333336,0.11785113019775792,0.5806349206349206,0.41708076172844616,5.0,7.874007874011811,2.0,1.4,0.2,0.2,2.0,0.2,0.0,0.6,0.6,2.6,,0.6,0.8,,0.0,1.4,0.6,-0.4,0.4087301587301587,0.028059792904228054,0.28174603174603174,0.005611958580845596,0.027777777777777776,0.039283710065919304,0.07142857142857142,0.10101525445522107,0.36507936507936506,0.1122391716169123,0.44841269841269843,0.23009030181467027,0.1111111111111111,0.15713484026367722,0.08333333333333333,0.11785113019775792,0.5806349206349206,0.41708076172844616,5.3,7.469196000165541,2.9,1.5,0.1,0.6,1.8,0.1,0.0,0.3,0.9,2.4,,0.5,0.6,,0.2,1.3,0.4,-0.2,0.5559693574399457,0.19488678806701001,0.27456285544520836,0.07042590862173694,0.013888888888888888,0.02777777777777778,0.13330786860198623,0.11187077020617966,0.3322723028605381,0.09153999312460859,0.4260780069603599,0.14153752790904178,0.08496732026143791,0.10699807544931307,0.041666666666666664,0.08333333333333326,0.5051302945420593,0.25690604477632084,,True,True,GSV,True,4.606927871704102,2.0971534,0.52698666,7.231067955493927,0.6407091617584229,0.23734649,0.1856215,0.741042,4.072288513183594,2.169238567352295,0.4691844582557678,0.6797031164169312,6.710711479187012,0.23734648525714874,0.1856215000152588,0.7410420179367065,7.5,3.0,2.5,1.3,9.0,1.2,1.3,1.5
3058893,Shatori Walker-Kimbrough,IND,2026-05-22,1.0,7.0,1.0,1.0,53.0,0,0,0,0,0,0,0,0,0,0,,0,0,,0,0,0,0.0,0.0,,,,,,,,,,0.0,14.0,12.16552506059644,8.333333333333334,2.0,2.0,0.3333333333333333,0.6666666666666666,1.3333333333333333,1.0,0.3333333333333333,3.3333333333333335,6.0,,1.3333333333333333,2.6666666666666665,,0.0,2.0,0.6666666666666666,3.6666666666666665,0.5840909090909091,0.33105453846461097,0.14090909090909093,0.05785419118799026,0.14545454545454545,0.07713892158398701,0.022727272727272728,0.03214121732666125,0.045454545454545456,0.0642824346533225,0.425,0.10606601717798214,0.19090909090909092,0.012856486930664506,0.022727272727272728,0.03214121732666125,0.5317272727272727,0.132550380255151,9.4,10.807404868885037,5.0,1.4,1.4,0.2,0.4,1.2,0.6,0.2,2.0,3.6,,0.8,1.6,,0.0,1.4,0.4,3.4,0.3893939393939394,0.41051100319791245,0.1606060606060606,0.053267866155293525,0.16363636363636366,0.06298366572977741,0.015151515151515152,0.026243194054073896,0.030303030303030304,0.05248638810814779,0.2833333333333333,0.25658007197234417,0.1272727272727273,0.11059568236905853,0.015151515151515152,0.026243194054073896,0.35448484848484846,0.3209819815922493,6.2,8.05260482356141,2.5,1.2,0.8,0.1,0.3,0.6,0.4,0.2,1.0,2.0,,0.4,0.8,,0.0,1.2,0.3,1.0,0.14602272727272728,0.297931054479288,0.18522727272727274,0.3398707129701364,0.09261363636363637,0.10832898153702943,0.005681818181818182,0.016070608663330627,0.03636363636363636,0.07337375008740539,0.1625,0.19410968916715993,0.04772727272727273,0.08850723194325637,0.036931818181818184,0.08754953059249235,0.22043181818181817,0.26303609113965837,,True,True,GSV,True,3.648573637008667,1.8087596,0.7046534,6.161986589431763,0.0,0.49044502,0.4079577,0.5837583,3.2333333333333334,2.6466666666666665,1.0,0.3,6.88,0.22666666666666666,0.12666666666666668,0.4666666666666667,2.8481963103378645,1.5796061393763812,0.9018499505645788,0.5131601439446883,3.485053801593313,0.46399233710147514,0.3705251528424067,0.7086763875156433
3142055,Myisha Hines-Allen,IND,2026-05-22,1.0,7.0,1.0,1.0,47.0,6,2,5,0,2,2,1,2,2,4,,2,2,,0,2,4,5.0,21.0,0.2857142857142857,0.09523809523809523,0.23809523809523808,0.0,0.09523809523809523,0.19047619047619047,0.09523809523809523,0.09523809523809523,0.3276190476190476,0.0,18.666666666666668,2.081665999466134,4.333333333333333,4.333333333333333,2.6666666666666665,0.0,1.0,0.6666666666666666,0.3333333333333333,1.6666666666666667,1.3333333333333333,3.6666666666666665,,1.6666666666666667,2.0,,1.3333333333333333,3.0,2.6666666666666665,2.0,0.2324929971988795,0.21097848804090238,0.24307500778089008,0.15929030984542725,0.1360099595393713,0.09219300880957913,0.0,0.0,0.05135387488328665,0.04805643037332495,0.19638966697790228,0.023442054226765686,0.11017740429505135,0.11835631654521625,0.08948023653906008,0.031443654321941406,0.334347961406785,0.060217271983862015,22.6,5.683308895353124,7.0,7.2,4.2,0.2,2.2,0.8,0.4,1.4,2.4,7.6,,2.0,2.2,,2.2,5.0,2.8,2.2,0.2913476501711796,0.1897240913022939,0.3065857454092748,0.14403218080484956,0.17271708683473389,0.08241120842893986,0.006666666666666666,0.014907119849998558,0.08710862122626828,0.05982598623264242,0.3059819483348895,0.15740571798747507,0.10018051665110488,0.09138169522904677,0.06776221599751012,0.037154436567595074,0.41782359165888583,0.13514710208086542,26.1,6.244108334173006,9.8,7.6,3.0,0.4,2.6,0.8,0.5,1.9,3.6,9.2,,2.2,2.7,,2.2,5.4,2.6,0.1,0.3688958627154235,0.2069531113117125,0.28862979883616624,0.10170579002438274,0.11418084848105133,0.08693985061035155,0.014462768615692154,0.018885400805461798,0.09528060962578998,0.05060894868688722,0.34167311958122437,0.15339309436927734,0.10618653451178366,0.09672515617013265,0.07384734109842143,0.032540489163631864,0.46224253586483055,0.14008276389657603,,True,True,GSV,True,9.313254356384277,5.783032,2.4405591,17.536845445632935,0.7103840112686157,0.69421077,0.5337703,1.5672888,9.833333333333334,7.973333333333334,2.8866666666666667,0.9866666666666667,20.69333333333333,0.5333333333333333,0.26,1.4866666666666666,4.536396024256358,2.8377142601435796,1.7871268064192374,1.0391449476479315,5.893438913081413,0.7717224601860151,0.4957149718672348,1.2475932385552948
3142191,Kelsey Mitchell,IND,2026-05-22,1.0,7.0,1.0,1.0,59.0,24,0,0,4,8,1,0,3,10,25,,0,2,,0,0,2,-10.0,39.0,0.6153846153846154,0.0,0.0,0.10256410256410256,0.20512820512820512,0.6410256410256411,0.05128205128205128,0.07692307692307693,0.7405128205128205,0.0,24.333333333333332,12.701705922171767,17.333333333333332,0.0,0.3333333333333333,2.0,5.0,0.3333333333333333,0.0,1.6666666666666667,7.0,16.333333333333332,,1.3333333333333333,2.0,,0.0,0.0,1.3333333333333333,-2.6666666666666665,0.7541478129713424,0.26420586774838645,0.0,0.0,0.019607843137254884,0.033961780540566325,0.073403720462544,0.06401526010013874,0.20563097033685265,0.02941498738322782,0.6842634489693314,0.03744504008318838,0.09552538964303671,0.03831585496884394,0.06485671191553545,0.010449778627866531,0.7911513323278029,0.043854237641613246,27.0,11.224972160321824,18.4,1.0,1.4,2.2,4.6,0.2,0.0,2.0,6.8,15.4,,2.6,3.4,,0.2,0.8,1.8,-1.6,0.7111285985966294,0.1959282516193613,0.032775919732441476,0.045020250623314606,0.049668830742999534,0.0479741484638359,0.08038559905567579,0.05406959451665058,0.17510656436487637,0.04669318431113815,0.5826873893370057,0.15313275410161312,0.13156272542461803,0.06061223955787596,0.07168994688176274,0.01243914190126039,0.7122649354056003,0.12102066667225175,30.1,8.438667614683677,20.3,1.1,2.1,2.6,6.0,0.9,0.1,2.2,7.1,16.9,,3.5,4.2,,0.3,0.8,1.9,0.4,0.688345209876778,0.19474372224067296,0.033674633908113,0.03371707160639291,0.0691399260494504,0.05588633102525723,0.08565595198961627,0.04529084982940768,0.1990139734847836,0.0562169484891787,0.5649641860060655,0.1353451616856507,0.14018998844201042,0.04883195903539093,0.07295329805623994,0.02281510022813029,0.69960107897679,0.11953935858352853,,True,True,GSV,True,19.064350128173828,1.9996948,2.8324263,23.89647126197815,1.8208988904953003,1.0828269,0.28536996,2.2081196,16.46,4.126666666666667,2.04,2.2066666666666666,22.626666666666665,0.42,0.21333333333333335,1.5066666666666666,5.825953426979427,2.0208798963707753,1.3607840876984614,1.420312954559272,6.123775160978906,0.62471326756094,0.4256237253203298,1.310199306297413
3142255,Monique Billings,IND,2026-05-22,1.0,7.0,1.0,1.0,41.0,10,9,3,1,2,3,2,0,4,11,,1,2,,6,3,4,-9.0,36.0,0.2777777777777778,0.25,0.08333333333333333,0.027777777777777776,0.05555555555555555,0.3055555555555556,0.05555555555555555,0.0,0.33,0.0,26.333333333333332,8.386497083606084,7.0,6.333333333333333,1.3333333333333333,0.3333333333333333,1.3333333333333333,1.3333333333333333,1.3333333333333333,1.3333333333333333,3.0,8.666666666666666,,0.6666666666666666,1.0,,3.3333333333333335,3.0,4.333333333333333,-6.666666666666667,0.2657527657527657,0.1691520447838271,0.23989898989898992,0.09887258560834288,0.04365079365079364,0.04180814981290769,0.009259259259259259,0.016037507477489603,0.049543049543049535,0.005318264643457418,0.3363395863395863,0.12728218196218188,0.03439153439153439,0.03004713410476332,0.06132756132756132,0.06920767906562748,0.4127994227994228,0.11551373824763535,21.6,11.50217370760849,7.2,4.6,0.8,0.2,0.8,1.0,1.0,0.8,3.2,7.6,,0.6,0.8,,2.4,2.2,3.0,-3.4,0.27945165945165945,0.24425001339478045,0.17593939393939392,0.12553167004248264,0.026190476190476188,0.038020760530169784,0.005555555555555555,0.01242259987499883,0.02972582972582972,0.027395183825198965,0.29780375180375185,0.19921037044127943,0.028634920634920635,0.026712356927040937,0.03679653679653679,0.05935631688658912,0.34719965367965366,0.2137549416166437,20.9,8.143845665422582,6.8,4.0,0.9,0.3,1.2,0.8,1.0,0.8,2.7,6.6,,1.1,1.3,,1.8,2.2,2.3,-2.7,0.30032969446012925,0.18120372986844432,0.16562670180061484,0.10859843071370494,0.03680538302277432,0.04561107675490981,0.012333333333333332,0.020914943037208037,0.05397402597402597,0.06414725538911602,0.2856023589936633,0.15384191668126443,0.06004209799861974,0.06784539827031769,0.03544174665913796,0.05468564047772575,0.34746262877219397,0.1883779256738608,,True,True,GSV,True,11.183599472045898,5.728482,1.9872959,18.89937710762024,0.5876268148422241,0.8898634,1.0407788,1.6812903,7.06,7.1066666666666665,1.8866666666666667,0.8266666666666667,16.053333333333335,0.7,0.36,1.1133333333333333,4.166901326725492,2.56163142461119,1.3591010100634742,0.8999753083032642,4.997048017468802,0.8774964387392122,0.5689756878227166,1.1806024827274513
3907781,Sophie Cunningham,IND,2026-05-22,1.0,7.0,1.0,1.0,54.0,7,1,2,1,3,0,0,0,2,5,,2,2,,0,1,3,0.0,20.0,0.35,0.05,0.1,0.05,0.15,0.25,0.1,0.0,0.294,0.0,16.0,3.4641016151377544,7.0,1.3333333333333333,1.0,1.3333333333333333,3.0,0.6666666666666666,0.0,0.0,2.3333333333333335,4.333333333333333,,1.0,1.6666666666666667,,0.0,1.3333333333333333,1.6666666666666667,-2.6666666666666665,0.45,0.4372338840800826,0.0880952380952381,0.048620423468243176,0.05714285714285714,0.05150787536377128,0.0880952380952381,0.11210721301898621,0.19285714285714287,0.2174762478234047,0.27380952380952384,0.28645736703609437,0.10476190476190476,0.10722219284950192,0.0,0.0,0.31990476190476186,0.23962391167748479,9.6,9.09945053286186,4.2,0.8,0.6,0.8,1.8,0.4,0.0,0.0,1.4,2.6,,0.6,1.0,,0.0,0.8,1.0,-1.6,0.45,0.4372338840800826,0.0880952380952381,0.048620423468243176,0.057142857142857155,0.05150787536377128,0.0880952380952381,0.11210721301898621,0.19285714285714284,0.2174762478234047,0.2738095238095238,0.28645736703609437,0.10476190476190476,0.10722219284950192,0.0,0.0,0.3199047619047619,0.23962391167748479,4.8,7.8993670632526,2.1,0.4,0.3,0.4,0.9,0.2,0.0,0.0,0.7,1.3,,0.3,0.5,,0.0,0.4,0.5,-0.8,0.45,0.4372338840800826,0.0880952380952381,0.048620423468243176,0.05714285714285714,0.05150787536377128,0.0880952380952381,0.11210721301898621,0.19285714285714284,0.2174762478234047,0.2738095238095238,0.28645736703609437,0.10476190476190476,0.10722219284950192,0.0,0.0,0.3199047619047619,0.23962391167748479,,True,True,GSV,True,6.698943138122559,2.0978463,1.4711308,10.26792025566101,0.7612478733062744,0.52949727,0.22786212,1.0470048,4.406666666666666,1.98,1.0066666666666666,0.7533333333333333,7.3933333333333335,0.3,0.17333333333333334,0.7866666666666666,2.9801491386990833,1.4443914520193848,1.0551250584119822,0.8241089464115503,3.5173790747594373,0.5744562646538028,0.3957552554574888,0.8373503182990709
4065760,Tyasha Harris,IND,2026-05-22,1.0,7.0,1.0,1.0,23.0,2,0,1,0,1,0,0,1,1,2,,0,0,,0,0,0,2.0,10.0,0.2,0.0,0.1,0.0,0.1,0.2,0.0,0.1,0.3,0.0,3.3333333333333335,5.773502691896257,0.6666666666666666,0.0,0.3333333333333333,0.0,0.3333333333333333,0.0,0.0,0.3333333333333333,0.3333333333333333,0.6666666666666666,,0.0,0.0,,0.0,0.0,0.0,0.6666666666666666,0.2,,0.0,,0.1,,0.0,,0.1,,0.2,,0.0,,0.1,,0.3,,2.0,4.47213595499958,0.4,0.0,0.2,0.0,0.2,0.0,0.0,0.2,0.2,0.4,,0.0,0.0,,0.0,0.0,0.0,0.4,0.2,,0.0,,0.1,,0.0,,0.1,,0.2,,0.0,,0.1,,0.3,,1.0,3.1622776601683795,0.2,0.0,0.1,0.0,0.1,0.0,0.0,0.1,0.1,0.2,,0.0,0.0,,0.0,0.0,0.0,0.2,0.2,,0.0,,0.1,,0.0,,0.1,,0.2,,0.0,,0.1,,0.3,,,True,True,GSV,True,4.778721809387207,1.5657285,1.0537326,7.398182988166809,0.42905813455581665,0.3848989,0.22036864,0.8435688,4.244082450866699,1.637813687324524,0.9959304332733154,0.46805208921432495,6.877826690673828,0.3848989009857178,0.2203686386346817,0.8435688018798828,7.5,3.0,2.5,1.3,9.0,1.2,1.3,1.5
4398829,Lexie Hull,IND,2026-05-22,1.0,7.0,1.0,1.0,58.0,9,4,1,2,4,3,0,1,3,6,,1,2,,1,3,5,8.0,26.0,0.34615384615384615,0.15384615384615385,0.038461538461538464,0.07692307692307693,0.15384615384615385,0.23076923076923078,0.07692307692307693,0.038461538461538464,0.3030769230769231,0.0,23.0,21.656407827707714,7.0,3.6666666666666665,1.3333333333333333,0.6666666666666666,3.0,1.0,0.3333333333333333,2.0,2.6666666666666665,6.0,,1.0,1.3333333333333333,,0.3333333333333333,3.3333333333333335,2.0,-0.3333333333333333,0.3126118067978534,0.047435606966897206,0.1583184257602862,0.006324747595586295,0.05411449016100179,0.022136616584552023,0.038461538461538464,0.05439282932204212,0.1350626118067978,0.02656393990146244,0.2549194991055455,0.034153637016165965,0.061717352415026835,0.021504141824993397,0.07737030411449014,0.055025304081600744,0.3594454382826475,0.07971711869477066,27.8,16.798809481626964,8.8,5.6,1.8,1.2,4.4,1.6,0.8,1.8,3.2,8.0,,1.2,2.0,,0.6,5.0,3.0,0.8,0.32735853497787404,0.13289280971426443,0.2033368444590905,0.073882178838556,0.06488619244892195,0.04405842627742881,0.04924721659919029,0.04357977232565062,0.1604589374823463,0.033120721876805634,0.2845321179738254,0.03949476769119133,0.07279946568119763,0.024953455939485163,0.05965554679408719,0.038779808131281304,0.3762194296676396,0.05299634855055372,29.4,11.852800887928941,9.1,4.4,1.7,1.5,4.8,1.0,0.5,1.6,3.1,8.8,,1.4,2.0,,0.9,3.5,3.0,1.7,0.3183279907485966,0.12214325599634686,0.15166010292224724,0.08080060106700748,0.05771213142525192,0.03016176891929712,0.055608902968775666,0.052140389123817674,0.16543953234436407,0.08834306598594048,0.30022353973149,0.11033984829939782,0.06842808857359262,0.036165602614617265,0.05412361392673333,0.045260868330375174,0.3844555126306041,0.09971516116718368,,True,True,GSV,True,7.761212348937988,3.9868643,0.9659612,12.714037895202637,1.1689409017562866,0.7366358,0.487189,1.3556011,11.266666666666667,6.52,1.5466666666666666,1.5666666666666667,19.333333333333332,0.43333333333333335,0.22,1.1933333333333334,5.387227693556512,2.808843178249722,1.2467914376065026,1.2879786057574438,6.292499944819671,0.6262764742685311,0.4452714527865746,1.062680050103929
4432831,Aliyah Boston,IND,2026-05-22,1.0,7.0,1.0,1.0,58.0,9,4,1,1,3,1,0,0,3,8,,2,4,,1,3,2,-12.0,21.0,0.42857142857142855,0.19047619047619047,0.047619047619047616,0.047619047619047616,0.14285714285714285,0.38095238095238093,0.19047619047619047,0.0,0.46476190476190476,0.0,17.666666666666668,16.258331197676263,6.666666666666667,6.666666666666667,1.0,0.3333333333333333,1.0,0.3333333333333333,0.0,1.0,2.6666666666666665,6.666666666666667,,1.0,2.0,,2.6666666666666665,4.0,2.6666666666666665,-3.3333333333333335,0.3861607142857143,0.05997780733278748,0.34523809523809523,0.218866384652979,0.055059523809523794,0.01052242233908553,0.023809523809523808,0.03367175148507369,0.07142857142857142,0.10101525445522107,0.3779761904761906,0.004208968935634196,0.12648809523809523,0.09049283211613554,0.04687499999999999,0.06629126073623882,0.4805059523809524,0.022265445669504995,25.0,15.329709716755891,11.2,8.4,2.4,0.2,1.0,0.8,0.6,1.6,4.0,10.2,,3.0,4.2,,3.0,5.4,3.0,-1.2,0.44849831379920385,0.1781642218557185,0.32819180303700424,0.15200136344330667,0.09061025726079905,0.044868618582476524,0.011904761904761904,0.023809523809523808,0.04887218045112782,0.06739012360776317,0.4045453707798909,0.0318532323622951,0.17199017765000735,0.15365415607220897,0.05788022445820434,0.04115610752463393,0.5381012734040984,0.08997844184664013,27.3,11.005554153345587,10.9,9.5,3.4,0.2,1.2,0.5,0.3,1.5,4.4,10.1,,1.9,2.9,,2.4,7.1,3.0,-1.3,0.4082882664972715,0.17714345102533005,0.3415009443620525,0.10963693130783672,0.12202179401522842,0.045645179092582464,0.01034151034151034,0.020527931804410957,0.049288736008069836,0.04829569828954706,0.3747289975404633,0.0857061028599533,0.10258386980523203,0.1270050721889331,0.05320011123296594,0.037746931214778706,0.47306601148773136,0.1095413193451008,,True,True,GSV,True,10.631418228149414,7.450153,2.6025515,20.684122562408447,0.2069653421640396,0.71732295,0.5861536,1.8324289,9.54,8.866666666666667,2.2933333333333334,0.7066666666666667,20.7,0.3933333333333333,0.24,1.2533333333333334,4.242059248368258,3.0258148581093915,1.4120749114531974,0.7706851208863161,5.317580903631525,0.6098815914221019,0.4715930449020639,1.1206347407707036
4433403,Caitlin Clark,IND,2026-05-22,1.0,7.0,1.0,1.0,50.0,32,4,8,7,17,2,1,4,10,28,,5,5,,1,3,3,14.0,37.0,0.8648648648648649,0.10810810810810811,0.21621621621621623,0.1891891891891892,0.4594594594594595,0.7567567567567568,0.13513513513513514,0.10810810810810811,0.9243243243243244,0.0,23.333333333333332,11.846237095944574,20.0,3.0,5.333333333333333,3.3333333333333335,8.333333333333334,1.0,0.6666666666666666,2.3333333333333335,5.333333333333333,14.666666666666666,,6.0,6.666666666666667,,0.3333333333333333,2.6666666666666665,1.6666666666666667,2.6666666666666665,0.8630431902490726,0.4503704102082034,0.13652623211446743,0.035608955226914644,0.23383677795442495,0.016938975498009236,0.12433757286698464,0.0651853543334752,0.3136923688394277,0.13703234726502128,0.5733306836248012,0.191314311782514,0.3550940646528882,0.3962216557324256,0.09853603603603604,0.09411578466343841,0.8281081081081081,0.16292074820974842,14.0,15.280706789936126,12.0,1.8,3.2,2.0,5.0,0.6,0.4,1.4,3.2,8.8,,3.6,4.0,,0.2,1.6,1.0,1.6,0.8630431902490726,0.4503704102082034,0.13652623211446743,0.035608955226914644,0.23383677795442503,0.016938975498009236,0.12433757286698464,0.0651853543334752,0.3136923688394277,0.13703234726502128,0.5733306836248014,0.191314311782514,0.3550940646528882,0.3962216557324256,0.09853603603603604,0.09411578466343841,0.8281081081081081,0.16292074820974842,7.0,12.578641509408806,6.0,0.9,1.6,1.0,2.5,0.3,0.2,0.7,1.6,4.4,,1.8,2.0,,0.1,0.8,0.5,0.8,0.8630431902490726,0.4503704102082034,0.13652623211446743,0.035608955226914644,0.23383677795442503,0.016938975498009236,0.12433757286698464,0.0651853543334752,0.3136923688394277,0.13703234726502128,0.5733306836248012,0.191314311782514,0.3550940646528882,0.3962216557324256,0.09853603603603604,0.09411578466343841,0.8281081081081081,0.16292074820974842,,True,True,GSV,True,13.729751586914062,3.5639539,3.8382902,21.131995677947998,1.5564062595367432,1.3481252,0.44550523,2.2373238,13.266666666666667,4.113333333333333,2.34,1.9333333333333333,19.72,0.4866666666666667,0.17333333333333334,1.4933333333333334,5.526501806950055,2.1056643185043105,1.526783110551943,1.3148721948877347,6.075217417234272,0.7186716140831562,0.4434210439550904,1.1761330234666865
4433546,Makayla Timpson,IND,2026-05-22,1.0,7.0,1.0,1.0,59.0,0,1,0,0,0,0,0,0,0,1,,0,0,,1,0,1,-1.0,4.0,0.0,0.25,0.0,0.0,0.0,0.25,0.0,0.0,0.25,0.0,17.333333333333332,11.59022576714247,7.333333333333333,1.6666666666666667,0.3333333333333333,0.0,0.0,1.3333333333333333,0.6666666666666666,0.6666666666666666,2.0,2.6666666666666665,,3.3333333333333335,4.333333333333333,,0.6666666666666666,1.0,2.3333333333333335,3.0,0.3060869565217392,0.26576849371121364,0.1389855072463769,0.09620426965413198,0.013333333333333334,0.023094010767585032,0.0,0.0,0.0,0.0,0.18130434782608695,0.06531442057441562,0.18144927536231883,0.16039962695611937,0.02666666666666667,0.04618802153517006,0.28780869565217393,0.03276220331378,13.0,10.606601717798211,4.4,1.4,0.2,0.0,0.0,1.0,0.4,0.6,1.2,1.6,,2.0,2.6,,0.8,0.6,1.8,2.0,0.18365217391304348,0.25183965853412754,0.11975494071146246,0.0972279008163393,0.008,0.01788854381999832,0.0,0.0,0.0,0.0,0.10878260869565222,0.10951879623917835,0.1088695652173913,0.15080176399062548,0.03418181818181818,0.04696402702825583,0.1908670355731225,0.13852941590012852,10.2,8.599741598185117,4.0,2.0,0.1,0.0,0.0,0.6,0.4,0.5,1.2,1.7,,1.6,2.1,,1.0,1.0,1.0,0.2,0.3212378516624041,0.3294610205003062,0.2667402154537704,0.3635458545768054,0.004,0.012649110640673518,0.0,0.0,0.0,0.0,0.18037169650468882,0.2325126609014605,0.15541517476555838,0.1828605459520656,0.028855614973262035,0.04735073401389641,0.27760998837479656,0.22797384418835015,,True,True,GSV,True,3.846411943435669,2.3765562,0.08990133,6.312869429588318,0.0,0.4349822,0.4595103,0.48524016,3.5533333333333332,3.013333333333333,0.3,0.14666666666666667,6.866666666666666,0.25333333333333335,0.16,0.46,2.8249759094351385,1.7850739169258198,0.5131601439446883,0.4063933507767512,3.4692298216687165,0.492431608336517,0.3666060555964672,0.6595958358469728
4433797,Raven Johnson,IND,2026-05-22,1.0,7.0,1.0,1.0,4.0,0,2,0,0,0,0,0,0,0,0,,0,0,,1,1,0,-10.0,4.0,0.0,0.5,0.0,0.0,0.0,0.0,0.0,0.0,0.0,0.0,14.333333333333334,9.073771725877465,3.0,2.0,4.333333333333333,0.0,0.3333333333333333,2.0,0.6666666666666666,1.0,1.3333333333333333,2.0,,0.3333333333333333,1.0,,0.3333333333333333,1.6666666666666667,2.0,0.6666666666666666,0.15873015873015872,0.16723259925163075,0.2380952380952381,0.23449661432847868,0.22751322751322753,0.22241110642310793,0.0,0.0,0.015873015873015872,0.02749286996141075,0.10317460317460318,0.09014140231429006,0.047619047619047616,0.08247860988423225,0.047619047619047616,0.08247860988423225,0.17174603174603176,0.17434121763452481,14.333333333333334,9.073771725877465,3.0,2.0,4.333333333333333,0.0,0.3333333333333333,2.0,0.6666666666666666,1.0,1.3333333333333333,2.0,,0.3333333333333333,1.0,,0.3333333333333333,1.6666666666666667,2.0,0.6666666666666666,0.15873015873015872,0.16723259925163075,0.2380952380952381,0.23449661432847868,0.22751322751322753,0.22241110642310793,0.0,0.0,0.015873015873015872,0.02749286996141075,0.10317460317460318,0.09014140231429006,0.047619047619047616,0.08247860988423225,0.047619047619047616,0.08247860988423225,0.17174603174603176,0.17434121763452481,14.333333333333334,9.073771725877465,3.0,2.0,4.333333333333333,0.0,0.3333333333333333,2.0,0.6666666666666666,1.0,1.3333333333333333,2.0,,0.3333333333333333,1.0,,0.3333333333333333,1.6666666666666667,2.0,0.6666666666666666,0.15873015873015872,0.16723259925163075,0.2380952380952381,0.23449661432847868,0.22751322751322753,0.22241110642310793,0.0,0.0,0.015873015873015872,0.02749286996141075,0.10317460317460318,0.09014140231429006,0.047619047619047616,0.08247860988423225,0.047619047619047616,0.08247860988423225,0.17174603174603176,0.17434121763452481,,True,True,GSV,True,2.8517661094665527,2.0553548,3.1206627,8.027783632278442,0.0,1.0025644,0.51911056,1.1813767,2.8933333333333335,3.2133333333333334,2.4266666666666667,0.4,8.533333333333333,0.6533333333333333,0.21333333333333335,0.9466666666666667,2.6811606110455637,1.671672482542226,1.6014437930262249,0.6110100926607787,3.537733109712426,0.7570703768841808,0.4410089442277661,0.9436571882250931
4682855,Justine Pissott,IND,2026-05-22,1.0,27.0,0.0,0.0,2.0,8,1,1,2,3,0,0,0,2,4,,2,2,,0,1,3,16.0,10.0,0.8,0.1,0.1,0.2,0.3,0.4,0.2,0.0,0.488,0.0,10.0,,8.0,1.0,1.0,2.0,3.0,0.0,0.0,0.0,2.0,4.0,,2.0,2.0,,0.0,1.0,3.0,16.0,0.8,,0.1,,0.1,,0.2,,0.3,,0.4,,0.2,,0.0,,0.488,,10.0,,8.0,1.0,1.0,2.0,3.0,0.0,0.0,0.0,2.0,4.0,,2.0,2.0,,0.0,1.0,3.0,16.0,0.8,,0.1,,0.1,,0.2,,0.3,,0.4,,0.2,,0.0,,0.488,,10.0,,8.0,1.0,1.0,2.0,3.0,0.0,0.0,0.0,2.0,4.0,,2.0,2.0,,0.0,1.0,3.0,16.0,0.8,,0.1,,0.1,,0.2,,0.3,,0.4,,0.2,,0.0,,0.488,,,True,True,GSV,True,7.036953449249268,1.453587,0.7068666,9.197407126426697,1.250319004058838,0.3441745,0.1041912,1.0803794,7.613333333333333,2.4066666666666667,0.8666666666666667,1.0866666666666667,10.886666666666667,0.3,0.07333333333333333,0.7133333333333334,4.558927749177675,1.583652599390269,0.9910712498212337,1.0641846122214365,5.084009791056225,0.5972157622389638,0.2606828639468953,0.7860166806259408
4898383,Bree Hall,IND,2026-05-22,1.0,234.0,0.0,0.0,20.0,0,0,0,0,0,0,0,0,0,0,,0,0,,0,0,0,0.0,0.0,,,,,,,,,,0.0,0.0,0.0,0.0,0.0,0.0,0.0,0.0,0.0,0.0,0.0,0.0,0.0,,0.0,0.0,,0.0,0.0,0.0,0.0,,,,,,,,,,,,,,,,,,,1.0,1.7320508075688772,0.4,0.6,0.0,0.0,0.2,0.0,0.0,0.0,0.2,0.4,,0.0,0.0,,0.2,0.4,0.2,0.4,1.0,1.4142135623730951,1.125,1.2374368670764584,0.0,0.0,0.0,0.0,0.5,0.7071067811865476,1.0,1.414213562373095,0.0,0.0,0.0,0.0,1.0,1.414213562373095,1.4,1.8378731669453625,0.6,0.4,0.0,0.0,0.1,0.0,0.0,0.0,0.2,0.5,,0.2,0.4,,0.1,0.3,0.2,0.6,0.8,1.0954451150103321,0.48999999999999994,0.8517628778010932,0.0,0.0,0.0,0.0,0.2,0.4472135954999579,0.58,0.8258329128825032,0.4,0.8944271909999159,0.0,0.0,0.756,0.895365847014504,,True,True,GSV,True,0.0,0.0,0.0,0.0,0.0,0.0,0.0,0.0,-3.9353511333465576,-1.9172804355621338,-1.4512653350830078,-0.2980594336986542,-7.303897857666016,-0.22813370823860168,-0.2043192982673645,-0.3845856189727783,7.5,3.0,2.5,1.3,9.0,1.2,1.3,1.5
2529183,Stefanie Dolson,SEA,2026-05-22,1.0,23.0,0.0,0.0,49.0,6,2,0,0,1,0,0,0,2,4,,2,3,,1,1,2,3.0,16.0,0.375,0.125,0.0,0.0,0.0625,0.25,0.1875,0.0,0.3325,0.0,17.0,1.0000000000000213,2.0,2.6666666666666665,0.6666666666666666,0.0,1.0,0.3333333333333333,0.3333333333333333,0.6666666666666666,0.6666666666666666,3.0,,0.6666666666666666,1.0,,0.6666666666666666,2.0,3.6666666666666665,-3.3333333333333335,0.125,0.21650635094610965,0.1571350762527233,0.06804301670563308,0.03921568627450978,0.06792356108113246,0.0,0.0,0.05895969498910677,0.0034742240801121345,0.17810457516339864,0.06691370990014132,0.0625,0.10825317547305482,0.03812636165577342,0.033058803715672144,0.2437309368191721,0.08020762393076995,16.0,1.5811388300841844,1.8,2.2,0.6,0.2,1.2,0.2,0.2,0.6,0.6,2.8,,0.4,0.6,,0.4,1.8,2.6,-5.6,0.11499999999999999,0.16918924315688652,0.13523342670401495,0.06077298107548901,0.03781512605042017,0.05429768060218526,0.013333333333333332,0.029814239699997132,0.07537581699346405,0.07423831293271396,0.17543417366946779,0.05157767210107973,0.0375,0.08385254915624211,0.03620915032679738,0.03329999614506192,0.2281433239962652,0.07475497896057921,14.9,2.8848262031225014,3.3,2.3,1.1,0.6,1.5,0.4,0.4,0.3,1.1,3.1,,0.5,0.9,,0.4,1.9,2.1,-1.5,0.20777777777777778,0.25656603767303815,0.1583111577964519,0.0888824322404676,0.06807422969187675,0.0788843327371773,0.03666666666666667,0.06373169066533328,0.10018790849673202,0.058932412164372436,0.21202264239028948,0.09465776941276344,0.06319444444444444,0.08520845595994678,0.01810457516339869,0.029275160862099237,0.25793277310924373,0.11915090295156808,,True,True,CON,True,4.7994537353515625,2.5660203,0.9453836,8.310857594013214,0.42201846837997437,0.31483808,0.38253146,0.9702712,7.519,4.0505,1.5985,0.8055,13.168,0.4045,0.2695,0.7985,4.1924502382258515,2.008469504373915,1.240281318895032,0.8790163536590204,4.889557853221496,0.6464361917467183,0.5280811964082796,0.8825518398371849
3058892,Lexie Brown,SEA,2026-05-22,1.0,23.0,0.0,0.0,50.0,6,6,1,0,3,3,0,2,2,6,,2,2,,0,6,1,-4.0,19.0,0.3157894736842105,0.3157894736842105,0.05263157894736842,0.0,0.15789473684210525,0.3157894736842105,0.10526315789473684,0.10526315789473684,0.46736842105263154,0.0,14.666666666666666,13.051181300301261,5.0,3.0,0.3333333333333333,0.6666666666666666,2.0,1.0,0.0,1.6666666666666667,1.6666666666666667,4.0,,1.0,1.3333333333333333,,0.3333333333333333,2.6666666666666665,0.3333333333333333,-5.333333333333333,0.33789473684210525,0.031261562957721055,0.21789473684210525,0.13844406452705035,0.02631578947368421,0.03721614637823934,0.04,0.0565685424949238,0.13894736842105265,0.026795625392332323,0.27789473684210525,0.053591250784664646,0.09263157894736843,0.017863750261554876,0.11263157894736842,0.010420520985907017,0.4312842105263157,0.05103077991384183,10.2,11.344602240713423,4.0,2.0,0.2,0.6,1.6,0.6,0.0,1.0,1.4,3.0,,0.6,0.8,,0.2,1.8,0.2,-2.4,0.46335839598997497,0.2184308402208769,0.19288220551378443,0.10705260235854021,0.017543859649122806,0.030386856273138196,0.07428571428571429,0.07159979477795239,0.18786967418546366,0.08682844449834787,0.32812030075187965,0.09488852876136779,0.061754385964912284,0.054952342317057944,0.0750877192982456,0.06544400523247304,0.4303799498746867,0.03611818532658768,5.7,9.104943712072032,2.0,1.0,0.3,0.3,0.9,0.3,0.0,0.5,0.7,1.6,,0.3,0.4,,0.1,0.9,0.2,-0.4,0.3475187969924812,0.2923752248224863,0.14466165413533832,0.1301578250258352,0.09649122807017546,0.15983216805516312,0.055714285714285716,0.06926239175457793,0.18256892230576438,0.0716834085728978,0.28775689223057643,0.11189000960837271,0.04631578947368423,0.05446626782296773,0.05631578947368421,0.06530558892314146,0.3644516290726817,0.13511423367881065,,True,True,CON,True,7.049469947814941,2.7989776,1.2391744,11.087621927261353,0.7178380489349365,0.6462963,0.25931492,1.1113657,7.342,3.34,1.127,0.8285,11.809,0.5365,0.1765,0.752,4.124807389442567,1.8109113727623447,1.0704536421536432,0.9105425580388871,4.685991784030356,0.7194913133596542,0.41635051338986,0.8737825816528961
3906753,Natisha Hiedeman,SEA,2026-05-22,1.0,23.0,0.0,0.0,56.0,0,2,3,0,2,0,1,2,0,4,,0,0,,1,1,1,1.0,14.0,0.0,0.14285714285714285,0.21428571428571427,0.0,0.14285714285714285,0.2857142857142857,0.0,0.14285714285714285,0.42857142857142855,0.0,11.666666666666666,10.692676621563628,1.0,1.3333333333333333,2.3333333333333335,0.0,1.3333333333333333,0.0,0.6666666666666666,1.0,0.3333333333333333,3.6666666666666665,,0.3333333333333333,0.6666666666666666,,0.3333333333333333,1.0,1.3333333333333333,-2.3333333333333335,0.07142857142857137,0.10101525445522107,0.11904761904761904,0.03367175148507369,0.20238095238095238,0.016835875742536834,0.0,0.0,0.11904761904761907,0.03367175148507369,0.30952380952380953,0.03367175148507371,0.047619047619047616,0.06734350297014738,0.09523809523809523,0.06734350297014738,0.4257142857142856,0.004040610178208833,14.6,9.016651263079881,4.4,1.4,2.2,0.0,1.6,0.4,0.4,1.2,1.6,4.6,,1.2,1.6,,0.4,1.0,1.2,-2.4,0.2422360248447205,0.39501673216475586,0.09792960662525879,0.03226715436367243,0.15046583850931677,0.06607407260198148,0.0,0.0,0.10300207039337474,0.07590893386260311,0.28519668737060044,0.21572117996040097,0.08902691511387162,0.12304478640251451,0.08602484472049689,0.041152247577830384,0.4103933747412008,0.2687352990847247,18.8,7.714344503009387,7.4,1.6,2.9,0.6,2.9,0.8,0.4,1.7,2.9,7.2,,1.0,1.3,,0.5,1.1,1.2,2.6,0.3482941979623902,0.3521160144695892,0.08507494116189768,0.03884742163335344,0.15510807397535087,0.08683805733824713,0.028283850652271705,0.04624994188689136,0.14614853279613005,0.07997598959878811,0.35965085511996264,0.17579524444366765,0.06181823007909965,0.08455130610909926,0.09183596765976627,0.02930401088733249,0.47868684401453276,0.2050358775167109,,True,True,CON,True,7.294192790985107,1.7865629,2.4851205,11.565876245498657,0.61314857006073,0.6386359,0.30895966,1.4234064,9.235,3.222,2.649,0.916,15.106,0.617,0.215,1.0445,4.456430746685065,1.7509186160413055,1.625668785454159,0.9300236556131247,5.136610166247776,0.7844176183640956,0.4719904660054056,1.0092173948163992
3917453,Katie Lou Samuelson,SEA,2026-05-22,1.0,23.0,0.0,0.0,44.0,0,0,0,0,0,0,0,0,0,0,,0,0,,0,0,0,0.0,0.0,,,,,,,,,,0.0,0.0,0.0,0.0,0.0,0.0,0.0,0.0,0.0,0.0,0.0,0.0,0.0,,0.0,0.0,,0.0,0.0,0.0,0.0,,,,,,,,,,,,,,,,,,,0.0,0.0,0.0,0.0,0.0,0.0,0.0,0.0,0.0,0.0,0.0,0.0,,0.0,0.0,,0.0,0.0,0.0,0.0,,,,,,,,,,,,,,,,,,,0.0,0.0,0.0,0.0,0.0,0.0,0.0,0.0,0.0,0.0,0.0,0.0,,0.0,0.0,,0.0,0.0,0.0,0.0,,,,,,,,,,,,,,,,,,,,True,True,CON,True,3.191685438156128,1.0645435,0.57436556,4.830594480037689,0.1790933758020401,0.27319774,0.14789973,0.52025473,2.65704607963562,1.1366286277770996,0.516563355922699,0.2180873304605484,4.310238361358643,0.273197740316391,0.14789973199367523,0.5202547311782837,7.5,3.0,2.5,1.3,9.0,1.2,1.3,1.5
4420318,Ezi Magbegor,SEA,2026-05-22,1.0,23.0,0.0,0.0,51.0,0,0,0,0,0,0,0,0,0,0,,0,0,,0,0,0,0.0,0.0,,,,,,,,,,0.0,8.666666666666666,15.011106998930273,3.0,1.6666666666666667,0.6666666666666666,0.0,0.3333333333333333,0.6666666666666666,0.0,0.3333333333333333,1.3333333333333333,2.3333333333333335,,0.3333333333333333,1.0,,0.3333333333333333,1.3333333333333333,1.3333333333333333,-1.3333333333333333,0.34615384615384615,,0.19230769230769232,,0.07692307692307693,,0.0,,0.038461538461538464,,0.2692307692307692,,0.11538461538461539,,0.038461538461538464,,0.3584615384615385,,14.6,13.371611720357425,3.0,2.6,1.4,0.0,0.4,0.6,0.6,0.4,1.4,2.4,,0.2,0.8,,0.8,1.8,2.2,-5.4,0.20113340765514676,0.13350792732737254,0.17823299888517283,0.04777667868297864,0.09689706428836865,0.0292208274936135,0.0,0.0,0.02731326644370122,0.023786609022688854,0.16099962839093274,0.0966443041083088,0.05235042735042733,0.05842952527297141,0.027313266443701235,0.02378660902268887,0.21134708286882206,0.13242689312921557,22.7,12.52597301609739,5.5,4.6,1.7,0.6,0.9,0.6,1.9,1.1,2.0,4.3,,0.9,1.2,,1.7,2.9,2.6,-2.9,0.235377172500244,0.12052096823421336,0.20411582194103234,0.06572064015701684,0.07573732076712442,0.06422540423227746,0.025283587380361572,0.031218862427789058,0.039558320361265664,0.023384201267768308,0.18510456642469264,0.06138229377437091,0.04912449781401394,0.062350290238101555,0.04871287548356272,0.048584174397770456,0.2554322209464215,0.10039674967968346,,True,True,CON,True,0.7596876621246338,2.5155513,0.42193487,3.6971738636493683,0.0,0.46914572,0.90627444,0.46097198,2.501,3.4455,1.193,0.2325,7.1395,0.4385,0.4155,0.423,2.4047866849265445,1.8066625999339225,1.0727306278838131,0.48728200254062326,3.159594871182063,0.6769178310548482,0.6243874998748774,0.6388043518950071
4432830,Jordan Horston,SEA,2026-05-22,1.0,23.0,0.0,0.0,3.0,0,0,0,0,0,0,0,0,0,0,,0,0,,0,0,0,0.0,0.0,,,,,,,,,,0.0,0.0,0.0,0.0,0.0,0.0,0.0,0.0,0.0,0.0,0.0,0.0,0.0,,0.0,0.0,,0.0,0.0,0.0,0.0,,,,,,,,,,,,,,,,,,,0.0,0.0,0.0,0.0,0.0,0.0,0.0,0.0,0.0,0.0,0.0,0.0,,0.0,0.0,,0.0,0.0,0.0,0.0,,,,,,,,,,,,,,,,,,,0.0,0.0,0.0,0.0,0.0,0.0,0.0,0.0,0.0,0.0,0.0,0.0,,0.0,0.0,,0.0,0.0,0.0,0.0,,,,,,,,,,,,,,,,,,,,True,True,CON,True,3.3939387798309326,1.1524448,0.7086876,5.255071222782135,0.20413503050804138,0.35301912,0.15379173,0.63683385,2.859299421310425,1.2245299816131592,0.6508854031562805,0.24312898516654968,4.734714984893799,0.353019118309021,0.15379172563552856,0.6368338465690613,7.5,3.0,2.5,1.3,9.0,1.2,1.3,1.5
4432832,Zia Cooke,SEA,2026-05-22,1.0,23.0,0.0,0.0,45.0,19,0,0,4,9,0,0,0,5,12,,5,7,,0,0,2,5.0,18.0,1.0555555555555556,0.0,0.0,0.2222222222222222,0.5,0.6666666666666666,0.3888888888888889,0.0,0.8377777777777777,0.0,12.666666666666666,11.015141094572202,10.333333333333334,0.6666666666666666,1.0,1.3333333333333333,3.6666666666666665,0.0,0.0,1.0,2.6666666666666665,7.0,,3.6666666666666665,4.333333333333333,,0.0,0.6666666666666666,1.3333333333333333,0.6666666666666666,0.8277777777777778,0.32212642254053836,0.05,0.07071067811865477,0.075,0.10606601717798213,0.1111111111111111,0.15713484026367722,0.3,0.282842712474619,0.5583333333333333,0.15320646925708525,0.34444444444444444,0.06285393610547091,0.075,0.10606601717798213,0.7848888888888887,0.07479618396551034,9.0,9.591663046625438,6.8,0.4,0.8,0.8,2.2,0.0,0.0,0.8,1.8,4.8,,2.4,3.0,,0.0,0.4,0.8,1.2,0.6947089947089946,0.32404416231681027,0.03333333333333333,0.05773502691896258,0.0976190476190476,0.08461597925674695,0.07407407407407406,0.12830005981991682,0.19999999999999998,0.2645751311064591,0.515079365079365,0.13171495139222802,0.32486772486772486,0.05590216892153521,0.0976190476190476,0.08461597925674695,0.7556402116402116,0.07323721683879784,4.5,7.961713941664123,3.4,0.2,0.4,0.4,1.1,0.0,0.0,0.4,0.9,2.4,,1.2,1.5,,0.0,0.2,0.4,0.6,0.6947089947089946,0.3240441623168103,0.03333333333333333,0.057735026918962595,0.0976190476190476,0.08461597925674684,0.07407407407407407,0.12830005981991682,0.20000000000000004,0.2645751311064591,0.515079365079365,0.131714951392228,0.32486772486772486,0.05590216892153476,0.0976190476190476,0.08461597925674705,0.7556402116402116,0.0732372168387977,,True,True,CON,True,7.317211627960205,1.82103,1.2108675,10.349109172821045,0.796769380569458,0.4562991,0.1658893,1.1930089,7.71,2.1075,1.1845,0.8795,11.002,0.421,0.1205,0.777,4.137982600253413,1.4383823379060243,1.0814156231532814,0.9181392868187267,4.519734062973175,0.6377766066578485,0.34782143407213995,0.8765106958845396
4433643,Mackenzie Holmes,SEA,2026-05-22,1.0,23.0,0.0,0.0,40.0,8,7,0,0,1,1,1,2,2,7,,4,4,,3,4,4,6.0,21.0,0.38095238095238093,0.3333333333333333,0.0,0.0,0.047619047619047616,0.3333333333333333,0.19047619047619047,0.09523809523809523,0.5123809523809524,0.0,11.333333333333334,10.598742063723098,3.6666666666666665,3.3333333333333335,0.0,0.3333333333333333,0.6666666666666666,0.6666666666666666,0.3333333333333333,0.6666666666666666,1.0,3.0,,1.3333333333333333,1.3333333333333333,,1.0,2.3333333333333335,1.6666666666666667,3.0,0.3058608058608059,0.10619552391446313,0.28205128205128205,0.07252377242938947,0.0,0.0,0.038461538461538464,0.05439282932204212,0.06227106227106227,0.02072107783696843,0.24358974358974358,0.1269166017514316,0.09523809523809523,0.13468700594029476,0.047619047619047616,0.06734350297014738,0.3331135531135531,0.2535223873353087,7.8,9.093954035511725,2.2,2.2,0.0,0.2,0.4,0.4,0.2,0.4,0.6,1.8,,0.8,0.8,,0.6,1.6,1.0,3.2,0.20390720390720393,0.19189152014530028,0.25470085470085474,0.0698139413902979,0.0,0.0,0.025641025641025644,0.04441155916843275,0.04151404151404151,0.03882323100264871,0.1623931623931624,0.16683095124737723,0.06349206349206349,0.109971479845643,0.031746031746031744,0.0549857399228215,0.22207570207570207,0.2629163622321919,5.1,7.593125545883958,1.1,1.2,0.1,0.1,0.2,0.2,0.1,0.2,0.3,0.9,,0.4,0.4,,0.3,0.9,0.7,1.0,0.15293040293040294,0.18692986372905454,0.21185897435897438,0.10291273546008418,0.020833333333333332,0.041666666666666664,0.019230769230769232,0.038461538461538464,0.031135531135531136,0.03789040451570916,0.12179487179487179,0.1585809856006792,0.047619047619047616,0.09523809523809523,0.023809523809523808,0.047619047619047616,0.16655677655677656,0.24168729117610513,,True,True,CON,True,6.506320476531982,3.2112777,0.9019167,10.619514882564545,0.38993340730667114,0.48782507,0.3942785,1.1351252,5.651,3.512,0.877,0.5315,10.04,0.4545,0.234,0.7275,3.6166557757132485,1.9091505964695399,0.9454475130857344,0.7266414177570667,4.174134640856713,0.6541633970194298,0.4724870368592137,0.8632750141177492
4698736,Flau'jae Johnson,SEA,2026-05-22,1.0,23.0,0.0,0.0,3.0,20,3,1,3,7,1,0,2,5,12,,7,8,,1,2,4,3.0,19.0,1.0526315789473684,0.15789473684210525,0.05263157894736842,0.15789473684210525,0.3684210526315789,0.631578947368421,0.42105263157894735,0.10526315789473684,0.9221052631578948,0.0,21.0,2.8284271247461903,16.0,3.5,0.5,2.0,4.5,1.0,0.0,1.0,5.0,11.0,,4.0,4.5,,1.0,2.5,3.5,-2.5,0.7871853546910754,0.37539765042397943,0.16590389016018306,0.011326653245551106,0.02631578947368421,0.03721614637823934,0.10068649885583524,0.08090466603965074,0.22768878718535468,0.19902547845754084,0.5331807780320366,0.13915602558819928,0.23226544622425627,0.2669853979308474,0.05263157894736842,0.07443229275647868,0.6880091533180778,0.3310618934342509,21.0,2.8284271247461903,16.0,3.5,0.5,2.0,4.5,1.0,0.0,1.0,5.0,11.0,,4.0,4.5,,1.0,2.5,3.5,-2.5,0.7871853546910754,0.37539765042397943,0.16590389016018306,0.011326653245551106,0.02631578947368421,0.03721614637823934,0.10068649885583524,0.08090466603965074,0.22768878718535468,0.19902547845754084,0.5331807780320366,0.13915602558819928,0.23226544622425627,0.2669853979308474,0.05263157894736842,0.07443229275647868,0.6880091533180778,0.3310618934342509,21.0,2.8284271247461903,16.0,3.5,0.5,2.0,4.5,1.0,0.0,1.0,5.0,11.0,,4.0,4.5,,1.0,2.5,3.5,-2.5,0.7871853546910754,0.37539765042397943,0.16590389016018306,0.011326653245551106,0.02631578947368421,0.03721614637823934,0.10068649885583524,0.08090466603965074,0.22768878718535468,0.19902547845754084,0.5331807780320366,0.13915602558819928,0.23226544622425627,0.2669853979308474,0.05263157894736842,0.07443229275647868,0.6880091533180778,0.3310618934342509,,True,True,CON,True,13.396186828613281,3.8637335,0.6652807,17.925201058387756,1.3755751848220825,0.76219594,0.14032155,1.6861742,15.6175,5.335,1.1205,1.746,22.073,0.7,0.1725,1.2375,5.8552705957965765,2.2892739023541937,1.0276087533687128,1.3116722151513311,6.388088211663956,0.825832912882503,0.414419775107318,1.1437192618820406
4898400,Taylor Thierry,SEA,2026-05-22,1.0,19.0,0.0,0.0,45.0,7,4,1,2,4,0,0,1,2,5,,1,2,,1,3,3,-10.0,13.0,0.5384615384615384,0.3076923076923077,0.07692307692307693,0.15384615384615385,0.3076923076923077,0.38461538461538464,0.15384615384615385,0.07692307692307693,0.5292307692307692,0.0,9.0,7.810249675906655,2.3333333333333335,2.6666666666666665,0.3333333333333333,0.6666666666666666,1.6666666666666667,0.3333333333333333,0.3333333333333333,0.6666666666666666,0.6666666666666666,2.0,,0.3333333333333333,0.6666666666666666,,1.0,1.6666666666666667,1.0,0.3333333333333333,0.2692307692307692,0.3807498052542948,0.2967032967032967,0.015540808377726343,0.038461538461538464,0.05439282932204212,0.07692307692307693,0.10878565864408424,0.18956043956043955,0.16706369006055796,0.22802197802197804,0.22145651938260005,0.07692307692307693,0.10878565864408424,0.07417582417582418,0.0038852020944315857,0.336043956043956,0.2732074112804287,5.8,7.085195833567341,1.4,1.6,0.2,0.4,1.0,0.2,0.2,0.4,0.4,1.2,,0.2,0.4,,0.6,1.0,0.6,0.4,0.1794871794871795,0.31088091417902924,0.1978021978021978,0.1716538390309155,0.025641025641025644,0.04441155916843275,0.05128205128205129,0.0888231183368655,0.12637362637362637,0.161036822964317,0.15201465201465203,0.20457965639056044,0.05128205128205129,0.0888231183368655,0.04945054945054945,0.042913459757728874,0.224029304029304,0.2737937026068485,3.1,5.546770832355224,0.7,0.8,0.1,0.2,0.5,0.1,0.1,0.2,0.2,0.7,,0.1,0.2,,0.3,0.5,0.3,-0.2,0.1346153846153846,0.2692307692307692,0.14835164835164835,0.1715365490691296,0.019230769230769232,0.038461538461538464,0.038461538461538464,0.07692307692307693,0.09478021978021978,0.1458805867630522,0.23901098901098902,0.24119564909503263,0.038461538461538464,0.07692307692307693,0.03708791208791209,0.0428841372672824,0.293021978021978,0.2627076016856304,,True,True,CON,True,5.113857269287109,2.4276664,0.8939148,8.435438513755798,0.4948388338088989,0.55415225,0.2726103,0.83305365,4.579217910766602,2.499751567840576,0.8361126184463501,0.5338327884674072,7.915081977844238,0.554152250289917,0.27261030673980713,0.8330536484718323,7.5,3.0,2.5,1.3,9.0,1.2,1.3,1.5
5017726,Jade Melbourne,SEA,2026-05-22,1.0,23.0,0.0,0.0,48.0,4,1,3,0,2,1,1,2,1,5,,2,4,,1,0,6,6.0,18.0,0.2222222222222222,0.05555555555555555,0.16666666666666666,0.0,0.1111111111111111,0.2777777777777778,0.2222222222222222,0.1111111111111111,0.48666666666666664,0.0,18.666666666666668,1.154700538379272,6.333333333333333,0.3333333333333333,2.6666666666666665,0.3333333333333333,1.3333333333333333,0.6666666666666666,0.6666666666666666,2.3333333333333335,2.6666666666666665,5.0,,0.6666666666666666,1.3333333333333333,,0.3333333333333333,0.0,3.3333333333333335,0.0,0.3407407407407408,0.14330031201594937,0.018518518518518517,0.032075014954979206,0.1425925925925926,0.02850889688581615,0.018518518518518517,0.032075014954979206,0.07222222222222223,0.03379312516832367,0.27037037037037037,0.06697459748157464,0.07407407407407407,0.12830005981991682,0.1259259259259259,0.03571722504071463,0.4288888888888889,0.11181996111474785,18.6,2.607680962081064,5.0,0.6,2.8,0.2,1.2,0.8,0.4,1.8,2.2,4.8,,0.4,0.8,,0.2,0.4,3.0,-5.4,0.26747474747474753,0.14361810678273645,0.03777777777777778,0.05858411700650696,0.14434343434343436,0.06030269190978263,0.011111111111111113,0.024845199749997663,0.06575757575757576,0.02656296794782786,0.261010101010101,0.05100059917503496,0.04444444444444444,0.09938079899999064,0.09373737373737374,0.06011331679449321,0.37430303030303025,0.11031934611264606,20.7,4.083843505544474,4.4,1.1,3.4,0.3,1.9,0.7,0.2,1.9,1.7,4.5,,0.7,1.0,,0.2,0.9,2.3,-7.1,0.21878749905065695,0.14568408426697652,0.05117585630743525,0.05377812609730015,0.158700539226855,0.0803814738943834,0.015079365079365078,0.03313749475158039,0.09583618136249714,0.0879785429289603,0.23184590263537636,0.10873701543011229,0.04507936507936507,0.0788171562345789,0.091417559049138,0.046408037895393585,0.34309838231943496,0.13773962531900774,,True,True,CON,True,5.979467391967773,1.7974365,2.9058354,10.6827392578125,0.5889380574226379,0.72549975,0.24592064,1.6052046,8.416,3.062,3.0695,0.876,14.5475,0.664,0.1965,1.1425,4.485191634701911,1.7012219138019589,1.75204730244363,0.9384156861434063,5.098406000898712,0.8192093749463565,0.4369070267230775,1.0574468071728242
5105731,Grace VanSlooten,SEA,2026-05-22,1.0,23.0,0.0,0.0,3.0,1,1,0,0,0,0,0,0,0,1,,1,2,,1,0,0,6.0,8.0,0.125,0.125,0.0,0.0,0.0,0.125,0.25,0.0,0.235,0.0,15.0,9.899494936611665,2.0,2.0,0.5,0.0,0.0,0.0,0.5,0.0,0.0,1.5,,2.0,3.0,,1.5,0.5,0.5,7.5,0.13068181818181818,0.008035304331665305,0.13068181818181818,0.008035304331665305,0.022727272727272728,0.03214121732666125,0.0,0.0,0.0,0.0,0.10795454545454546,0.024105912994995937,0.2159090909090909,0.04821182598999187,0.0,0.0,0.20295454545454544,0.04531911643059236,15.0,9.899494936611665,2.0,2.0,0.5,0.0,0.0,0.0,0.5,0.0,0.0,1.5,,2.0,3.0,,1.5,0.5,0.5,7.5,0.13068181818181818,0.008035304331665305,0.13068181818181818,0.008035304331665305,0.022727272727272728,0.03214121732666125,0.0,0.0,0.0,0.0,0.10795454545454546,0.024105912994995937,0.2159090909090909,0.04821182598999187,0.0,0.0,0.20295454545454544,0.04531911643059236,15.0,9.899494936611665,2.0,2.0,0.5,0.0,0.0,0.0,0.5,0.0,0.0,1.5,,2.0,3.0,,1.5,0.5,0.5,7.5,0.13068181818181818,0.008035304331665305,0.13068181818181818,0.008035304331665305,0.022727272727272728,0.03214121732666125,0.0,0.0,0.0,0.0,0.10795454545454546,0.024105912994995937,0.2159090909090909,0.04821182598999187,0.0,0.0,0.20295454545454544,0.04531911643059236,,True,True,CON,True,3.096674680709839,2.018123,0.37577507,5.490572661161423,0.14087826013565063,0.42235622,0.4173628,0.5560001,4.185,3.0195,0.8505,0.338,8.055,0.4365,0.268,0.519,3.089623763502605,1.7604316942159386,0.9236610579644461,0.572499781659347,3.6924212923229653,0.6541924411058263,0.5207456192806618,0.7284497237284121
5106222,Taina Mair,SEA,2026-05-22,1.0,23.0,0.0,0.0,3.0,2,4,5,0,0,0,0,2,0,2,,2,2,,1,3,2,6.0,12.0,0.16666666666666666,0.3333333333333333,0.4166666666666667,0.0,0.0,0.16666666666666666,0.16666666666666666,0.16666666666666666,0.4066666666666667,0.0,14.5,3.5355339059327378,2.0,3.0,4.5,0.0,1.5,0.5,0.0,2.0,0.5,3.0,,1.0,1.0,,1.5,1.5,2.5,10.5,0.14215686274509803,0.03466209711698762,0.22549019607843135,0.15251322731474554,0.32598039215686275,0.1282497593328542,0.0,0.0,0.08823529411764706,0.12478354962115545,0.20098039215686275,0.048526935963782686,0.08333333333333333,0.11785113019775792,0.14215686274509803,0.03466209711698762,0.37980392156862747,0.03798965844021843,14.5,3.5355339059327378,2.0,3.0,4.5,0.0,1.5,0.5,0.0,2.0,0.5,3.0,,1.0,1.0,,1.5,1.5,2.5,10.5,0.14215686274509803,0.03466209711698762,0.22549019607843135,0.15251322731474554,0.32598039215686275,0.1282497593328542,0.0,0.0,0.08823529411764706,0.12478354962115545,0.20098039215686275,0.048526935963782686,0.08333333333333333,0.11785113019775792,0.14215686274509803,0.03466209711698762,0.37980392156862747,0.03798965844021843,14.5,3.5355339059327378,2.0,3.0,4.5,0.0,1.5,0.5,0.0,2.0,0.5,3.0,,1.0,1.0,,1.5,1.5,2.5,10.5,0.14215686274509803,0.03466209711698762,0.22549019607843135,0.15251322731474554,0.32598039215686275,0.1282497593328542,0.0,0.0,0.08823529411764706,0.12478354962115545,0.20098039215686275,0.048526935963782686,0.08333333333333333,0.11785113019775792,0.14215686274509803,0.03466209711698762,0.37980392156862747,0.03798965844021843,,True,True,CON,True,5.18173360824585,2.8131669,3.754715,11.74961543083191,0.508491039276123,0.80890244,0.0935401,1.6388825,5.9965,3.8895,3.0825,0.6155,12.9685,0.646,0.0995,1.018,3.6730760610148003,1.9819913597188057,1.6687401685103644,0.8016606202128179,4.485143002179529,0.7985511880900309,0.30757072357427,0.995829302641773
5220150,Dominique Malonga,SEA,2026-05-22,1.0,23.0,0.0,0.0,51.0,10,11,1,0,1,1,1,2,3,9,,4,6,,6,5,2,4.0,19.0,0.5263157894736842,0.5789473684210527,0.05263157894736842,0.0,0.05263157894736842,0.47368421052631576,0.3157894736842105,0.10526315789473684,0.7178947368421053,0.0,20.666666666666668,1.527525231651946,7.666666666666667,7.0,0.6666666666666666,0.3333333333333333,1.3333333333333333,0.6666666666666666,1.0,2.0,2.3333333333333335,8.0,,2.6666666666666665,4.666666666666667,,3.0,4.0,2.0,-2.3333333333333335,0.3796233006759324,0.2121546251415064,0.34810511126300603,0.19998848079950046,0.03341687552213868,0.02904818488005632,0.015873015873015872,0.02749286996141075,0.06516290726817042,0.0722482972701733,0.3923824713298398,0.14299472377975606,0.23080428343586235,0.12208246353155491,0.0964152806258069,0.04502903737574325,0.5903516366674263,0.1652742896305687,21.8,1.9235384061671057,9.2,8.4,1.2,0.6,1.2,0.8,1.2,1.2,3.0,8.4,,2.6,3.8,,3.2,5.2,2.6,-1.2,0.42342615431860287,0.16174489152536303,0.3874862551636007,0.15157478511642336,0.05447041516835567,0.047307160612485126,0.026190476190476188,0.03802076053016979,0.05576441102756892,0.06036212207582125,0.38796571468196184,0.11499680248088325,0.18123619324992324,0.11106866772508017,0.057849168375484164,0.06166505497393872,0.5255588080874122,0.15410730114915877,18.3,7.165503781622372,8.4,5.9,1.1,0.4,0.9,0.7,1.2,1.0,3.2,6.7,,1.6,3.0,,2.1,3.8,2.6,2.0,0.465395482557954,0.1345441942913128,0.308794672782087,0.16249386692150525,0.06218774868660452,0.041593911611012356,0.0196007696007696,0.03126584063036452,0.049919622288043336,0.056331705448946306,0.366600721720859,0.09449700826920607,0.17734622568718678,0.13620120288573467,0.06000639224323434,0.056917234215323985,0.5046394532664555,0.13861163770702659,,True,True,CON,True,9.923686981201172,6.373343,0.78279203,17.0798220038414,0.07439747452735901,0.57918715,0.90102303,1.311481,10.219,7.4075,1.547,0.7465,19.1735,0.6035,0.4795,1.0235,4.687754153109994,2.705631857810667,1.2271067598216545,0.8603707049871002,5.645033015846763,0.7780024100219743,0.691794586564538,0.9924453385451513
5345325,Awa Fam,SEA,2026-05-22,1.0,23.0,0.0,0.0,3.0,0,0,0,0,0,0,0,0,0,0,,0,0,,0,0,0,0.0,0.0,,,,,,,,,,0.0,0.0,0.0,0.0,0.0,0.0,0.0,0.0,0.0,0.0,0.0,0.0,0.0,,0.0,0.0,,0.0,0.0,0.0,0.0,,,,,,,,,,,,,,,,,,,0.0,0.0,0.0,0.0,0.0,0.0,0.0,0.0,0.0,0.0,0.0,0.0,,0.0,0.0,,0.0,0.0,0.0,0.0,,,,,,,,,,,,,,,,,,,0.0,0.0,0.0,0.0,0.0,0.0,0.0,0.0,0.0,0.0,0.0,0.0,,0.0,0.0,,0.0,0.0,0.0,0.0,,,,,,,,,,,,,,,,,,,,True,True,CON,True,3.3939387798309326,1.1524448,0.7086876,5.255071222782135,0.20413503050804138,0.35301912,0.15379173,0.63683385,2.859299421310425,1.2245299816131592,0.6508854031562805,0.24312898516654968,4.734714984893799,0.353019118309021,0.15379172563552856,0.6368338465690613,7.5,3.0,2.5,1.3,9.0,1.2,1.3,1.5
