stat,n,rmse_global,rmse_player,delta_rmse,mae_global,mae_player,delta_mae
ast,2467,2.020560066686531,2.021539146909548,0.0009790802230165787,1.524141404695076,1.5174701010007439,-0.006671303694332268
pra,2467,9.375085556574238,9.081751989036787,-0.29333356753745016,7.592781276043486,7.28762065053837,-0.3051606255051168
pts,2467,7.294180043538188,7.109236321507353,-0.1849437220308343,5.888804405201033,5.691862724777529,-0.19694168042350427
reb,2467,2.7059274723755666,2.6969266520499846,-0.009000820325582169,2.1095769747550532,2.0999444375891727,-0.009632537165880497
threes,2467,1.523874204996122,1.4966596919533315,-0.027214513042790513,1.1766849147041314,1.1460870432227719,-0.030597871481359642
