stat,n,rmse_global,rmse_player,delta_rmse,mae_global,mae_player,delta_mae
ast,224,1.9269297747902747,1.8733315591520006,-0.05359821563827416,1.5476979118749998,1.4886701350165907,-0.0590277768584091
pra,224,10.917350408211103,10.395882318944908,-0.5214680892661949,8.770889839285713,8.052674054718924,-0.7182157845667891
pts,224,8.257968194978117,7.999803059554007,-0.2581651354241101,6.321662116071429,5.923224801559764,-0.3984373145116651
reb,224,3.2158477707515782,3.189233762334213,-0.026614008417365387,2.3468546249999997,2.2405228630141556,-0.10633176198584415
threes,224,1.6244926607047716,1.5850066600832404,-0.03948600062153118,1.1535151440178573,1.1316260452771252,-0.021889098740732083
