player_id,player_name,team,asof_date,is_home,days_rest,games_last7,games_last14,season_game_number,lag1_pts,lag1_reb,lag1_ast,lag1_threes,lag1_fg3a,lag1_stl,lag1_blk,lag1_tov,lag1_fgm,lag1_fga,lag1_fg_pct,lag1_ftm,lag1_fta,lag1_ft_pct,lag1_oreb,lag1_dreb,lag1_pf,lag1_plus_minus,lag1_min,lag1_pts_per_min,lag1_reb_per_min,lag1_ast_per_min,lag1_fg3m_per_min,lag1_fg3a_per_min,lag1_fga_per_min,lag1_fta_per_min,lag1_tov_per_min,lag1_usage_per_min,b2b,roll3_min,roll3_min_std,roll3_pts,roll3_reb,roll3_ast,roll3_threes,roll3_fg3a,roll3_stl,roll3_blk,roll3_tov,roll3_fgm,roll3_fga,roll3_fg_pct,roll3_ftm,roll3_fta,roll3_ft_pct,roll3_oreb,roll3_dreb,roll3_pf,roll3_plus_minus,roll3_pts_per_min,roll3_pts_per_min_std,roll3_reb_per_min,roll3_reb_per_min_std,roll3_ast_per_min,roll3_ast_per_min_std,roll3_fg3m_per_min,roll3_fg3m_per_min_std,roll3_fg3a_per_min,roll3_fg3a_per_min_std,roll3_fga_per_min,roll3_fga_per_min_std,roll3_fta_per_min,roll3_fta_per_min_std,roll3_tov_per_min,roll3_tov_per_min_std,roll3_usage_per_min,roll3_usage_per_min_std,roll5_min,roll5_min_std,roll5_pts,roll5_reb,roll5_ast,roll5_threes,roll5_fg3a,roll5_stl,roll5_blk,roll5_tov,roll5_fgm,roll5_fga,roll5_fg_pct,roll5_ftm,roll5_fta,roll5_ft_pct,roll5_oreb,roll5_dreb,roll5_pf,roll5_plus_minus,roll5_pts_per_min,roll5_pts_per_min_std,roll5_reb_per_min,roll5_reb_per_min_std,roll5_ast_per_min,roll5_ast_per_min_std,roll5_fg3m_per_min,roll5_fg3m_per_min_std,roll5_fg3a_per_min,roll5_fg3a_per_min_std,roll5_fga_per_min,roll5_fga_per_min_std,roll5_fta_per_min,roll5_fta_per_min_std,roll5_tov_per_min,roll5_tov_per_min_std,roll5_usage_per_min,roll5_usage_per_min_std,roll10_min,roll10_min_std,roll10_pts,roll10_reb,roll10_ast,roll10_threes,roll10_fg3a,roll10_stl,roll10_blk,roll10_tov,roll10_fgm,roll10_fga,roll10_fg_pct,roll10_ftm,roll10_fta,roll10_ft_pct,roll10_oreb,roll10_dreb,roll10_pf,roll10_plus_minus,roll10_pts_per_min,roll10_pts_per_min_std,roll10_reb_per_min,roll10_reb_per_min_std,roll10_ast_per_min,roll10_ast_per_min_std,roll10_fg3m_per_min,roll10_fg3m_per_min_std,roll10_fg3a_per_min,roll10_fg3a_per_min_std,roll10_fga_per_min,roll10_fga_per_min_std,roll10_fta_per_min,roll10_fta_per_min_std,roll10_tov_per_min,roll10_tov_per_min_std,roll10_usage_per_min,roll10_usage_per_min_std,injury_status,team_on_slate,playing_today,opponent,home,pred_pts,pred_reb,pred_ast,pred_pra,pred_threes,pred_stl,pred_blk,pred_tov,mean_pts,mean_reb,mean_ast,mean_threes,mean_pra,mean_stl,mean_blk,mean_tov,sd_pts,sd_reb,sd_ast,sd_threes,sd_pra,sd_stl,sd_blk,sd_tov
1054,Tiffany Hayes,GSV,2026-05-21,0.0,26.0,0.0,0.0,38.0,5,0,1,1,2,1,0,1,2,4,,0,0,,0,0,1,-7.0,10.0,0.5,0.0,0.1,0.1,0.2,0.4,0.0,0.1,0.5,0.0,3.3333333333333335,5.773502691896257,1.6666666666666667,0.0,0.3333333333333333,0.3333333333333333,0.6666666666666666,0.3333333333333333,0.0,0.3333333333333333,0.6666666666666666,1.3333333333333333,,0.0,0.0,,0.0,0.0,0.3333333333333333,-2.3333333333333335,0.5,,0.0,,0.1,,0.1,,0.2,,0.4,,0.0,,0.1,,0.5,,6.2,9.338094023942997,2.0,0.2,0.8,0.4,1.0,0.2,0.0,0.4,0.8,1.8,,0.0,0.0,,0.0,0.2,1.0,-1.8,0.36904761904761907,0.1851946331679053,0.02380952380952378,0.03367175148507369,0.12142857142857143,0.030304576336566313,0.07380952380952381,0.03703892663358106,0.17142857142857143,0.04040610178208844,0.31904761904761914,0.1144839550492506,0.0,0.0,0.07380952380952382,0.03703892663358106,0.39285714285714285,0.15152288168283162,18.0,13.976170195491076,6.6,2.4,2.1,0.8,2.4,0.6,0.1,1.1,2.2,5.6,,1.4,2.1,,0.6,1.8,1.5,2.9,0.36997859488623036,0.14955617619852227,0.11590282664790054,0.09828136156457264,0.11654644616467277,0.0487266358343522,0.04978741496598639,0.04099325227722649,0.14075035186488388,0.058107174151082255,0.31643795449214174,0.07360271496639287,0.09913793103448276,0.09226116273759083,0.06520349519117992,0.040558601676612384,0.42526213933849405,0.09165013693858902,,True,True,NYL,False,4.943002223968506,1.4748493,1.5069036,7.924755215644836,0.4761877954006195,0.42015097,0.17794418,1.1893071,4.586666666666667,2.22,1.5733333333333333,0.6666666666666666,8.38,0.37333333333333335,0.21333333333333335,0.88,3.113811526445077,1.5742511447245853,1.0853366093316652,0.7972173828734266,3.5207385588822127,0.5482902718653891,0.47027178902795724,0.8863407922464136
2529622,Kayla Thornton,GSV,2026-05-21,0.0,26.0,0.0,0.0,35.0,7,1,0,1,5,0,0,0,3,8,,0,0,,1,0,3,-4.0,15.0,0.4666666666666667,0.06666666666666667,0.0,0.06666666666666667,0.3333333333333333,0.5333333333333333,0.0,0.0,0.5333333333333333,0.0,5.0,8.660254037844387,2.3333333333333335,0.3333333333333333,0.0,0.3333333333333333,1.6666666666666667,0.0,0.0,0.0,1.0,2.6666666666666665,,0.0,0.0,,0.3333333333333333,0.0,1.0,-1.3333333333333333,0.4666666666666667,,0.06666666666666667,,0.0,,0.06666666666666667,,0.3333333333333333,,0.5333333333333333,,0.0,,0.0,,0.5333333333333333,,3.0,6.708203932499369,1.4,0.2,0.0,0.2,1.0,0.0,0.0,0.0,0.6,1.6,,0.0,0.0,,0.2,0.0,0.6,-0.8,0.4666666666666667,,0.06666666666666667,,0.0,,0.06666666666666667,,0.3333333333333333,,0.5333333333333333,,0.0,,0.0,,0.5333333333333333,,1.5,4.743416490252569,0.7,0.1,0.0,0.1,0.5,0.0,0.0,0.0,0.3,0.8,,0.0,0.0,,0.1,0.0,0.3,-0.4,0.4666666666666667,,0.06666666666666667,,0.0,,0.06666666666666667,,0.3333333333333333,,0.5333333333333333,,0.0,,0.0,,0.5333333333333333,,,True,True,NYL,False,5.550112724304199,1.8553586,0.9060211,8.311492443084717,0.5719841718673706,0.4024415,0.2200176,1.0432088,3.2333333333333334,1.48,0.5533333333333333,0.44,5.266666666666667,0.28,0.16,0.46,2.8246927069840515,1.3202020047452334,0.7441923287848528,0.6162250671088716,3.099820783350046,0.567097875150313,0.4013311184877977,0.6595958358469728
2590093,Kiah Stokes,GSV,2026-05-21,0.0,26.0,0.0,0.0,59.0,0,5,0,0,1,1,0,2,0,1,,0,0,,3,2,1,-6.0,10.0,0.0,0.5,0.0,0.0,0.1,0.1,0.0,0.2,0.3,0.0,3.6666666666666665,5.507570547286102,0.0,1.6666666666666667,0.0,0.0,0.3333333333333333,0.3333333333333333,0.0,0.6666666666666666,0.0,0.3333333333333333,,0.0,0.0,,1.0,0.6666666666666666,0.3333333333333333,-2.6666666666666665,0.0,0.0,0.25,0.3535533905932738,0.0,0.0,0.0,0.0,0.05,0.07071067811865477,0.05,0.07071067811865477,0.0,0.0,0.1,0.14142135623730953,0.15,0.21213203435596426,2.2,4.381780460041329,0.0,1.0,0.0,0.0,0.2,0.2,0.0,0.4,0.0,0.2,,0.0,0.0,,0.6,0.4,0.2,-1.6,0.0,0.0,0.25,0.3535533905932738,0.0,0.0,0.0,0.0,0.05,0.07071067811865477,0.05,0.07071067811865477,0.0,0.0,0.1,0.14142135623730953,0.15,0.21213203435596426,1.6,3.204163957519504,0.0,0.6,0.0,0.0,0.1,0.1,0.0,0.2,0.0,0.1,,0.0,0.0,,0.3,0.3,0.2,-1.2,0.0,0.0,0.1875,0.23935677693908458,0.0,0.0,0.0,0.0,0.025,0.05,0.025,0.05,0.0,0.0,0.05,0.1,0.075,0.15,,True,True,NYL,False,4.046877384185791,1.920444,0.44816715,6.415488541126251,0.24090656638145447,0.341922,0.22680873,0.5977658,3.3467583656311035,2.014904260635376,0.3897474408149719,0.31337207555770874,5.751410484313965,0.34192198514938354,0.22680872678756714,0.5977658033370972,7.5,3.0,2.5,1.3,9.0,1.2,1.3,1.5
3142328,Gabby Williams,GSV,2026-05-21,0.0,26.0,0.0,0.0,50.0,0,0,0,0,0,0,0,0,0,0,,0,0,,0,0,0,0.0,0.0,,,,,,,,,,0.0,21.333333333333332,18.903262505010435,4.333333333333333,2.3333333333333335,1.3333333333333333,0.3333333333333333,1.3333333333333333,1.0,0.0,1.0,1.6666666666666667,4.666666666666667,,0.6666666666666666,0.6666666666666666,,0.6666666666666666,1.6666666666666667,0.6666666666666666,4.666666666666667,0.20833333333333326,0.05892556509887909,0.12103174603174602,0.1318810266498719,0.06349206349206354,0.0112239171616924,0.017857142857142856,0.025253813613805267,0.06349206349206349,0.011223917161690957,0.21825396825396826,0.005611958580838108,0.027777777777777776,0.039283710065919304,0.049603174603174593,0.030865772194650937,0.28007936507936515,0.007968981184789985,22.8,13.590437814875573,6.2,2.2,2.4,0.2,1.2,1.0,0.0,1.6,2.8,6.4,,0.4,0.4,,0.4,1.8,0.6,0.4,0.2740539452495974,0.22254807392177725,0.09916321601104208,0.08483834987234579,0.1154819415688981,0.09726946036991871,0.008928571428571428,0.01785714285714287,0.05026455026455026,0.034493134419061544,0.283845180584311,0.13179799372298545,0.013888888888888888,0.027777777777777776,0.07431849551414768,0.035060929527353374,0.3642747872095698,0.15271051459193574,25.9,10.503438590396117,7.6,3.2,2.4,0.6,2.0,1.3,0.2,1.7,3.1,8.1,,0.8,0.8,,0.4,2.8,1.3,-2.3,0.28583636479070484,0.17764534318267336,0.12001837876078175,0.07516569290276133,0.09619696298829851,0.06406332761868953,0.022367298173749786,0.044146356672784,0.07440163712565145,0.04643139819083766,0.3114978978622426,0.09643019379927603,0.027048260381593713,0.044213639042775,0.06702993559001039,0.02704777109362176,0.3904290680201542,0.11414352828893268,,True,True,NYL,False,5.599049091339111,1.8216372,1.1765553,8.597241520881653,0.3342328369617462,0.6378987,0.15049879,0.778564,6.933333333333334,3.4133333333333336,1.8733333333333333,0.86,12.22,0.58,0.18,0.6533333333333333,4.01109572173102,1.9602267442540644,1.4435912009830054,0.9167333309092671,4.817841840492484,0.8661793501733153,0.41745259211875385,0.7830424992013879
4065780,Kaila Charles,GSV,2026-05-21,0.0,26.0,0.0,0.0,41.0,0,0,0,0,0,0,0,0,0,0,,0,0,,0,0,0,0.0,0.0,,,,,,,,,,0.0,15.333333333333334,14.189197769195175,2.3333333333333335,1.6666666666666667,1.3333333333333333,0.3333333333333333,0.6666666666666666,1.0,0.3333333333333333,0.3333333333333333,1.0,4.0,,0.0,0.0,,1.0,0.6666666666666666,1.6666666666666667,-9.666666666666666,0.1448412698412699,0.04770164793718763,0.09920634920634921,0.06173154438930186,0.08134920634920635,0.03647773077549653,0.01785714285714287,0.025253813613805267,0.04563492063492067,0.014029896452113663,0.2738095238095237,0.08417937871268433,0.0,0.0,0.027777777777777776,0.03928371006591917,0.30158730158730185,0.12346308877860306,19.6,11.696153213770756,5.4,4.2,1.4,0.4,1.4,1.2,0.4,1.2,2.0,6.0,,1.0,1.0,,1.2,3.0,2.4,-9.2,0.26289682539682546,0.14440573788038683,0.2028769841269841,0.1254911301508423,0.0689484126984127,0.02821718780422201,0.017857142857142863,0.02061965247105804,0.07192460317460317,0.03828131226502938,0.31398809523809523,0.10838946304493112,0.044642857142857144,0.08928571428571429,0.06597222222222222,0.09845449221359602,0.3996031746031746,0.19220282234690358,23.0,9.128709291752761,7.7,5.2,1.4,0.7,2.3,1.3,0.3,1.3,3.2,7.5,,0.6,0.8,,0.9,4.3,2.3,-1.3,0.3169819886097231,0.1997601775631956,0.22523126452063083,0.1007886232478973,0.06412629594420277,0.051993774549002315,0.028209297808852864,0.025725215341293618,0.09874316502333987,0.06772926610825353,0.3248447112714427,0.14950434632823215,0.03145417306707629,0.0599435160978082,0.058320767415180316,0.06701109102019018,0.3970053148361366,0.17477876915474644,,True,True,NYL,False,4.375851154327393,3.1790946,0.43177518,7.986720889806747,0.1232796385884285,0.60516536,0.2667658,0.7216867,5.76,4.42,1.34,0.82,11.52,0.49333333333333335,0.22,0.5933333333333334,3.650899432559964,1.8556939402821795,1.0944100389403113,0.856893614555895,4.054166581020897,0.6191032941996747,0.4300387579432037,0.731178652739686
4257500,Cecilia Zandalasini,GSV,2026-05-21,0.0,26.0,0.0,0.0,34.0,0,0,0,0,0,0,0,0,0,0,,0,0,,0,0,0,0.0,0.0,,,,,,,,,,0.0,20.666666666666668,17.925772879665004,9.333333333333334,3.0,1.6666666666666667,1.0,3.0,0.6666666666666666,0.0,1.6666666666666667,3.0,8.666666666666666,,2.3333333333333335,2.6666666666666665,,0.3333333333333333,2.6666666666666665,2.0,-7.0,0.45208333333333334,0.020623947784607733,0.14479166666666665,0.01620453040219168,0.08020833333333333,0.019150808657135643,0.04791666666666666,0.02062394778460764,0.14583333333333331,0.029462782549439986,0.41666666666666663,0.11785113019775793,0.13229166666666667,0.1428944953647815,0.07916666666666668,0.06481812160876685,0.5540416666666667,0.11979567384602095,17.8,14.567086187704112,7.2,2.4,1.0,0.6,3.4,0.8,0.0,2.0,2.4,7.6,,1.8,2.2,,0.2,2.2,1.4,-6.6,0.3169507575757576,0.2157037334131152,0.14512310606060608,0.045509850351264536,0.04010416666666667,0.04760997867511016,0.02395833333333333,0.030118400614168667,0.24109848484848484,0.1228400389152409,0.421969696969697,0.0718539739477538,0.10023674242424242,0.10618604763882246,0.09640151515151515,0.10200652786147782,0.5624753787878788,0.1560505774672001,18.4,15.181860521322442,8.7,2.7,1.4,1.3,3.4,0.8,0.0,1.1,2.9,7.0,,1.6,1.8,,0.3,2.4,0.9,0.0,0.4119607834032592,0.21660217076028232,0.149636530969957,0.039566309695132154,0.06323811226381541,0.046842281860774736,0.05724907871936317,0.05828306012802092,0.2131695321469674,0.09744967368473795,0.38713811745751997,0.07692733107120396,0.0908074568183022,0.0862982266914452,0.05916821273964131,0.086312598937508,0.4862616111972143,0.15311718816398387,,True,True,NYL,False,6.077268600463867,1.9577596,0.8142503,8.849278509616852,0.625126838684082,0.28387094,0.12418927,1.0300785,7.8533333333333335,3.3066666666666666,1.3066666666666666,1.3066666666666666,12.466666666666667,0.36,0.16666666666666666,0.9733333333333334,4.0288735674158636,1.9423239230937313,1.1072287729080903,1.1072287729080903,4.423673686981092,0.603103086821261,0.43843154793219685,1.0324512364056502
4398577,Miela Sowah,GSV,2026-05-21,0.0,26.0,0.0,0.0,2.0,14,2,1,4,4,1,0,3,5,6,,0,0,,1,1,2,1.0,14.0,1.0,0.14285714285714285,0.07142857142857142,0.2857142857142857,0.2857142857142857,0.42857142857142855,0.0,0.21428571428571427,0.6428571428571429,0.0,14.0,,14.0,2.0,1.0,4.0,4.0,1.0,0.0,3.0,5.0,6.0,,0.0,0.0,,1.0,1.0,2.0,1.0,1.0,,0.14285714285714285,,0.07142857142857142,,0.2857142857142857,,0.2857142857142857,,0.42857142857142855,,0.0,,0.21428571428571427,,0.6428571428571429,,14.0,,14.0,2.0,1.0,4.0,4.0,1.0,0.0,3.0,5.0,6.0,,0.0,0.0,,1.0,1.0,2.0,1.0,1.0,,0.14285714285714285,,0.07142857142857142,,0.2857142857142857,,0.2857142857142857,,0.42857142857142855,,0.0,,0.21428571428571427,,0.6428571428571429,,14.0,,14.0,2.0,1.0,4.0,4.0,1.0,0.0,3.0,5.0,6.0,,0.0,0.0,,1.0,1.0,2.0,1.0,1.0,,0.14285714285714285,,0.07142857142857142,,0.2857142857142857,,0.2857142857142857,,0.42857142857142855,,0.0,,0.21428571428571427,,0.6428571428571429,,,True,True,NYL,False,9.109439849853516,2.2651083,1.2721583,12.646706461906433,1.2948380708694458,0.54628897,0.05934637,1.6194562,11.526666666666667,3.2733333333333334,1.2933333333333332,1.98,16.093333333333334,0.48,0.12666666666666668,1.14,5.8829659941979005,1.9179734675490747,1.0926827332558868,1.4535932489294703,5.802696691098793,0.718516991216399,0.38810078874207693,0.938296328459192
4398935,Veronica Burton,GSV,2026-05-21,0.0,26.0,0.0,0.0,50.0,14,1,3,4,7,1,0,2,4,7,,2,2,,0,1,1,-1.0,14.0,1.0,0.07142857142857142,0.21428571428571427,0.2857142857142857,0.5,0.5,0.14285714285714285,0.14285714285714285,0.7057142857142856,0.0,27.666666666666668,11.846237095944568,13.666666666666666,4.0,6.333333333333333,3.3333333333333335,7.333333333333333,2.6666666666666665,0.6666666666666666,4.0,3.6666666666666665,10.666666666666666,,3.0,3.0,,0.0,4.0,3.0,-8.0,0.5943977591036415,0.351840353428624,0.12997198879551822,0.05214374306585169,0.22577030812324927,0.027492394302105993,0.15322128851540615,0.11474922483790109,0.31204481792717087,0.16932373440939444,0.40840336134453775,0.08174617838746154,0.11568627450980394,0.0507435938603911,0.14481792717086836,0.06010802443605468,0.6041232492997198,0.13290369637427463,29.6,8.848728722251575,12.6,3.4,7.4,2.0,5.8,2.8,0.6,3.4,3.6,11.4,,3.4,3.6,,0.6,2.8,3.0,-7.6,0.4906044998644619,0.2916303086712903,0.10910273786934128,0.04853995414266588,0.24532935754947136,0.04784277653881213,0.09193277310924369,0.11673354820592917,0.2295418812686365,0.16718119769858056,0.3983626999186771,0.06273211198797497,0.12462998102466791,0.038445504658044645,0.11744104093250203,0.05728973042831945,0.5706409325020332,0.1091532245770942,29.4,7.058485830702094,12.1,4.7,7.5,1.3,4.3,1.8,0.8,3.4,3.5,10.0,,3.8,4.3,,0.7,4.0,2.9,0.3,0.46077302915301016,0.24782364080742728,0.15580136893467064,0.06913367717504142,0.24939086925092618,0.058387028707024516,0.058182295645530936,0.08953850134553544,0.16526065924903688,0.13360494895393707,0.347812302340291,0.08359583075713532,0.15458230652964997,0.0750106197702101,0.11505168929741985,0.041707952976295246,0.5308802065107567,0.094739146743213,,True,True,NYL,False,11.360895156860352,3.1929736,5.539076,20.092944622039795,1.1565624475479126,1.5955185,0.43370774,2.457806,11.9,5.113333333333333,3.68,1.82,20.69333333333333,0.9733333333333334,0.26666666666666666,1.6466666666666667,5.567465012612712,2.40149027804727,1.8378248012256226,1.3469471655067493,6.305496720234568,1.0128946418831308,0.5120763831912406,1.2708877037549604
4432834,Laeticia Amihere,GSV,2026-05-21,0.0,26.0,0.0,0.0,42.0,3,4,1,0,1,1,1,1,1,5,,1,4,,1,3,3,4.0,15.0,0.2,0.26666666666666666,0.06666666666666667,0.0,0.06666666666666667,0.3333333333333333,0.26666666666666666,0.06666666666666667,0.5173333333333333,0.0,6.333333333333333,7.76745346515403,1.0,1.6666666666666667,0.3333333333333333,0.0,0.3333333333333333,0.3333333333333333,0.3333333333333333,0.3333333333333333,0.3333333333333333,1.6666666666666667,,0.3333333333333333,1.3333333333333333,,0.3333333333333333,1.3333333333333333,1.0,3.0,0.1,0.14142135623730953,0.2583333333333333,0.01178511301977581,0.03333333333333333,0.04714045207910317,0.0,0.0,0.03333333333333333,0.04714045207910317,0.1666666666666666,0.23570226039551584,0.13333333333333336,0.18856180831641267,0.03333333333333339,0.04714045207910317,0.25866666666666666,0.36580990813384057,4.8,6.140032573203499,1.2,1.2,0.2,0.2,0.4,0.2,0.2,0.6,0.4,1.2,,0.2,0.8,,0.2,1.0,0.6,1.8,0.2666666666666666,0.30550504633038933,0.2388888888888889,0.03469443332443541,0.022222222222222223,0.03849001794597505,0.06666666666666667,0.11547005383792516,0.08888888888888889,0.10183501544346313,0.17777777777777778,0.16777409856157222,0.08888888888888889,0.1539600717839002,0.15555555555555556,0.2143033502442879,0.3724444444444444,0.3251839365537489,6.8,8.024961059095556,2.1,2.2,0.2,0.2,0.4,0.6,0.1,0.5,0.7,1.6,,0.5,0.8,,0.4,1.8,0.5,3.1,0.2763888888888889,0.24968962214599025,0.3277777777777778,0.135263802609184,0.01805555555555556,0.02906729102285604,0.04027777777777778,0.0800028934661926,0.05833333333333333,0.07870479302078395,0.1875,0.15181769037602674,0.09166666666666667,0.11630897548245242,0.11111111111111112,0.14857346355952689,0.33894444444444444,0.24260277699854835,,True,True,NYL,False,5.416332244873047,2.9612525,0.85477275,9.232357442378998,0.18863537907600403,0.60717094,0.33477643,0.9731877,4.716213226318359,3.0557126998901367,0.7963530421257019,0.2611008882522583,8.568279266357422,0.6071709394454956,0.3347764313220978,0.9731876850128174,7.5,3.0,2.5,1.3,9.0,1.2,1.3,1.5
4433634,Ashten Prechtel,GSV,2026-05-21,0.0,26.0,0.0,0.0,4.0,9,5,1,2,5,0,1,1,2,5,,3,6,,1,4,6,-9.0,16.0,0.5625,0.3125,0.0625,0.125,0.3125,0.3125,0.375,0.0625,0.54,0.0,17.333333333333332,1.5275252316519463,6.333333333333333,4.333333333333333,0.6666666666666666,0.6666666666666666,3.3333333333333335,0.0,0.6666666666666666,1.3333333333333333,2.0,5.0,,1.6666666666666667,3.0,,1.3333333333333333,3.0,3.0,-14.0,0.3773864809081527,0.2044816654569545,0.2589654282765738,0.18545515224100118,0.03837719298245614,0.033599897907992456,0.041666666666666664,0.07216878364870323,0.198077915376677,0.10529451372738514,0.29198916408668735,0.07338950148422078,0.17969556243550053,0.17072500482559147,0.07346491228070175,0.07951640683910478,0.4445201238390093,0.08461528568139355,17.333333333333332,1.5275252316519463,6.333333333333333,4.333333333333333,0.6666666666666666,0.6666666666666666,3.3333333333333335,0.0,0.6666666666666666,1.3333333333333333,2.0,5.0,,1.6666666666666667,3.0,,1.3333333333333333,3.0,3.0,-14.0,0.3773864809081527,0.2044816654569545,0.2589654282765738,0.18545515224100118,0.03837719298245614,0.033599897907992456,0.041666666666666664,0.07216878364870323,0.198077915376677,0.10529451372738514,0.29198916408668735,0.07338950148422078,0.17969556243550053,0.17072500482559147,0.07346491228070175,0.07951640683910478,0.4445201238390093,0.08461528568139355,17.333333333333332,1.5275252316519463,6.333333333333333,4.333333333333333,0.6666666666666666,0.6666666666666666,3.3333333333333335,0.0,0.6666666666666666,1.3333333333333333,2.0,5.0,,1.6666666666666667,3.0,,1.3333333333333333,3.0,3.0,-14.0,0.3773864809081527,0.2044816654569545,0.2589654282765738,0.18545515224100118,0.03837719298245614,0.033599897907992456,0.041666666666666664,0.07216878364870323,0.198077915376677,0.10529451372738514,0.29198916408668735,0.07338950148422078,0.17969556243550053,0.17072500482559147,0.07346491228070175,0.07951640683910478,0.4445201238390093,0.08461528568139355,,True,True,NYL,False,6.82014274597168,4.413539,0.6341628,11.867844462394714,0.7564464211463928,0.46264857,0.54532397,1.4490414,8.213333333333333,5.753333333333333,0.9666666666666667,1.24,14.933333333333334,0.4866666666666667,0.5533333333333333,0.8933333333333333,4.141797784644838,2.2299078207156655,0.9826268648655783,1.049952379872535,4.715459209404271,0.6706878724281677,0.7351794943337912,0.9671033496420582
4790263,Iliana Rupert,GSV,2026-05-21,0.0,26.0,0.0,0.0,25.0,0,0,0,0,0,0,0,0,0,0,,0,0,,0,0,0,0.0,0.0,,,,,,,,,,0.0,16.333333333333332,16.010413278030438,2.6666666666666665,1.6666666666666667,2.0,0.6666666666666666,2.0,0.0,0.6666666666666666,1.6666666666666667,1.0,2.3333333333333335,,0.0,0.0,,0.3333333333333333,1.3333333333333333,1.6666666666666667,-7.0,0.12499999999999992,0.17677669529663675,0.11948529411764705,0.0805893757969963,0.10753676470588235,0.06889091802001292,0.03125000000000001,0.04419417382415921,0.12132352941176472,0.005199314567547183,0.13694852941176466,0.02729640147962743,0.0,0.0,0.09191176470588236,0.046793831107933274,0.22886029411764705,0.07409023258755984,18.2,11.945710527214361,4.4,3.2,1.8,1.2,3.2,0.4,0.8,1.8,1.6,4.0,,0.0,0.0,,1.0,2.2,1.8,-4.8,0.23073529411764707,0.15970010461509274,0.18386029411764707,0.10546967338546615,0.09318014705882353,0.05349436524428786,0.06503676470588235,0.049084815697571754,0.17948529411764705,0.06725391941773572,0.2267095588235294,0.10898542830799697,0.0,0.0,0.09066176470588236,0.036820252156362705,0.3173713235294117,0.11089841602002133,23.8,10.261037417770625,7.7,3.6,2.0,1.7,4.3,0.7,0.9,1.3,2.8,6.3,,0.4,0.4,,1.0,2.6,1.7,1.9,0.29958817477608324,0.191135247804194,0.16148299443234085,0.10397818820937896,0.0832116920842411,0.04649431051251333,0.06759289518276446,0.05128791441715135,0.1774957637375938,0.06903417371147283,0.25998275236020335,0.08939370680092566,0.013071895424836602,0.03921568627450978,0.056214899540062944,0.04138222397196087,0.32194928588719435,0.0834902632086897,,True,True,NYL,False,3.4152495861053467,1.9772413,0.81940573,6.211896598339081,0.667968213558197,0.5053247,0.43320313,0.76246625,6.7,3.8,1.5133333333333334,1.0533333333333332,12.013333333333334,0.42,0.35333333333333333,0.66,4.372261047406327,1.9966638842495916,1.2947929907475129,0.9646185198765826,5.13028480907466,0.6352952069707437,0.6015166017843749,0.8068870222445437
4790264,Janelle Salaun,GSV,2026-05-21,0.0,26.0,0.0,0.0,43.0,0,0,0,0,0,0,0,0,0,0,,0,0,,0,0,0,0.0,0.0,,,,,,,,,,0.0,23.333333333333332,20.231987873991358,9.0,3.3333333333333335,0.3333333333333333,1.6666666666666667,3.6666666666666665,0.3333333333333333,0.0,0.6666666666666666,3.0,6.0,,1.3333333333333333,1.6666666666666667,,0.3333333333333333,3.0,1.3333333333333333,-10.333333333333334,0.3864379084967321,0.03581750035422103,0.1421568627450981,0.03466209711698744,0.014705882352941173,0.02079725827019253,0.07107843137254902,0.01733104855849376,0.15604575163398696,0.054303952149947314,0.2557189542483661,0.07047959747120952,0.07352941176470588,0.10398629135096288,0.02777777777777779,0.03928371006591931,0.3158496732026144,0.06400933934270067,27.0,15.264337522473745,10.8,5.4,0.6,2.0,4.8,0.6,0.0,0.6,3.6,8.6,,1.6,2.2,,1.2,4.2,1.0,-8.6,0.3920284780578898,0.18981211389059124,0.2056022408963585,0.1100934177985118,0.024019607843137256,0.03163189373510132,0.07125350140056022,0.05917366946778712,0.17802287581699344,0.04033565489954268,0.3207166199813259,0.08616713048478175,0.08438375350140054,0.06876750700280108,0.02103174603174602,0.026667139073668966,0.3788772175536882,0.08276272070058725,28.8,10.88117640698835,12.8,5.4,0.9,2.5,5.3,0.4,0.0,1.6,4.2,9.6,,1.9,2.4,,0.9,4.5,1.5,-2.5,0.4415503690689627,0.15596670689089442,0.18774364773350571,0.07692346392745186,0.03170858485260108,0.028276664805558606,0.08656033605323667,0.0424398967032078,0.18640224064497224,0.046611780563774595,0.3374156151708552,0.07520868476064099,0.08363978292984378,0.04728570585117841,0.05604347948837469,0.04732189914259495,0.4302605991483612,0.09347104027862642,,True,True,NYL,False,6.307344436645508,2.8258085,0.0,9.133152961730957,0.9706724286079407,0.2556786,0.016972944,0.8043369,10.486666666666666,4.986666666666666,0.9333333333333333,1.6066666666666667,16.406666666666666,0.4266666666666667,0.09333333333333334,0.7466666666666667,5.103902646232805,2.0752081555566635,0.8993825042154694,1.136642228476294,5.859575259540765,0.646494822528035,0.29089898972361905,0.8261288573151824
4899328,Kaitlyn Chen,GSV,2026-05-21,0.0,26.0,0.0,0.0,40.0,11,2,3,0,1,0,0,1,5,9,,1,2,,1,1,3,7.0,29.0,0.3793103448275862,0.06896551724137931,0.10344827586206896,0.0,0.034482758620689655,0.3103448275862069,0.06896551724137931,0.034482758620689655,0.37517241379310345,0.0,11.0,15.716233645501712,4.333333333333333,1.0,1.3333333333333333,0.0,0.3333333333333333,0.0,0.0,0.3333333333333333,2.0,3.3333333333333335,,0.3333333333333333,0.6666666666666666,,0.3333333333333333,0.6666666666666666,1.0,4.0,0.4396551724137931,0.08534047359147989,0.15948275862068967,0.1280107103872198,0.17672413793103448,0.10362771793251127,0.0,0.0,0.017241379310344827,0.024382992454708534,0.2801724137931034,0.04267023679573996,0.034482758620689655,0.04876598490941707,0.017241379310344827,0.024382992454708534,0.3125862068965517,0.088510262610592,7.6,12.177848742696716,2.6,0.6,0.8,0.0,0.2,0.0,0.0,0.2,1.2,2.0,,0.2,0.4,,0.2,0.4,0.6,2.4,0.29310344827586204,0.2609094129383027,0.10632183908045985,0.1291186318313849,0.11781609195402298,0.12561777582985284,0.0,0.0,0.011494252873563218,0.01990862997205606,0.1867816091954023,0.16454756669218892,0.022988505747126436,0.03981725994411212,0.011494252873563218,0.01990862997205606,0.20839080459770112,0.19101591262079692,4.9,8.987027688099479,1.3,0.5,0.5,0.0,0.2,0.0,0.0,0.2,0.6,1.6,,0.1,0.2,,0.2,0.3,0.4,1.1,0.17586206896551723,0.24456032036547792,0.26379310344827583,0.4240643333958915,0.09291187739463601,0.10293704384987092,0.0,0.0,0.029118773946360154,0.04820587275877885,0.47873563218390797,0.5860857436220389,0.013793103448275862,0.030842316931031583,0.10689655172413792,0.2202581989333974,0.5917011494252873,0.8005957469326239,,True,True,NYL,False,6.868613243103027,2.0923696,1.549223,10.510205745697021,0.2943977117538452,0.5116406,0.2907614,1.2486544,4.72,2.36,1.6,0.5666666666666667,8.68,0.49333333333333335,0.21333333333333335,0.8533333333333334,3.316865990660461,1.4979096545964758,1.2596295751794122,0.6968181653455623,3.868367442044081,0.7187643718369896,0.47027178902795724,0.9408270593236333
5106170,Ndjakalenga Mwenentanda,GSV,2026-05-21,0.0,26.0,0.0,0.0,2.0,0,1,1,0,1,0,0,0,0,1,,0,0,,0,1,1,-6.0,7.0,0.0,0.14285714285714285,0.14285714285714285,0.0,0.14285714285714285,0.14285714285714285,0.0,0.0,0.14285714285714285,0.0,7.0,,0.0,1.0,1.0,0.0,1.0,0.0,0.0,0.0,0.0,1.0,,0.0,0.0,,0.0,1.0,1.0,-6.0,0.0,,0.14285714285714285,,0.14285714285714285,,0.0,,0.14285714285714285,,0.14285714285714285,,0.0,,0.0,,0.14285714285714285,,7.0,,0.0,1.0,1.0,0.0,1.0,0.0,0.0,0.0,0.0,1.0,,0.0,0.0,,0.0,1.0,1.0,-6.0,0.0,,0.14285714285714285,,0.14285714285714285,,0.0,,0.14285714285714285,,0.14285714285714285,,0.0,,0.0,,0.14285714285714285,,7.0,,0.0,1.0,1.0,0.0,1.0,0.0,0.0,0.0,0.0,1.0,,0.0,0.0,,0.0,1.0,1.0,-6.0,0.0,,0.14285714285714285,,0.14285714285714285,,0.0,,0.14285714285714285,,0.14285714285714285,,0.0,,0.0,,0.14285714285714285,,,True,True,NYL,False,3.7735259532928467,1.5856831,1.2459521,6.605161190032959,0.46076372265815735,0.40004128,0.1557137,0.9164611,3.073406934738159,1.6801433563232422,1.1875324249267578,0.5332292318344116,5.94108247756958,0.40004128217697144,0.15571370720863342,0.9164611101150513,7.5,3.0,2.5,1.3,9.0,1.2,1.3,1.5
5277552,Juste Jocyte,GSV,2026-05-21,0.0,26.0,0.0,0.0,4.0,0,0,0,0,0,0,0,0,0,0,,0,0,,0,0,0,0.0,0.0,,,,,,,,,,0.0,0.0,0.0,0.0,0.0,0.0,0.0,0.0,0.0,0.0,0.0,0.0,0.0,,0.0,0.0,,0.0,0.0,0.0,0.0,,,,,,,,,,,,,,,,,,,0.0,0.0,0.0,0.0,0.0,0.0,0.0,0.0,0.0,0.0,0.0,0.0,,0.0,0.0,,0.0,0.0,0.0,0.0,,,,,,,,,,,,,,,,,,,0.0,0.0,0.0,0.0,0.0,0.0,0.0,0.0,0.0,0.0,0.0,0.0,,0.0,0.0,,0.0,0.0,0.0,0.0,,,,,,,,,,,,,,,,,,,,True,True,NYL,False,3.5301930904388428,1.1144779,0.6998712,5.344542145729065,0.16888010501861572,0.35051426,0.15154745,0.6315341,2.8300740718841553,1.2089381217956543,0.6414514780044556,0.24134561419487,4.680463790893555,0.3505142629146576,0.15154744684696198,0.6315340995788574,7.5,3.0,2.5,1.3,9.0,1.2,1.3,1.5
1068,Nneka Ogwumike,LAS,2026-05-21,0.0,6.0,1.0,1.0,51.0,20,5,3,1,2,1,0,2,8,11,,3,3,,0,5,4,14.0,32.0,0.625,0.15625,0.09375,0.03125,0.0625,0.34375,0.09375,0.0625,0.4475,0.0,28.0,6.9282032302755185,17.666666666666668,6.0,3.3333333333333335,1.3333333333333333,2.6666666666666665,1.0,0.0,1.0,5.666666666666667,11.0,,5.0,6.0,,1.3333333333333333,4.666666666666667,2.0,10.333333333333334,0.6583333333333333,0.17736497211494012,0.2125,0.06343057228182641,0.13541666666666666,0.10045469542700992,0.05416666666666667,0.03969283100678677,0.10208333333333335,0.044341243028734864,0.39999999999999997,0.05340002340823465,0.23124999999999998,0.1291498644985739,0.03124999999999999,0.031249999999999924,0.5329999999999999,0.07925118295647134,29.0,5.65685424949238,17.6,7.2,3.2,1.8,3.2,0.8,0.0,1.4,6.2,12.4,,3.4,4.0,,1.4,5.8,2.0,0.8,0.6176579520697169,0.17311048713857172,0.24558278867102395,0.06375300003360072,0.12111928104575162,0.07412330509896078,0.06343681917211327,0.041965901124999226,0.11288398692810457,0.036923287253025974,0.425838779956427,0.08436192965226588,0.15051470588235294,0.14489296625285222,0.04685457516339869,0.042180526747383616,0.538919825708061,0.07351957006918935,30.4,4.452215428550396,17.7,7.2,2.2,1.8,4.5,1.1,0.1,1.7,6.4,13.6,,3.1,3.6,,1.9,5.3,1.8,0.8,0.586250247573777,0.13086033008476128,0.2384331055654585,0.07459595191176242,0.0790583531392355,0.07375264427451543,0.05989230540701129,0.04953245367390095,0.14843298177857,0.08365628607764869,0.4449585313923549,0.06653546021355035,0.12663633887898595,0.10343017031839666,0.05481530996236879,0.03792110374074114,0.5554938304614775,0.0649875624310614,,True,True,PHX,False,16.80925941467285,6.3810053,2.354834,25.545098781585693,1.3741813898086548,0.82957983,0.49353862,2.123365,16.457,7.167,2.987,1.997,26.611,0.839,0.36,1.4605,6.207265984312256,2.645016257038886,1.6642809258054962,1.4166830979439262,6.936907019702657,0.9017089330820672,0.6126989472816156,1.1897225516900989
2284331,Emma Cannon,LAS,2026-05-21,0.0,6.0,1.0,1.0,48.0,0,0,0,0,0,0,0,0,0,0,,0,0,,0,0,0,0.0,0.0,,,,,,,,,,0.0,5.0,4.358898943540674,1.0,0.6666666666666666,0.6666666666666666,0.3333333333333333,1.0,0.3333333333333333,0.0,0.3333333333333333,0.3333333333333333,1.0,,0.0,0.0,,0.0,0.6666666666666666,0.3333333333333333,-1.6666666666666667,0.1874999999999999,0.2651650429449553,0.13392857142857142,0.012626906806902628,0.13392857142857142,0.012626906806902628,0.0625,0.08838834764831845,0.19642857142857145,0.07576144084141581,0.19642857142857154,0.07576144084141581,0.0,0.0,0.07142857142857145,0.10101525445522107,0.26785714285714285,0.025253813613805257,3.0,4.123105625617661,0.6,0.4,0.4,0.2,0.6,0.2,0.0,0.2,0.2,0.6,,0.0,0.0,,0.0,0.4,0.2,-1.0,0.1875,0.2651650429449553,0.13392857142857148,0.012626906806902628,0.13392857142857142,0.012626906806902628,0.0625,0.08838834764831845,0.19642857142857142,0.07576144084141581,0.19642857142857142,0.07576144084141581,0.0,0.0,0.07142857142857142,0.10101525445522107,0.26785714285714285,0.025253813613805257,1.5,3.1710495984067415,0.3,0.2,0.2,0.1,0.3,0.1,0.0,0.1,0.1,0.3,,0.0,0.0,,0.0,0.2,0.1,-0.5,0.1875,0.2651650429449553,0.13392857142857142,0.012626906806902628,0.13392857142857142,0.012626906806902628,0.0625,0.08838834764831845,0.19642857142857142,0.07576144084141581,0.19642857142857145,0.07576144084141581,0.0,0.0,0.07142857142857142,0.10101525445522107,0.26785714285714285,0.025253813613805257,,True,True,PHX,False,3.20500111579895,0.96175444,0.50595385,4.672709405422211,0.18674123287200928,0.25397167,0.10789287,0.44756395,2.5048820972442627,1.056214690208435,0.44753414392471313,0.25920674204826355,4.008631229400635,0.253971666097641,0.10789287090301514,0.44756394624710083,7.5,3.0,2.5,1.3,9.0,1.2,1.3,1.5
2491214,Erica Wheeler,LAS,2026-05-21,0.0,6.0,1.0,1.0,51.0,10,2,7,2,4,1,0,3,3,5,,2,2,,0,2,1,16.0,33.0,0.30303030303030304,0.06060606060606061,0.21212121212121213,0.06060606060606061,0.12121212121212122,0.15151515151515152,0.06060606060606061,0.09090909090909091,0.26909090909090905,0.0,25.666666666666668,12.701705922171763,10.666666666666666,1.3333333333333333,4.666666666666667,2.0,5.333333333333333,1.0,0.0,2.3333333333333335,3.6666666666666665,8.666666666666666,,1.3333333333333333,1.3333333333333333,,0.0,1.3333333333333333,3.0,5.0,0.4444444444444444,0.12616157572522008,0.040404040404040394,0.034990925405431805,0.18181818181818185,0.03030303030303041,0.101010101010101,0.06998185081086372,0.2626262626262626,0.17231032433567658,0.3636363636363636,0.18432613728176422,0.04040404040404041,0.03499092540543187,0.09090909090909091,0.0,0.4723232323232323,0.17829447410957652,24.8,9.121403400793104,10.6,1.6,3.6,1.8,5.2,1.0,0.0,1.4,3.8,9.2,,1.2,1.2,,0.4,1.2,3.2,-0.6,0.44666666666666666,0.09600849365548082,0.05842424242424242,0.035155694631364996,0.14436363636363636,0.06519364388449587,0.08678787878787879,0.056142282843370486,0.243030303030303,0.12513353748638598,0.388,0.13498318094052592,0.04133333333333333,0.024849963001119836,0.05454545454545454,0.04979295977319695,0.4607321212121212,0.12746752238725198,24.6,6.915361322607971,11.2,2.1,3.1,2.5,5.9,1.0,0.1,1.3,3.9,9.2,,0.9,0.9,,0.3,1.8,3.1,0.9,0.4678194893397983,0.12508380025910595,0.08114634974102937,0.05317570294839685,0.12828939767326494,0.06121207631081431,0.10939659377617043,0.056240808637602946,0.2605150174958527,0.09296083006090165,0.38360485309884623,0.10473330378951104,0.035020733652312605,0.03296855896793278,0.05296417684146517,0.04295444872360592,0.451978152747329,0.11093598437489056,,True,True,PHX,False,10.95067024230957,2.548956,3.5180154,17.01764154434204,1.7399617433547974,0.99715006,0.19229355,1.9247397,13.494,3.183,3.574,2.175,20.251,0.87,0.216,1.887,5.695170234505725,1.7920689160855394,1.852437313379322,1.4489220130842102,6.265460797100242,0.9333273809334,0.4662016730986709,1.3528603032094628
2566106,Dearica Hamby,LAS,2026-05-21,0.0,6.0,1.0,1.0,48.0,19,7,4,0,0,0,0,2,8,10,,3,3,,1,6,4,6.0,32.0,0.59375,0.21875,0.125,0.0,0.0,0.3125,0.09375,0.0625,0.41625,0.0,26.0,6.557438524301993,15.666666666666666,5.666666666666667,3.0,0.0,0.0,1.6666666666666667,0.0,2.3333333333333335,6.0,9.333333333333334,,3.6666666666666665,4.333333333333333,,1.0,4.666666666666667,2.6666666666666665,-2.0,0.6111720272904484,0.0660732218944331,0.21716617933723195,0.006006656535854709,0.11379142300194932,0.010137740771303921,0.0,0.0,0.0,0.0,0.3523797920727745,0.1144949583784666,0.18589587394411952,0.11573266639357348,0.09295808966861598,0.026539047814518782,0.5271320662768031,0.12197076745670724,26.4,4.878524367060189,17.4,6.8,3.6,0.2,0.4,1.4,0.2,2.0,6.4,11.6,,4.4,5.6,,2.2,4.6,2.2,1.8,0.6591170094777172,0.12279232724776838,0.25636867311958056,0.053956087268520074,0.13475761242185924,0.029914281482414255,0.008,0.01788854381999832,0.014896551724137935,0.020491000315645654,0.43487615110573363,0.14202557431683965,0.220503041607851,0.10753840640345963,0.07756795724944546,0.03001901077413266,0.6094654466626335,0.14198938375287878,29.0,4.966554808583777,19.2,8.0,3.1,0.1,0.8,1.3,0.2,2.5,7.8,13.2,,3.5,5.0,,2.5,5.5,2.5,2.5,0.6583728385531924,0.13695354891878717,0.2731795265549803,0.053595825083097515,0.10993772876985217,0.05336641097195315,0.004,0.012649110640673518,0.027885986299779404,0.028550905347378037,0.45122595434074564,0.11772433241376032,0.18056417111657583,0.09480232100888628,0.08920966405040814,0.052884441215438956,0.6198838536824471,0.11094837527832269,,True,True,PHX,False,17.687318801879883,7.151164,3.0815094,27.919992208480835,0.2308836281299591,1.0543387,0.46611694,2.505735,12.5985,7.4235,3.008,0.8575,23.03,0.8465,0.3545,1.8835,5.2000286297288785,2.6617940848232418,1.6691123389394733,0.920974348176973,6.043682652158368,0.9159354507824228,0.6006910603629789,1.3805534216393076
3065570,Kelsey Plum,LAS,2026-05-21,0.0,6.0,1.0,1.0,47.0,27,0,9,4,8,3,0,2,10,16,,3,4,,0,0,3,8.0,33.0,0.8181818181818182,0.0,0.2727272727272727,0.12121212121212122,0.24242424242424243,0.48484848484848486,0.12121212121212122,0.06060606060606061,0.5987878787878789,0.0,28.333333333333332,8.9628864398325,18.333333333333332,1.6666666666666667,7.0,2.3333333333333335,5.0,1.6666666666666667,0.0,3.0,6.0,12.333333333333334,,4.0,4.333333333333333,,0.3333333333333333,1.3333333333333333,3.0,1.6666666666666667,0.6605268369974252,0.19592855444540663,0.05773420479302834,0.05885378065028363,0.24341453753218464,0.026213468789202176,0.0872449990097049,0.05033904889641643,0.16686472568825508,0.06786007614245045,0.4285006932065755,0.050121162875272726,0.1722123192711428,0.09143974485827097,0.10625866508219449,0.0434301707182686,0.6105327787680729,0.011717270143656778,28.4,7.092249290598857,16.8,1.4,5.6,2.6,5.6,1.2,0.0,2.2,5.6,13.2,,3.0,3.6,,0.2,1.2,2.8,1.2,0.5993464052287582,0.1619904475079709,0.049034462269756385,0.04347338987573337,0.19301841948900772,0.07541043928210116,0.09325609031491384,0.03891156676770871,0.19027035056446823,0.05894859938600256,0.4646761734997029,0.07604671443522133,0.13817587641117055,0.07974920963576373,0.07814913844325608,0.04940398954519587,0.6036226975638741,0.04998078491810571,31.4,5.796550698475765,16.6,2.1,5.5,2.1,5.5,1.2,0.0,2.7,5.3,12.9,,3.9,4.3,,0.1,2.0,2.3,1.8,0.538112283406401,0.14031265264890405,0.06582701303289537,0.04091914214284604,0.17586508968861908,0.06999414031826703,0.06995298201180553,0.03998845769971505,0.17333000112411878,0.051344226729002074,0.4143250240309063,0.09828512500608802,0.14227130491836376,0.07941791519887607,0.08550365682718623,0.0576647764312976,0.5624280550221726,0.08829092844223212,,True,True,PHX,False,15.977546691894531,2.1181614,5.2610183,23.35672640800476,1.7956581115722656,1.3530158,0.19746555,2.7047071,18.961,3.1405,4.063,2.74,26.1645,1.15,0.205,1.9975,6.616077312123854,1.7342894077979027,2.0493977164035293,1.611645122227595,7.067421011231749,1.0670051546267245,0.4614921451119185,1.4058782842052864
3146151,Ariel Atkins,LAS,2026-05-21,0.0,18.0,0.0,0.0,48.0,4,2,3,1,2,1,1,1,1,4,,1,2,,0,2,0,16.0,17.0,0.23529411764705882,0.11764705882352941,0.17647058823529413,0.058823529411764705,0.11764705882352941,0.23529411764705882,0.11764705882352941,0.058823529411764705,0.3458823529411765,0.0,5.666666666666667,9.814954576223638,1.3333333333333333,0.6666666666666666,1.0,0.3333333333333333,0.6666666666666666,0.3333333333333333,0.3333333333333333,0.3333333333333333,0.3333333333333333,1.3333333333333333,,0.3333333333333333,0.6666666666666666,,0.0,0.6666666666666666,0.0,5.333333333333333,0.23529411764705882,,0.11764705882352941,,0.17647058823529413,,0.058823529411764705,,0.11764705882352941,,0.23529411764705882,,0.11764705882352941,,0.058823529411764705,,0.3458823529411765,,8.4,11.844830095868831,2.8,0.6,0.8,0.2,0.8,0.4,0.2,1.2,1.0,2.4,,0.6,0.8,,0.0,0.6,1.0,0.2,0.3176470588235294,0.11646464631307842,0.07882352941176471,0.05490476183330839,0.10823529411764707,0.09649927837369356,0.029411764705882353,0.04159451654038515,0.0988235294117647,0.026620490585846496,0.2776470588235294,0.05989610381815462,0.0988235294117647,0.026620490585846496,0.12941176470588237,0.09982683969692437,0.45054117647058833,0.1480099276573065,19.5,14.1989827491659,7.8,2.5,2.7,0.7,1.7,0.5,0.4,1.7,2.8,6.3,,1.5,1.7,,0.7,1.8,1.8,-1.7,0.38013800347725296,0.23585736237805927,0.12615039119095914,0.06308436324383214,0.13823022312373226,0.0844447278031154,0.03532490582439873,0.03126610444808523,0.08726709649376992,0.046197323085717036,0.3124395102868734,0.1063649480902161,0.08720370906983484,0.07164735065041,0.08760323094755143,0.05325410862423185,0.4384123732251521,0.14750934353305892,,True,True,PHX,False,7.718020439147949,2.278131,2.249424,12.245575428009033,0.5245986580848694,0.6382972,0.37189037,1.4596095,5.588,2.733,1.727,0.6805,10.048,0.4875,0.241,1.1355,3.620256344514847,1.6284075042814068,1.3459089865217484,0.8145058317777719,4.275008304085502,0.7013157277574773,0.4826168252350927,1.0517317861508229
4398764,Rae Burrell,LAS,2026-05-21,0.0,6.0,1.0,1.0,37.0,13,5,2,2,3,0,0,5,5,6,,1,2,,1,4,2,10.0,35.0,0.37142857142857144,0.14285714285714285,0.05714285714285714,0.05714285714285714,0.08571428571428572,0.17142857142857143,0.05714285714285714,0.14285714285714285,0.3394285714285714,0.0,26.666666666666668,8.504900548115382,9.0,3.0,1.0,1.0,3.0,0.6666666666666666,0.3333333333333333,3.0,3.6666666666666665,7.333333333333333,,0.6666666666666666,1.0,,1.3333333333333333,1.6666666666666667,0.6666666666666666,4.333333333333333,0.3213403880070547,0.08584048018727533,0.10934744268077601,0.034425434384379484,0.03139329805996472,0.028986468788785524,0.03139329805996472,0.028986468788785524,0.11499118165784832,0.03139726110966294,0.2855379188712523,0.1181806566229201,0.03139329805996474,0.028986468788785556,0.10317460317460315,0.044188606054206526,0.40252557319223986,0.11460637228647638,26.4,6.3874877690685254,12.0,3.2,1.6,1.4,3.8,1.2,0.4,2.2,4.4,9.2,,1.8,2.0,,1.4,1.8,1.2,5.0,0.44377874554786095,0.18365265601194192,0.11748252857698135,0.04036719227498845,0.05871603880599383,0.04787655285248107,0.050020386632080784,0.03333366197313332,0.14875482893473896,0.06722796341694236,0.358429198099363,0.13565401484757386,0.07250914225426969,0.059973686876712666,0.07749696580281287,0.047145475121853395,0.4678301864940545,0.127192591201034,22.1,6.590397054300547,9.5,2.8,1.6,1.0,3.2,0.7,0.3,1.6,3.6,7.9,,1.3,1.6,,1.1,1.7,1.0,0.0,0.4149099048734099,0.18672271287025186,0.12811831267869697,0.05646735347957109,0.0745753897519462,0.046988712962542006,0.04296565890308492,0.03279819082462215,0.14834912258381444,0.05886008486979412,0.362947488966782,0.10190284252013287,0.06683101222989173,0.07408931058777325,0.06453795658561697,0.05981355416908334,0.45689109093355124,0.13748985989335638,,True,True,PHX,False,12.160440444946289,3.9017162,2.0710568,18.13321352005005,1.2302340269088745,1.0515299,0.34838453,1.4641788,11.8965,5.055,1.924,1.661,18.8755,0.802,0.35,2.086,5.202382891521923,2.2545454087243395,1.3904042577610298,1.2861100263974308,5.830180078693968,0.911480114977831,0.5877924803874238,1.4059174940230312
4398907,Kate Martin,LAS,2026-05-21,0.0,6.0,1.0,1.0,51.0,0,1,0,0,1,0,0,0,0,2,,0,0,,0,1,1,-1.0,6.0,0.0,0.16666666666666666,0.0,0.0,0.16666666666666666,0.3333333333333333,0.0,0.0,0.3333333333333333,0.0,11.666666666666666,9.814954576223636,4.333333333333333,3.0,0.6666666666666666,1.0,2.6666666666666665,0.0,0.0,0.3333333333333333,1.3333333333333333,3.6666666666666665,,0.6666666666666666,1.3333333333333333,,0.6666666666666666,2.3333333333333335,1.0,2.3333333333333335,0.393719806763285,0.4185579843335776,0.21256038647342998,0.07949025445364417,0.028985507246376812,0.050204371233880496,0.08454106280193237,0.0833595841871372,0.23913043478260873,0.08543352262718537,0.36473429951690833,0.12261874537678315,0.057971014492753624,0.10040874246776095,0.014492753623188406,0.025102185616940248,0.40473429951690826,0.08585795596119404,13.2,10.377861051295685,4.8,2.2,0.8,1.0,3.2,0.0,0.2,0.4,1.2,4.2,,1.4,2.2,,0.6,1.6,0.6,-3.2,0.32084726867335567,0.3463042971782203,0.14292084726867335,0.1139829720207674,0.03277591973244147,0.04502025062331462,0.0661092530657748,0.0696494930158971,0.2696321070234114,0.09472980032088497,0.3926867335562988,0.1505281491223781,0.08862876254180603,0.12595204051940165,0.01638795986622074,0.022510125311657317,0.44807134894091416,0.10480955192998788,14.9,7.460265112953798,5.6,2.9,0.7,1.3,3.8,0.1,0.1,0.5,1.5,4.8,,1.3,1.9,,0.7,2.2,0.9,-0.5,0.3554236343366778,0.320742911556465,0.17787068004459308,0.09354306317595457,0.031387959866220734,0.04233012611295311,0.0830546265328874,0.08318364177387895,0.26520066889632105,0.08960220557023374,0.3604459308807135,0.1183215968290937,0.09264771460423635,0.1130145119168028,0.024860646599777037,0.02714892275318324,0.4260715719063545,0.12184856761494424,,True,True,PHX,False,4.749988555908203,2.0992427,0.5215403,7.370771527290344,0.7919827103614807,0.120326936,0.19452791,0.7809791,5.5945,2.897,0.752,0.8535,9.2435,0.147,0.143,0.7055,3.688369524600267,1.6384111205677285,0.8958214107733752,0.9203465379953357,4.134876993333659,0.37734732011768685,0.38281980095078677,0.8097961163157057
4433404,Cameron Brink,LAS,2026-05-21,0.0,6.0,1.0,1.0,35.0,10,3,1,0,1,1,1,1,3,6,,4,6,,0,3,3,-12.0,16.0,0.625,0.1875,0.0625,0.0,0.0625,0.375,0.375,0.0625,0.6025,0.0,11.0,5.5677643628300215,4.0,3.0,0.3333333333333333,0.0,1.0,0.6666666666666666,0.6666666666666666,1.6666666666666667,1.3333333333333333,3.3333333333333335,,1.3333333333333333,2.0,,0.6666666666666666,2.3333333333333335,3.0,-4.0,0.3416666666666666,0.3165569985537098,0.30694444444444446,0.1086800008860535,0.020833333333333332,0.036084391824351615,0.0,0.0,0.11527777777777776,0.07410734206641167,0.3138888888888889,0.12810947286222452,0.125,0.21650635094610965,0.13194444444444445,0.17718542808573712,0.5008333333333334,0.10125257198379346,12.6,4.505552130427522,4.4,4.8,0.6,0.0,1.6,0.8,1.0,1.2,1.8,4.6,,0.8,1.6,,0.6,4.2,2.4,0.0,0.3383333333333334,0.2287951534063214,0.38416666666666666,0.1486163031284104,0.03916666666666667,0.05919013619026587,0.0,0.0,0.13583333333333333,0.0639824194603486,0.36166666666666664,0.11420011675417252,0.10166666666666666,0.16334183651335488,0.0925,0.13845627067377225,0.4989,0.074587346260758,12.5,3.59783885748715,4.4,4.2,0.5,0.2,1.6,0.6,1.0,1.6,1.6,4.1,,1.0,1.6,,0.8,3.4,2.7,-4.4,0.3419773527126469,0.21271818379882446,0.33722936377348145,0.12325860879235638,0.036250000000000004,0.06352705508989899,0.017424242424242425,0.03677690249444632,0.13747766122766122,0.11535732484214915,0.3256205722382193,0.19373697894709555,0.11558949220713925,0.14247478272115469,0.12642962429727136,0.13213459417309667,0.502909573106632,0.1909992845523153,,True,True,PHX,False,6.6728515625,4.2048903,1.0524935,11.930235266685486,0.3416716754436493,0.438239,0.82051456,1.0129781,4.035,4.014,0.83,0.5185,8.879,0.486,0.3835,1.273,3.1587616244344874,1.9534083034532232,0.893364427319557,0.7160012220659961,3.8113460876703393,0.6941210269110135,0.6383006736640656,1.1155586044668384
4433795,Sania Feagin,LAS,2026-05-21,0.0,18.0,0.0,0.0,47.0,8,3,0,0,0,1,0,1,2,3,,4,4,,2,1,1,-5.0,10.0,0.8,0.3,0.0,0.0,0.0,0.3,0.4,0.1,0.576,0.0,6.666666666666667,5.773502691896257,4.0,1.0,0.6666666666666666,0.0,0.0,0.3333333333333333,0.0,0.3333333333333333,1.3333333333333333,1.6666666666666667,,1.3333333333333333,1.3333333333333333,,0.6666666666666666,0.3333333333333333,1.3333333333333333,-2.6666666666666665,0.6000000000000001,0.282842712474619,0.15,0.21213203435596426,0.1,0.14142135623730953,0.0,0.0,0.0,0.0,0.25,0.07071067811865474,0.2,0.28284271247461906,0.05000000000000003,0.07071067811865477,0.388,0.2658721497261418,4.6,4.979959839195493,2.4,0.8,0.6,0.0,0.0,0.2,0.0,0.2,0.8,1.4,,0.8,0.8,,0.4,0.4,1.0,-2.2,0.30000000000000004,0.38297084310253526,0.2,0.2449489742783178,0.175,0.23629078131263043,0.0,0.0,0.0,0.0,0.5,0.35590260840104376,0.1,0.2,0.025000000000000015,0.05,0.569,0.33001616122042676,2.5,4.034572812303402,1.4,0.6,0.3,0.0,0.0,0.1,0.0,0.1,0.5,0.9,,0.4,0.4,,0.3,0.3,0.6,-1.6,0.44000000000000006,0.4560701700396552,0.36,0.4159326868617084,0.13999999999999999,0.21908902300206645,0.0,0.0,0.0,0.0,0.6,0.38078865529319544,0.08,0.17888543819998318,0.02,0.044721359549995794,0.6552,0.34472481778949426,,True,True,PHX,False,3.672645330429077,1.6799445,0.48724765,5.839837491512299,0.0,0.1046395,0.19767025,0.6956647,2.9725263118743896,1.774404764175415,0.4288279414176941,0.06019032001495361,5.175759315490723,0.10463950037956238,0.19767025113105774,0.6956647038459778,7.5,3.0,2.5,1.3,9.0,1.2,1.3,1.5
4609797,Ta'Niya Latson,LAS,2026-05-21,0.0,6.0,1.0,1.0,3.0,0,0,0,0,0,0,0,0,0,0,,0,0,,0,0,0,-7.0,2.0,0.0,0.0,0.0,0.0,0.0,0.0,0.0,0.0,0.0,0.0,8.0,8.48528137423857,3.5,0.5,1.0,0.0,1.0,0.0,0.0,2.0,1.0,2.5,,1.5,3.0,,0.0,0.5,1.0,-1.5,0.25,0.3535533905932738,0.03571428571428571,0.050507627227610534,0.07142857142857142,0.10101525445522107,0.0,0.0,0.07142857142857142,0.10101525445522107,0.17857142857142858,0.2525381361380527,0.21428571428571427,0.3030457633656632,0.14285714285714285,0.20203050891044214,0.41571428571428576,0.5879087809293867,8.0,8.48528137423857,3.5,0.5,1.0,0.0,1.0,0.0,0.0,2.0,1.0,2.5,,1.5,3.0,,0.0,0.5,1.0,-1.5,0.25,0.3535533905932738,0.03571428571428571,0.050507627227610534,0.07142857142857142,0.10101525445522107,0.0,0.0,0.07142857142857142,0.10101525445522107,0.17857142857142858,0.2525381361380527,0.21428571428571427,0.3030457633656632,0.14285714285714285,0.20203050891044214,0.41571428571428576,0.5879087809293867,8.0,8.48528137423857,3.5,0.5,1.0,0.0,1.0,0.0,0.0,2.0,1.0,2.5,,1.5,3.0,,0.0,0.5,1.0,-1.5,0.25,0.3535533905932738,0.03571428571428571,0.050507627227610534,0.07142857142857142,0.10101525445522107,0.0,0.0,0.07142857142857142,0.10101525445522107,0.17857142857142858,0.2525381361380527,0.21428571428571427,0.3030457633656632,0.14285714285714285,0.20203050891044214,0.41571428571428576,0.5879087809293867,,True,True,PHX,False,4.337628364562988,1.0889605,1.1270475,6.553636431694031,0.043087296187877655,0.18470997,0.11268774,1.1191013,1.9675,0.901,0.863,0.195,3.7315,0.1575,0.091,0.9485,2.1017715741726075,0.9301607387973327,0.9408671532155854,0.4426906369012112,2.4948762995387166,0.3958456138445897,0.29953130053468535,0.9684253972299569
4874375,Jihyun Park,LAS,2026-05-21,0.0,6.0,1.0,1.0,3.0,0,0,0,0,0,0,0,0,0,0,,0,0,,0,0,0,0.0,0.0,,,,,,,,,,0.0,5.0,7.0710678118654755,1.0,1.0,0.0,0.0,1.0,0.0,0.0,0.0,0.5,1.5,,0.0,0.0,,0.0,1.0,0.5,-1.0,0.2,,0.2,,0.0,,0.0,,0.2,,0.3,,0.0,,0.0,,0.3,,5.0,7.0710678118654755,1.0,1.0,0.0,0.0,1.0,0.0,0.0,0.0,0.5,1.5,,0.0,0.0,,0.0,1.0,0.5,-1.0,0.2,,0.2,,0.0,,0.0,,0.2,,0.3,,0.0,,0.0,,0.3,,5.0,7.0710678118654755,1.0,1.0,0.0,0.0,1.0,0.0,0.0,0.0,0.5,1.5,,0.0,0.0,,0.0,1.0,0.5,-1.0,0.2,,0.2,,0.0,,0.0,,0.2,,0.3,,0.0,,0.0,,0.3,,,True,True,PHX,False,3.365424394607544,1.4482749,0.50565064,5.319349884986877,0.3070380687713623,0.29719144,0.14795074,0.5434979,2.6653053760528564,1.5427350997924805,0.4472309648990631,0.3795035779476166,4.655272006988525,0.29719144105911255,0.14795073866844177,0.5434979200363159,7.5,3.0,2.5,1.3,9.0,1.2,1.3,1.5
5105729,Chance Gray,LAS,2026-05-21,0.0,6.0,1.0,1.0,3.0,0,1,0,0,2,0,0,1,0,2,,0,0,,0,1,0,-14.0,11.0,0.0,0.09090909090909091,0.0,0.0,0.18181818181818182,0.18181818181818182,0.0,0.09090909090909091,0.2727272727272727,0.0,12.0,1.4142135623730951,3.0,1.5,0.5,0.5,2.5,0.5,0.0,1.0,1.0,3.5,,0.5,1.0,,0.5,1.0,0.0,-13.0,0.23076923076923078,0.3263569759322527,0.12237762237762238,0.04450322399076174,0.038461538461538464,0.05439282932204212,0.038461538461538464,0.05439282932204212,0.2062937062937063,0.03461361865948135,0.28321678321678323,0.14339927730356558,0.07692307692307693,0.10878565864408424,0.08391608391608392,0.009889605331280384,0.40097902097902094,0.18137536177568223,12.0,1.4142135623730951,3.0,1.5,0.5,0.5,2.5,0.5,0.0,1.0,1.0,3.5,,0.5,1.0,,0.5,1.0,0.0,-13.0,0.23076923076923078,0.3263569759322527,0.12237762237762238,0.04450322399076174,0.038461538461538464,0.05439282932204212,0.038461538461538464,0.05439282932204212,0.2062937062937063,0.03461361865948135,0.28321678321678323,0.14339927730356558,0.07692307692307693,0.10878565864408424,0.08391608391608392,0.009889605331280384,0.40097902097902094,0.18137536177568223,12.0,1.4142135623730951,3.0,1.5,0.5,0.5,2.5,0.5,0.0,1.0,1.0,3.5,,0.5,1.0,,0.5,1.0,0.0,-13.0,0.23076923076923078,0.3263569759322527,0.12237762237762238,0.04450322399076174,0.038461538461538464,0.05439282932204212,0.038461538461538464,0.05439282932204212,0.2062937062937063,0.03461361865948135,0.28321678321678323,0.14339927730356558,0.07692307692307693,0.10878565864408424,0.08391608391608392,0.009889605331280384,0.40097902097902094,0.18137536177568223,,True,True,PHX,False,5.276109218597412,1.7384026,1.0482738,8.062785625457764,0.6816197037696838,0.41181314,0.14604512,0.89488834,3.313,2.187,0.805,0.4635,6.305,0.363,0.1315,0.8295,2.7721888463811406,1.428296537837994,0.9093816580512277,0.6675835153746683,3.1739525831366793,0.600192469129695,0.35525730112131404,0.904118216827866
5107515,Laura Ziegler,LAS,2026-05-21,0.0,18.0,0.0,0.0,2.0,0,1,0,0,3,0,1,1,0,3,,0,0,,1,0,3,-8.0,10.0,0.0,0.1,0.0,0.0,0.3,0.3,0.0,0.1,0.4,0.0,10.0,,0.0,1.0,0.0,0.0,3.0,0.0,1.0,1.0,0.0,3.0,,0.0,0.0,,1.0,0.0,3.0,-8.0,0.0,,0.1,,0.0,,0.0,,0.3,,0.3,,0.0,,0.1,,0.4,,10.0,,0.0,1.0,0.0,0.0,3.0,0.0,1.0,1.0,0.0,3.0,,0.0,0.0,,1.0,0.0,3.0,-8.0,0.0,,0.1,,0.0,,0.0,,0.3,,0.3,,0.0,,0.1,,0.4,,10.0,,0.0,1.0,0.0,0.0,3.0,0.0,1.0,1.0,0.0,3.0,,0.0,0.0,,1.0,0.0,3.0,-8.0,0.0,,0.1,,0.0,,0.0,,0.3,,0.3,,0.0,,0.1,,0.4,,,True,True,PHX,False,4.244775295257568,1.956253,0.45469293,6.65572127699852,0.7771338820457458,0.48289478,0.678195,0.8582188,3.9,2.2795,0.477,0.62,6.6565,0.389,0.3065,0.7625,3.1529351404683226,1.5067779365254854,0.6763660251668471,0.7762731478030139,3.5461962368148776,0.6282348287065912,0.5509607517782006,0.8521113483577132
2529130,Natasha Howard,MIN,2026-05-21,1.0,20.0,0.0,0.0,58.0,0,2,2,0,0,0,0,0,0,5,,0,0,,1,1,2,-6.0,13.0,0.0,0.15384615384615385,0.15384615384615385,0.0,0.0,0.38461538461538464,0.0,0.0,0.38461538461538464,0.0,15.333333333333334,16.623276853055575,5.333333333333333,3.0,2.3333333333333335,0.0,0.6666666666666666,0.3333333333333333,0.0,1.0,2.3333333333333335,7.0,,0.6666666666666666,0.6666666666666666,,1.6666666666666667,1.3333333333333333,1.6666666666666667,-6.333333333333333,0.24242424242424226,0.3428396514843867,0.18298368298368312,0.04120668888033495,0.15268065268065267,0.0016482675552134103,0.0,0.0,0.030303030303030304,0.04285495643554834,0.4347319347319348,0.07087550487417607,0.030303030303030318,0.04285495643554834,0.04545454545454543,0.0642824346533225,0.49351981351981355,0.15401412035913986,17.4,12.700393694685216,5.6,3.4,1.6,0.0,0.6,0.2,0.0,1.2,2.2,6.2,,1.2,1.6,,2.2,1.2,1.8,-5.0,0.2718531468531469,0.20253216835500498,0.20367132867132867,0.095150280736345,0.08595571095571097,0.07863678772079312,0.0,0.0,0.02476689976689978,0.029993261614120664,0.3417249417249417,0.11585746003313147,0.08694638694638696,0.07042919517996853,0.051573426573426576,0.06038432181528159,0.4315547785547786,0.1197167089430141,20.9,9.362454568944809,7.5,5.2,1.8,0.0,0.7,0.5,0.1,1.7,3.1,6.9,,1.3,1.6,,1.9,3.3,2.3,-0.5,0.33451571777658734,0.17125175944153606,0.2541782854826333,0.11524143965576755,0.08408444212792039,0.0572238825568742,0.0,0.0,0.028494283494283488,0.030117868681924675,0.3236025568634264,0.10106494395380389,0.07604062604062604,0.06908713396483919,0.07444650357693836,0.05876703851846669,0.4315069358982402,0.08928274850383093,,True,True,TOR,True,6.72898006439209,3.814096,1.6595664,12.202642440795898,0.0,0.6495886,0.20533171,1.3145938,7.117,6.2015,2.2615,0.311,15.58,0.522,0.193,1.003,3.8105525845997716,2.4093355411814272,1.4676912992860587,0.5561285822541402,4.707610859023927,0.7304217959508054,0.43675050085832756,0.9999954999898749
2529205,Kayla McBride,MIN,2026-05-21,1.0,20.0,0.0,0.0,54.0,13,3,1,0,0,1,0,1,4,7,,5,7,,0,3,0,0.0,21.0,0.6190476190476191,0.14285714285714285,0.047619047619047616,0.0,0.0,0.3333333333333333,0.3333333333333333,0.047619047619047616,0.5276190476190477,0.0,19.666666666666668,19.035055380358983,14.666666666666666,2.3333333333333335,1.0,2.0,3.6666666666666665,0.6666666666666666,0.3333333333333333,0.3333333333333333,4.666666666666667,10.0,,3.3333333333333335,4.0,,0.3333333333333333,2.0,0.0,-1.6666666666666667,0.7174185463659146,0.13911749955675184,0.12406015037593984,0.026582961698742386,0.050125313283207976,0.003544394893165652,0.07894736842105263,0.11164843913471803,0.14473684210526322,0.2046888050803164,0.469298245614035,0.19228342295423662,0.23245614035087722,0.14266189444991748,0.023809523809523808,0.03367175148507369,0.5953884711779449,0.09584043791119921,28.0,17.7341478509682,15.4,2.4,2.2,2.4,5.0,1.0,0.2,1.0,5.0,11.0,,3.0,3.4,,0.6,1.8,0.2,-3.8,0.5597496648598239,0.21109552633299544,0.09415981815002622,0.050482259430767555,0.07539925394882555,0.038634967532946055,0.07588739290085679,0.06662975196812841,0.15835373317013465,0.11977123614915967,0.38764789881680944,0.149789300623278,0.1483578131374949,0.1316626154463812,0.03592556973829923,0.029804944620181,0.48885090633560646,0.14013724342108533,29.6,12.720936373640983,14.5,2.9,2.3,2.2,5.6,1.0,0.2,1.3,5.0,11.5,,2.3,2.5,,0.4,2.5,0.8,2.1,0.4836104373436075,0.20561897168281132,0.0987239017838773,0.05302646685222327,0.07647824092132538,0.03496813258050799,0.06857553344701448,0.05426973161529736,0.18331615911175275,0.09592160512821067,0.38422377749183134,0.09744068534919018,0.09202767403501796,0.10472950911106865,0.04823187714864582,0.04964657970637018,0.47294783121588513,0.10732186166936943,,True,True,TOR,True,11.75812816619873,2.1830492,1.9436026,15.884779930114746,1.3989379405975342,0.7445833,0.21190277,1.4596345,15.0565,5.257,2.519,1.415,22.8325,0.6075,0.224,1.245,5.640949188744745,2.219898871570505,1.5885965504180097,1.1690915276401588,6.115426702201573,0.7729448557303424,0.47730912415331017,1.1278186911024306
2987891,Courtney Williams,MIN,2026-05-21,1.0,20.0,0.0,0.0,56.0,0,5,6,0,0,1,0,4,0,5,,0,0,,0,5,1,-2.0,17.0,0.0,0.29411764705882354,0.35294117647058826,0.0,0.0,0.29411764705882354,0.0,0.23529411764705882,0.5294117647058824,0.0,20.666666666666668,10.969655114602887,8.0,3.3333333333333335,5.0,0.6666666666666666,2.6666666666666665,1.0,0.0,1.6666666666666667,3.6666666666666665,11.0,,0.0,0.0,,0.3333333333333333,3.0,1.3333333333333333,-0.6666666666666666,0.31313131313131315,0.3035349333599338,0.18389780154486038,0.10269427116449899,0.26158645276292336,0.08614786265730844,0.020202020202020197,0.03499092540543187,0.11616161616161617,0.10088375937089993,0.4869281045751634,0.18661819000351956,0.0,0.0,0.10620915032679738,0.11930342703445626,0.5931372549019608,0.06915066656698933,27.0,11.640446726822812,11.6,4.4,5.4,0.8,3.2,1.6,0.0,2.6,5.2,13.6,,0.4,0.4,,0.4,4.0,2.2,-2.8,0.3746655746655747,0.23893580605736298,0.17625459684283212,0.07630393679435425,0.22316808787397022,0.10022411108456966,0.022932022932022938,0.03148629449097642,0.1133906633906634,0.07374680584440459,0.4841989047871401,0.13624787072282354,0.01111111111111111,0.024845199749997663,0.10801978449037272,0.10308430918700456,0.5971075781664017,0.11283377742323102,27.7,8.042249547096748,11.2,4.9,5.4,0.6,2.7,2.2,0.2,2.5,5.1,13.0,,0.4,0.5,,0.3,4.6,1.9,1.2,0.37188872437148296,0.20819131513607553,0.18228305964614283,0.05644869603048039,0.20640408341219701,0.07574904708610695,0.0182000182000182,0.024883159131078986,0.09589733531112841,0.05891224731341119,0.4587861386319805,0.1192165525407327,0.015993265993265993,0.02775651330418906,0.09569047475335508,0.07438341804258504,0.5615136504223726,0.1057849792062863,,True,True,TOR,True,11.852511405944824,3.955004,4.669577,20.477092504501343,0.5713959336280823,1.3193109,0.24423425,2.0001616,12.4905,6.9825,4.204,0.8865,23.677,0.864,0.228,1.47,5.090374224946531,2.56031126037441,1.9963426559586408,0.9233730286292751,5.924919493123936,0.9167900523020525,0.4754114007888326,1.1819898476721364
3054590,Nia Coffey,MIN,2026-05-21,1.0,20.0,0.0,0.0,52.0,9,4,0,1,2,0,0,0,4,6,,0,0,,1,3,0,2.0,17.0,0.5294117647058824,0.23529411764705882,0.0,0.058823529411764705,0.11764705882352941,0.35294117647058826,0.0,0.0,0.35294117647058826,0.0,10.0,8.888194417315589,4.666666666666667,2.6666666666666665,0.3333333333333333,0.6666666666666666,1.3333333333333333,0.0,1.0,0.0,1.6666666666666667,3.6666666666666665,,0.6666666666666666,0.6666666666666666,,0.6666666666666666,2.0,1.0,0.0,0.4570135746606335,0.10238650225325573,0.2714932126696833,0.05119325112662791,0.038461538461538464,0.05439282932204212,0.06787330316742082,0.012798312781656978,0.13574660633484165,0.025596625563313956,0.3687782805429865,0.022397047367899693,0.07692307692307687,0.10878565864408424,0.0,0.0,0.4026244343891403,0.07026273717129676,9.2,6.418722614352485,3.2,2.2,0.2,0.4,1.0,0.0,0.6,0.0,1.2,3.2,,0.4,0.4,,0.4,1.8,0.8,-0.8,0.2999353587588882,0.22360201699878085,0.2270164476046829,0.06753489812636589,0.019230769230769218,0.038461538461538776,0.03393665158371041,0.03987723700272176,0.1035875888817065,0.07070143441987994,0.34708755296990595,0.08883238122417617,0.038461538461538464,0.07692307692307693,0.0,0.0,0.36401062989298283,0.10358724713326765,8.6,5.316640543300498,3.5,2.0,0.3,0.6,1.5,0.0,0.6,0.2,1.3,3.1,,0.3,0.4,,0.4,1.6,0.9,0.6,0.39256386315209846,0.2790342684772262,0.21200731004652573,0.10258761535720952,0.03447293447293447,0.058570398970980604,0.06693480811127869,0.0727910398650311,0.16826115061409178,0.13529811198235456,0.3246315050236619,0.18980030235558815,0.09116809116809116,0.22172857728329648,0.025925925925925925,0.05719794522770557,0.3906713910635479,0.16921789752248104,,True,True,TOR,True,6.0771589279174805,2.6137872,0.7729966,9.46394270658493,0.514381468296051,0.36099628,0.59817296,0.863231,6.392,4.093,0.929,0.576,11.414,0.3025,0.304,0.6855,3.9370466088173255,2.0214724831171953,0.9428462228804865,0.7630360410884928,4.620022077869326,0.548628972986298,0.5546025603979845,0.8328203587809317
3917450,Napheesa Collier,MIN,2026-05-21,1.0,26.0,0.0,0.0,54.0,0,0,0,0,0,0,0,0,0,0,,0,0,,0,0,0,0.0,0.0,,,,,,,,,,0.0,12.333333333333334,21.361959960016154,5.666666666666667,2.0,1.0,0.3333333333333333,1.0,0.0,1.0,1.3333333333333333,2.6666666666666665,5.0,,0.0,0.0,,0.6666666666666666,1.3333333333333333,1.6666666666666667,-3.3333333333333335,0.4594594594594595,,0.16216216216216217,,0.08108108108108109,,0.02702702702702703,,0.08108108108108109,,0.40540540540540543,,0.0,,0.10810810810810811,,0.5135135135135135,,21.8,19.95494926077238,11.8,4.2,1.2,1.0,3.4,0.6,1.0,1.6,5.2,10.6,,0.4,0.4,,1.0,3.2,1.8,-2.4,0.540150057177921,0.08656074585758873,0.1949209271190695,0.06047319829859066,0.05540679998884334,0.02754205550014189,0.046160711795386715,0.016857000986225352,0.156025995035283,0.0671006947841315,0.4849803363735253,0.08766158030711636,0.017543859649122816,0.03038685627313788,0.0742197305664798,0.04265938188888101,0.566919365185619,0.057879984054941644,23.8,16.936482646773047,14.2,4.3,1.6,1.4,3.7,0.8,0.6,1.6,5.7,10.6,,1.4,1.8,,1.1,3.2,1.9,1.4,0.6055989343251617,0.10209199579294577,0.18239503190852152,0.04759071591813124,0.06752738663397664,0.023917392366090848,0.0601198096775275,0.035641813648828874,0.15382101339642248,0.05156234802870184,0.4414088062916015,0.07009640389110018,0.0765053659790502,0.08499231442773016,0.06795881353599177,0.030398777012276907,0.5430299808583754,0.06358399845016369,,True,True,TOR,True,8.235564231872559,2.8107698,0.6607357,11.707069754600525,0.5889503955841064,0.3266792,0.5320003,0.9940454,10.1055,5.3015,1.319,0.837,16.726,0.3155,0.347,0.893,4.9243649082902055,2.334865681361564,1.162858116882709,0.9205601555574736,5.559939208300753,0.5638791980557538,0.5801646318072139,0.9568442924530616
4398938,Dorka Juhasz,MIN,2026-05-21,1.0,26.0,0.0,0.0,3.0,0,0,0,0,0,0,0,0,0,0,,0,0,,0,0,0,0.0,0.0,,,,,,,,,,0.0,0.0,0.0,0.0,0.0,0.0,0.0,0.0,0.0,0.0,0.0,0.0,0.0,,0.0,0.0,,0.0,0.0,0.0,0.0,,,,,,,,,,,,,,,,,,,0.0,0.0,0.0,0.0,0.0,0.0,0.0,0.0,0.0,0.0,0.0,0.0,,0.0,0.0,,0.0,0.0,0.0,0.0,,,,,,,,,,,,,,,,,,,0.0,0.0,0.0,0.0,0.0,0.0,0.0,0.0,0.0,0.0,0.0,0.0,,0.0,0.0,,0.0,0.0,0.0,0.0,,,,,,,,,,,,,,,,,,,,True,True,TOR,True,3.535126209259033,1.1166219,0.70314735,5.3548954129219055,0.16949087381362915,0.35246113,0.15169115,0.6343775,2.8350071907043457,1.211082100868225,0.6447276473045349,0.24195638298988342,4.690816879272461,0.3524611294269562,0.15169115364551544,0.6343774795532227,7.5,3.0,2.5,1.3,9.0,1.2,1.3,1.5
4433791,Olivia Miles,MIN,2026-05-21,1.0,20.0,0.0,0.0,3.0,13,6,2,0,1,0,0,2,5,13,,3,5,,1,5,2,1.0,28.0,0.4642857142857143,0.21428571428571427,0.07142857142857142,0.0,0.03571428571428571,0.4642857142857143,0.17857142857142858,0.07142857142857142,0.6142857142857142,0.0,22.5,7.7781745930520225,10.5,4.5,2.0,0.5,1.5,0.5,0.0,3.0,4.0,9.0,,2.0,3.0,,0.5,4.0,2.0,1.5,0.46743697478991597,0.004456555343612678,0.1953781512605042,0.02673933206167615,0.09453781512605042,0.03268140585315976,0.029411764705882353,0.04159451654038515,0.07668067226890757,0.05793521946696503,0.3792016806722689,0.12032699427754277,0.11869747899159663,0.0846745515286412,0.15336134453781514,0.11587043893393006,0.5847899159663865,0.04171335801621472,22.5,7.7781745930520225,10.5,4.5,2.0,0.5,1.5,0.5,0.0,3.0,4.0,9.0,,2.0,3.0,,0.5,4.0,2.0,1.5,0.46743697478991597,0.004456555343612678,0.1953781512605042,0.02673933206167615,0.09453781512605042,0.03268140585315976,0.029411764705882353,0.04159451654038515,0.07668067226890757,0.05793521946696503,0.3792016806722689,0.12032699427754277,0.11869747899159663,0.0846745515286412,0.15336134453781514,0.11587043893393006,0.5847899159663865,0.04171335801621472,22.5,7.7781745930520225,10.5,4.5,2.0,0.5,1.5,0.5,0.0,3.0,4.0,9.0,,2.0,3.0,,0.5,4.0,2.0,1.5,0.46743697478991597,0.004456555343612678,0.1953781512605042,0.02673933206167615,0.09453781512605042,0.03268140585315976,0.029411764705882353,0.04159451654038515,0.07668067226890757,0.05793521946696503,0.3792016806722689,0.12032699427754277,0.11869747899159663,0.0846745515286412,0.15336134453781514,0.11587043893393006,0.5847899159663865,0.04171335801621472,,True,True,TOR,True,13.535289764404297,4.7083607,2.6985347,20.942185163497925,0.5309508442878723,0.84450567,0.24995524,2.2022572,12.818,7.5035,2.8425,0.831,23.164,0.6395,0.2135,1.5165,5.20882673929552,2.7353222387865017,1.6943121760761801,0.8929944008783034,5.982065195231493,0.8115046210589314,0.4625124322653392,1.2254500193806355
4596309,Liatu King,MIN,2026-05-21,1.0,20.0,0.0,0.0,20.0,3,3,0,0,0,1,0,2,1,3,,1,4,,2,1,2,-7.0,10.0,0.3,0.3,0.0,0.0,0.0,0.3,0.4,0.2,0.6759999999999999,0.0,13.333333333333334,4.163331998932263,3.6666666666666665,3.6666666666666665,0.3333333333333333,0.0,0.6666666666666666,0.6666666666666666,0.6666666666666666,1.3333333333333333,1.6666666666666667,4.666666666666667,,0.3333333333333333,1.3333333333333333,,1.3333333333333333,2.3333333333333335,1.6666666666666667,-1.3333333333333333,0.26666666666666666,0.0881917103688197,0.28518518518518515,0.05701779377163211,0.018518518518518517,0.032075014954979206,0.0,0.0,0.037037037037037035,0.06415002990995841,0.3314814814814815,0.10097263614974504,0.13333333333333333,0.23094010767585033,0.1037037037037037,0.10020555006273099,0.4938518518518518,0.21960079755790013,11.0,4.999999999999999,3.0,3.0,0.2,0.0,0.4,0.4,0.4,1.0,1.2,3.2,,0.6,1.2,,1.2,1.8,1.4,-4.0,0.23272727272727273,0.15025842446614646,0.24383838383838383,0.14615013253038509,0.01111111111111111,0.02484519974999768,0.0,0.0,0.02222222222222222,0.04969039949999532,0.2352525252525252,0.16307204101926098,0.11636363636363636,0.17702780283109942,0.08040404040404041,0.08409234991333966,0.3668565656565657,0.2643935539151869,10.1,4.557045826702499,3.1,2.2,0.3,0.0,0.5,0.2,0.2,1.0,1.0,2.6,,1.1,1.6,,0.9,1.3,1.1,-0.5,0.28876443001443003,0.23142418511709809,0.22092712842712842,0.15987952084939575,0.04055555555555555,0.08106162874209344,0.0,0.0,0.03847222222222223,0.05142036906986576,0.21828102453102455,0.1392530362351606,0.15175324675324675,0.17220789286962818,0.0982377344877345,0.09554988825782347,0.3832901875901876,0.1946123181488393,,True,True,TOR,True,5.423693656921387,2.942612,0.6072864,8.973591983318329,0.12306559830904007,0.5774382,0.28266788,0.9579288,5.1065,4.422,0.824,0.2695,10.3525,0.3955,0.193,0.7385,3.2872720833542206,2.07940279888241,0.909958240800093,0.5127082503724705,4.050462164988089,0.6245636476773204,0.44017155746367803,0.8474182851461254
4873358,Antonia Delaere,MIN,2026-05-21,1.0,20.0,0.0,0.0,3.0,2,1,2,0,0,0,0,0,0,2,,2,2,,0,1,1,6.0,17.0,0.11764705882352941,0.058823529411764705,0.11764705882352941,0.0,0.0,0.11764705882352941,0.11764705882352941,0.0,0.16941176470588235,0.0,17.5,0.7071067811865476,3.5,2.0,2.0,0.5,1.5,0.0,0.0,1.0,1.0,3.0,,1.0,1.0,,0.0,2.0,2.0,11.5,0.19771241830065361,0.11322951724882625,0.11274509803921567,0.07625661365737275,0.11437908496732026,0.0046216129489316865,0.027777777777777776,0.039283710065919304,0.08333333333333333,0.11785113019775792,0.16993464052287582,0.07394580718290694,0.058823529411764705,0.0831890330807703,0.05555555555555555,0.07856742013183861,0.2513725490196078,0.1159100527592066,17.5,0.7071067811865476,3.5,2.0,2.0,0.5,1.5,0.0,0.0,1.0,1.0,3.0,,1.0,1.0,,0.0,2.0,2.0,11.5,0.19771241830065361,0.11322951724882625,0.11274509803921567,0.07625661365737275,0.11437908496732026,0.0046216129489316865,0.027777777777777776,0.039283710065919304,0.08333333333333333,0.11785113019775792,0.16993464052287582,0.07394580718290694,0.058823529411764705,0.0831890330807703,0.05555555555555555,0.07856742013183861,0.2513725490196078,0.1159100527592066,17.5,0.7071067811865476,3.5,2.0,2.0,0.5,1.5,0.0,0.0,1.0,1.0,3.0,,1.0,1.0,,0.0,2.0,2.0,11.5,0.19771241830065361,0.11322951724882625,0.11274509803921567,0.07625661365737275,0.11437908496732026,0.0046216129489316865,0.027777777777777776,0.039283710065919304,0.08333333333333333,0.11785113019775792,0.16993464052287582,0.07394580718290694,0.058823529411764705,0.0831890330807703,0.05555555555555555,0.07856742013183861,0.2513725490196078,0.1159100527592066,,True,True,TOR,True,5.908677101135254,1.9165528,1.9557822,9.781012058258057,0.7461708188056946,0.48378035,0.08074935,1.0732467,8.057,4.063,2.483,0.792,14.603,0.3975,0.11,0.886,4.378213220024809,2.0099828357476093,1.5781986566969317,0.8903572316772634,5.035612276575709,0.6224899597583884,0.33451457367355464,0.9375521318838755
5278237,Anastasiia Olairi Kosu,MIN,2026-05-21,1.0,20.0,0.0,0.0,56.0,10,5,0,0,0,0,0,0,3,4,,4,4,,1,4,0,12.0,15.0,0.6666666666666666,0.3333333333333333,0.0,0.0,0.0,0.26666666666666666,0.26666666666666666,0.0,0.384,0.0,6.0,7.937253933193772,3.3333333333333335,2.0,0.3333333333333333,0.0,0.0,0.0,0.0,0.0,1.0,1.3333333333333333,,1.3333333333333333,1.3333333333333333,,0.3333333333333333,1.6666666666666667,0.3333333333333333,2.6666666666666665,0.3333333333333333,0.4714045207910317,0.3333333333333333,0.0,0.16666666666666666,0.23570226039551584,0.0,0.0,0.0,0.0,0.13333333333333355,0.18856180831641267,0.13333333333333333,0.18856180831641267,0.0,0.0,0.19200000000000023,0.27152900397563423,3.6,6.50384501660364,2.0,1.2,0.2,0.0,0.0,0.0,0.0,0.0,0.6,0.8,,0.8,0.8,,0.2,1.0,0.2,1.6,0.3333333333333333,0.4714045207910317,0.3333333333333333,0.0,0.16666666666666666,0.23570226039551584,0.0,0.0,0.0,0.0,0.13333333333333355,0.18856180831641267,0.13333333333333333,0.18856180831641267,0.0,0.0,0.19200000000000023,0.27152900397563423,3.9,5.445691467165172,2.2,1.1,0.3,0.0,0.1,0.0,0.2,0.2,0.9,1.2,,0.4,0.6,,0.5,0.6,0.7,1.2,0.5333333333333333,0.6168918507773915,0.2633333333333333,0.1565247584249853,0.12333333333333334,0.14317821063276354,0.0,0.0,0.016666666666666666,0.03726779962499649,0.2866666666666666,0.314775051955096,0.08666666666666667,0.12382783747337807,0.056666666666666664,0.08787617550976046,0.3814666666666667,0.2962612960809352,,True,True,TOR,True,5.160795211791992,2.1619432,0.61505026,7.937788665294647,0.0708206370472908,0.24708214,0.32575768,0.8640542,3.259,2.735,0.668,0.1435,6.662,0.217,0.16,0.55,2.6776704427542986,1.7019914805897236,0.7923231663910882,0.38588566959657883,3.390834115671246,0.46573705027622614,0.38910152916687435,0.7345066371381541
5345322,Emma Cechova,MIN,2026-05-21,1.0,20.0,0.0,0.0,3.0,16,6,0,0,0,0,4,2,5,7,,6,10,,2,4,3,13.0,24.0,0.6666666666666666,0.25,0.0,0.0,0.0,0.2916666666666667,0.4166666666666667,0.08333333333333333,0.5583333333333333,0.0,12.0,16.97056274847714,8.0,3.0,0.0,0.0,0.0,0.0,2.0,1.0,2.5,3.5,,3.0,5.0,,1.0,2.0,1.5,6.5,0.6666666666666666,,0.25,,0.0,,0.0,,0.0,,0.2916666666666667,,0.4166666666666667,,0.08333333333333333,,0.5583333333333333,,12.0,16.97056274847714,8.0,3.0,0.0,0.0,0.0,0.0,2.0,1.0,2.5,3.5,,3.0,5.0,,1.0,2.0,1.5,6.5,0.6666666666666666,,0.25,,0.0,,0.0,,0.0,,0.2916666666666667,,0.4166666666666667,,0.08333333333333333,,0.5583333333333333,,12.0,16.97056274847714,8.0,3.0,0.0,0.0,0.0,0.0,2.0,1.0,2.5,3.5,,3.0,5.0,,1.0,2.0,1.5,6.5,0.6666666666666666,,0.25,,0.0,,0.0,,0.0,,0.2916666666666667,,0.4166666666666667,,0.08333333333333333,,0.5583333333333333,,,True,True,TOR,True,10.3126220703125,4.937043,0.8808863,16.13055157661438,0.13822779059410095,0.6882862,1.6287801,1.58025,8.003,6.168,0.9885,0.3335,15.1595,0.5195,0.589,1.087,3.9854724939459816,2.5289871490381284,0.9911446665346084,0.5606048073286565,4.93822435193056,0.7159746853066804,0.7570198148001147,1.0556661404061418
5345478,Eliska Hamzova,MIN,2026-05-21,1.0,20.0,0.0,0.0,3.0,7,2,1,1,1,0,0,4,2,3,,2,3,,1,1,4,8.0,18.0,0.3888888888888889,0.1111111111111111,0.05555555555555555,0.05555555555555555,0.05555555555555555,0.16666666666666666,0.16666666666666666,0.2222222222222222,0.46222222222222226,0.0,15.5,3.5355339059327378,6.5,1.5,1.5,0.5,0.5,0.5,0.5,3.5,1.0,4.0,,4.0,6.5,,1.0,0.5,2.5,5.5,0.42521367521367526,0.05137100547081759,0.09401709401709402,0.02417459080979649,0.1047008547008547,0.06950194857816494,0.027777777777777776,0.039283710065919304,0.027777777777777776,0.039283710065919304,0.27564102564102566,0.1541130164124527,0.46794871794871795,0.4260771630226633,0.2264957264957265,0.0060436477024491415,0.708034188034188,0.3476306158448736,15.5,3.5355339059327378,6.5,1.5,1.5,0.5,0.5,0.5,0.5,3.5,1.0,4.0,,4.0,6.5,,1.0,0.5,2.5,5.5,0.42521367521367526,0.05137100547081759,0.09401709401709402,0.02417459080979649,0.1047008547008547,0.06950194857816494,0.027777777777777776,0.039283710065919304,0.027777777777777776,0.039283710065919304,0.27564102564102566,0.1541130164124527,0.46794871794871795,0.4260771630226633,0.2264957264957265,0.0060436477024491415,0.708034188034188,0.3476306158448736,15.5,3.5355339059327378,6.5,1.5,1.5,0.5,0.5,0.5,0.5,3.5,1.0,4.0,,4.0,6.5,,1.0,0.5,2.5,5.5,0.42521367521367526,0.05137100547081759,0.09401709401709402,0.02417459080979649,0.1047008547008547,0.06950194857816494,0.027777777777777776,0.039283710065919304,0.027777777777777776,0.039283710065919304,0.27564102564102566,0.1541130164124527,0.46794871794871795,0.4260771630226633,0.2264957264957265,0.0060436477024491415,0.708034188034188,0.3476306158448736,,True,True,TOR,True,7.236297607421875,2.0405262,1.1617441,10.438567876815796,0.056317441165447235,0.3669503,0.34907585,1.7249179,7.6325,3.738,1.825,0.454,13.1955,0.3545,0.2235,1.214,3.9690608146008546,1.94816734394148,1.3365534033475805,0.6571788188917839,4.68052131177714,0.5973522829955535,0.4780666794496349,1.0996381222929659
2327695,Rebekah Gardner,NYL,2026-05-21,1.0,18.0,0.0,0.0,51.0,6,7,1,0,0,0,0,0,0,2,,6,6,,2,5,1,7.0,23.0,0.2608695652173913,0.30434782608695654,0.043478260869565216,0.0,0.0,0.08695652173913043,0.2608695652173913,0.0,0.20173913043478264,0.0,15.0,12.165525060596439,5.666666666666667,2.6666666666666665,1.0,0.3333333333333333,1.0,0.3333333333333333,0.0,0.3333333333333333,1.3333333333333333,2.6666666666666665,,2.6666666666666665,2.6666666666666665,,0.6666666666666666,2.0,1.3333333333333333,0.3333333333333333,0.261559696342305,0.2619054438516259,0.1173222912353347,0.16370951847384344,0.04623878536922015,0.04767902125442615,0.015873015873015872,0.027492869961410746,0.04761904761904764,0.08247860988423222,0.12422360248447205,0.14645746736088944,0.11870255348516218,0.13200821230059498,0.015873015873015872,0.02749286996141075,0.1923257418909593,0.1877960754179552,11.8,10.545141061171254,4.0,1.8,0.6,0.4,1.0,0.2,0.0,0.2,1.0,2.2,,1.6,1.6,,0.4,1.4,1.2,0.6,0.20308966395922917,0.21763313576103843,0.08577799012581622,0.12651384781239555,0.02774327122153209,0.042166955256649166,0.02490842490842491,0.03564612637568609,0.059340659340659366,0.08134837592668899,0.305303392259914,0.40212309127939677,0.0712215320910973,0.11375488085602663,0.009523809523809523,0.021295885499997835,0.34616467590380634,0.3892367626849415,13.6,8.099382692526635,4.4,1.8,0.6,0.6,1.1,0.8,0.0,0.5,1.4,2.9,,1.0,1.1,,0.6,1.2,1.5,-1.3,0.25768613632744064,0.28738559719928775,0.09629479216435738,0.10057550307772703,0.03738612836438923,0.045878137645921364,0.03787087912087912,0.06095844946447884,0.06610148909061953,0.07832065192712397,0.2683219859850295,0.2782206523946635,0.054360766045548646,0.09587523489219525,0.032207556935817803,0.04593109952402561,0.3244482799808887,0.27868219103831054,,True,True,GSV,True,6.300261974334717,2.8761218,1.0159739,10.192357659339905,0.44306930899620056,0.3885095,0.21001682,1.1658607,7.04,3.953333333333333,1.2466666666666666,0.8133333333333334,12.24,0.24,0.1,0.9266666666666666,3.819040018992556,1.9470889952838712,1.0889546465405353,0.919323422716704,4.571914259913455,0.49906579392567735,0.3,1.0462419520465722
2566110,Julie Vanloo,NYL,2026-05-21,1.0,18.0,0.0,0.0,41.0,0,2,2,0,2,0,0,2,0,2,,0,0,,0,2,3,-8.0,9.0,0.0,0.2222222222222222,0.2222222222222222,0.0,0.2222222222222222,0.2222222222222222,0.0,0.2222222222222222,0.4444444444444444,0.0,13.666666666666666,6.429100507328635,0.6666666666666666,1.3333333333333333,2.0,0.0,2.6666666666666665,0.0,0.0,1.3333333333333333,0.3333333333333333,3.3333333333333335,,0.0,0.0,,0.0,1.3333333333333333,2.3333333333333335,-8.666666666666666,0.031746031746031744,0.0549857399228215,0.10582010582010581,0.11148839950108713,0.1375661375661376,0.1201885364190534,0.0,0.0,0.18374218374218373,0.08078660471850811,0.2154882154882155,0.12135233192552253,0.0,0.0,0.12025012025012027,0.09092435948341912,0.33573833573833567,0.13702689834015422,10.4,6.387487769068524,0.4,1.4,1.4,0.0,2.0,0.0,0.0,1.0,0.2,2.4,,0.0,0.0,,0.0,1.4,1.4,-7.0,0.019047619047619046,0.04259177099999599,0.17015873015873015,0.1272734798562888,0.11587301587301586,0.10759750685766555,0.0,0.0,0.19024531024531025,0.15278263228460917,0.2092929292929293,0.165635623214283,0.0,0.0,0.11215007215007214,0.09621143271346895,0.3214430014430014,0.2340328054499308,8.9,6.279596590015422,0.2,0.8,1.0,0.0,1.4,0.3,0.0,0.7,0.1,1.8,,0.0,0.0,,0.0,0.8,1.1,-4.4,0.010582010582010581,0.03174603174603257,0.1010685755783795,0.12302978137048139,0.0971444133208839,0.08655866957962413,0.0,0.0,0.1523512435277141,0.13404490630371,0.21385918003565063,0.1519368897505792,0.0,0.0,0.08273043224023617,0.08470613938788274,0.2965896122758867,0.2035075150867052,,True,True,GSV,True,4.066515922546387,1.6122603,1.3923043,7.071080565452576,0.5568395256996155,0.4601024,0.08447434,0.96952474,4.3,2.453333333333333,1.5866666666666667,0.5866666666666667,8.34,0.37333333333333335,0.04666666666666667,0.7266666666666667,3.2470499431535287,1.4169764367208872,1.1615315559878499,0.7675646914466269,3.651173327393082,0.6276587891167904,0.25,0.8861652717686972
2593770,Betnijah Laney-Hamilton,NYL,2026-05-21,1.0,18.0,0.0,0.0,4.0,0,0,0,0,0,0,0,0,0,0,,0,0,,0,0,0,0.0,0.0,,,,,,,,,,0.0,4.0,6.928203230275509,0.6666666666666666,0.0,0.3333333333333333,0.0,0.3333333333333333,0.0,0.0,0.6666666666666666,0.3333333333333333,1.3333333333333333,,0.0,0.0,,0.0,0.0,0.3333333333333333,-3.6666666666666665,0.16666666666666666,,0.0,,0.08333333333333333,,0.0,,0.08333333333333333,,0.3333333333333333,,0.0,,0.16666666666666666,,0.5,,4.0,6.928203230275509,0.6666666666666666,0.0,0.3333333333333333,0.0,0.3333333333333333,0.0,0.0,0.6666666666666666,0.3333333333333333,1.3333333333333333,,0.0,0.0,,0.0,0.0,0.3333333333333333,-3.6666666666666665,0.16666666666666666,,0.0,,0.08333333333333333,,0.0,,0.08333333333333333,,0.3333333333333333,,0.0,,0.16666666666666666,,0.5,,4.0,6.928203230275509,0.6666666666666666,0.0,0.3333333333333333,0.0,0.3333333333333333,0.0,0.0,0.6666666666666666,0.3333333333333333,1.3333333333333333,,0.0,0.0,,0.0,0.0,0.3333333333333333,-3.6666666666666665,0.16666666666666666,,0.0,,0.08333333333333333,,0.0,,0.08333333333333333,,0.3333333333333333,,0.0,,0.16666666666666666,,0.5,,,True,True,GSV,True,3.81430721282959,1.0060359,0.816641,5.63698410987854,0.19389811158180237,0.23544839,0.10852709,0.79776835,3.1141881942749023,1.1004961729049683,0.7582212686538696,0.26636362075805664,4.972906112670898,0.23544839024543762,0.10852708667516708,0.7977683544158936,7.5,3.0,2.5,1.3,9.0,1.2,1.3,1.5
2998928,Breanna Stewart,NYL,2026-05-21,1.0,18.0,0.0,0.0,48.0,4,6,2,0,1,0,0,1,2,6,,0,0,,0,6,0,-2.0,18.0,0.2222222222222222,0.3333333333333333,0.1111111111111111,0.0,0.05555555555555555,0.3333333333333333,0.0,0.05555555555555555,0.3888888888888889,0.0,21.666666666666668,11.93035344544886,16.666666666666668,6.666666666666667,1.6666666666666667,1.3333333333333333,2.0,0.6666666666666666,0.6666666666666666,0.6666666666666666,5.333333333333333,10.0,,4.666666666666667,5.666666666666667,,0.0,6.666666666666667,2.0,-2.0,0.8042328042328042,0.5574419975054358,0.3357142857142857,0.07978855276245726,0.0656084656084656,0.05822029504118061,0.0746031746031746,0.08469410521875617,0.10264550264550265,0.05745797884685263,0.4674603174603174,0.12599565674166174,0.19841269841269837,0.2160421839494635,0.0462962962962963,0.04243125643477629,0.6010582010582011,0.18665865800046344,25.0,11.916375287812988,14.8,5.6,2.2,1.0,2.0,0.8,0.6,1.2,5.0,10.0,,3.8,4.8,,0.4,5.2,1.4,-2.8,0.6325396825396826,0.4620124785763824,0.25142857142857145,0.12967559383780822,0.07936507936507939,0.045272891101433836,0.04976190476190476,0.06943854850254712,0.08658730158730159,0.047035444947195935,0.41047619047619044,0.11974320596238297,0.16404761904761905,0.1600922707297023,0.06277777777777778,0.05798839815849076,0.5454349206349206,0.15405804843541906,27.3,8.982080926922121,16.9,6.0,2.5,1.1,2.4,1.1,1.1,1.2,5.2,11.1,,5.4,6.4,,0.9,5.1,1.5,1.9,0.6425225645813881,0.3367249126145826,0.23671646436352317,0.09551438344016354,0.08845704948646124,0.04078835712077183,0.045877684407096164,0.048134006400611266,0.09086990351696234,0.05545496425408247,0.41602240896358544,0.10851596782407257,0.20961095549330847,0.14344145908778044,0.04947167755991285,0.04821828190082629,0.557722906940554,0.12694188059493958,,True,True,GSV,True,13.125334739685059,4.578617,2.1793814,19.883333206176758,0.6715436577796936,0.7638464,0.81933486,1.7223994,12.48,6.1,2.34,1.1666666666666667,20.92,0.5866666666666667,0.31333333333333335,1.1133333333333333,5.473231830159094,2.3937418407171647,1.4368020044529446,1.0918892902772799,6.048162255319104,0.7041464494139144,0.543282206183449,1.1862358768624204
2999101,Jonquel Jones,NYL,2026-05-21,1.0,18.0,0.0,0.0,49.0,15,5,0,3,6,1,3,0,4,8,,4,4,,0,5,0,10.0,21.0,0.7142857142857143,0.23809523809523808,0.0,0.14285714285714285,0.2857142857142857,0.38095238095238093,0.19047619047619047,0.0,0.46476190476190476,0.0,22.333333333333332,10.066445913694334,7.333333333333333,6.333333333333333,2.0,1.0,3.6666666666666665,0.3333333333333333,1.6666666666666667,0.6666666666666666,2.3333333333333335,6.666666666666667,,1.6666666666666667,2.0,,0.6666666666666666,5.666666666666667,2.3333333333333335,5.0,0.370962370962371,0.3164678961960573,0.31401931401931393,0.12777366408302662,0.0916860916860917,0.08106170228901308,0.047619047619047616,0.08247860988423225,0.14574314574314573,0.14294457073733222,0.2792762792762793,0.11540147239522695,0.08369408369408367,0.09731437402647829,0.051282051282051294,0.08882311833686551,0.3673837273837273,0.08504665401770185,24.8,9.121403400793108,7.2,8.8,1.8,1.0,3.4,0.2,2.0,1.2,2.6,7.2,,1.0,1.2,,1.0,7.8,2.6,2.4,0.3262137862137862,0.23574647319599876,0.3751648351648352,0.15121004728833978,0.07553113553113552,0.06157856167898637,0.043376623376623374,0.05891296169055363,0.13186147186147185,0.10439616311237133,0.2893839493839494,0.11097380463058086,0.0502164502164502,0.08268284942901002,0.06037962037962038,0.0651343135368859,0.3718588078588078,0.10500697622898546,24.4,7.042726744663606,6.8,7.0,2.4,0.6,2.8,0.4,1.3,1.7,2.5,6.9,,1.2,1.5,,0.9,6.1,2.9,1.6,0.2931290749984035,0.18173451044925742,0.28910369203291164,0.15237041182511488,0.10362279704566454,0.066450668420048,0.026951469583048532,0.045700560991002295,0.11251714448084682,0.0773199358360372,0.2800103856619283,0.09345222059241429,0.060875920208043624,0.07461184413798413,0.0718832967798485,0.06280083403550826,0.378679087333316,0.0970828901269126,,True,True,GSV,True,8.501617431640625,6.14909,1.9609826,16.611689805984497,0.8401091694831848,0.6630939,1.1765912,1.5040383,10.58,7.66,2.2666666666666666,1.1866666666666668,20.506666666666668,0.5733333333333334,0.32666666666666666,1.1133333333333333,4.862468508895456,2.8185812033716537,1.3936363306911248,0.9478865379827318,5.8477878058477994,0.7334545354386702,0.5597221532947297,0.9559404909418904
3102133,Rebecca Allen,NYL,2026-05-21,1.0,18.0,0.0,0.0,49.0,0,0,0,0,0,0,0,0,0,0,,0,0,,0,0,0,0.0,0.0,,,,,,,,,,0.0,7.333333333333333,12.701705922171767,2.0,0.6666666666666666,1.0,0.6666666666666666,1.3333333333333333,0.6666666666666666,0.3333333333333333,0.3333333333333333,0.6666666666666666,2.0,,0.0,0.0,,0.0,0.6666666666666666,1.0,-8.333333333333334,0.2727272727272727,,0.09090909090909091,,0.13636363636363635,,0.09090909090909091,,0.18181818181818182,,0.2727272727272727,,0.0,,0.045454545454545456,,0.3181818181818182,,12.8,11.777096416349826,3.0,1.4,1.2,0.6,2.4,0.6,0.4,0.4,1.2,4.0,,0.0,0.0,,0.2,1.2,0.8,-5.4,0.22744608556965532,0.10698815686843038,0.11192011649677554,0.03986420684879759,0.09503501837597945,0.04727985166728026,0.04479578392621871,0.04546886410207482,0.18570140766937102,0.029937768261832944,0.30906317176340053,0.07138348218538561,0.0,0.0,0.029644268774703563,0.02569169960474305,0.33870744053810414,0.08763410574767967,12.7,8.564137110324916,2.5,1.8,0.9,0.5,1.6,0.5,0.5,0.5,1.0,3.3,,0.0,0.0,,0.3,1.5,0.8,-4.0,0.1610441617878689,0.1196820558235499,0.13631006039472857,0.0853750271974977,0.05888374592608002,0.05900996224186215,0.0317106996740864,0.036498144247415445,0.09946258927952291,0.08861089519144903,0.2251509868214674,0.11989184016694146,0.0,0.0,0.04167215634606938,0.05370206532952337,0.26682314316753675,0.13379496292038867,,True,True,GSV,True,2.3095295429229736,1.0478529,0.41491768,3.7723000943660736,0.16463160514831543,0.3182764,0.32062304,0.48395836,3.7066666666666666,2.08,0.9133333333333333,0.4866666666666667,6.7,0.26,0.14666666666666667,0.37333333333333335,3.150760049399016,1.3785016019819007,0.9233032486073517,0.7093345864650585,3.6253735439721706,0.508985919910037,0.3721409529854096,0.6587530307752334
4038379,Marine Johannes,NYL,2026-05-21,1.0,18.0,0.0,0.0,50.0,12,4,4,4,9,5,0,1,4,11,,0,0,,0,4,1,12.0,29.0,0.41379310344827586,0.13793103448275862,0.13793103448275862,0.13793103448275862,0.3103448275862069,0.3793103448275862,0.0,0.034482758620689655,0.41379310344827586,0.0,13.0,14.730919862656235,5.0,2.0,1.3333333333333333,1.3333333333333333,3.6666666666666665,1.6666666666666667,0.0,0.6666666666666666,1.3333333333333333,4.666666666666667,,1.0,1.0,,0.0,2.0,0.6666666666666666,2.6666666666666665,0.356896551724138,0.08046387510053817,0.16896551724137931,0.043889386418475375,0.06896551724137931,0.09753196981883414,0.06896551724137934,0.09753196981883414,0.2551724137931034,0.07802557585506731,0.33965517241379317,0.056080882645829645,0.15,0.21213203435596426,0.06724137931034482,0.04632768566394622,0.4728965517241378,0.08358489813474086,10.0,11.853269591129697,3.6,1.2,1.2,1.0,2.8,1.2,0.0,0.4,1.0,3.4,,0.6,0.6,,0.0,1.2,0.6,-0.4,0.32884012539184954,0.07482450650498713,0.11264367816091954,0.10236985783086125,0.1065830721003135,0.09487615015938278,0.07628004179728319,0.0701195363419336,0.26102403343782654,0.05609562907354689,0.3173458725182863,0.05536828771644145,0.09999999999999999,0.1732050807568877,0.04482758620689655,0.05079627538846975,0.40617345872518285,0.12980420261354858,12.6,11.097547276563212,3.9,1.4,1.3,0.9,3.0,0.7,0.2,0.8,1.2,4.1,,0.6,0.6,,0.0,1.4,0.9,1.0,0.231955329153605,0.1770107450899304,0.12285042543663233,0.14938327277907307,0.08505933721450963,0.08141857435875444,0.047217868338558,0.05634191264213294,0.1963886867442902,0.09773732482563695,0.2888329881325571,0.1284392527896302,0.05043103448275862,0.10714158314173768,0.08027247536945813,0.105300699990814,0.391295118674429,0.21340660837519104,,True,True,GSV,True,8.285175323486328,2.7263846,2.3738282,13.385388135910034,1.2310739755630493,1.0104287,0.3131057,1.5466175,9.233333333333333,3.3866666666666667,1.8733333333333333,1.1666666666666667,14.493333333333334,0.64,0.14,1.1533333333333333,4.848940319515411,1.7655468148864122,1.3725726048393783,1.09188929027728,5.06326201398093,0.7508217720160579,0.3834927204871908,1.0439455073049657
4066533,Sabrina Ionescu,NYL,2026-05-21,1.0,18.0,0.0,0.0,49.0,6,1,2,0,1,0,0,3,2,8,,2,2,,1,0,2,0.0,16.0,0.375,0.0625,0.125,0.0,0.0625,0.5,0.125,0.1875,0.7425,0.0,22.666666666666668,12.423096769056151,9.666666666666666,3.0,3.3333333333333335,1.0,4.666666666666667,0.3333333333333333,0.0,3.0,3.3333333333333335,9.666666666666666,,2.0,2.3333333333333335,,0.3333333333333333,2.6666666666666665,1.6666666666666667,-7.333333333333333,0.34542042042042037,0.2652040495875721,0.11933183183183182,0.05128516525206578,0.16659159159159162,0.08707812292064669,0.02702702702702703,0.046812183988348036,0.15116366366366366,0.1499760016739516,0.3822822822822822,0.2157019660294263,0.11313813813813818,0.02807315962767043,0.14298048048048048,0.04056560994983922,0.5750435435435436,0.22041158533385177,27.4,12.461942063739507,10.8,3.8,4.0,1.4,6.8,0.4,0.6,3.0,3.8,12.0,,1.8,2.8,,0.4,3.4,1.8,-6.8,0.3509016261341843,0.18790165207511675,0.1302753066125159,0.03956305055929065,0.15559001756676177,0.06556795527252408,0.03786201228061693,0.037925149057619706,0.20805061322503185,0.13197174393538458,0.4130902996019275,0.16084603056016158,0.11868789182742671,0.0763840819597278,0.11673640993408436,0.05358300990474786,0.5820493819400796,0.15971232531870747,19.0,15.527752931802809,7.1,2.9,4.0,0.8,4.1,0.3,0.3,1.7,2.6,7.5,,1.1,1.6,,0.3,2.6,1.2,-0.5,0.3428296108528667,0.16459024063576244,0.1469813443650653,0.04314782658953047,0.21919433489200932,0.12384129203453687,0.03253879998066044,0.03412917375066149,0.18666211892956078,0.11878653373009977,0.3764645811157439,0.1564434090260955,0.09535907617302966,0.0770342833088317,0.09396516053492797,0.06231948800702998,0.512387735166805,0.178539296321379,,True,True,GSV,True,9.146941184997559,2.5724761,3.1821315,14.901548862457275,0.9202143549919128,0.53235793,0.40595356,1.6741307,10.453333333333333,4.546666666666667,3.16,1.2333333333333334,18.16,0.44666666666666666,0.12,1.22,4.967342235933507,1.8923941332490848,1.6414627622946552,1.0225241100118645,5.068964391273626,0.5719751354347106,0.3448671241700683,1.0123899117105688
4281929,Satou Sabally,NYL,2026-05-21,1.0,18.0,0.0,0.0,59.0,0,0,0,0,0,0,0,0,0,0,,0,0,,0,0,0,0.0,0.0,,,,,,,,,,0.0,0.0,0.0,0.0,0.0,0.0,0.0,0.0,0.0,0.0,0.0,0.0,0.0,,0.0,0.0,,0.0,0.0,0.0,0.0,,,,,,,,,,,,,,,,,,,11.8,16.25423021862309,9.2,2.8,1.0,0.8,3.0,0.0,0.2,1.4,3.0,6.8,,2.4,3.0,,0.2,2.6,0.6,-1.8,0.7824074074074074,0.04583099507690415,0.24479166666666669,0.12521682583511778,0.08391203703703702,0.013912980648346498,0.06828703703703706,0.008184106263733212,0.26041666666666674,0.10311973892303807,0.5862268518518519,0.16613735715378408,0.25462962962962965,0.0065472850109887,0.11516203703703703,0.05810715447250559,0.8134259259259258,0.1109110080861116,22.6,15.882904856060385,14.3,4.3,1.6,1.7,4.9,0.2,0.1,1.6,4.4,10.1,,3.8,4.4,,0.9,3.4,1.8,0.1,0.638828141141384,0.1683090221195933,0.19185109952300103,0.07226407002110136,0.07146506499222968,0.04397081170280599,0.07356103071298317,0.039962054062671934,0.21716303527636294,0.07180172185902352,0.4506385812200753,0.14398855358791265,0.2008962819234466,0.113366249914676,0.07186104822989373,0.04790927701034542,0.6108939934962855,0.16868372074381552,,True,True,GSV,True,7.97857666015625,1.577294,0.24646962,9.802340269088745,0.9716518521308899,0.0,0.10149683,0.79725295,7.2784576416015625,1.671754240989685,0.18804991245269775,1.0441173315048218,9.138260841369629,-0.11113858222961426,0.10149683058261871,0.7972529530525208,7.5,3.0,2.5,1.3,9.0,1.2,1.3,1.5
4337216,Han Xu,NYL,2026-05-21,1.0,18.0,0.0,0.0,3.0,4,1,1,0,2,1,1,0,2,9,,0,0,,1,0,0,-4.0,15.0,0.26666666666666666,0.06666666666666667,0.06666666666666667,0.0,0.13333333333333333,0.6,0.0,0.0,0.6,0.0,18.5,4.949747468305833,12.0,1.5,1.0,0.5,2.5,1.0,1.5,1.0,4.0,9.5,,3.5,3.5,,1.0,0.5,0.0,-10.5,0.5878787878787879,0.45426253821681234,0.0787878787878788,0.01714198257421934,0.05606060606060606,0.014999234752441916,0.022727272727272728,0.03214121732666125,0.13484848484848483,0.0021427478217774013,0.5272727272727272,0.10285189544531602,0.1590909090909091,0.22498852128662875,0.045454545454545456,0.0642824346533225,0.6427272727272727,0.06042548857412315,18.5,4.949747468305833,12.0,1.5,1.0,0.5,2.5,1.0,1.5,1.0,4.0,9.5,,3.5,3.5,,1.0,0.5,0.0,-10.5,0.5878787878787879,0.45426253821681234,0.0787878787878788,0.01714198257421934,0.05606060606060606,0.014999234752441916,0.022727272727272728,0.03214121732666125,0.13484848484848483,0.0021427478217774013,0.5272727272727272,0.10285189544531602,0.1590909090909091,0.22498852128662875,0.045454545454545456,0.0642824346533225,0.6427272727272727,0.06042548857412315,18.5,4.949747468305833,12.0,1.5,1.0,0.5,2.5,1.0,1.5,1.0,4.0,9.5,,3.5,3.5,,1.0,0.5,0.0,-10.5,0.5878787878787879,0.45426253821681234,0.0787878787878788,0.01714198257421934,0.05606060606060606,0.014999234752441916,0.022727272727272728,0.03214121732666125,0.13484848484848483,0.0021427478217774013,0.5272727272727272,0.10285189544531602,0.1590909090909091,0.22498852128662875,0.045454545454545456,0.0642824346533225,0.6427272727272727,0.06042548857412315,,True,True,GSV,True,12.574973106384277,2.4219763,1.6962476,16.693197011947632,0.7971033453941345,0.905594,1.0433338,1.360209,10.706666666666667,3.32,1.5866666666666667,1.0866666666666667,15.613333333333333,0.6666666666666666,0.4066666666666667,0.9066666666666666,4.988716156376197,1.8048822676285565,1.3175060615504668,1.1309975930812388,5.712893798728938,0.7717224601860151,0.6840727706578852,0.9405435780559145
4432844,Aubrey Griffin,NYL,2026-05-21,1.0,20.0,0.0,0.0,3.0,0,0,0,0,0,0,0,0,0,0,,0,0,,0,0,0,0.0,0.0,,,,,,,,,,0.0,7.5,10.606601717798213,3.0,1.0,0.0,0.0,0.0,0.5,0.5,0.5,1.0,2.0,,1.0,1.0,,0.0,1.0,0.0,4.0,0.4,,0.13333333333333333,,0.0,,0.0,,0.0,,0.26666666666666666,,0.13333333333333333,,0.06666666666666667,,0.392,,7.5,10.606601717798213,3.0,1.0,0.0,0.0,0.0,0.5,0.5,0.5,1.0,2.0,,1.0,1.0,,0.0,1.0,0.0,4.0,0.4,,0.13333333333333333,,0.0,,0.0,,0.0,,0.26666666666666666,,0.13333333333333333,,0.06666666666666667,,0.392,,7.5,10.606601717798213,3.0,1.0,0.0,0.0,0.0,0.5,0.5,0.5,1.0,2.0,,1.0,1.0,,0.0,1.0,0.0,4.0,0.4,,0.13333333333333333,,0.0,,0.0,,0.0,,0.26666666666666666,,0.13333333333333333,,0.06666666666666667,,0.392,,,True,True,GSV,True,4.446589469909668,1.4060752,0.3965446,6.249209314584732,0.1589297354221344,0.49733257,0.40599453,0.5167778,3.7464702129364014,1.500535488128662,0.3381249010562897,0.23139522969722748,5.58513069152832,0.4973325729370117,0.4059945344924927,0.5167778134346008,7.5,3.0,2.5,1.3,9.0,1.2,1.3,1.5
4595823,Alex Fowler,NYL,2026-05-21,1.0,18.0,0.0,0.0,3.0,0,2,0,0,2,3,0,1,0,3,,0,0,,0,2,4,16.0,15.0,0.0,0.13333333333333333,0.0,0.0,0.13333333333333333,0.2,0.0,0.06666666666666667,0.26666666666666666,0.0,19.0,5.656854249492381,4.0,3.5,0.5,0.0,2.0,2.5,0.0,1.5,1.5,5.5,,1.0,3.0,,0.5,3.0,4.0,1.0,0.17391304347826086,0.24595018476053826,0.1753623188405797,0.05943796131713008,0.021739130434782608,0.030743773095067282,0.0,0.0,0.11014492753623188,0.03279335796807177,0.27391304347826084,0.10452882852322873,0.13043478260869565,0.1844626385704037,0.07681159420289854,0.014347094111031394,0.4081159420289855,0.2000394836052378,19.0,5.656854249492381,4.0,3.5,0.5,0.0,2.0,2.5,0.0,1.5,1.5,5.5,,1.0,3.0,,0.5,3.0,4.0,1.0,0.17391304347826086,0.24595018476053826,0.1753623188405797,0.05943796131713008,0.021739130434782608,0.030743773095067282,0.0,0.0,0.11014492753623188,0.03279335796807177,0.27391304347826084,0.10452882852322873,0.13043478260869565,0.1844626385704037,0.07681159420289854,0.014347094111031394,0.4081159420289855,0.2000394836052378,19.0,5.656854249492381,4.0,3.5,0.5,0.0,2.0,2.5,0.0,1.5,1.5,5.5,,1.0,3.0,,0.5,3.0,4.0,1.0,0.17391304347826086,0.24595018476053826,0.1753623188405797,0.05943796131713008,0.021739130434782608,0.030743773095067282,0.0,0.0,0.11014492753623188,0.03279335796807177,0.27391304347826084,0.10452882852322873,0.13043478260869565,0.1844626385704037,0.07681159420289854,0.014347094111031394,0.4081159420289855,0.2000394836052378,,True,True,GSV,True,5.649619102478027,3.5185845,0.49050775,9.658711344003677,0.18264105916023254,0.80670506,0.3000573,1.1652645,6.4,4.793333333333333,0.9933333333333333,0.49333333333333335,12.186666666666667,0.5866666666666667,0.12666666666666668,0.88,3.5421274210093947,2.161162238755393,0.9626121868240721,0.7549540089009101,4.367129746437839,0.7762015774841539,0.3520732247069572,1.0514751542475933
4683006,Leonie Fiebich,NYL,2026-05-21,1.0,18.0,0.0,0.0,45.0,0,0,0,0,0,0,0,0,0,0,,0,0,,0,0,0,0.0,0.0,,,,,,,,,,0.0,9.333333333333334,16.165807537309522,1.0,1.0,0.3333333333333333,0.3333333333333333,1.0,0.0,0.0,0.3333333333333333,0.3333333333333333,1.3333333333333333,,0.0,0.0,,0.0,1.0,0.3333333333333333,2.3333333333333335,0.10714285714285714,,0.10714285714285714,,0.03571428571428571,,0.03571428571428571,,0.10714285714285714,,0.14285714285714285,,0.0,,0.03571428571428571,,0.17857142857142858,,18.0,17.421251390184345,3.0,2.2,0.8,0.6,2.4,0.2,0.2,1.2,1.0,3.6,,0.4,0.4,,0.6,1.6,0.8,0.0,0.150169878430748,0.09255882167130014,0.11598184424271381,0.03430964136459026,0.049437277698147264,0.03288066144682952,0.028998778998779007,0.02629231292142701,0.12452885278972237,0.04865372842132719,0.19700589265806656,0.04736884585448966,0.02898550724637679,0.05020437123388066,0.06058554971598449,0.0365611679513884,0.27034506556245685,0.0812973548292844,21.9,12.758004023618525,5.1,2.6,1.0,1.0,3.4,0.5,0.1,1.0,1.6,5.0,,0.9,1.1,,0.6,2.0,1.2,1.9,0.221279952024305,0.1961495021627556,0.11268194186783173,0.06069625149548532,0.045968673098757254,0.05128323411907391,0.04141271596566127,0.040205434032097934,0.14951652346693683,0.059359939049407694,0.22455814866219384,0.05638074167470889,0.05252208361014739,0.062142954492665735,0.03975845624688542,0.03336404762885988,0.2874263216975441,0.08556195511502783,,True,True,GSV,True,2.017578363418579,0.8950163,0.036409196,2.9490038715302944,0.5160041451454163,0.1891587,0.037403986,0.40380618,5.386666666666667,2.4133333333333336,0.7466666666666667,0.8,8.546666666666667,0.22666666666666666,0.07333333333333333,0.4,3.507680461818354,1.5798171483504737,0.857800805678231,0.8326663997864531,4.000977658300808,0.49188977988524585,0.28511206373790793,0.621825270205921
4790258,Raquel Carrera,NYL,2026-05-21,1.0,18.0,0.0,0.0,3.0,0,0,0,0,0,0,0,0,0,0,,0,0,,0,0,0,0.0,0.0,,,,,,,,,,0.0,0.0,0.0,0.0,0.0,0.0,0.0,0.0,0.0,0.0,0.0,0.0,0.0,,0.0,0.0,,0.0,0.0,0.0,0.0,,,,,,,,,,,,,,,,,,,0.0,0.0,0.0,0.0,0.0,0.0,0.0,0.0,0.0,0.0,0.0,0.0,,0.0,0.0,,0.0,0.0,0.0,0.0,,,,,,,,,,,,,,,,,,,0.0,0.0,0.0,0.0,0.0,0.0,0.0,0.0,0.0,0.0,0.0,0.0,,0.0,0.0,,0.0,0.0,0.0,0.0,,,,,,,,,,,,,,,,,,,,True,True,GSV,True,3.5999057292938232,1.152483,0.719568,5.471956729888916,0.1726178228855133,0.3539491,0.1572927,0.64092773,2.8997867107391357,1.2469432353973389,0.6611483097076416,0.24508331716060638,4.807878494262695,0.35394909977912903,0.1572926938533783,0.6409277319908142,7.5,3.0,2.5,1.3,9.0,1.2,1.3,1.5
4790260,Marine Fauthoux,NYL,2026-05-21,1.0,18.0,0.0,0.0,3.0,0,0,0,0,0,0,0,0,0,0,,0,0,,0,0,0,0.0,0.0,,,,,,,,,,0.0,0.0,0.0,0.0,0.0,0.0,0.0,0.0,0.0,0.0,0.0,0.0,0.0,,0.0,0.0,,0.0,0.0,0.0,0.0,,,,,,,,,,,,,,,,,,,0.0,0.0,0.0,0.0,0.0,0.0,0.0,0.0,0.0,0.0,0.0,0.0,,0.0,0.0,,0.0,0.0,0.0,0.0,,,,,,,,,,,,,,,,,,,0.0,0.0,0.0,0.0,0.0,0.0,0.0,0.0,0.0,0.0,0.0,0.0,,0.0,0.0,,0.0,0.0,0.0,0.0,,,,,,,,,,,,,,,,,,,,True,True,GSV,True,3.5999057292938232,1.152483,0.719568,5.471956729888916,0.1726178228855133,0.3539491,0.1572927,0.64092773,2.8997867107391357,1.2469432353973389,0.6611483097076416,0.24508331716060638,4.807878494262695,0.35394909977912903,0.1572926938533783,0.6409277319908142,7.5,3.0,2.5,1.3,9.0,1.2,1.3,1.5
5345320,Pauline Astier,NYL,2026-05-21,1.0,18.0,0.0,0.0,3.0,12,1,4,0,0,1,1,2,4,5,,4,4,,0,1,3,16.0,22.0,0.5454545454545454,0.045454545454545456,0.18181818181818182,0.0,0.0,0.22727272727272727,0.18181818181818182,0.09090909090909091,0.3981818181818182,0.0,11.0,15.556349186104045,6.0,0.5,2.0,0.0,0.0,0.5,0.5,1.0,2.0,2.5,,2.0,2.0,,0.0,0.5,1.5,8.0,0.5454545454545454,,0.045454545454545456,,0.18181818181818182,,0.0,,0.0,,0.22727272727272727,,0.18181818181818182,,0.09090909090909091,,0.3981818181818182,,11.0,15.556349186104045,6.0,0.5,2.0,0.0,0.0,0.5,0.5,1.0,2.0,2.5,,2.0,2.0,,0.0,0.5,1.5,8.0,0.5454545454545454,,0.045454545454545456,,0.18181818181818182,,0.0,,0.0,,0.22727272727272727,,0.18181818181818182,,0.09090909090909091,,0.3981818181818182,,11.0,15.556349186104045,6.0,0.5,2.0,0.0,0.0,0.5,0.5,1.0,2.0,2.5,,2.0,2.0,,0.0,0.5,1.5,8.0,0.5454545454545454,,0.045454545454545456,,0.18181818181818182,,0.0,,0.0,,0.22727272727272727,,0.18181818181818182,,0.09090909090909091,,0.3981818181818182,,,True,True,GSV,True,8.906251907348633,2.2715158,2.6997826,13.87755036354065,0.5270468592643738,0.8340968,0.5882945,1.6954701,7.66,2.8533333333333335,2.046666666666667,0.64,12.56,0.58,0.14,1.1933333333333334,4.4314482207663595,1.8952103371980173,1.4016022577353706,0.8105964881904354,4.9037128790336,0.7769169839822012,0.34698703145794946,1.1295820269265777
869,DeWanna Bonner,PHX,2026-05-21,1.0,6.0,1.0,1.0,53.0,8,7,0,0,2,1,1,2,3,7,,2,2,,1,6,2,4.0,33.0,0.24242424242424243,0.21212121212121213,0.0,0.0,0.06060606060606061,0.21212121212121213,0.06060606060606061,0.06060606060606061,0.2993939393939394,0.0,26.666666666666668,12.741009902410928,8.0,6.666666666666667,0.3333333333333333,0.3333333333333333,2.0,0.3333333333333333,0.6666666666666666,1.6666666666666667,3.0,7.666666666666667,,1.6666666666666667,1.6666666666666667,,1.0,5.666666666666667,2.6666666666666665,3.0,0.3427128427128426,0.13792369030597848,0.24927849927849924,0.03680184156651986,0.009523809523809523,0.01649572197684643,0.00952380952380952,0.016495721976846567,0.0948051948051948,0.062257945662619815,0.33261183261183264,0.14955963377996015,0.08528138528138529,0.07227881731198735,0.10353535353535354,0.13041162963308442,0.4736709956709957,0.3028169741367557,26.8,9.444575162494075,10.6,6.0,0.4,0.6,2.2,0.4,0.6,1.2,3.4,7.8,,3.2,4.0,,1.4,4.6,2.6,1.2,0.40170063690400293,0.256999566428073,0.2140832285993576,0.12651896151175024,0.014409937888198757,0.020423357639878185,0.018617511520737325,0.02848507837357692,0.0936292599406204,0.04418899214504535,0.31401310237214863,0.11913900335078596,0.15243110325859274,0.15772674956202273,0.06857282502443793,0.10452573325424622,0.4496556128303674,0.2437403180035938,25.9,6.471304179049053,8.4,6.4,0.8,0.8,3.1,0.6,0.7,1.0,2.8,7.9,,2.0,2.4,,1.3,5.1,2.0,0.9,0.3228782904799735,0.23169992489456903,0.24478986604793054,0.11403681551587067,0.03198818572731617,0.03349508774793312,0.028539524991137898,0.042248447439574774,0.12699644815212835,0.06657555308452003,0.3163631945427177,0.11454654750169738,0.09299876841251317,0.1262189586144963,0.0498248740506805,0.07556082632260397,0.407107526694904,0.18865240986629078,,True,True,LAS,True,10.32213020324707,5.8752346,1.0853095,17.282674312591553,0.820553719997406,0.7322395,0.70866525,1.3996171,10.5825,6.585,1.538,1.111,18.7055,0.907,0.4065,1.1915,4.923534680491242,2.5168978922475183,1.2639446190399324,1.0722308520090251,5.5888970065657855,0.9717772378482632,0.6405136610564993,1.052533966197766
887,Sami Whitcomb,PHX,2026-05-21,1.0,6.0,1.0,1.0,60.0,0,0,0,0,0,0,0,0,0,0,,0,0,,0,0,0,0.0,0.0,,,,,,,,,,0.0,10.0,8.888194417315589,2.0,1.0,1.0,0.6666666666666666,1.6666666666666667,0.0,0.3333333333333333,0.3333333333333333,0.6666666666666666,2.0,,0.0,0.0,,0.0,1.0,1.0,0.6666666666666666,0.2036199095022624,0.0383949383449708,0.11538461538461538,0.16317848796612636,0.10633484162895923,0.0671911421036992,0.06787330316742082,0.012798312781656935,0.15610859728506782,0.11198523683949814,0.1945701357466063,0.05759240751745587,0.0,0.0,0.03846153846153848,0.05439282932204212,0.2330316742081449,0.0031995781953790023,13.8,9.038805230781335,1.2,0.8,1.6,0.4,2.2,0.4,0.2,0.6,0.4,2.8,,0.0,0.0,,0.2,0.6,0.8,-2.8,0.10180995475113122,0.11963171100816486,0.06769230769230769,0.11034105278179146,0.11888170652876535,0.042448279675590166,0.03393665158371039,0.0398772370027217,0.15376858435681967,0.06508849024603942,0.20085649644473175,0.034530177831820504,0.0,0.0,0.047087912087912104,0.035355879852552424,0.24794440853264388,0.02546038648531553,19.9,9.26702637191552,4.6,1.8,2.3,0.9,3.9,0.7,0.1,1.2,1.8,5.9,,0.1,0.4,,0.4,1.4,1.3,0.9,0.21345874532149045,0.1545610447574458,0.08863391752280642,0.0761712888006052,0.11316179100492826,0.0578926203352671,0.044029832428525234,0.0380238591644163,0.1868881699273856,0.09454343118404802,0.2804405229241831,0.08517183866818885,0.017489711934156375,0.03478218416538476,0.06006937506937507,0.058331064353155854,0.34820537124458695,0.11322121763841256,,True,True,LAS,True,2.7989611625671387,0.63121736,1.2646532,4.694831728935242,0.5660080909729004,0.282858,0.012603015,0.638572,4.0765,1.402,1.4765,0.621,6.955,0.3675,0.0265,0.5265,3.226088614715969,1.1770284618478857,1.1867804135559368,0.7964665718032364,3.6375781778540515,0.5970291031432219,0.25,0.7275285217776689
2529140,Alyssa Thomas,PHX,2026-05-21,1.0,6.0,1.0,1.0,60.0,17,11,6,0,0,0,1,4,5,10,,7,7,,2,9,4,21.0,33.0,0.5151515151515151,0.3333333333333333,0.18181818181818182,0.0,0.0,0.30303030303030304,0.21212121212121213,0.12121212121212122,0.5175757575757576,0.0,29.0,13.45362404707371,12.666666666666666,8.666666666666666,8.0,0.0,0.0,0.6666666666666666,0.3333333333333333,4.666666666666667,4.0,7.333333333333333,,4.666666666666667,4.666666666666667,,2.0,6.666666666666667,2.6666666666666665,6.666666666666667,0.4086219336219336,0.11559213362799066,0.2825396825396826,0.06141441943540677,0.33441558441558433,0.20807103857158588,0.0,0.0,0.0,0.0,0.2164862914862916,0.12640305013428474,0.19094516594516595,0.10694132152614316,0.1392135642135642,0.07835231254384259,0.4397157287157288,0.14841581929667097,31.2,10.47377677822093,12.4,8.8,7.6,0.0,0.0,1.4,0.2,4.0,4.4,8.4,,3.6,4.0,,2.2,6.6,3.4,1.2,0.3836346986346986,0.08907093823690355,0.2710622710622711,0.05985453346215108,0.2801365301365301,0.16638682455913714,0.0,0.0,0.0,0.0,0.2463020313020313,0.0984681140778595,0.14533633033633034,0.11214773311139255,0.11891275391275391,0.06252072394975577,0.4291627705627706,0.10635471702502926,34.7,8.11103500725333,15.8,8.7,8.5,0.0,0.0,1.7,0.4,4.1,6.4,12.0,,3.0,4.1,,1.9,6.8,2.7,2.1,0.4446212241836477,0.10808960949029663,0.24869481941085367,0.05063726012209148,0.2621532019022839,0.11623438523322042,0.0,0.0,0.0,0.0,0.328945120649527,0.12856903880938528,0.12566951413034647,0.0954968727377435,0.11464933000734714,0.04991361684504739,0.49888903687422664,0.12270461226961714,,True,True,LAS,True,15.913122177124023,8.12726,6.940793,30.981175422668457,0.0,1.5353575,0.4761066,3.487399,11.0115,8.066,4.9735,0.6895,24.051,1.504,0.345,2.037,4.926293510338173,2.7922471237338575,2.155643233468841,0.8538675248538264,5.986351058867163,1.2284070986444193,0.5881963957727045,1.447974792598269
2998938,Kahleah Copper,PHX,2026-05-21,1.0,6.0,1.0,1.0,59.0,17,5,1,1,6,3,0,1,3,16,,10,10,,0,5,2,8.0,34.0,0.5,0.14705882352941177,0.029411764705882353,0.029411764705882353,0.17647058823529413,0.47058823529411764,0.29411764705882354,0.029411764705882353,0.6294117647058823,0.0,27.666666666666668,12.741009902410928,22.0,4.0,0.6666666666666666,1.6666666666666667,5.333333333333333,1.3333333333333333,0.0,1.3333333333333333,7.333333333333333,16.666666666666668,,5.666666666666667,6.333333333333333,,0.3333333333333333,3.6666666666666665,3.3333333333333335,4.0,0.9316239316239315,0.48824669434485773,0.13021618903971846,0.047182981332589524,0.01906318082788671,0.016529401857836076,0.11236802413273002,0.16979383023780717,0.24970672029495564,0.1863396905148723,0.6682587564940506,0.23159424252874242,0.21413608178314059,0.07217924485499314,0.037581699346405234,0.04226312796201817,0.8000603318250378,0.18151203060576745,30.0,9.721111047611789,21.2,3.4,0.4,1.8,5.8,1.0,0.0,1.4,7.4,16.4,,4.6,5.2,,0.6,2.8,2.8,-2.2,0.801805900192997,0.39985550529737823,0.1085956632446196,0.04692496412166728,0.011437908496732025,0.01567265203696967,0.09233120874487097,0.1255499871066297,0.2292147131805576,0.14115221682037232,0.5948620639322726,0.20375234902948458,0.170058710001784,0.0792047515176864,0.04100780096985031,0.032921244999327276,0.7106956973029079,0.19395354630467382,32.4,7.105553383719568,19.1,3.1,0.9,2.1,6.0,0.6,0.0,1.6,6.9,15.0,,3.2,3.6,,0.5,2.6,2.5,-2.3,0.6418965004650488,0.33192986183276507,0.09467798450246269,0.043319138414155196,0.02584589937531114,0.02945712399666437,0.08054828250511362,0.08904375527610264,0.20346382669674892,0.10683550020816673,0.4907800628151672,0.19833586927281488,0.11454324388978088,0.09002269737180527,0.046647942253966915,0.03424867941576121,0.5878270323806377,0.21076697423191917,,True,True,LAS,True,17.52446937561035,3.6439483,1.658251,22.826668739318848,1.7585606575012207,0.60124767,0.3274132,2.0248399,15.988,4.89,1.8005,1.8115,22.6785,0.8335,0.253,1.4475,6.028503628596402,2.1514878572745886,1.3303006239192703,1.35239334145063,6.598570886942111,0.9114701037335236,0.505955531642851,1.193416838325989
3906769,Jovana Nogic,PHX,2026-05-21,1.0,6.0,1.0,1.0,2.0,27,4,0,5,8,0,0,1,6,11,,10,11,,2,2,2,23.0,31.0,0.8709677419354839,0.12903225806451613,0.0,0.16129032258064516,0.25806451612903225,0.3548387096774194,0.3548387096774194,0.03225806451612903,0.5432258064516129,0.0,31.0,,27.0,4.0,0.0,5.0,8.0,0.0,0.0,1.0,6.0,11.0,,10.0,11.0,,2.0,2.0,2.0,23.0,0.8709677419354839,,0.12903225806451613,,0.0,,0.16129032258064516,,0.25806451612903225,,0.3548387096774194,,0.3548387096774194,,0.03225806451612903,,0.5432258064516129,,31.0,,27.0,4.0,0.0,5.0,8.0,0.0,0.0,1.0,6.0,11.0,,10.0,11.0,,2.0,2.0,2.0,23.0,0.8709677419354839,,0.12903225806451613,,0.0,,0.16129032258064516,,0.25806451612903225,,0.3548387096774194,,0.3548387096774194,,0.03225806451612903,,0.5432258064516129,,31.0,,27.0,4.0,0.0,5.0,8.0,0.0,0.0,1.0,6.0,11.0,,10.0,11.0,,2.0,2.0,2.0,23.0,0.8709677419354839,,0.12903225806451613,,0.0,,0.16129032258064516,,0.25806451612903225,,0.3548387096774194,,0.3548387096774194,,0.03225806451612903,,0.5432258064516129,,,True,True,LAS,True,19.286663055419922,3.6079764,0.20346785,23.09810733795166,3.0344128608703613,0.39484638,0.19934121,1.5267041,19.1345,5.145,0.829,2.442,25.1085,0.627,0.216,1.317,6.442779660208783,2.2750769217764923,0.8830396367094742,1.5651313043958965,6.93568509593681,0.780942379436537,0.44871371719616504,1.0970464894433598
3919496,Valeriane Ayayi,PHX,2026-05-21,1.0,6.0,1.0,1.0,2.0,8,2,1,0,2,0,0,1,3,6,,2,3,,1,1,0,-8.0,12.0,0.6666666666666666,0.16666666666666666,0.08333333333333333,0.0,0.16666666666666666,0.5,0.25,0.08333333333333333,0.6933333333333334,0.0,12.0,,8.0,2.0,1.0,0.0,2.0,0.0,0.0,1.0,3.0,6.0,,2.0,3.0,,1.0,1.0,0.0,-8.0,0.6666666666666666,,0.16666666666666666,,0.08333333333333333,,0.0,,0.16666666666666666,,0.5,,0.25,,0.08333333333333333,,0.6933333333333334,,12.0,,8.0,2.0,1.0,0.0,2.0,0.0,0.0,1.0,3.0,6.0,,2.0,3.0,,1.0,1.0,0.0,-8.0,0.6666666666666666,,0.16666666666666666,,0.08333333333333333,,0.0,,0.16666666666666666,,0.5,,0.25,,0.08333333333333333,,0.6933333333333334,,12.0,,8.0,2.0,1.0,0.0,2.0,0.0,0.0,1.0,3.0,6.0,,2.0,3.0,,1.0,1.0,0.0,-8.0,0.6666666666666666,,0.16666666666666666,,0.08333333333333333,,0.0,,0.16666666666666666,,0.5,,0.25,,0.08333333333333333,,0.6933333333333334,,,True,True,LAS,True,9.933477401733398,2.7218869,1.606607,14.261971235275269,0.7341757416725159,0.442688,0.25546983,1.3412904,6.5115,2.9235,1.346,0.622,10.781,0.5255,0.1825,0.888,3.825423865403676,1.691936095128891,1.1420525381960325,0.7766054339238171,4.360623693922694,0.7178786457333858,0.42917799337803886,0.9156724305121346
4068042,Natasha Mack,PHX,2026-05-21,1.0,6.0,1.0,1.0,60.0,10,6,3,0,0,1,4,3,3,8,,4,6,,2,4,6,9.0,30.0,0.3333333333333333,0.2,0.1,0.0,0.0,0.26666666666666666,0.2,0.1,0.45466666666666666,0.0,15.0,14.106735979665885,5.0,4.0,1.0,0.0,0.0,0.6666666666666666,1.3333333333333333,1.3333333333333333,1.6666666666666667,4.0,,1.6666666666666667,2.6666666666666665,,1.3333333333333333,2.6666666666666665,3.6666666666666665,5.666666666666667,0.23931623931623935,0.20883404654479684,0.22051282051282048,0.23145198146454882,0.03333333333333332,0.05773502691896258,0.0,0.0,0.0,0.0,0.19145299145299147,0.16706723723583755,0.11794871794871793,0.10472091208544687,0.058974358974358966,0.052360456042723436,0.30232478632478627,0.26182360189591836,14.2,10.89495295997188,4.2,4.8,0.8,0.0,0.0,0.6,1.0,0.8,1.6,3.2,,1.0,1.6,,1.4,3.4,2.6,2.4,0.2067476383265857,0.19042069682390012,0.29471370734528624,0.21058126003030672,0.04857142857142857,0.06821335077893327,0.0,0.0,0.0,0.0,0.17502217081164448,0.12037522288013668,0.07076923076923076,0.09826904260105424,0.03538461538461539,0.04913452130052712,0.24154524773472144,0.20305319744471642,14.1,7.607744592044203,3.9,4.6,0.8,0.0,0.0,0.4,1.1,0.7,1.6,3.1,,0.7,1.0,,1.4,3.2,1.6,-0.9,0.2357900871058766,0.180075965361628,0.3107938552675395,0.15642011414797544,0.05015293916609705,0.05627910152407417,0.0,0.0,0.0,0.0,0.20008086212033582,0.11603400989957659,0.053566433566433556,0.08694369969037591,0.04136655011655012,0.04462236899461584,0.26501664300611666,0.1720346239602978,,True,True,LAS,True,8.435737609863281,6.043767,1.8138041,16.2933087348938,0.16645339131355286,0.7186442,1.1588522,1.4377123,5.844,5.402,1.6795,0.401,12.9255,0.795,0.442,0.985,3.5860373673457446,2.402581112054284,1.284437522809109,0.6341916114235508,4.465081158276969,0.8888053780215329,0.6431453956921406,0.9832471713663864
4282168,Kiana Williams,PHX,2026-05-21,1.0,6.0,1.0,1.0,36.0,2,0,0,0,1,0,0,2,0,1,,2,2,,0,0,0,-15.0,8.0,0.25,0.0,0.0,0.0,0.125,0.125,0.25,0.25,0.485,0.0,10.333333333333334,11.676186592091328,6.0,0.3333333333333333,0.3333333333333333,1.3333333333333333,3.3333333333333335,0.3333333333333333,0.0,1.6666666666666667,1.6666666666666667,4.333333333333333,,1.3333333333333333,1.6666666666666667,,0.0,0.3333333333333333,0.6666666666666666,-4.333333333333333,0.47282608695652173,0.31512367422443965,0.021739130434782608,0.030743773095067282,0.021739130434782608,0.030743773095067282,0.08695652173913043,0.12297509238026913,0.25815217391304346,0.18830561020728712,0.3233695652173913,0.280536929492489,0.19021739130434784,0.08454537601143503,0.19021739130434784,0.08454537601143503,0.5972826086956522,0.15879158803602256,7.0,9.539392014169458,4.0,0.4,0.2,0.8,2.0,0.2,0.0,1.0,1.2,2.8,,0.8,1.0,,0.0,0.4,0.6,-2.0,0.48188405797101447,0.22337771944635293,0.09782608695652173,0.13356745355917943,0.014492753623188406,0.025102185616940248,0.057971014492753624,0.10040874246776099,0.1721014492753623,0.1998591580332997,0.29891304347826086,0.2028419305056687,0.12681159420289856,0.12503937628070577,0.12681159420289856,0.12503937628070577,0.4815217391304348,0.22980235199620297,3.5,7.352248333370927,2.0,0.2,0.1,0.4,1.0,0.1,0.0,0.5,0.6,1.4,,0.4,0.5,,0.0,0.2,0.3,-1.0,0.48188405797101447,0.22337771944635293,0.09782608695652173,0.13356745355917943,0.014492753623188406,0.025102185616940248,0.057971014492753624,0.10040874246776099,0.1721014492753624,0.1998591580332997,0.2989130434782608,0.2028419305056687,0.12681159420289856,0.12503937628070577,0.12681159420289856,0.12503937628070577,0.4815217391304348,0.22980235199620297,,True,True,LAS,True,5.330653667449951,1.2628968,0.82624817,7.4197986125946045,0.5800738334655762,0.39413202,0.11901717,0.6141573,4.630534648895264,1.3573570251464844,0.7678284645080566,0.6525393128395081,6.755721092224121,0.39413201808929443,0.11901716887950897,0.6141573190689087,7.5,3.0,2.5,1.3,9.0,1.2,1.3,1.5
4688629,Shay Ciezki,PHX,2026-05-21,1.0,26.0,0.0,0.0,2.0,2,0,4,0,1,0,0,1,1,2,,0,0,,0,0,1,-4.0,8.0,0.25,0.0,0.5,0.0,0.125,0.25,0.0,0.125,0.375,0.0,8.0,,2.0,0.0,4.0,0.0,1.0,0.0,0.0,1.0,1.0,2.0,,0.0,0.0,,0.0,0.0,1.0,-4.0,0.25,,0.0,,0.5,,0.0,,0.125,,0.25,,0.0,,0.125,,0.375,,8.0,,2.0,0.0,4.0,0.0,1.0,0.0,0.0,1.0,1.0,2.0,,0.0,0.0,,0.0,0.0,1.0,-4.0,0.25,,0.0,,0.5,,0.0,,0.125,,0.25,,0.0,,0.125,,0.375,,8.0,,2.0,0.0,4.0,0.0,1.0,0.0,0.0,1.0,1.0,2.0,,0.0,0.0,,0.0,0.0,1.0,-4.0,0.25,,0.0,,0.5,,0.0,,0.125,,0.25,,0.0,,0.125,,0.375,,,True,True,LAS,True,5.946274280548096,1.0928742,3.5273304,10.566478848457336,0.5753673911094666,0.5860947,0.114089824,1.7298799,4.1675,1.1415,1.7175,0.482,7.0265,0.529,0.0875,0.865,3.1836211693604497,1.0874179279375524,1.2875145630244342,0.7004826907211913,3.613557492278212,0.7376713360298067,0.2980666871691635,0.9475098944074409
4704594,Marta Suarez,PHX,2026-05-21,1.0,26.0,0.0,0.0,2.0,5,3,1,1,3,1,0,0,2,5,,0,0,,0,3,0,2.0,14.0,0.35714285714285715,0.21428571428571427,0.07142857142857142,0.07142857142857142,0.21428571428571427,0.35714285714285715,0.0,0.0,0.35714285714285715,0.0,14.0,,5.0,3.0,1.0,1.0,3.0,1.0,0.0,0.0,2.0,5.0,,0.0,0.0,,0.0,3.0,0.0,2.0,0.35714285714285715,,0.21428571428571427,,0.07142857142857142,,0.07142857142857142,,0.21428571428571427,,0.35714285714285715,,0.0,,0.0,,0.35714285714285715,,14.0,,5.0,3.0,1.0,1.0,3.0,1.0,0.0,0.0,2.0,5.0,,0.0,0.0,,0.0,3.0,0.0,2.0,0.35714285714285715,,0.21428571428571427,,0.07142857142857142,,0.07142857142857142,,0.21428571428571427,,0.35714285714285715,,0.0,,0.0,,0.35714285714285715,,14.0,,5.0,3.0,1.0,1.0,3.0,1.0,0.0,0.0,2.0,5.0,,0.0,0.0,,0.0,3.0,0.0,2.0,0.35714285714285715,,0.21428571428571427,,0.07142857142857142,,0.07142857142857142,,0.21428571428571427,,0.35714285714285715,,0.0,,0.0,,0.35714285714285715,,,True,True,LAS,True,7.585411548614502,2.9502423,1.437103,11.97275686264038,1.0614664554595947,0.7362364,0.21866286,0.90271235,7.424,3.444,1.3495,0.9405,12.2175,0.728,0.163,0.7125,4.213576153340533,1.8854346978879961,1.1481941255728494,0.9491889959328438,4.793661831001432,0.8080940539318427,0.3942473842652605,0.8531375914821713
4873359,Kyara Linskens,PHX,2026-05-21,1.0,6.0,1.0,1.0,12.0,0,3,1,0,2,0,1,1,0,2,,0,0,,1,2,3,-8.0,8.0,0.0,0.375,0.125,0.0,0.25,0.25,0.0,0.125,0.375,0.0,3.0,4.358898943540674,0.6666666666666666,1.6666666666666667,0.3333333333333333,0.0,0.6666666666666666,0.0,0.3333333333333333,0.3333333333333333,0.3333333333333333,1.0,,0.0,0.0,,0.3333333333333333,1.3333333333333333,1.0,-2.6666666666666665,1.0,1.4142135623730951,1.1875,1.1490485194281397,0.0625,0.08838834764831845,0.0,0.0,0.125,0.1767766952966369,0.625,0.5303300858899106,0.0,0.0,0.0625,0.08838834764831845,0.6875,0.4419417382415922,1.8,3.4928498393145957,0.4,1.0,0.2,0.0,0.4,0.0,0.2,0.2,0.2,0.6,,0.0,0.0,,0.2,0.8,0.6,-1.6,1.0,1.4142135623730951,1.1875,1.1490485194281397,0.0625,0.08838834764831845,0.0,0.0,0.125,0.1767766952966369,0.625,0.5303300858899106,0.0,0.0,0.0625,0.08838834764831845,0.6875,0.4419417382415922,4.4,4.926120853842978,0.5,1.2,0.4,0.0,0.4,0.1,0.6,0.3,0.2,0.8,,0.1,0.2,,0.2,1.0,1.2,0.7,0.37749287749287747,0.7976226028289927,0.5083689458689459,0.7438685794211045,0.0706908831908832,0.09048941376189125,0.0,0.0,0.0787037037037037,0.10002571685782517,0.28383190883190884,0.3625141324327988,0.037037037037037035,0.09072184232530289,0.08101851851851852,0.10108083592326739,0.38114672364672364,0.3091147916682889,,True,True,LAS,True,1.58664870262146,0.7186823,0.5780536,2.883384585380554,0.12946397066116333,0.20233206,0.610274,0.31732103,0.8865296840667725,0.8131425380706787,0.5196338891983032,0.2019294798374176,2.219305992126465,0.20233206450939178,0.6102740168571472,0.3173210322856903,7.5,3.0,2.5,1.3,9.0,1.2,1.3,1.5
5107404,Sha Carter,PHX,2026-05-21,1.0,6.0,1.0,1.0,3.0,0,0,0,0,0,0,0,0,0,0,,0,0,,0,0,0,0.0,0.0,,,,,,,,,,0.0,9.5,13.435028842544403,5.0,1.5,0.0,0.5,1.0,1.0,0.0,0.0,1.0,1.5,,2.5,3.0,,0.5,1.0,2.0,-3.5,0.5263157894736842,,0.15789473684210525,,0.0,,0.05263157894736842,,0.10526315789473684,,0.15789473684210525,,0.3157894736842105,,0.0,,0.2968421052631579,,9.5,13.435028842544403,5.0,1.5,0.0,0.5,1.0,1.0,0.0,0.0,1.0,1.5,,2.5,3.0,,0.5,1.0,2.0,-3.5,0.5263157894736842,,0.15789473684210525,,0.0,,0.05263157894736842,,0.10526315789473684,,0.15789473684210525,,0.3157894736842105,,0.0,,0.2968421052631579,,9.5,13.435028842544403,5.0,1.5,0.0,0.5,1.0,1.0,0.0,0.0,1.0,1.5,,2.5,3.0,,0.5,1.0,2.0,-3.5,0.5263157894736842,,0.15789473684210525,,0.0,,0.05263157894736842,,0.10526315789473684,,0.15789473684210525,,0.3157894736842105,,0.0,,0.2968421052631579,,,True,True,LAS,True,3.953317880630493,1.6561348,0.20232046,5.811773180961609,0.29467689990997314,0.4977072,0.2253243,0.67686486,3.2531988620758057,1.7505950927734375,0.14390075206756592,0.3671424090862274,5.147695541381836,0.49770718812942505,0.22532430291175842,0.6768648624420166,7.5,3.0,2.5,1.3,9.0,1.2,1.3,1.5
5274110,Monique Akoa Makani,PHX,2026-05-21,1.0,223.0,0.0,0.0,58.0,10,5,4,1,3,2,0,3,3,7,,3,3,,1,4,2,-13.0,29.0,0.3448275862068966,0.1724137931034483,0.13793103448275862,0.034482758620689655,0.10344827586206896,0.2413793103448276,0.10344827586206896,0.10344827586206896,0.3903448275862069,0.0,27.0,2.0000000000000213,8.333333333333334,2.3333333333333335,4.0,1.0,3.0,1.0,0.0,1.6666666666666667,2.6666666666666665,7.333333333333333,,2.0,2.3333333333333335,,0.6666666666666666,1.6666666666666667,3.0,-3.6666666666666665,0.30605363984674333,0.05749210350154861,0.0831502767134951,0.07731866725509796,0.14573009791400596,0.10983749239459735,0.03816091954022988,0.04012663268718824,0.1115197956577267,0.008283426843916782,0.2725585355470413,0.028204616313680608,0.08386547467007237,0.07599067723625945,0.06016177096636866,0.03751647527345935,0.36962111536824177,0.04316704325820218,25.6,2.966479394838262,7.8,2.0,3.4,1.2,2.8,1.0,0.0,1.6,2.4,6.6,,1.8,2.0,,0.4,1.6,2.6,-2.4,0.29681899709485915,0.10783301470785553,0.07479859093652197,0.05680855039915766,0.12956260087294572,0.08107388653624649,0.04780497663256284,0.03296670724895074,0.10903641951917815,0.009828849569068416,0.25730801510111856,0.02899212720080486,0.0733962078789665,0.06897103085889333,0.059173985656744275,0.04868032062920884,0.3487763322246081,0.06999770678915226,23.5,3.2058973436118814,6.8,2.5,3.1,0.9,2.7,0.6,0.0,1.5,2.4,6.2,,1.1,1.2,,0.8,1.7,2.2,-1.1,0.2870427417344485,0.1233576521847702,0.10751683239357823,0.06587308883157757,0.1309462681918296,0.05711143584199762,0.03786129838493131,0.03616403173671074,0.11542001962020901,0.03484058831038245,0.26506861125349246,0.048063787481564924,0.04722441972895693,0.06213060014430294,0.06276777086040874,0.05908873400402215,0.3486151267946423,0.06784155676656088,,True,True,LAS,True,7.804852485656738,2.2254565,2.8582144,12.88852334022522,0.9866119027137756,0.815526,0.0,1.5124646,9.894,3.7185,2.9935,1.1715,16.606,0.9445,0.093,1.1685,4.792469509553504,1.9110881062891893,1.6731580170444154,1.0654049699527406,5.399978148103935,0.9784782828453578,0.30224327949517754,1.104584876774981
5345524,Noemie Brochant,PHX,2026-05-21,1.0,6.0,1.0,1.0,2.0,2,2,0,0,0,0,0,0,1,1,,0,0,,1,1,3,6.0,11.0,0.18181818181818182,0.18181818181818182,0.0,0.0,0.0,0.09090909090909091,0.0,0.0,0.09090909090909091,0.0,11.0,,2.0,2.0,0.0,0.0,0.0,0.0,0.0,0.0,1.0,1.0,,0.0,0.0,,1.0,1.0,3.0,6.0,0.18181818181818182,,0.18181818181818182,,0.0,,0.0,,0.0,,0.09090909090909091,,0.0,,0.0,,0.09090909090909091,,11.0,,2.0,2.0,0.0,0.0,0.0,0.0,0.0,0.0,1.0,1.0,,0.0,0.0,,1.0,1.0,3.0,6.0,0.18181818181818182,,0.18181818181818182,,0.0,,0.0,,0.0,,0.09090909090909091,,0.0,,0.0,,0.09090909090909091,,11.0,,2.0,2.0,0.0,0.0,0.0,0.0,0.0,0.0,1.0,1.0,,0.0,0.0,,1.0,1.0,3.0,6.0,0.18181818181818182,,0.18181818181818182,,0.0,,0.0,,0.0,,0.09090909090909091,,0.0,,0.0,,0.09090909090909091,,,True,True,LAS,True,3.7440810203552246,2.5526311,0.30535674,6.602068901062012,0.24272111058235168,0.41959664,0.19940715,0.6694676,3.2225,2.6955,0.3825,0.332,6.3005,0.4875,0.141,0.5835,2.754268278508831,1.627814408954534,0.6389004226012063,0.5672530299610571,3.261012074494665,0.6766415225213421,0.3769867371672377,0.7880531390712177
2566453,Isabelle Harrison,TOR,2026-05-21,0.0,22.0,0.0,0.0,49.0,0,0,0,0,0,0,0,0,0,0,,0,0,,0,0,0,0.0,0.0,,,,,,,,,,0.0,2.3333333333333335,4.041451884327378,1.3333333333333333,0.6666666666666666,0.0,0.0,0.0,0.6666666666666666,0.0,0.0,0.6666666666666666,0.6666666666666666,,0.0,0.6666666666666666,,0.3333333333333333,0.3333333333333333,0.0,-0.3333333333333333,0.5714285714285714,,0.2857142857142857,,0.0,,0.0,,0.0,,0.2857142857142857,,0.2857142857142857,,0.0,,0.4114285714285714,,4.4,6.6558245169174945,0.8,1.4,0.4,0.0,0.2,0.4,0.0,0.4,0.4,1.6,,0.0,0.4,,0.6,0.8,0.2,-2.2,0.2857142857142858,0.4040610178208844,0.30952380952380953,0.03367175148507357,0.06666666666666665,0.09428090415820621,0.0,0.0,0.033333333333333326,0.04714045207910361,0.34285714285714286,0.08081220356417666,0.14285714285714285,0.20203050891044216,0.06666666666666665,0.0942809041582063,0.47238095238095246,0.08619968380178859,5.8,6.795423296438403,2.5,1.4,0.6,0.2,0.6,0.4,0.0,0.3,1.0,2.6,,0.3,0.6,,0.5,0.9,0.4,-0.9,0.41530612244897963,0.3880096729681007,0.18027210884353742,0.13580972894050972,0.11666666666666667,0.13298565781762026,0.014285714285714287,0.03779644730092273,0.16326530612244897,0.1868041744439271,0.422108843537415,0.31875938853783925,0.12653061224489795,0.19560277870203488,0.054761904761904755,0.0994029797388005,0.5325442176870748,0.2462296595528133,,True,True,MIN,False,2.613187789916992,0.9134269,0.17937958,3.7059942483901978,0.010789908468723297,0.13724586,0.11837268,0.35429478,1.9130687713623047,1.0078871250152588,0.12095987796783447,0.08325541019439697,3.0419158935546875,0.13724586367607117,0.11837267875671387,0.3542947769165039,7.5,3.0,2.5,1.3,9.0,1.2,1.3,1.5
2569044,Temi Fagbenle,TOR,2026-05-21,0.0,20.0,0.0,0.0,46.0,4,7,2,0,0,0,1,0,2,7,,0,0,,2,5,3,1.0,15.0,0.26666666666666666,0.4666666666666667,0.13333333333333333,0.0,0.0,0.4666666666666667,0.0,0.0,0.4666666666666667,0.0,18.666666666666668,3.2145502536643176,6.666666666666667,4.333333333333333,2.3333333333333335,0.0,0.6666666666666666,1.0,0.3333333333333333,1.0,3.0,6.0,,0.6666666666666666,1.3333333333333333,,1.0,3.3333333333333335,3.3333333333333335,0.3333333333333333,0.3523809523809524,0.21780184049579562,0.2531746031746032,0.18492404111584648,0.1261904761904762,0.02807101457750383,0.0,0.0,0.03253968253968254,0.028205326418915617,0.3365079365079365,0.17098708583486014,0.06666666666666667,0.11547005383792516,0.048412698412698386,0.04763888475701247,0.41425396825396826,0.15667174208983367,24.2,8.814760348415604,8.0,4.6,1.8,0.2,1.2,1.4,0.8,1.2,3.6,7.2,,0.6,1.2,,1.8,2.8,3.4,-2.6,0.32955722639933166,0.16543068862885968,0.2131133389028126,0.1418432996952288,0.08838485101642997,0.05557185889567173,0.005263157894736842,0.011768778828946272,0.04057644110275689,0.04363389807045071,0.3073628515733779,0.13888474745170545,0.05052631578947368,0.08661053655041774,0.0491255917571707,0.03769338530390374,0.378720022277917,0.12972690482731072,24.5,8.95978670381041,7.8,4.1,1.5,0.3,1.3,1.0,0.6,1.5,3.5,6.7,,0.5,0.8,,1.5,2.6,3.3,1.2,0.31922117120758886,0.13063817811475686,0.1756922099154697,0.10601950890738046,0.0664335120956513,0.05301044611374697,0.010526315789473684,0.018400155231055287,0.052744360902255635,0.041856281139683135,0.2880122124307184,0.11463647410597817,0.036228070175438595,0.06436209860900345,0.05801638954015863,0.051223152222252155,0.36196895284806996,0.09734332196532233,,True,True,MIN,False,7.353853225708008,4.0176096,1.5446247,12.9160875082016,0.1393856704235077,0.6989765,0.5216948,1.2832074,6.2645,7.0545,1.8925,0.607,15.2115,0.8145,0.543,0.898,3.751738230473976,2.6818892128497778,1.3648969741339454,0.7540232091918656,4.999876773481523,0.8983817395739965,0.7267399810110903,0.9651922088371828
2988756,Brittney Sykes,TOR,2026-05-21,0.0,6.0,1.0,1.0,51.0,27,4,7,2,7,4,0,3,7,19,,11,11,,0,4,4,-7.0,35.0,0.7714285714285715,0.11428571428571428,0.2,0.05714285714285714,0.2,0.5428571428571428,0.3142857142857143,0.08571428571428572,0.7668571428571429,0.0,17.333333333333332,17.502380790433435,11.666666666666666,1.6666666666666667,2.3333333333333335,0.6666666666666666,3.3333333333333335,1.6666666666666667,0.0,2.0,3.3333333333333335,9.333333333333334,,4.333333333333333,4.333333333333333,,0.0,1.6666666666666667,2.3333333333333335,-3.6666666666666665,0.6210084033613447,0.21272624173511265,0.08655462184873947,0.03921768702379171,0.1,0.14142135623730953,0.02857142857142857,0.04040610178208843,0.18823529411764706,0.016637806616154067,0.5361344537815125,0.009507318066373715,0.21596638655462186,0.13904452672071604,0.13109243697478992,0.06417439694802281,0.762252100840336,0.006512512875465983,20.4,13.145341380123982,9.6,2.0,1.6,0.4,2.2,1.0,0.2,2.4,3.2,7.8,,2.8,3.0,,0.4,1.6,2.0,-5.0,0.44536732567423104,0.2570434952350911,0.09279421913693012,0.025725987941092997,0.05925925925925926,0.09543776834611216,0.014285714285714278,0.02857142857142857,0.1033769063180828,0.09961002557474308,0.37797060853326836,0.18272498985762892,0.12811201775396147,0.12939305180040658,0.12593269191734666,0.038347304294421736,0.5602725882623582,0.23336339146203627,23.1,10.5351264296585,9.1,2.4,1.9,0.2,1.6,1.0,0.1,2.5,2.9,7.9,,3.1,3.2,,0.6,1.8,2.2,-5.3,0.3697898389600578,0.22048957629541804,0.10300795802500833,0.02622387911517898,0.07322257903175779,0.06190890141015262,0.006349206349206349,0.01904761904761905,0.06471872351383576,0.07477569191379797,0.3385319075621719,0.13433031591066436,0.1206935474426239,0.09644838444204189,0.12462698754045728,0.08178549098302422,0.5162640559773837,0.15616302219137596,,True,True,MIN,False,12.528672218322754,3.095627,3.2416973,18.865996599197388,0.8141462206840515,1.0801624,0.3348813,2.1804438,9.244,4.691,2.009,0.854,15.944,0.9625,0.361,1.417,4.644509016031726,2.111994081431101,1.3754704649682596,0.9141575356578318,5.312331314968976,0.9508384457940265,0.5963882963305032,1.1912644542669775
3142327,Kia Nurse,TOR,2026-05-21,0.0,6.0,1.0,1.0,50.0,4,1,1,0,2,1,0,0,2,4,,0,0,,0,1,0,8.0,9.0,0.4444444444444444,0.1111111111111111,0.1111111111111111,0.0,0.2222222222222222,0.4444444444444444,0.0,0.0,0.4444444444444444,0.0,14.0,4.582575694955842,6.333333333333333,0.3333333333333333,0.3333333333333333,1.0,4.333333333333333,0.6666666666666666,0.0,0.6666666666666666,2.3333333333333335,6.666666666666667,,0.6666666666666666,0.6666666666666666,,0.0,0.3333333333333333,0.6666666666666666,0.0,0.45185185185185195,0.012830005981989566,0.037037037037037035,0.06415002990995841,0.037037037037037035,0.06415002990995841,0.059259259259259255,0.05592469952052409,0.28888888888888886,0.1351725006732937,0.46296296296296297,0.13981174880131014,0.044444444444444446,0.0769800358919501,0.04074074074074074,0.03571722504071464,0.5232592592592592,0.12439787488426046,19.6,8.79204185613331,7.6,1.2,0.6,1.2,4.8,0.4,0.0,0.8,2.8,7.8,,0.8,0.8,,0.2,1.0,0.6,-6.2,0.40861111111111115,0.06384660436459305,0.057638888888888885,0.05354432368389223,0.03472222222222222,0.05055631867555915,0.05638888888888889,0.04041642802525952,0.2504166666666667,0.11068015382451046,0.41527777777777775,0.12052162861064784,0.043333333333333335,0.061913918736688944,0.03902777777777777,0.02563055119034688,0.4733722222222222,0.11791871088399475,19.2,7.238784428341545,8.2,1.5,0.8,1.5,4.4,0.5,0.0,1.2,2.7,6.6,,1.3,1.4,,0.2,1.3,1.2,-4.1,0.4295929118773946,0.16866006311156267,0.0803629584017515,0.062040170046102246,0.03829707170224412,0.05345016691844624,0.06829296661193213,0.059970159520282715,0.23220340722495894,0.0841054133843458,0.3571298576902025,0.11701823919376897,0.08928571428571427,0.109358340612994,0.05938252599890531,0.04342906944301089,0.45579809797482207,0.11039022108701471,,True,True,MIN,False,6.923389434814453,0.921734,0.792811,8.637934386730194,1.2367033958435059,0.24769981,0.10185876,0.74643046,7.435,1.97,0.667,0.87,10.072,0.4515,0.1585,0.6045,4.210198926416661,1.3769894698217557,0.8056742517916282,0.9203803561571705,4.54970504538481,0.6889468412003934,0.4004719091272195,0.761629667226796
3904479,Mariella Fasoula,TOR,2026-05-21,0.0,26.0,0.0,0.0,2.0,5,1,0,1,1,0,1,0,2,3,,0,0,,0,1,2,-3.0,6.0,0.8333333333333334,0.16666666666666666,0.0,0.16666666666666666,0.16666666666666666,0.5,0.0,0.0,0.5,0.0,6.0,,5.0,1.0,0.0,1.0,1.0,0.0,1.0,0.0,2.0,3.0,,0.0,0.0,,0.0,1.0,2.0,-3.0,0.8333333333333334,,0.16666666666666666,,0.0,,0.16666666666666666,,0.16666666666666666,,0.5,,0.0,,0.0,,0.5,,6.0,,5.0,1.0,0.0,1.0,1.0,0.0,1.0,0.0,2.0,3.0,,0.0,0.0,,0.0,1.0,2.0,-3.0,0.8333333333333334,,0.16666666666666666,,0.0,,0.16666666666666666,,0.16666666666666666,,0.5,,0.0,,0.0,,0.5,,6.0,,5.0,1.0,0.0,1.0,1.0,0.0,1.0,0.0,2.0,3.0,,0.0,0.0,,0.0,1.0,2.0,-3.0,0.8333333333333334,,0.16666666666666666,,0.0,,0.16666666666666666,,0.16666666666666666,,0.5,,0.0,,0.0,,0.5,,,True,True,MIN,False,5.337564945220947,1.9449935,0.35255423,7.635112673044205,0.45295634865760803,0.31789637,0.7261281,0.91465867,4.63744592666626,2.0394537448883057,0.2941345274448395,0.5254218578338623,6.971034526824951,0.31789636611938477,0.726128101348877,0.9146586656570435,7.5,3.0,2.5,1.3,9.0,1.2,1.3,1.5
3904576,Marina Mabrey,TOR,2026-05-21,0.0,6.0,1.0,1.0,48.0,7,2,0,1,6,0,1,3,3,10,,0,0,,0,2,3,-21.0,21.0,0.3333333333333333,0.09523809523809523,0.0,0.047619047619047616,0.2857142857142857,0.47619047619047616,0.0,0.14285714285714285,0.6190476190476191,0.0,19.0,18.083141320025124,9.666666666666666,1.0,1.6666666666666667,1.0,4.333333333333333,0.3333333333333333,0.3333333333333333,2.3333333333333335,3.6666666666666665,8.333333333333334,,1.3333333333333333,1.3333333333333333,,0.0,1.0,1.0,-13.0,0.4722222222222222,0.19641855032959657,0.06150793650793648,0.04770164793718773,0.06944444444444446,0.09820927516479827,0.05158730158730157,0.005611958580845615,0.24007936507936511,0.06453752367972457,0.4464285714285713,0.0420896893563421,0.05555555555555555,0.07856742013183861,0.12698412698412698,0.02244783432338246,0.5978571428571429,0.029967858821715605,25.4,15.64608577248636,12.0,2.2,2.8,1.0,4.2,0.6,0.2,2.8,4.2,9.2,,2.6,3.0,,0.0,2.2,1.8,-9.0,0.4499269005847953,0.18589829482803752,0.0870862050960735,0.043235607012786316,0.10010051169590643,0.07000968647178568,0.040185098162071844,0.013707762614341402,0.1763719193817878,0.0838950954892506,0.36753994360902253,0.14344037227211248,0.10508040935672515,0.07689089086833398,0.1132453529657477,0.021017431767281415,0.5270206766917294,0.14908903753853964,28.2,11.203174153386664,12.0,2.5,3.2,1.4,5.4,0.6,0.2,2.3,4.1,10.9,,2.4,2.9,,0.2,2.3,2.5,-10.1,0.406212972518442,0.1985609532885217,0.08980156682556063,0.04120259103852788,0.11164234797232732,0.0683768684694299,0.04785278146346258,0.031175953596288795,0.19434975647178948,0.06419422254309357,0.386270476026668,0.10512708512024099,0.09798780720865345,0.09745914657112904,0.0830400552033679,0.03366111108370708,0.5124251664018433,0.10308666631589065,,True,True,MIN,False,10.868513107299805,2.086314,2.5557904,15.51061749458313,1.419455885887146,0.7640054,0.24595115,1.7619965,10.482,4.453,2.0045,1.367,16.9395,0.559,0.312,1.089,5.042387926369807,2.1132418224140843,1.402312286903313,1.182502008454954,5.738365599192857,0.7446603252490359,0.575895823912624,1.0310572244060947
3910470,Maria Conde,TOR,2026-05-21,0.0,6.0,1.0,1.0,4.0,6,4,0,2,5,1,0,2,2,6,,0,0,,2,2,0,0.0,20.0,0.3,0.2,0.0,0.1,0.25,0.3,0.0,0.1,0.4,0.0,6.666666666666667,11.547005383792515,2.0,1.3333333333333333,0.0,0.6666666666666666,1.6666666666666667,0.3333333333333333,0.0,0.6666666666666666,0.6666666666666666,2.0,,0.0,0.0,,0.6666666666666666,0.6666666666666666,0.0,0.0,0.3,,0.2,,0.0,,0.1,,0.25,,0.3,,0.0,,0.1,,0.4,,6.666666666666667,11.547005383792515,2.0,1.3333333333333333,0.0,0.6666666666666666,1.6666666666666667,0.3333333333333333,0.0,0.6666666666666666,0.6666666666666666,2.0,,0.0,0.0,,0.6666666666666666,0.6666666666666666,0.0,0.0,0.3,,0.2,,0.0,,0.1,,0.25,,0.3,,0.0,,0.1,,0.4,,6.666666666666667,11.547005383792515,2.0,1.3333333333333333,0.0,0.6666666666666666,1.6666666666666667,0.3333333333333333,0.0,0.6666666666666666,0.6666666666666666,2.0,,0.0,0.0,,0.6666666666666666,0.6666666666666666,0.0,0.0,0.3,,0.2,,0.0,,0.1,,0.25,,0.3,,0.0,,0.1,,0.4,,,True,True,MIN,False,5.815726280212402,2.5256789,1.085634,9.42703914642334,0.7427697777748108,0.5798943,0.24139862,1.0749345,4.577,3.208,0.628,0.687,8.413,0.339,0.221,0.62,3.375658602406351,1.8288619412082476,0.7711134806239611,0.8209939098434287,4.00055383665812,0.5762629608086919,0.4638523471968208,0.78587530817554
4001679,Julie Allemand,TOR,2026-05-21,0.0,6.0,1.0,1.0,39.0,5,1,4,1,3,2,0,1,2,4,,0,0,,0,1,1,-18.0,21.0,0.23809523809523808,0.047619047619047616,0.19047619047619047,0.047619047619047616,0.14285714285714285,0.19047619047619047,0.0,0.047619047619047616,0.23809523809523808,0.0,14.333333333333334,12.423096769056125,3.3333333333333335,2.3333333333333335,2.0,0.6666666666666666,1.6666666666666667,0.6666666666666666,0.0,0.3333333333333333,1.3333333333333333,2.3333333333333335,,0.0,0.0,,0.0,2.3333333333333335,1.0,-4.0,0.23268398268398272,0.007652670792062209,0.16017316017316016,0.1591755524748938,0.1406926406926407,0.07040457128697225,0.046536796536796536,0.0015305341584124377,0.11688311688311695,0.03673281980189857,0.1634199134199134,0.03826335396031101,0.0,0.0,0.023809523809523822,0.03367175148507369,0.18722943722943722,0.0719351054453847,21.4,13.240090634130873,7.6,2.2,2.8,1.2,2.2,1.6,0.2,0.4,3.0,4.0,,0.4,0.4,,0.4,1.8,1.2,3.6,0.3266868189281983,0.18230843442040254,0.11309150619495446,0.1110658306307189,0.13340050753843857,0.04261867769522029,0.05331765935214211,0.022350224615300424,0.10573219883564712,0.025845174579181694,0.18195626212867594,0.03836365102880889,0.014285714285714292,0.028571428571428574,0.020525451559934318,0.024299915577912695,0.20876742797432452,0.05204533179428652,25.5,10.189864245088511,6.5,2.7,3.7,0.9,2.6,1.4,0.1,0.9,2.6,4.4,,0.4,0.4,,0.2,2.5,1.4,1.9,0.2511785520286014,0.1635231737776125,0.11167391077948133,0.07922213963266199,0.1460876612138742,0.03819063052033958,0.035499332924149925,0.025967256439981205,0.10363116288853609,0.038679265077488596,0.17291631065503144,0.06870186514490838,0.013517665130568355,0.02688654773422087,0.034254196054889635,0.03294377180808793,0.21311827936737113,0.04849240445836507,,True,True,MIN,False,5.865260124206543,2.272474,3.3605757,11.498309850692749,0.8541870713233948,0.9648235,0.16835159,1.2348814,7.494,4.798,2.247,1.045,14.539,0.615,0.227,0.577,4.274220864672297,2.1429409697889485,1.4615029934967634,1.0054725257310615,4.936950374472079,0.7686188912588604,0.4769391994793466,0.7733505026829686
4398768,Nyara Sabally,TOR,2026-05-21,0.0,6.0,1.0,1.0,47.0,14,9,3,0,1,1,2,0,5,10,,4,4,,5,4,3,-4.0,28.0,0.5,0.32142857142857145,0.10714285714285714,0.0,0.03571428571428571,0.35714285714285715,0.14285714285714285,0.0,0.42,0.0,12.666666666666666,14.189197769195175,5.333333333333333,3.3333333333333335,1.3333333333333333,0.0,0.6666666666666666,0.3333333333333333,0.6666666666666666,0.0,1.6666666666666667,4.0,,2.0,2.0,,1.6666666666666667,1.6666666666666667,1.6666666666666667,-3.6666666666666665,0.3500000000000001,0.21213203435596428,0.2107142857142857,0.15657364440559268,0.10357142857142856,0.00505076272276105,0.0,0.0,0.06785714285714287,0.045456864504849495,0.2785714285714286,0.11111677990074317,0.17142857142857143,0.04040610178208844,0.0,0.0,0.354,0.09333809511662428,9.0,11.489125293076057,3.4,2.2,1.0,0.0,0.4,0.4,0.4,0.0,1.0,3.0,,1.4,1.6,,1.0,1.2,1.0,-1.6,0.280952380952381,0.19184035312841605,0.1880952380952381,0.11744154719179546,0.11666666666666665,0.022961073240459387,0.0,0.0,0.045238095238095244,0.050675706318554205,0.32857142857142857,0.11693361102674929,0.20952380952380953,0.07190318509781664,0.0,0.0,0.4207619047619047,0.13314449212157795,5.8,8.954204474869767,2.1,1.4,0.5,0.0,0.2,0.2,0.3,0.0,0.7,2.0,,0.7,0.8,,0.6,0.8,0.6,-2.5,0.2412987012987013,0.19462415830375762,0.1674025974025974,0.13037111163855858,0.06999999999999999,0.06593131862408186,0.0,0.0,0.027142857142857146,0.04356557337707688,0.36987012987012985,0.11117141033541669,0.12571428571428572,0.12551932935136453,0.0,0.0,0.42518441558441555,0.1059470643064227,,True,True,MIN,False,8.838109970092773,4.006712,1.7314537,14.57627558708191,0.3950977921485901,0.4898407,0.6669773,1.4522692,4.534,4.313,1.098,0.5395,9.945,0.2515,0.431,0.8005,3.3060314578055663,2.062045343827337,1.0580151227652657,0.7200276036375272,4.0278995767024774,0.5159920057520271,0.6582089333942529,0.8953768759578282
4399342,Lexi Held,TOR,2026-05-21,0.0,6.0,1.0,1.0,60.0,0,0,0,0,0,0,0,0,0,0,,0,0,,0,0,1,4.0,6.0,0.0,0.0,0.0,0.0,0.0,0.0,0.0,0.0,0.0,0.0,17.0,9.539392014169454,8.666666666666666,0.3333333333333333,0.6666666666666666,2.0,3.6666666666666665,1.0,0.3333333333333333,1.0,3.0,6.0,,0.6666666666666666,0.6666666666666666,,0.3333333333333333,0.0,2.3333333333333335,3.0,0.39064558629776025,0.5003019496852251,0.014492753623188406,0.02510218561694029,0.030303030303030314,0.0524863881081478,0.09025032938076417,0.12063972370288355,0.16469038208168643,0.1842225171120781,0.26745718050065875,0.2376915299409445,0.030303030303030304,0.0524863881081478,0.04545454545454545,0.07872958216222169,0.32624505928853764,0.3160077148019311,11.6,10.310189135025603,5.8,0.4,0.4,1.4,2.4,0.6,0.2,0.6,2.0,3.8,,0.4,0.4,,0.2,0.2,1.4,2.4,0.40012704686617734,0.40893473760157234,0.046583850931677,0.06737532130547817,0.022727272727272728,0.045454545454545456,0.10340203274985885,0.1019534100922574,0.15923207227555056,0.15081267560950895,0.23630717108977978,0.2038286893831092,0.022727272727272728,0.045454545454545456,0.03409090909090909,0.06818181818181818,0.2803980801806889,0.2738278641461112,5.8,9.199033765685519,2.9,0.2,0.2,0.7,1.2,0.3,0.1,0.3,1.0,1.9,,0.2,0.2,,0.1,0.1,0.7,1.2,0.40012704686617734,0.40893473760157234,0.046583850931677016,0.06737532130547817,0.022727272727272728,0.045454545454545456,0.10340203274985883,0.1019534100922574,0.15923207227555053,0.15081267560950895,0.23630717108977978,0.2038286893831092,0.022727272727272728,0.045454545454545456,0.03409090909090909,0.06818181818181818,0.2803980801806889,0.2738278641461112,,True,True,MIN,False,4.9556379318237305,1.0356747,0.80023485,6.791547477245331,0.57720547914505,0.46698478,0.21054558,0.55345476,6.1525,1.0905,0.485,1.0115,7.728,0.335,0.1955,0.4195,3.9125750791518366,1.0446577190640003,0.6765907182337043,1.016054993590406,4.120438811583058,0.5733890476805431,0.43621067157968524,0.6438320821456477
4434020,Teonni Key,TOR,2026-05-21,0.0,6.0,1.0,1.0,4.0,5,2,1,1,1,0,1,0,1,1,,2,2,,2,0,2,-1.0,9.0,0.5555555555555556,0.2222222222222222,0.1111111111111111,0.1111111111111111,0.1111111111111111,0.1111111111111111,0.2222222222222222,0.0,0.20888888888888887,0.0,16.333333333333332,6.6583281184793925,3.0,3.0,1.0,0.3333333333333333,1.0,0.3333333333333333,0.6666666666666666,1.0,0.6666666666666666,2.6666666666666665,,1.3333333333333333,2.0,,1.3333333333333333,1.6666666666666667,4.666666666666667,-4.0,0.2457912457912458,0.28324884556293745,0.1835016835016835,0.1136457160386375,0.06734006734006734,0.059186517950326416,0.037037037037037035,0.06415002990995841,0.0707070707070707,0.03535353535353535,0.14646464646464646,0.11281973688731653,0.13468013468013468,0.11837303590065283,0.052188552188552194,0.05586080815837394,0.2579124579124579,0.12329760372824515,16.333333333333332,6.6583281184793925,3.0,3.0,1.0,0.3333333333333333,1.0,0.3333333333333333,0.6666666666666666,1.0,0.6666666666666666,2.6666666666666665,,1.3333333333333333,2.0,,1.3333333333333333,1.6666666666666667,4.666666666666667,-4.0,0.2457912457912458,0.28324884556293745,0.1835016835016835,0.1136457160386375,0.06734006734006734,0.059186517950326416,0.037037037037037035,0.06415002990995841,0.0707070707070707,0.03535353535353535,0.14646464646464646,0.11281973688731653,0.13468013468013468,0.11837303590065283,0.052188552188552194,0.05586080815837394,0.2579124579124579,0.12329760372824515,16.333333333333332,6.6583281184793925,3.0,3.0,1.0,0.3333333333333333,1.0,0.3333333333333333,0.6666666666666666,1.0,0.6666666666666666,2.6666666666666665,,1.3333333333333333,2.0,,1.3333333333333333,1.6666666666666667,4.666666666666667,-4.0,0.2457912457912458,0.28324884556293745,0.1835016835016835,0.1136457160386375,0.06734006734006734,0.059186517950326416,0.037037037037037035,0.06415002990995841,0.0707070707070707,0.03535353535353535,0.14646464646464646,0.11281973688731653,0.13468013468013468,0.11837303590065283,0.052188552188552194,0.05586080815837394,0.2579124579124579,0.12329760372824515,,True,True,MIN,False,2.8670828342437744,2.9143765,0.44224307,6.223702400922775,0.06277180463075638,0.33270666,0.5506034,1.0702584,2.7495,4.2735,0.9745,0.408,7.9975,0.2495,0.442,0.661,2.5893531528163556,2.0583240148237105,0.9837935504972575,0.6360314457634937,3.4296492167567227,0.4952269681671223,0.6735250552132416,0.832513663551536
4565505,Kiki Rice,TOR,2026-05-21,0.0,6.0,1.0,1.0,4.0,11,0,2,3,4,0,0,1,4,7,,0,0,,0,0,4,15.0,21.0,0.5238095238095238,0.0,0.09523809523809523,0.14285714285714285,0.19047619047619047,0.3333333333333333,0.0,0.047619047619047616,0.38095238095238093,0.0,20.333333333333332,3.0550504633038935,8.666666666666666,1.0,2.0,1.3333333333333333,2.0,0.6666666666666666,0.0,1.3333333333333333,3.3333333333333335,6.666666666666667,,0.6666666666666666,1.0,,0.3333333333333333,0.6666666666666666,2.3333333333333335,-1.6666666666666667,0.4175699265213331,0.1158093125877203,0.04859335038363172,0.044371743153190465,0.09994722526691835,0.015877946839988163,0.06722689075630252,0.07179835080098765,0.09759266025250679,0.08080459118619761,0.3302074452969594,0.024447020419440895,0.043478260869565216,0.07530655685082074,0.07469654528478058,0.09129819432993193,0.42403442536434865,0.09176369098880321,20.333333333333332,3.0550504633038935,8.666666666666666,1.0,2.0,1.3333333333333333,2.0,0.6666666666666666,0.0,1.3333333333333333,3.3333333333333335,6.666666666666667,,0.6666666666666666,1.0,,0.3333333333333333,0.6666666666666666,2.3333333333333335,-1.6666666666666667,0.4175699265213331,0.1158093125877203,0.04859335038363172,0.044371743153190465,0.09994722526691835,0.015877946839988163,0.06722689075630252,0.07179835080098765,0.09759266025250679,0.08080459118619761,0.3302074452969594,0.024447020419440895,0.043478260869565216,0.07530655685082074,0.07469654528478058,0.09129819432993193,0.42403442536434865,0.09176369098880321,20.333333333333332,3.0550504633038935,8.666666666666666,1.0,2.0,1.3333333333333333,2.0,0.6666666666666666,0.0,1.3333333333333333,3.3333333333333335,6.666666666666667,,0.6666666666666666,1.0,,0.3333333333333333,0.6666666666666666,2.3333333333333335,-1.6666666666666667,0.4175699265213331,0.1158093125877203,0.04859335038363172,0.044371743153190465,0.09994722526691835,0.015877946839988163,0.06722689075630252,0.07179835080098765,0.09759266025250679,0.08080459118619761,0.3302074452969594,0.024447020419440895,0.043478260869565216,0.07530655685082074,0.07469654528478058,0.09129819432993193,0.42403442536434865,0.09176369098880321,,True,True,MIN,False,8.436603546142578,1.7079899,1.8609211,12.00551462173462,0.776417076587677,0.6559782,0.067740746,1.5470313,9.2775,2.914,1.716,1.2965,13.9075,0.481,0.157,0.893,4.671990341385564,1.7148189408797654,1.3301669068203432,1.1456822203386068,5.1368223397349455,0.6809104199525808,0.3979334115150423,0.9096983016363173
4874475,Nikolina Milic,TOR,2026-05-21,0.0,6.0,1.0,1.0,4.0,0,0,0,0,0,0,0,2,0,0,,0,0,,0,0,1,-15.0,5.0,0.0,0.0,0.0,0.0,0.0,0.0,0.0,0.4,0.4,0.0,1.6666666666666667,2.8867513459481287,0.0,0.0,0.0,0.0,0.0,0.0,0.0,0.6666666666666666,0.0,0.0,,0.0,0.0,,0.0,0.0,0.3333333333333333,-5.0,0.0,,0.0,,0.0,,0.0,,0.0,,0.0,,0.0,,0.4,,0.4,,1.6666666666666667,2.8867513459481287,0.0,0.0,0.0,0.0,0.0,0.0,0.0,0.6666666666666666,0.0,0.0,,0.0,0.0,,0.0,0.0,0.3333333333333333,-5.0,0.0,,0.0,,0.0,,0.0,,0.0,,0.0,,0.0,,0.4,,0.4,,1.6666666666666667,2.8867513459481287,0.0,0.0,0.0,0.0,0.0,0.0,0.0,0.6666666666666666,0.0,0.0,,0.0,0.0,,0.0,0.0,0.3333333333333333,-5.0,0.0,,0.0,,0.0,,0.0,,0.0,,0.0,,0.0,,0.4,,0.4,,,True,True,MIN,False,4.616497993469238,1.5921353,0.93210316,7.14073646068573,0.3065396249294281,0.30153775,0.19816329,0.7230538,3.9163787364959717,1.6865955591201782,0.8736834526062012,0.3790051341056824,6.476657867431641,0.30153775215148926,0.19816328585147858,0.7230538129806519,7.5,3.0,2.5,1.3,9.0,1.2,1.3,1.5
5345444,Laura Juskaite,TOR,2026-05-21,0.0,6.0,1.0,1.0,4.0,16,3,4,2,4,4,0,1,5,9,,4,5,,1,2,5,19.0,25.0,0.64,0.12,0.16,0.08,0.16,0.36,0.2,0.04,0.488,0.0,24.0,4.58257569495584,10.666666666666666,4.666666666666667,2.3333333333333335,0.6666666666666666,2.6666666666666665,2.6666666666666665,0.0,2.3333333333333335,3.3333333333333335,9.0,,3.3333333333333335,4.333333333333333,,1.0,3.6666666666666665,4.333333333333333,-1.0,0.4602005012531329,0.22042365292243718,0.19350877192982455,0.06664981319749749,0.10032581453634086,0.062289788195631024,0.02666666666666667,0.046188021535170064,0.10659147869674185,0.053686334140793456,0.37939849624060146,0.03610181518172537,0.19573934837092732,0.12223615464348402,0.10167919799498747,0.05913696747577092,0.5672030075187969,0.1305598541507201,24.0,4.58257569495584,10.666666666666666,4.666666666666667,2.3333333333333335,0.6666666666666666,2.6666666666666665,2.6666666666666665,0.0,2.3333333333333335,3.3333333333333335,9.0,,3.3333333333333335,4.333333333333333,,1.0,3.6666666666666665,4.333333333333333,-1.0,0.4602005012531329,0.22042365292243718,0.19350877192982455,0.06664981319749749,0.10032581453634086,0.062289788195631024,0.02666666666666667,0.046188021535170064,0.10659147869674185,0.053686334140793456,0.37939849624060146,0.03610181518172537,0.19573934837092732,0.12223615464348402,0.10167919799498747,0.05913696747577092,0.5672030075187969,0.1305598541507201,24.0,4.58257569495584,10.666666666666666,4.666666666666667,2.3333333333333335,0.6666666666666666,2.6666666666666665,2.6666666666666665,0.0,2.3333333333333335,3.3333333333333335,9.0,,3.3333333333333335,4.333333333333333,,1.0,3.6666666666666665,4.333333333333333,-1.0,0.4602005012531329,0.22042365292243718,0.19350877192982455,0.06664981319749749,0.10032581453634086,0.062289788195631024,0.02666666666666667,0.046188021535170064,0.10659147869674185,0.053686334140793456,0.37939849624060146,0.03610181518172537,0.19573934837092732,0.12223615464348402,0.10167919799498747,0.05913696747577092,0.5672030075187969,0.1305598541507201,,True,True,MIN,False,11.51774787902832,4.643857,2.2891793,18.45078420639038,0.6653986573219299,1.174667,0.2796275,2.0503178,8.1935,7.074,2.0355,0.8245,17.303,1.0945,0.3335,1.299,4.292907843175765,2.6505705046272583,1.3857271556839752,0.8931403865014726,5.355669052508753,1.0409465644306628,0.5685751929164691,1.163872415688249
