player_id,player_name,team,asof_date,is_home,days_rest,games_last7,games_last14,season_game_number,lag1_pts,lag1_reb,lag1_ast,lag1_threes,lag1_fg3a,lag1_stl,lag1_blk,lag1_tov,lag1_fgm,lag1_fga,lag1_fg_pct,lag1_ftm,lag1_fta,lag1_ft_pct,lag1_oreb,lag1_dreb,lag1_pf,lag1_plus_minus,lag1_min,lag1_pts_per_min,lag1_reb_per_min,lag1_ast_per_min,lag1_fg3m_per_min,lag1_fg3a_per_min,lag1_fga_per_min,lag1_fta_per_min,lag1_tov_per_min,lag1_usage_per_min,b2b,roll3_min,roll3_min_std,roll3_pts,roll3_reb,roll3_ast,roll3_threes,roll3_fg3a,roll3_stl,roll3_blk,roll3_tov,roll3_fgm,roll3_fga,roll3_fg_pct,roll3_ftm,roll3_fta,roll3_ft_pct,roll3_oreb,roll3_dreb,roll3_pf,roll3_plus_minus,roll3_pts_per_min,roll3_pts_per_min_std,roll3_reb_per_min,roll3_reb_per_min_std,roll3_ast_per_min,roll3_ast_per_min_std,roll3_fg3m_per_min,roll3_fg3m_per_min_std,roll3_fg3a_per_min,roll3_fg3a_per_min_std,roll3_fga_per_min,roll3_fga_per_min_std,roll3_fta_per_min,roll3_fta_per_min_std,roll3_tov_per_min,roll3_tov_per_min_std,roll3_usage_per_min,roll3_usage_per_min_std,roll5_min,roll5_min_std,roll5_pts,roll5_reb,roll5_ast,roll5_threes,roll5_fg3a,roll5_stl,roll5_blk,roll5_tov,roll5_fgm,roll5_fga,roll5_fg_pct,roll5_ftm,roll5_fta,roll5_ft_pct,roll5_oreb,roll5_dreb,roll5_pf,roll5_plus_minus,roll5_pts_per_min,roll5_pts_per_min_std,roll5_reb_per_min,roll5_reb_per_min_std,roll5_ast_per_min,roll5_ast_per_min_std,roll5_fg3m_per_min,roll5_fg3m_per_min_std,roll5_fg3a_per_min,roll5_fg3a_per_min_std,roll5_fga_per_min,roll5_fga_per_min_std,roll5_fta_per_min,roll5_fta_per_min_std,roll5_tov_per_min,roll5_tov_per_min_std,roll5_usage_per_min,roll5_usage_per_min_std,roll10_min,roll10_min_std,roll10_pts,roll10_reb,roll10_ast,roll10_threes,roll10_fg3a,roll10_stl,roll10_blk,roll10_tov,roll10_fgm,roll10_fga,roll10_fg_pct,roll10_ftm,roll10_fta,roll10_ft_pct,roll10_oreb,roll10_dreb,roll10_pf,roll10_plus_minus,roll10_pts_per_min,roll10_pts_per_min_std,roll10_reb_per_min,roll10_reb_per_min_std,roll10_ast_per_min,roll10_ast_per_min_std,roll10_fg3m_per_min,roll10_fg3m_per_min_std,roll10_fg3a_per_min,roll10_fg3a_per_min_std,roll10_fga_per_min,roll10_fga_per_min_std,roll10_fta_per_min,roll10_fta_per_min_std,roll10_tov_per_min,roll10_tov_per_min_std,roll10_usage_per_min,roll10_usage_per_min_std,injury_status,team_on_slate,playing_today,pred_pts,pred_reb,pred_ast,pred_threes,pred_pra,pred_stl,pred_blk,pred_tov,pred_fgm,pred_fga,pred_ftm,pred_fta,pred_oreb,pred_dreb,pred_pf,pred_plus_minus,pred_stocks,pred_pr,pred_pa,pred_ra,mean_pts,mean_reb,mean_ast,mean_threes,mean_pra,mean_stl,mean_blk,mean_tov,opponent,home,sd_pts,sd_reb,sd_ast,sd_threes,sd_pra,sd_stl,sd_blk,sd_tov
3058895,Brionna Jones,ATL,2026-05-29,0.0,253.0,0.0,0.0,50.0,12,7,4,1,2,1,1,3,5,8,,1,2,,3,4,4,-3.0,32.0,0.375,0.21875,0.125,0.03125,0.0625,0.25,0.0625,0.09375,0.37125,0.0,28.33333333333333,5.507570547286102,10.666666666666666,4.666666666666667,2.6666666666666665,0.3333333333333333,0.6666666666666666,2.0,0.3333333333333333,2.0,4.666666666666667,7.0,,1.0,1.3333333333333333,,1.3333333333333333,3.333333333333333,4.0,-3.0,0.3752443792766373,0.0117321143363412,0.156983137829912,0.0640291995081558,0.0890762463343108,0.040327579002387,0.0104166666666666,0.0180421959121758,0.0208333333333333,0.0360843918243516,0.2495112414467253,0.0234642286726913,0.0423387096774193,0.0366802528198796,0.0679068914956011,0.0243256178749919,0.3360471652003911,0.0304876916523726,24.2,7.014271166700073,10.6,4.2,2.0,0.2,0.4,1.6,0.2,1.4,4.6,8.0,,1.2,1.6,,1.4,2.8,3.0,1.2,0.4676466275659824,0.1932548357613239,0.1691898826979472,0.0654398797205501,0.0759457478005865,0.0339993646796103,0.00625,0.0139754248593736,0.0125,0.0279508497187473,0.3572067448680352,0.1591317661430133,0.0754032258064516,0.1026405726250751,0.0532441348973607,0.0344567468101117,0.4436282991202346,0.1489225902110514,24.8,5.5936471902408025,12.6,6.5,1.7,0.1,0.4,1.4,0.8,1.2,5.5,9.9,,1.5,1.7,,3.2,3.3,2.9,5.8,0.5278233137829912,0.1781802341268278,0.2599282746823069,0.137370452067355,0.0669252548526742,0.0309709605408642,0.003125,0.0098821176880261,0.0129166666666666,0.0272484284290278,0.4103176581483033,0.1334633727933599,0.0747492319508448,0.0705456898892968,0.0468125436391565,0.0244199060481844,0.4900198638458316,0.1255600597173423,,True,True,11.147391378266706,5.58975092150026,1.8294241954743369,0.3047878208474419,18.566566495241304,1.3269579995664962,0.5256914649695592,1.53856772889794,4.527699562686897,8.298769069764461,1.7857566189162148,2.613559259007234,2.060289731788318,3.6815969897119656,2.91008715786312,4.691229638623744,1.852649464536122,16.916185754702575,12.834101028677344,7.401688716974618,11.577,8.2035,2.4255,0.762,22.206,0.774,0.4835,1.162,POR,False,4.957123258503867,2.7517426751060863,1.5160639003683187,0.8845089032904078,5.899030767846528,0.8757419711307664,0.7040793634243231,1.0903008759053625
3058901,Allisha Gray,ATL,2026-05-29,0.0,26.0,0.0,0.0,50.0,3,1,0,0,1,1,0,2,1,3,,1,2,,0,1,1,3.0,10.0,0.3,0.1,0.0,0.0,0.1,0.3,0.2,0.2,0.588,0.0,17.666666666666668,13.279056191361391,9.0,4.333333333333333,0.3333333333333333,0.6666666666666666,2.6666666666666665,0.3333333333333333,0.3333333333333333,1.3333333333333333,4.0,8.0,,0.3333333333333333,0.6666666666666666,,1.3333333333333333,3.0,2.333333333333333,2.6666666666666665,0.4585858585858586,0.14246721896186,0.1545454545454545,0.187854348361562,0.0101010101010101,0.0174954627027152,0.0434343434343434,0.0512769298848366,0.1969696969696969,0.1758881437688661,0.4515151515151516,0.1500229550846856,0.0666666666666666,0.1154700538379251,0.0868686868686868,0.1025538597696731,0.5677171717171717,0.045916894359635,23.8,12.676750372236569,11.2,5.2,1.4,0.8,3.4,0.8,0.4,1.2,4.2,11.2,,2.0,2.4,,1.4,3.8,3.0,0.4,0.4475017455662616,0.1423249255184673,0.1721742773355676,0.1363706390417344,0.0418209747242005,0.048468699709808,0.0382265046781175,0.0369758522652103,0.1725596983661499,0.1288775602998521,0.4655634687892752,0.1098107720909047,0.0971428571428571,0.1364267015578665,0.0635497835497835,0.0817702968053081,0.571856109481916,0.0548115219264682,26.9,10.918384088825183,13.5,4.8,2.0,1.1,4.2,0.5,0.3,1.1,4.5,11.0,,3.4,4.0,,1.3,3.5,2.5,5.8,0.5030151370473951,0.1457083229782695,0.1642252768059219,0.1063416855336504,0.0679074843590972,0.0799096636676046,0.0495937328195392,0.0496452578925029,0.1748984678016936,0.0935100975558956,0.4072712238841271,0.1079981166433914,0.1453732303732303,0.1210528780177743,0.0475857025857025,0.0602200514024673,0.5188211478340511,0.0760178476725415,,True,True,8.987450028648485,3.562865043909944,1.1816240290946562,1.0347794951848834,13.731939101653088,0.5026135693812567,0.348491820601798,1.1103985745911822,3.091102958150535,7.070888973087467,1.7690168040328562,2.373316319545424,0.9288445068270784,2.7861563370827467,1.9468824972815408,2.730886969564498,0.8511053899831162,12.729358527493355,10.026359512678845,4.727002673004611,11.574,5.8155,1.774,1.172,19.1635,0.3855,0.3295,0.919,POR,False,5.119914452410313,2.4127701403158985,1.3076406234130231,1.081857661617276,5.8802863663260485,0.6260109823317799,0.5830349474945734,0.9452190222377034
3142250,Jordin Canada,ATL,2026-05-29,0.0,26.0,0.0,0.0,41.0,3,0,1,1,2,0,0,1,1,3,,0,1,,0,0,1,-4.0,9.0,0.3333333333333333,0.0,0.1111111111111111,0.1111111111111111,0.2222222222222222,0.3333333333333333,0.1111111111111111,0.1111111111111111,0.4933333333333333,0.0,17.666666666666668,13.316656236958782,7.666666666666667,1.3333333333333333,5.0,0.3333333333333333,1.6666666666666667,0.0,0.3333333333333333,2.0,3.333333333333333,6.333333333333333,,0.6666666666666666,2.0,,0.0,1.3333333333333333,2.0,-0.3333333333333333,0.3535353535353535,0.1826579931315667,0.0606060606060606,0.0524863881081478,0.2592592592592593,0.1318301141444571,0.037037037037037,0.0641500299099584,0.1245791245791245,0.0859080863445998,0.3131313131313131,0.1224682389190115,0.0875420875420875,0.0784591259106467,0.1279461279461279,0.047735511376289,0.4795959595959596,0.1097377010155634,20.2,10.059821071967423,5.8,1.6,5.0,0.2,1.2,0.6,0.2,1.6,2.6,6.8,,0.4,1.6,,0.4,1.2,2.8,-1.8,0.2629038208168642,0.1821697527027657,0.0683636363636363,0.0684853848195678,0.2397294685990338,0.1033274987702883,0.0222222222222222,0.0496903994999953,0.0834431269213877,0.0842568327461241,0.3127483530961791,0.0867763422539001,0.0699165568730786,0.0678644461390511,0.0927676767676767,0.0652663462237079,0.4362793148880105,0.0997548178929155,22.2,9.886017061149206,6.8,1.8,5.4,0.3,1.6,1.2,0.5,1.8,2.7,7.3,,1.1,1.9,,0.4,1.4,2.3,5.4,0.315577358437106,0.2092009560909158,0.0681925708699902,0.0645809977062684,0.2468934081346424,0.1163722386179527,0.0171146953405017,0.0353219143670235,0.0739617068298695,0.0740626904185952,0.3044064346126057,0.1056792156229755,0.0897432246730984,0.0750675392516971,0.0976132290648419,0.0652482736127984,0.441506682533611,0.0870972490830605,,True,True,5.422637664914879,1.8433028662319777,3.95719099063209,0.2401139976788256,11.223131521778946,0.9686799801155652,0.2831894644237609,1.7023192985075304,1.9952712051852248,4.942314830741231,1.190533443736594,1.8420905028779475,0.3559625327296945,1.6394761335023802,1.871172077588324,1.9158819873967103,1.251869444539348,7.444983986082372,9.23711411048276,5.783007456863976,6.702,3.461,3.4285,0.5145,13.5915,0.6025,0.2735,1.152,POR,False,3.811718247719787,1.7766482488101016,1.851455576026603,0.7019898503539778,4.525000303867393,0.7473243940886715,0.5135150922806456,1.098588184899146
4398674,Rhyne Howard,ATL,2026-05-29,0.0,26.0,0.0,0.0,47.0,2,0,3,0,5,1,0,0,0,5,,2,2,,0,0,0,-6.0,13.0,0.1538461538461538,0.0,0.2307692307692307,0.0,0.3846153846153846,0.3846153846153846,0.1538461538461538,0.0,0.4523076923076923,0.0,21.33333333333333,15.30795000427338,9.0,1.0,2.6666666666666665,1.6666666666666667,5.333333333333333,1.3333333333333333,0.3333333333333333,1.0,3.333333333333333,9.333333333333334,,0.6666666666666666,1.0,,0.0,1.0,1.6666666666666667,-1.0,0.4380341880341881,0.2990460763406027,0.0256410256410256,0.0444115591684329,0.1581196581196581,0.077278381709509,0.1004273504273504,0.1320471329528237,0.27991452991453,0.0934080897196341,0.4209401709401709,0.0386391908547544,0.0598290598290598,0.0824243654785722,0.0256410256410256,0.0444115591684327,0.4729059829059828,0.0688881996105579,25.8,12.437845472588894,11.4,2.2,2.6,1.8,6.0,1.4,0.2,1.4,3.8,10.8,,2.0,2.6,,0.0,2.2,2.0,-4.8,0.4484265734265734,0.2405719055650918,0.0650058275058275,0.0768402828874804,0.125553613053613,0.0712417354272572,0.0852564102564102,0.1053702654151638,0.2546911421911422,0.1006445644304229,0.4133595571095571,0.0959608868152167,0.0972610722610722,0.0801722701468219,0.0398164335664335,0.0425189462577563,0.4959708624708625,0.0845508207175267,29.9,9.882082551545285,16.9,3.3,3.7,3.0,8.0,1.5,0.2,1.4,5.9,13.4,,2.1,2.4,,0.4,2.9,2.5,5.7,0.5497110255386995,0.2335569422076502,0.098297400939591,0.0642169553460801,0.1345709266231337,0.0560023370662522,0.1031496773644481,0.0867218086118486,0.2723670781714075,0.0959561984727793,0.4400924781814,0.1148960302747971,0.0802393095899038,0.0644215082918721,0.0433542434550499,0.0480874870805808,0.5187520178560077,0.108368977068944,,True,True,11.002782469493344,2.004678308875244,2.61414301320592,2.005349909170965,15.621603791574508,0.7898461140831909,0.1919667439016789,1.503558403178881,3.619201593475759,9.50987479798006,1.7575815602419491,2.1225643388222526,0.2718421529175512,1.8849719559577625,2.1438266366427934,2.0166483297649678,0.9818128579848936,13.186504233303957,13.474210937634858,4.601334922081145,14.811,4.6365,2.7475,1.8095,22.195,0.5465,0.282,1.159,POR,False,5.994604157073259,2.1476423701352143,1.6681557930840871,1.3624278879999483,6.477806341656101,0.7013114500705089,0.5324246425551695,1.1156697540042932
4398915,Naz Hillmon,ATL,2026-05-29,0.0,26.0,0.0,0.0,51.0,0,1,1,0,1,0,0,0,0,1,,0,0,,1,0,0,-5.0,10.0,0.0,0.1,0.1,0.0,0.1,0.1,0.0,0.0,0.1,0.0,26.33333333333333,15.176736583776282,5.666666666666667,6.0,1.6666666666666667,0.6666666666666666,3.333333333333333,0.0,0.0,1.0,2.333333333333333,6.666666666666667,,0.3333333333333333,0.6666666666666666,,0.6666666666666666,5.333333333333333,3.0,-6.0,0.1669540229885056,0.1468058985834636,0.1971264367816091,0.0842243291095372,0.0761494252873563,0.0443302428599862,0.0166666666666666,0.0288675134594812,0.1209770114942528,0.0192828724940317,0.2264367816091954,0.1415194147398705,0.0166666666666666,0.0288675134594813,0.0313218390804597,0.0349146799944116,0.2650919540229885,0.174841379899747,27.8,11.122050170719424,8.0,6.2,1.8,1.0,3.2,0.2,0.6,1.0,3.0,6.2,,1.0,1.4,,1.4,4.8,3.4,0.6,0.2489939626146522,0.1725024135865446,0.2024509462440496,0.0744313146061035,0.0712788807616393,0.0372805461604134,0.0295286195286195,0.0282185215697885,0.1116434459537907,0.0250400775257005,0.2079159410193893,0.1056816297598944,0.0403030303030303,0.0658315461625815,0.0309143155694879,0.032695040200721,0.2565635899222106,0.1413965965307113,30.5,8.086339647138796,9.8,6.3,2.7,1.7,4.3,0.5,0.6,1.0,3.7,7.6,,0.7,0.9,,1.2,5.1,2.5,9.2,0.2964495956864111,0.1606834448284274,0.1972426299847699,0.058187269683361,0.0895119894004275,0.0414825810234108,0.0496090810061398,0.0439397007388856,0.1363936184017319,0.0394720523190785,0.239011075084858,0.1027754726442244,0.0268181818181818,0.0502318367646713,0.0313150009219988,0.030666287444516,0.2821260760068569,0.1211742316664903,,True,True,4.4576088300433305,4.213637252263394,1.5802754104851582,0.6882187566562439,10.25152149279188,0.5786909388597336,0.4101914066740422,1.0916867431276107,1.562078224148543,3.86920390550236,0.6437858119614537,1.0556052496274773,0.9089139890417216,3.4568590632216623,1.84656648587559,2.710534097367524,0.9888823455337442,8.850289537242674,5.895169695464393,5.776426262748618,10.092,7.222,2.408,1.118,19.722,0.4505,0.401,0.99,POR,False,4.72393226031026,2.6196786062416133,1.5041728624064457,1.0578638853841262,5.587729055707694,0.6771630158241072,0.6318219685955847,0.9833107342035884
4433402,Angel Reese,ATL,2026-05-29,0.0,26.0,0.0,0.0,49.0,10,4,0,0,0,2,0,2,3,7,,4,6,,3,1,3,-9.0,11.0,0.9090909090909092,0.3636363636363636,0.0,0.0,0.0,0.6363636363636364,0.5454545454545454,0.1818181818181818,1.0581818181818183,0.0,8.0,7.000000000000001,6.0,3.6666666666666665,0.6666666666666666,0.0,0.3333333333333333,1.6666666666666667,0.0,0.6666666666666666,1.6666666666666667,4.666666666666667,,2.6666666666666665,4.666666666666667,,1.6666666666666667,2.0,1.3333333333333333,1.6666666666666667,0.7622377622377623,0.207681711956888,0.451048951048951,0.1236200666410047,0.0769230769230769,0.1087856586440842,0.0,0.0,0.0384615384615384,0.0543928293220421,0.5874125874125874,0.0692272373189627,0.5804195804195804,0.0494480266564019,0.0909090909090908,0.128564869306645,0.9337062937062938,0.1760349748967909,4.8,6.610597552415364,3.6,2.2,0.4,0.0,0.2,1.0,0.0,0.4,1.0,2.8,,1.6,2.8,,1.0,1.2,0.8,1.0,0.7622377622377623,0.207681711956888,0.451048951048951,0.1236200666410047,0.0769230769230769,0.1087856586440842,0.0,0.0,0.0384615384615384,0.0543928293220421,0.5874125874125874,0.0692272373189627,0.5804195804195804,0.0494480266564019,0.0909090909090909,0.128564869306645,0.9337062937062938,0.1760349748967909,15.6,15.756480148391857,8.1,7.1,1.6,0.0,0.3,1.4,0.4,1.9,2.4,5.9,,3.3,5.1,,2.9,4.2,1.9,1.7,0.5781901593393529,0.209698702201248,0.4530687000445065,0.1147061264596872,0.0964144200031296,0.0561464752339046,0.0,0.0,0.0235732009925558,0.0367295952561635,0.4251570365481655,0.1356668462173599,0.3839746828658119,0.1767577921596947,0.1174052534939631,0.0697977152667387,0.7115111505030859,0.2170203383043442,,True,True,6.561519071535104,5.142017708892513,1.2532999151891482,0.0,12.956836695616763,0.6466942055656504,0.5314720349502433,1.2717112002115851,2.404946457284129,5.018189214058459,2.0168512602153954,3.1986777418868115,1.6161855216673802,3.677967987225213,1.6969548927876303,3.600737537441851,1.1781662405158948,11.882580235363813,7.672104441659659,6.37783122408169,4.26,4.766,1.189,0.1285,10.215,0.3565,0.354,0.763,POR,False,2.9813419797131626,2.2753557963536166,1.0725106060081644,0.3605381394526797,3.962420346202558,0.5969989530979095,0.5853921762374348,0.8948916135488142
4433431,Te-Hina Paopao,ATL,2026-05-29,0.0,26.0,0.0,0.0,51.0,8,2,0,2,2,0,0,1,3,4,,0,0,,0,2,0,-8.0,9.0,0.8888888888888888,0.2222222222222222,0.0,0.2222222222222222,0.2222222222222222,0.4444444444444444,0.0,0.1111111111111111,0.5555555555555556,0.0,14.0,8.660254037844387,9.0,2.6666666666666665,1.6666666666666667,1.6666666666666667,3.0,0.0,0.0,1.0,3.6666666666666665,6.0,,0.0,0.0,,0.0,2.6666666666666665,1.0,-2.333333333333333,0.699074074074074,0.1758649991965055,0.2268518518518518,0.1042437986036824,0.0925925925925926,0.0848625128695525,0.1157407407407407,0.1114000871807033,0.2407407407407407,0.0848625128695525,0.5046296296296297,0.2485813659010888,0.0,0.0,0.0879629629629629,0.0400937686937239,0.5925925925925927,0.2796234976026204,12.4,7.092249290598854,8.0,2.0,1.0,1.6,2.8,0.2,0.2,1.2,3.2,5.2,,0.0,0.0,,0.2,1.8,1.0,-0.8,0.6432539682539683,0.2165354419757777,0.1837301587301587,0.1002681275624905,0.0555555555555555,0.0785674201318384,0.1123015873015873,0.1093936136664765,0.2158730158730158,0.1438895674083757,0.4551587301587301,0.1913607931024805,0.0,0.0,0.1146825396825396,0.0470451528818324,0.5698412698412698,0.2017497158506175,16.5,7.6775285375206845,6.6,1.9,2.2,1.2,3.3,0.5,0.3,1.2,2.7,5.7,,0.0,0.0,,0.1,1.8,1.4,2.5,0.4538984895033282,0.2529887550278608,0.1358877368151561,0.0867055820309999,0.1090969022017409,0.0941993362132529,0.078829365079365,0.0829348228354671,0.2025179211469533,0.1061164894633274,0.3797663850486431,0.150844034103455,0.0,0.0,0.0871262160778289,0.0583511816328661,0.4668926011264721,0.1793498555935616,,True,True,5.514989881722055,1.7744128490840452,2.034559021882183,0.8778957294793368,9.323961752688284,0.6001290300787449,0.186751201007297,1.2183518030400249,1.87785615213966,4.859511572913918,0.879934034834614,1.1943630978962858,0.2094826975219987,1.7170659515620672,1.535399406547742,0.3821690847290791,0.7868802310860361,7.468446185742128,7.406834358540206,3.791485470966242,7.6365,3.102,1.825,0.9285,12.5635,0.3815,0.191,0.842,POR,False,4.2418589969493325,1.7634046614433114,1.3192327315527006,0.9567589821893494,4.81341539346024,0.6316310236205945,0.4364848221874387,0.9121600736712828
5017721,Sika Kone,ATL,2026-05-29,0.0,26.0,0.0,0.0,43.0,4,2,0,0,1,0,0,0,2,4,,0,0,,1,1,1,1.0,11.0,0.3636363636363636,0.1818181818181818,0.0,0.0,0.0909090909090909,0.3636363636363636,0.0,0.0,0.3636363636363636,0.0,12.0,12.52996408614167,5.0,2.6666666666666665,0.3333333333333333,0.0,0.3333333333333333,0.0,0.0,0.0,1.6666666666666667,3.333333333333333,,1.6666666666666667,2.6666666666666665,,0.6666666666666666,2.0,1.3333333333333333,0.0,0.4018181818181818,0.0539972451087909,0.2109090909090909,0.0411407581781263,0.02,0.0282842712474619,0.0,0.0,0.0454545454545454,0.0642824346533225,0.3018181818181818,0.0874241111285186,0.16,0.2262741699796952,0.0,0.0,0.3722181818181818,0.0121365236625472,7.6,10.7144761887831,3.0,1.8,0.2,0.0,0.2,0.0,0.0,0.4,1.0,2.2,,1.0,1.6,,0.6,1.2,1.0,-0.4,0.2009090909090909,0.2340751686382021,0.3554545454545454,0.4416884707960575,0.01,0.02,0.0,0.0,0.0227272727272727,0.0454545454545454,0.4009090909090909,0.4269734606367875,0.08,0.16,0.5,0.5773502691896257,0.9361090909090908,0.7685568997864546,4.5,7.877534865397649,1.9,1.0,0.2,0.0,0.2,0.0,0.0,0.2,0.5,1.4,,0.9,1.2,,0.3,0.7,0.6,-0.1,0.5337373737373737,1.311580685082034,0.195016835016835,0.3277737155590213,0.0414814814814814,0.1102410378205552,0.0,0.0,0.0471380471380471,0.1114549317712825,0.2892929292929292,0.4237655328286981,0.48,1.324235628579748,0.2222222222222222,0.4409585518440984,0.7227151515151515,0.764361280162444,,True,True,3.406209478604174,2.260691009132385,0.187520422990951,0.0,5.854420910727511,0.1032998317107279,0.1755748024206324,0.5841735684816585,0.9575498851856272,2.8390649731912525,1.5390535994359025,2.285864778776479,0.6211335122240359,1.7916932969084387,1.2245318124706677,-0.0170356781986801,0.2788746341313304,5.845943942672388,3.451015356530672,2.430725032123368,2.9635,3.0485,0.2995,0.096,6.3115,0.1135,0.152,0.4425,POR,False,2.488607592610776,1.7818944272879915,0.5538950712905829,0.3062417345823394,3.1800106524978813,0.3429544430387219,0.3948366750949055,0.6593130895105906
5105740,Indya Nivar,ATL,2026-05-29,0.0,26.0,0.0,0.0,3.0,4,2,0,0,1,0,0,2,1,3,,2,2,,1,1,3,3.0,14.0,0.2857142857142857,0.1428571428571428,0.0,0.0,0.0714285714285714,0.2142857142857142,0.1428571428571428,0.1428571428571428,0.42,0.0,16.0,2.8284271247461903,5.5,2.0,1.0,0.5,1.0,0.0,0.0,2.0,2.0,4.0,,1.0,1.5,,1.0,1.0,3.5,-1.0,0.3373015873015873,0.072955461550993,0.1269841269841269,0.0224478343233824,0.0555555555555555,0.0785674201318386,0.0277777777777777,0.0392837100659193,0.0634920634920634,0.0112239171616912,0.246031746031746,0.0448956686467649,0.0992063492063492,0.0617315443893017,0.1269841269841269,0.0224478343233824,0.4166666666666666,0.0047140452079103,16.0,2.8284271247461903,5.5,2.0,1.0,0.5,1.0,0.0,0.0,2.0,2.0,4.0,,1.0,1.5,,1.0,1.0,3.5,-1.0,0.3373015873015873,0.072955461550993,0.1269841269841269,0.0224478343233824,0.0555555555555555,0.0785674201318386,0.0277777777777777,0.0392837100659193,0.0634920634920634,0.0112239171616912,0.246031746031746,0.0448956686467649,0.0992063492063492,0.0617315443893017,0.1269841269841269,0.0224478343233824,0.4166666666666666,0.0047140452079103,16.0,2.8284271247461903,5.5,2.0,1.0,0.5,1.0,0.0,0.0,2.0,2.0,4.0,,1.0,1.5,,1.0,1.0,3.5,-1.0,0.3373015873015873,0.072955461550993,0.1269841269841269,0.0224478343233824,0.0555555555555555,0.0785674201318386,0.0277777777777777,0.0392837100659193,0.0634920634920634,0.0112239171616912,0.246031746031746,0.0448956686467649,0.0992063492063492,0.0617315443893017,0.1269841269841269,0.0224478343233824,0.4166666666666666,0.0047140452079103,,True,True,5.221381389623899,2.295728564500023,1.0498525744384837,0.3912789190133444,8.566962528562406,0.3495968696686138,0.0941563467665555,1.3511023357129963,1.7890182277461997,4.121724340262081,1.2506182019893772,1.806042629831476,0.9763425186285128,1.471521845871583,2.547542388059381,-2.6740952270605383,0.4437532164351686,7.69615340905956,6.128519418997961,3.3280947389384865,6.539,3.754,1.346,0.642,11.639,0.29,0.141,0.9465,POR,False,3.8520746358293736,1.93635843789315,1.1658833560867057,0.819045786265945,4.432231830579262,0.5243090691567331,0.3702958276837588,0.981650523353398
5108587,Madina Okot,ATL,2026-05-29,0.0,26.0,0.0,0.0,3.0,9,6,1,1,3,1,2,5,3,6,,2,4,,2,4,3,3.0,21.0,0.4285714285714285,0.2857142857142857,0.0476190476190476,0.0476190476190476,0.1428571428571428,0.2857142857142857,0.1904761904761904,0.238095238095238,0.6076190476190476,0.0,22.0,1.4142135623730951,11.5,8.5,0.5,0.5,2.5,1.0,1.0,3.5,4.0,10.0,,3.0,5.0,,1.0,7.5,2.5,1.5,0.5186335403726708,0.1273670599652788,0.3819875776397515,0.136150995135298,0.0238095238095238,0.0336717514850736,0.0238095238095238,0.0336717514850736,0.1149068322981366,0.0395277082650865,0.4472049689440994,0.2283823144204998,0.2256728778467908,0.0497756326301089,0.1625258799171842,0.1068712112352338,0.7090269151138717,0.1434123815425139,22.0,1.4142135623730951,11.5,8.5,0.5,0.5,2.5,1.0,1.0,3.5,4.0,10.0,,3.0,5.0,,1.0,7.5,2.5,1.5,0.5186335403726708,0.1273670599652788,0.3819875776397515,0.136150995135298,0.0238095238095238,0.0336717514850736,0.0238095238095238,0.0336717514850736,0.1149068322981366,0.0395277082650865,0.4472049689440994,0.2283823144204998,0.2256728778467908,0.0497756326301089,0.1625258799171842,0.1068712112352338,0.7090269151138717,0.1434123815425139,22.0,1.4142135623730951,11.5,8.5,0.5,0.5,2.5,1.0,1.0,3.5,4.0,10.0,,3.0,5.0,,1.0,7.5,2.5,1.5,0.5186335403726708,0.1273670599652788,0.3819875776397515,0.136150995135298,0.0238095238095238,0.0336717514850736,0.0238095238095238,0.0336717514850736,0.1149068322981366,0.0395277082650865,0.4472049689440994,0.2283823144204998,0.2256728778467908,0.0497756326301089,0.1625258799171842,0.1068712112352338,0.7090269151138717,0.1434123815425139,,True,True,11.51704109273405,7.058207480787874,0.7861495808809641,0.4533573010175104,19.361398154402888,0.6968158531684254,0.9142326259941496,1.7584447662753098,4.029883227712915,8.936781321666661,3.0024695231623344,4.297330411248337,1.6747444121331545,5.535598868654668,2.196896431087633,-1.0248695883267347,1.6110484791625828,18.75429202845803,12.160476128550906,7.82687066166886,11.403,8.9445,1.222,0.9145,21.5695,0.5135,0.6335,1.243,POR,False,5.004357201479527,2.959124828390989,1.147482461739612,0.9535144204468016,5.909836694021249,0.7230613736053115,0.7982341448472372,1.0871756987718222
5208983,Isobel Borlase,ATL,2026-05-29,0.0,26.0,0.0,0.0,3.0,2,1,2,0,2,2,1,1,1,4,,0,0,,0,1,0,-7.0,14.0,0.1428571428571428,0.0714285714285714,0.1428571428571428,0.0,0.1428571428571428,0.2857142857142857,0.0,0.0714285714285714,0.3571428571428571,0.0,19.0,7.071067811865476,7.5,1.0,2.5,0.0,3.0,1.0,1.0,2.5,2.5,9.0,,2.5,2.5,,0.0,1.0,0.5,2.0,0.3422619047619047,0.2820009186874921,0.056547619047619,0.021044844678171,0.1339285714285714,0.0126269068069026,0.0,0.0,0.1547619047619047,0.0168358757425368,0.4345238095238095,0.2104484467817106,0.1041666666666666,0.1473139127471974,0.119047619047619,0.0673435029701473,0.5994047619047619,0.3426100713606247,19.0,7.071067811865476,7.5,1.0,2.5,0.0,3.0,1.0,1.0,2.5,2.5,9.0,,2.5,2.5,,0.0,1.0,0.5,2.0,0.3422619047619047,0.2820009186874921,0.056547619047619,0.021044844678171,0.1339285714285714,0.0126269068069026,0.0,0.0,0.1547619047619047,0.0168358757425368,0.4345238095238095,0.2104484467817106,0.1041666666666666,0.1473139127471974,0.119047619047619,0.0673435029701473,0.5994047619047619,0.3426100713606247,19.0,7.071067811865476,7.5,1.0,2.5,0.0,3.0,1.0,1.0,2.5,2.5,9.0,,2.5,2.5,,0.0,1.0,0.5,2.0,0.3422619047619047,0.2820009186874921,0.056547619047619,0.021044844678171,0.1339285714285714,0.0126269068069026,0.0,0.0,0.1547619047619047,0.0168358757425368,0.4345238095238095,0.2104484467817106,0.1041666666666666,0.1473139127471974,0.119047619047619,0.0673435029701473,0.5994047619047619,0.3426100713606247,,True,True,9.955312777469258,1.498012405890853,2.801180800208572,1.000960392571799,14.254505983568682,0.9834365927149576,0.6770253946560446,1.4946129074618957,3.340003675398494,8.210526980884687,2.2728972209719123,2.681247632070028,0.0926905581781402,1.557457647712654,1.1897354692789155,1.0251846118202272,1.6604619873709838,11.63236863829598,12.613779032613715,4.281706806099509,9.702,2.9595,2.523,0.9255,15.1845,0.585,0.514,1.052,POR,False,4.744596505499704,1.74552563716492,1.581287766347416,0.9539128628968162,5.269578707069475,0.7744514187474898,0.7005740503330108,1.032616095167996
981,Courtney Vandersloot,CHI,2026-05-29,0.0,14.0,0.0,1.0,43.0,0,0,0,0,0,0,0,0,0,0,,0,0,,0,0,0,0.0,0.0,,,,,,,,,,0.0,0.0,0.0,0.0,0.0,0.0,0.0,0.0,0.0,0.0,0.0,0.0,0.0,,0.0,0.0,,0.0,0.0,0.0,0.0,,,,,,,,,,,,,,,,,,,0.0,0.0,0.0,0.0,0.0,0.0,0.0,0.0,0.0,0.0,0.0,0.0,,0.0,0.0,,0.0,0.0,0.0,0.0,,,,,,,,,,,,,,,,,,,0.0,0.0,0.0,0.0,0.0,0.0,0.0,0.0,0.0,0.0,0.0,0.0,,0.0,0.0,,0.0,0.0,0.0,0.0,,,,,,,,,,,,,,,,,,,,True,True,2.5467379599389663,0.9556551907356444,0.680647308105488,0.1784733104069536,4.183040458780098,0.2710631748692384,0.1450672692468875,0.4883160858854068,0.8420249477182997,1.9967068773776733,0.6827669409667131,0.9460630753521764,0.2740842351122793,0.8337067556233672,0.739590015053129,-0.3784604984126976,0.4161304441161281,3.681436605610489,3.0846707229802903,1.6188160988411366,2.573645614874803,1.1077909907356445,0.5110251081054881,0.2068287784715002,4.192461713715952,0.2710631748692384,0.1450672692468875,0.4883160858854068,,,7.5,3.0,2.5,1.3,9.0,1.2,1.3,1.5
2491205,Skylar Diggins,CHI,2026-05-29,0.0,14.0,0.0,1.0,51.0,0,2,3,0,2,1,0,0,0,5,,0,0,,1,1,3,-9.0,12.0,0.0,0.1666666666666666,0.25,0.0,0.1666666666666666,0.4166666666666667,0.0,0.0,0.4166666666666667,0.0,20.666666666666668,13.316656236958778,6.666666666666667,2.333333333333333,4.333333333333333,1.0,3.0,1.3333333333333333,0.3333333333333333,1.3333333333333333,2.0,7.666666666666667,,1.6666666666666667,2.6666666666666665,,1.0,1.3333333333333333,2.0,-6.333333333333333,0.287037037037037,0.2580992567549326,0.1164021164021164,0.0478389982011246,0.2341269841269841,0.0610904933267485,0.0277777777777777,0.0481125224324687,0.1494708994708994,0.0150235670523817,0.3783068783068783,0.0332797503317704,0.1613756613756613,0.2330596242247304,0.0515873015873016,0.045070701157145,0.5008994708994711,0.1040008834455441,24.6,11.304866208850065,11.6,2.0,4.4,1.8,3.6,1.2,0.4,1.6,4.0,10.8,,1.8,2.8,,0.8,1.2,2.4,-7.0,0.413101343101343,0.2701814771502666,0.0909401709401709,0.0514985690268146,0.1958608058608058,0.0806540672255504,0.0549084249084249,0.0520772336725302,0.147045177045177,0.0227266837007358,0.4258852258852258,0.0868863237738841,0.137045177045177,0.1684588485558771,0.0538095238095237,0.0515518803913308,0.5399946275946277,0.1267293313283182,27.8,8.482662055955993,13.8,2.2,5.2,1.8,4.6,1.7,0.5,1.7,4.8,12.0,,2.4,3.3,,1.0,1.2,2.1,-1.8,0.4679389384561798,0.234374516186762,0.085511882753262,0.0454286941100251,0.1947821718511374,0.0549033297217154,0.0571347617899342,0.0516812765357385,0.1635763278866727,0.0540090598083736,0.4280583018514052,0.0786731553697115,0.1306923153474877,0.1149173795724435,0.0565935214211076,0.0402905673636527,0.5421564420254075,0.105012273977552,,True,True,10.702058746231042,1.907282631845291,3.5641579964726238,1.0043885838635789,16.173499374548957,0.8782774182025328,0.4026775317379389,1.958506737507106,3.801943549096599,8.755931334722206,2.04846522245219,2.659186560428854,0.4254729976355516,1.633945434209832,1.9630621097011465,1.0541584896363465,1.2809549499405155,12.788384833011698,14.123502197639066,5.453954228317927,11.2785,3.949,2.9485,1.239,18.176,0.658,0.3325,1.337,MIN,True,5.034474922968631,1.9719023809509435,1.7134315714378558,1.1291053980917811,5.706664875389127,0.808724922331444,0.584759565975624,1.1672321962660217
2529137,Natasha Cloud,CHI,2026-05-29,0.0,14.0,0.0,1.0,50.0,7,3,7,0,2,2,0,1,3,8,,1,3,,0,3,5,-11.0,23.0,0.3043478260869565,0.1304347826086956,0.3043478260869565,0.0,0.0869565217391304,0.3478260869565217,0.1304347826086956,0.0434782608695652,0.448695652173913,0.0,28.666666666666668,6.0277137733417145,7.333333333333333,2.6666666666666665,3.6666666666666665,1.0,2.6666666666666665,2.0,0.3333333333333333,2.0,2.333333333333333,6.333333333333333,,1.6666666666666667,2.333333333333333,,0.3333333333333333,2.333333333333333,3.6666666666666665,-14.333333333333334,0.2633540372670807,0.0556516193406265,0.0958592132505176,0.0307834842975076,0.1443064182194617,0.1387838592283722,0.0333333333333333,0.0359515925489083,0.0956521739130434,0.0435137388525142,0.2326086956521739,0.0998450827345804,0.086335403726708,0.0388534016721327,0.0644927536231884,0.0432963511881525,0.3350890269151139,0.1036375749243661,29.0,8.57321409974112,9.4,3.0,3.4,1.2,3.2,2.2,0.2,2.4,3.4,7.2,,1.4,2.0,,0.2,2.8,2.8,-4.6,0.2940650539391958,0.1757799085317647,0.0980418437397842,0.0408389507364787,0.1221101667211507,0.105872051554918,0.0349999999999999,0.0368047800799664,0.1084439359267734,0.0387775781678167,0.2521967963386727,0.0766395037112786,0.0668012422360248,0.0466196032575698,0.0797482837528604,0.0371095758007893,0.3613376266753841,0.0847557247540325,27.3,11.37296990431455,10.0,3.2,3.6,1.5,3.6,1.3,0.4,2.2,3.6,7.4,,1.3,1.6,,0.3,2.9,2.3,-3.3,0.3451894664457101,0.1485236746918543,0.1130300167331736,0.0589378325476656,0.1345454729494246,0.0796095387057825,0.0503285543608124,0.0359336678622895,0.1288049743599557,0.0466605955761587,0.2709137916736155,0.0732141697448796,0.0568648876619891,0.0483388610106397,0.0790118900180168,0.0282635446493745,0.3749462322629075,0.0869213264558969,,True,True,9.265425566147604,2.967418633464874,3.7553283548088743,1.089868555002475,15.988172554421352,1.0646854502480314,0.2872070138643933,1.764622714081701,3.4491440342675093,7.796931024910005,1.2758211294813124,1.70179292635111,0.5470669726590284,2.5724874608056423,2.0239769428765517,0.4769833601473695,1.35189246411245,12.41188765454851,12.87803937589281,6.705260588273672,11.6335,5.507,3.239,1.332,20.3795,0.761,0.2855,1.2925,MIN,True,5.2553951088381545,2.3194721382245578,1.7832215229746415,1.1509891398271312,6.0382513818157655,0.8377821912645315,0.5310270708730395,1.1379559525746152
2566081,Elizabeth Williams,CHI,2026-05-29,0.0,14.0,0.0,1.0,48.0,1,4,1,0,0,0,1,1,0,2,,1,2,,1,3,3,-5.0,17.0,0.0588235294117647,0.2352941176470588,0.0588235294117647,0.0,0.0,0.1176470588235294,0.1176470588235294,0.0588235294117647,0.228235294117647,0.0,9.333333333333334,8.621678104251716,1.6666666666666667,2.6666666666666665,0.6666666666666666,0.0,0.0,0.0,0.3333333333333333,0.3333333333333333,0.6666666666666666,2.0,,0.3333333333333333,0.6666666666666666,,1.0,1.6666666666666667,1.6666666666666667,-2.6666666666666665,0.2112299465240643,0.2155352220729048,0.2994652406417112,0.0907516724517494,0.0748663101604278,0.0226879181129373,0.0,0.0,0.0,0.0,0.2406417112299465,0.1739407055325197,0.0588235294117647,0.0831890330807703,0.0294117647058823,0.0415945165403851,0.2959358288770053,0.0957430144365956,16.8,12.235195135346226,5.6,5.2,1.8,0.0,0.0,0.4,0.8,1.6,2.2,4.4,,1.2,2.0,,1.2,4.0,1.4,-7.2,0.3113441399286987,0.1699030040056979,0.3085867869875222,0.0575181515966922,0.0999331550802139,0.0317706808511126,0.0,0.0,0.0,0.0,0.2739666889483066,0.1636304329271262,0.0919117647058823,0.1190934373848661,0.0798100490196078,0.0696382849496493,0.3942179144385027,0.1662495094555932,16.2,8.270429251254136,5.9,3.9,1.4,0.0,0.0,0.5,0.6,1.3,2.5,4.4,,0.9,1.4,,1.3,2.6,1.3,-4.0,0.3509938817536857,0.1680864421951434,0.2303239471131627,0.1144235014262433,0.0796592750024122,0.0394933582980866,0.0,0.0,0.0,0.0,0.2757990602353347,0.1142268929559022,0.0718325791855203,0.0930021468912714,0.0686501452432825,0.0607128434983757,0.3760555403202462,0.1247670233082524,,True,True,5.153013817713839,3.7086316261351806,1.68356465930241,0.1088834338079493,10.54521010315143,0.3551511524687107,0.6112479882789361,1.21062287530352,2.3728961061316847,4.436633283763667,0.9388180304116148,1.4283313018883157,1.0322915763361415,2.828475849798982,1.512964530799339,-0.487424785355931,0.966399140747618,9.733939068015516,7.387114101183194,5.374709885437568,5.881,5.4895,1.83,0.399,13.2005,0.319,0.3645,0.8885,MIN,True,3.4676849626227586,2.4279394041038174,1.3427955912945202,0.620321690737959,4.463104272812814,0.5676609903807025,0.592992200623246,0.9444933827190108
2566186,Rachel Banham,CHI,2026-05-29,0.0,14.0,0.0,1.0,50.0,5,0,1,1,3,0,1,1,2,5,,0,0,,0,0,3,0.0,16.0,0.3125,0.0,0.0625,0.0625,0.1875,0.3125,0.0,0.0625,0.375,0.0,16.666666666666668,1.1547005383792397,8.666666666666666,0.3333333333333333,1.0,2.333333333333333,3.6666666666666665,0.3333333333333333,0.3333333333333333,1.3333333333333333,2.6666666666666665,4.333333333333333,,1.0,1.3333333333333333,,0.0,0.3333333333333333,2.333333333333333,-3.0,0.5208333333333334,0.2194927865177653,0.0185185185185185,0.0320750149549792,0.0601851851851851,0.0040093768693735,0.1388888888888888,0.0669697969513399,0.2199074074074074,0.0313142343946033,0.261574074074074,0.0462383897116625,0.0833333333333333,0.1443375672974064,0.0787037037037037,0.0280656380856067,0.3769444444444444,0.0446151236606977,23.4,9.262828941527529,8.6,1.4,3.0,1.8,5.0,0.4,0.4,2.2,2.4,6.2,,2.0,2.6,,0.0,1.4,2.2,-10.0,0.4148172905525847,0.2338901472060265,0.0469399881164587,0.0450542375064905,0.1084818775995246,0.1087944197587693,0.0954545454545454,0.0789865829117417,0.2155451574569221,0.0230398753148931,0.2647875816993464,0.0558464486385408,0.1038324420677361,0.1065267471808575,0.0889334521687462,0.0260656752206642,0.3994073083778966,0.06010154211916,24.7,6.684143758012533,8.3,1.6,2.9,1.7,4.4,0.7,0.3,2.1,2.6,6.3,,1.4,1.7,,0.0,1.6,1.9,-7.2,0.3628036373809619,0.2177557921001043,0.0567648282562893,0.0488860599147614,0.1091770994133423,0.0820562111876502,0.0791159485675614,0.0634438709399153,0.1792952496059706,0.0560409497057732,0.2538447270102867,0.0845458433415907,0.0676085287261757,0.0855736848093297,0.0816826069776733,0.0514477549988505,0.3652750866274775,0.1094226951352257,,True,True,4.341770029822191,0.8587269291928238,2.1617704214815334,1.0887747682485844,7.362267380496549,0.3518444507324913,0.2496687332403894,1.3244336167204689,1.8290878502384,4.918332512737496,0.738853323865436,0.967410245853069,-0.0226267686525218,1.0334894978453313,1.5483029777852648,-2.690156125666829,0.6015131839728697,6.634574183181188,7.615859675470434,3.0030109506743514,9.252,2.786,2.217,1.214,14.255,0.3305,0.222,1.0055,MIN,True,4.593092204604649,1.6628902549476918,1.5125842125316526,1.094625049960031,5.116441634573778,0.5764284430872578,0.4844749735538463,0.9987340737153207
3142010,Azura Stevens,CHI,2026-05-29,0.0,14.0,0.0,1.0,47.0,0,0,0,0,0,0,0,0,0,0,,0,0,,0,0,0,0.0,0.0,,,,,,,,,,0.0,17.666666666666668,15.307950004273378,4.333333333333333,7.0,1.6666666666666667,0.6666666666666666,4.333333333333333,1.0,0.0,0.0,1.0,5.0,,1.6666666666666667,2.0,,1.0,6.0,0.6666666666666666,-4.0,0.2443019943019942,0.0735310470464647,0.3974358974358973,0.0906547155367366,0.094017094017094,0.0241745908097965,0.0377492877492877,0.0010072746170748,0.2443019943019942,0.0735310470464643,0.2820512820512821,0.0725237724293894,0.1111111111111111,0.1571348402636772,0.0,0.0,0.3309401709401709,0.1416631021454063,21.4,12.157302332343304,5.8,8.0,1.6,0.8,4.4,1.0,0.0,0.6,1.8,6.8,,1.4,1.6,,1.2,6.8,1.2,-0.6,0.2617343304843305,0.1343590742265752,0.3737179487179487,0.0606190216850322,0.0740918803418803,0.0287805918449267,0.0376246438746438,0.0034544159544155,0.2054843304843304,0.0617361562802922,0.316025641025641,0.058969713678068,0.0722222222222222,0.1048220125784067,0.0291666666666666,0.0393817968854383,0.3769700854700855,0.0976791838250898,24.2,8.841819822738854,6.8,7.6,2.3,1.1,4.0,1.1,0.6,0.9,2.3,6.7,,1.1,1.3,,1.1,6.5,1.4,-0.7,0.2699319105572967,0.144120653285083,0.3133228436787947,0.0984910183908885,0.092686513557852,0.0421590670522116,0.0446537480884286,0.0197558394576225,0.1640028947784478,0.0605562212862098,0.2746468060428015,0.0790786465052018,0.0505142888531839,0.0749861713868403,0.0373724207650792,0.0338404164544826,0.3342455139032818,0.0999168966369088,,True,True,4.2007075426848415,4.602841734901342,1.1166997126755138,0.6801815096371193,9.920248990261696,0.5634763460604325,0.4616411000249005,0.582127340440472,1.2975049819021578,2.9781867312535835,0.9240682561142144,1.140947360409638,0.8597481707974977,3.8952293641037583,0.8539772681746245,4.007279310868847,1.0251174460853716,8.982592732521521,5.174692710296153,5.7020550475768,6.692,6.4725,1.5635,0.826,14.728,0.4445,0.3305,0.57,MIN,True,3.9153717575729634,2.528684193409687,1.244977007819823,0.8801840716577414,4.898470781784862,0.6715055844890644,0.5685681577436429,0.7483982896827064
4066548,DiJonai Carrington,CHI,2026-05-29,0.0,14.0,0.0,1.0,47.0,0,0,0,0,0,0,0,0,0,0,,0,0,,0,0,0,0.0,0.0,,,,,,,,,,0.0,0.0,0.0,0.0,0.0,0.0,0.0,0.0,0.0,0.0,0.0,0.0,0.0,,0.0,0.0,,0.0,0.0,0.0,0.0,,,,,,,,,,,,,,,,,,,0.0,0.0,0.0,0.0,0.0,0.0,0.0,0.0,0.0,0.0,0.0,0.0,,0.0,0.0,,0.0,0.0,0.0,0.0,,,,,,,,,,,,,,,,,,,2.5,5.317685377848001,1.7,0.2,0.2,0.4,0.7,0.1,0.1,0.1,0.6,1.2,,0.1,0.2,,0.1,0.1,0.3,2.2,0.6655844155844157,0.1698892915837798,0.0714285714285714,0.1010152544552219,0.0909090909090909,0.128564869306645,0.1623376623376623,0.0275496148514244,0.2694805194805194,0.123973266831408,0.4577922077922077,0.2617213410885278,0.0714285714285714,0.1010152544552206,0.0357142857142856,0.0505076272276105,0.524935064935065,0.3566756802764351,,True,True,1.697137655407709,0.3840501394520932,0.155108020225113,0.1168344057729575,2.236295815084915,0.0480851334054291,0.067850079058928,0.2747157423336618,0.5479616055396279,1.2658918043252647,0.4829322254268162,0.7583046790221346,0.1462063608954255,0.3899795785566469,0.5220235526966208,0.215873834744323,0.1159352124643568,2.260231249795653,1.7095311305686614,0.5216717596772007,1.7240453103435454,0.5361859394520933,-0.0145141797748868,0.145189873837504,2.245717070020588,0.0480851334054291,0.067850079058928,0.2747157423336618,,,7.5,3.0,2.5,1.3,9.0,1.2,1.3,1.5
4432865,Jacy Sheldon,CHI,2026-05-29,0.0,14.0,0.0,1.0,47.0,8,0,3,1,2,0,0,2,3,6,,1,1,,0,0,5,-7.0,26.0,0.3076923076923077,0.0,0.1153846153846153,0.0384615384615384,0.0769230769230769,0.2307692307692307,0.0384615384615384,0.0769230769230769,0.3246153846153846,0.0,20.0,5.196152422706632,4.333333333333333,1.0,1.6666666666666667,0.3333333333333333,1.6666666666666667,0.3333333333333333,0.0,1.6666666666666667,1.6666666666666667,5.333333333333333,,0.6666666666666666,0.6666666666666666,,0.3333333333333333,0.6666666666666666,2.6666666666666665,-9.666666666666666,0.2006033182503771,0.0972938366387338,0.0588235294117647,0.0588235294117647,0.0776772247360482,0.06727996057222,0.0128205128205128,0.0222057795842163,0.0844645550527903,0.0301281815315809,0.273001508295626,0.0365742251975328,0.0324283559577677,0.0298722508602388,0.0844645550527903,0.0301281815315809,0.3717345399698341,0.0440050153710252,12.0,11.554220008291344,2.6,0.6,1.0,0.2,1.0,0.2,0.0,1.0,1.0,3.2,,0.4,0.4,,0.2,0.4,1.6,-5.8,0.2006033182503771,0.0972938366387338,0.0588235294117647,0.0588235294117647,0.0776772247360482,0.06727996057222,0.0128205128205128,0.0222057795842163,0.0844645550527903,0.0301281815315809,0.2730015082956259,0.0365742251975328,0.0324283559577677,0.0298722508602388,0.0844645550527903,0.0301281815315809,0.3717345399698341,0.0440050153710252,6.0,9.966610925150702,1.3,0.3,0.5,0.1,0.5,0.1,0.0,0.5,0.5,1.6,,0.2,0.2,,0.1,0.2,0.8,-2.9,0.2006033182503771,0.0972938366387338,0.0588235294117647,0.0588235294117647,0.0776772247360482,0.06727996057222,0.0128205128205128,0.0222057795842163,0.0844645550527903,0.0301281815315809,0.2730015082956259,0.0365742251975328,0.0324283559577677,0.0298722508602388,0.0844645550527903,0.0301281815315809,0.3717345399698341,0.0440050153710252,,True,True,7.775730985011381,2.341519711115218,2.1030670377510896,0.8623448951133253,12.220317733877687,0.5664612972030867,0.2428597552050374,1.345712893270258,2.3514142364685098,5.786078223328289,1.3993993063963948,1.9016219439761488,0.5186625393190809,1.9749929717961168,1.8574380321226964,-2.114296997182928,0.809321052408115,9.322184920293108,8.761974246928967,4.42710034886635,6.1545,3.1735,1.65,0.63,10.978,0.4195,0.219,0.95,MIN,True,3.766248763690471,1.8064876833236367,1.2567816039392046,0.7791662210337407,4.30946818064596,0.6507839503245297,0.4658744466055205,0.9677293009927932
4433405,Kamilla Cardoso,CHI,2026-05-29,0.0,14.0,0.0,1.0,46.0,7,8,1,0,0,0,1,2,2,6,,3,4,,2,6,4,-2.0,23.0,0.3043478260869565,0.3478260869565217,0.0434782608695652,0.0,0.0,0.2608695652173913,0.1739130434782608,0.0869565217391304,0.4243478260869565,0.0,18.666666666666668,3.785938897200182,6.666666666666667,5.333333333333333,0.6666666666666666,0.0,0.0,0.3333333333333333,1.0,2.6666666666666665,2.0,5.0,,2.6666666666666665,4.333333333333333,,1.3333333333333333,4.0,4.0,-9.666666666666666,0.3600277067348678,0.206088284042576,0.2777067348678602,0.0611686880433517,0.0341005967604432,0.0305124129039612,0.0,0.0,0.0,0.0,0.2695545609548167,0.0393288562088106,0.2368925831202046,0.1534057233126635,0.1527600170502983,0.139052194980522,0.5265473145780052,0.1353132519502358,25.0,9.137833441248532,10.8,6.8,1.4,0.0,0.0,0.4,1.8,2.4,4.0,8.4,,2.8,4.0,,1.6,5.2,3.0,-13.0,0.4114711694954661,0.1751627940908201,0.2731896974863727,0.1002018264023188,0.0497532873491952,0.0328804703944627,0.0,0.0,0.0,0.0,0.3177933426334961,0.0740809942140264,0.1840547417913146,0.1413060826723813,0.1153933839675527,0.1130661274610993,0.5141708129892273,0.1009959634642126,27.6,7.214183560490023,12.2,8.0,2.3,0.0,0.0,0.3,1.9,2.5,5.0,9.9,,2.2,3.5,,2.6,5.4,3.1,-9.4,0.437104321200621,0.1643193922760493,0.2871188032248898,0.1001280718140599,0.0771512303548645,0.0429380668192593,0.0,0.0,0.0,0.0,0.3508301629653519,0.0859181362308453,0.1393676212250381,0.122568874018808,0.0981506264901302,0.0858913431190588,0.5103025427944989,0.0722025101465975,,True,True,10.72211999875713,6.957255074878634,2.152538503844759,0.0,19.831913577480524,0.5720702744655051,1.3232320992900763,1.9757667737210909,4.66837367114689,8.541242048833258,2.216269295876218,3.1934371367811822,2.10688209596812,5.00250877891064,2.7147803992067145,-3.090163589864825,1.8953023737555557,18.530325374725383,13.403850803691268,9.092307178723438,8.933,8.5,2.225,0.461,19.658,0.4875,0.6705,1.3435,MIN,True,4.507384052862591,2.9971653274385783,1.5104221264269138,0.6938868783886896,5.724162471488733,0.6948695920818524,0.8074216680273077,1.0888102451758983
4433424,Maddy Westbeld,CHI,2026-05-29,0.0,30.0,0.0,0.0,48.0,5,5,2,1,2,1,1,1,2,4,,0,0,,0,5,1,8.0,12.0,0.4166666666666667,0.4166666666666667,0.1666666666666666,0.0833333333333333,0.1666666666666666,0.3333333333333333,0.0,0.0833333333333333,0.4166666666666667,0.0,22.666666666666668,9.237604307034012,12.333333333333334,4.666666666666667,2.333333333333333,2.333333333333333,4.0,1.6666666666666667,0.6666666666666666,0.3333333333333333,3.6666666666666665,7.0,,2.6666666666666665,2.6666666666666665,,0.3333333333333333,4.333333333333333,2.0,-1.0,0.5198412698412699,0.333616659634662,0.246031746031746,0.1726532533159293,0.115079365079365,0.0481125224324688,0.0992063492063492,0.0727392967453307,0.1746031746031746,0.0363696483726654,0.3134920634920635,0.1261755007586082,0.0952380952380952,0.0824786098842322,0.0277777777777777,0.0481125224324688,0.3831746031746032,0.1283210377830436,20.4,7.368853370776216,9.2,4.2,2.0,1.6,3.2,1.0,0.4,0.6,3.0,6.6,,1.6,1.6,,0.8,3.4,2.0,-2.4,0.4262907268170426,0.2972979061475498,0.232531328320802,0.1293260585765716,0.1034335839598997,0.0399739159681272,0.0728571428571428,0.0671031628697201,0.1524812030075187,0.0409567827858584,0.3284461152882205,0.0923759512732662,0.0571428571428571,0.0782460796435951,0.0405263157894736,0.0385585938347122,0.3941152882205513,0.0922658164533239,11.1,11.288637355027989,5.0,2.2,1.1,0.9,1.7,0.5,0.2,0.4,1.6,3.6,,0.9,1.0,,0.4,1.8,1.0,-0.7,0.4293163464216096,0.2660145902835464,0.2122946254525201,0.1258464477028866,0.1047131718184349,0.0358908795766805,0.0792328042328042,0.0620174324005658,0.1455861876914508,0.040338738976166,0.3292606516290726,0.082647649183846,0.0846560846560846,0.0971587634382055,0.0522904483430799,0.044941973868992,0.4187997772208298,0.1023050765693861,,True,True,6.500979548244781,2.8765122866710624,1.544832393107438,0.7199001378356148,10.922324228023282,0.736974505605958,0.4428806679524975,1.2116191974960526,2.224213137019635,5.5367861059233565,1.3312053232411405,1.75706288655626,0.6511520658735188,2.377496020797496,1.5570991624137338,0.3699976684573969,1.1798551735584888,9.556535289851915,7.903097396288201,4.40385827977854,8.1175,4.672,1.6235,0.9305,14.413,0.52,0.304,0.945,MIN,True,4.191741135852737,2.160883152787304,1.2408657260155105,0.961597498956814,4.886863104282746,0.7201388754955534,0.5546025603979845,0.9684910944350495
4433433,Aicha Coulibaly,CHI,2026-05-29,0.0,14.0,0.0,1.0,4.0,8,1,0,0,1,1,0,0,4,6,,0,0,,0,1,4,12.0,16.0,0.5,0.0625,0.0,0.0,0.0625,0.375,0.0,0.0,0.375,0.0,15.333333333333334,0.5773502691896255,5.666666666666667,1.3333333333333333,0.3333333333333333,0.0,0.6666666666666666,1.3333333333333333,1.0,0.3333333333333333,2.0,4.0,,1.6666666666666667,2.0,,0.3333333333333333,1.0,3.333333333333333,-2.0,0.3666666666666667,0.2027587510099406,0.0874999999999999,0.039747466725706,0.0222222222222222,0.038490017945975,0.0,0.0,0.0430555555555555,0.0373453601659687,0.2583333333333333,0.1010362971081844,0.1333333333333333,0.1763834207376393,0.0222222222222222,0.038490017945975,0.3392222222222222,0.0970774795564709,15.333333333333334,0.5773502691896255,5.666666666666667,1.3333333333333333,0.3333333333333333,0.0,0.6666666666666666,1.3333333333333333,1.0,0.3333333333333333,2.0,4.0,,1.6666666666666667,2.0,,0.3333333333333333,1.0,3.333333333333333,-2.0,0.3666666666666667,0.2027587510099406,0.0874999999999999,0.039747466725706,0.0222222222222222,0.038490017945975,0.0,0.0,0.0430555555555555,0.0373453601659687,0.2583333333333333,0.1010362971081844,0.1333333333333333,0.1763834207376393,0.0222222222222222,0.038490017945975,0.3392222222222222,0.0970774795564709,15.333333333333334,0.5773502691896255,5.666666666666667,1.3333333333333333,0.3333333333333333,0.0,0.6666666666666666,1.3333333333333333,1.0,0.3333333333333333,2.0,4.0,,1.6666666666666667,2.0,,0.3333333333333333,1.0,3.333333333333333,-2.0,0.3666666666666667,0.2027587510099406,0.0874999999999999,0.039747466725706,0.0222222222222222,0.038490017945975,0.0,0.0,0.0430555555555555,0.0373453601659687,0.2583333333333333,0.1010362971081844,0.1333333333333333,0.1763834207376393,0.0222222222222222,0.038490017945975,0.3392222222222222,0.0970774795564709,,True,True,6.21441951892322,2.2668978826766044,0.6450713921674397,0.3037092634045208,9.126388793767264,0.816443643903362,0.7530874504817772,0.95064378853445,2.2272483270882426,4.620449141919371,1.4547657882135685,2.00953739790105,0.8541697701234845,1.564863912553117,2.552497390705762,-2.07367406239312,1.5695310943851424,8.660360856535593,6.716776366026375,2.8944828748440714,5.512,3.4665,0.7935,0.398,9.772,0.556,0.403,0.743,MIN,True,3.497407039507984,1.8231505011929208,0.8943476672972319,0.6539082504449687,4.0935334370199055,0.75555542483659,0.6337120797333755,0.8437718886049713
4433630,Rickea Jackson,CHI,2026-05-29,0.0,14.0,0.0,1.0,45.0,29,6,0,4,10,0,3,2,10,22,,5,6,,1,5,0,-21.0,32.0,0.90625,0.1875,0.0,0.125,0.3125,0.6875,0.1875,0.0625,0.8325,0.0,25.0,6.082762530298216,17.666666666666668,4.0,1.0,1.3333333333333333,4.333333333333333,0.0,1.0,3.0,5.0,13.333333333333334,,6.333333333333333,6.666666666666667,,0.3333333333333333,3.6666666666666665,1.0,-11.666666666666666,0.6765422077922079,0.2507194041756793,0.155573593073593,0.0278390553192489,0.0468975468975469,0.0476354425403869,0.0416666666666666,0.0721687836487032,0.1503427128427128,0.1420906270507369,0.5076659451659452,0.1600287492257633,0.2811147186147186,0.129240390134511,0.1312229437229437,0.1340646036166132,0.7625793650793652,0.1412561244901304,23.4,4.87852436706018,14.2,3.2,1.2,1.2,4.4,0.0,0.6,2.0,4.2,11.2,,4.6,4.8,,0.4,2.8,0.8,-8.8,0.5759253246753246,0.2307046911213492,0.1306168831168831,0.0498764602144306,0.0563203463203463,0.0388618265421173,0.044090909090909,0.0511641338736552,0.1756601731601731,0.1067224166877978,0.455508658008658,0.1445366903634792,0.2068506493506493,0.1367581067759142,0.0878246753246753,0.1130323697959571,0.6343476190476192,0.2135649436293145,27.3,6.05621810850449,15.0,2.7,0.8,1.6,5.3,0.2,0.6,2.0,4.8,11.7,,3.8,4.2,,0.3,2.4,0.8,-6.0,0.5401042476042476,0.1903780190389209,0.1016947866947866,0.0497815208836419,0.0340629509379509,0.0365850523046963,0.0560902754652754,0.0488470038106654,0.1915849197099197,0.1015390766784497,0.4245690420690421,0.1149564234696537,0.1587196368446368,0.1253537409993964,0.0768628362378362,0.0823347078463685,0.5712685185185186,0.1786847808208579,,True,True,15.246053027997048,3.5300633721023456,1.8346461900701887,1.695922967529411,20.610762590169585,0.7043484224391352,0.6341623050274314,1.8812248303894832,5.082710028474876,12.78848538073584,3.38326219038973,3.9909951411033937,0.6203316312561393,3.061867540846043,1.9190339124296147,-3.495377511648081,1.3385107274665995,18.95515985503572,16.937984673003378,5.347223162172615,14.121,5.717,1.7685,1.52,21.6065,0.582,0.432,1.3275,MIN,True,5.614299511069925,2.3263514351877275,1.3190556280915526,1.2367699866992246,6.282726935813779,0.7458391247447402,0.6537400094838927,1.13632906765602
4594786,Sydney Taylor,CHI,2026-05-29,0.0,14.0,0.0,1.0,4.0,5,0,0,0,1,0,1,0,1,3,,3,3,,0,0,1,8.0,7.0,0.7142857142857143,0.0,0.0,0.0,0.1428571428571428,0.4285714285714285,0.4285714285714285,0.0,0.6171428571428572,0.0,11.666666666666666,5.033222956847166,11.333333333333334,1.0,1.6666666666666667,1.0,3.333333333333333,0.0,0.6666666666666666,1.3333333333333333,3.333333333333333,7.0,,3.6666666666666665,5.333333333333333,,0.3333333333333333,0.6666666666666666,2.333333333333333,3.0,0.8708938120702827,0.4259145888980388,0.0802139037433155,0.0927772811384891,0.1515151515151515,0.262431940540739,0.0695187165775401,0.0616714577255122,0.2454800101858925,0.1453184112780594,0.5492742551566081,0.1870207261339494,0.4191494779730074,0.2327633853074374,0.089126559714795,0.0882487971086386,0.8228265851795263,0.3490812727504836,11.666666666666666,5.033222956847166,11.333333333333334,1.0,1.6666666666666667,1.0,3.333333333333333,0.0,0.6666666666666666,1.3333333333333333,3.333333333333333,7.0,,3.6666666666666665,5.333333333333333,,0.3333333333333333,0.6666666666666666,2.333333333333333,3.0,0.8708938120702827,0.4259145888980388,0.0802139037433155,0.0927772811384891,0.1515151515151515,0.262431940540739,0.0695187165775401,0.0616714577255122,0.2454800101858925,0.1453184112780594,0.5492742551566081,0.1870207261339494,0.4191494779730074,0.2327633853074374,0.089126559714795,0.0882487971086386,0.8228265851795263,0.3490812727504836,11.666666666666666,5.033222956847166,11.333333333333334,1.0,1.6666666666666667,1.0,3.333333333333333,0.0,0.6666666666666666,1.3333333333333333,3.333333333333333,7.0,,3.6666666666666665,5.333333333333333,,0.3333333333333333,0.6666666666666666,2.333333333333333,3.0,0.8708938120702827,0.4259145888980388,0.0802139037433155,0.0927772811384891,0.1515151515151515,0.262431940540739,0.0695187165775401,0.0616714577255122,0.2454800101858925,0.1453184112780594,0.5492742551566081,0.1870207261339494,0.4191494779730074,0.2327633853074374,0.089126559714795,0.0882487971086386,0.8228265851795263,0.3490812727504836,,True,True,8.422235261228982,1.5323078674925346,1.4182367870595658,0.7867072271154125,11.372779915781082,0.1510527192121191,0.5547954733123402,1.4237746712208008,2.517062302442481,5.765698390471052,2.599955616099951,3.446544605370896,0.4660356885571337,1.218407978935625,1.80802356809153,0.8022567611888802,0.7058481925244606,10.133586583657154,9.697757503223734,2.9330582545520603,8.449142916164819,1.6844436674925347,1.248614587059566,0.8150626951799591,11.382201170716437,0.1510527192121191,0.5547954733123402,1.4237746712208008,,,7.5,3.0,2.5,1.3,9.0,1.2,1.3,1.5
4858656,Gabriela Jaquez,CHI,2026-05-29,0.0,14.0,0.0,1.0,4.0,13,3,0,0,1,1,0,2,4,5,,5,7,,1,2,2,-5.0,29.0,0.4482758620689655,0.1034482758620689,0.0,0.0,0.0344827586206896,0.1724137931034483,0.2413793103448276,0.0689655172413793,0.3475862068965517,0.0,20.0,8.54400374531753,9.666666666666666,3.333333333333333,0.0,0.0,1.0,0.6666666666666666,0.0,1.0,2.6666666666666665,5.0,,4.333333333333333,5.333333333333333,,0.6666666666666666,2.6666666666666665,1.6666666666666667,-3.6666666666666665,0.4710627142569066,0.1504228774065565,0.1982254486791691,0.120132050886118,0.0,0.0,0.0,0.0,0.0465819721718088,0.0536644792102724,0.2533776971163541,0.145239182388384,0.2690562613430127,0.0407010309983458,0.0507662835249042,0.0445479538476378,0.4225287356321839,0.11921529666938,20.0,8.54400374531753,9.666666666666666,3.333333333333333,0.0,0.0,1.0,0.6666666666666666,0.0,1.0,2.6666666666666665,5.0,,4.333333333333333,5.333333333333333,,0.6666666666666666,2.6666666666666665,1.6666666666666667,-3.6666666666666665,0.4710627142569066,0.1504228774065565,0.1982254486791691,0.120132050886118,0.0,0.0,0.0,0.0,0.0465819721718088,0.0536644792102724,0.2533776971163541,0.145239182388384,0.2690562613430127,0.0407010309983458,0.0507662835249042,0.0445479538476378,0.4225287356321839,0.11921529666938,20.0,8.54400374531753,9.666666666666666,3.333333333333333,0.0,0.0,1.0,0.6666666666666666,0.0,1.0,2.6666666666666665,5.0,,4.333333333333333,5.333333333333333,,0.6666666666666666,2.6666666666666665,1.6666666666666667,-3.6666666666666665,0.4710627142569066,0.1504228774065565,0.1982254486791691,0.120132050886118,0.0,0.0,0.0,0.0,0.0465819721718088,0.0536644792102724,0.2533776971163541,0.145239182388384,0.2690562613430127,0.0407010309983458,0.0507662835249042,0.0445479538476378,0.4225287356321839,0.11921529666938,,True,True,11.008684880406127,3.858017188645217,0.9709478737494884,0.8329615233212413,15.837649942800834,0.6472406527735353,0.3559270952456135,1.419301536158066,3.325991903768561,7.147465584719881,2.8141589663823443,3.7019634519079534,1.0592625941554836,2.950890394489575,2.08095188999451,-1.4306556103007169,1.003167748019137,14.188686073987162,10.979858759091616,4.811478662394819,9.3785,5.8365,1.028,0.7695,16.243,0.5035,0.274,1.044,MIN,True,4.633275056587943,2.3243854564163837,0.9870238092366364,0.8794144358605902,5.299429308897327,0.6870136461526801,0.5421475813835196,1.0305648936384355
1068,Nneka Ogwumike,LAS,2026-05-29,0.0,14.0,0.0,1.0,51.0,20,5,3,1,2,1,0,2,8,11,,3,3,,0,5,4,14.0,32.0,0.625,0.15625,0.09375,0.03125,0.0625,0.34375,0.09375,0.0625,0.4475,0.0,28.0,6.928203230275519,17.666666666666668,6.0,3.333333333333333,1.3333333333333333,2.6666666666666665,1.0,0.0,1.0,5.666666666666667,11.0,,5.0,6.0,,1.3333333333333333,4.666666666666667,2.0,10.333333333333334,0.6583333333333333,0.1773649721149401,0.2125,0.0634305722818264,0.1354166666666666,0.1004546954270099,0.0541666666666666,0.0396928310067867,0.1020833333333333,0.0443412430287348,0.3999999999999999,0.0534000234082346,0.2312499999999999,0.1291498644985739,0.0312499999999999,0.0312499999999999,0.5329999999999999,0.0792511829564713,29.0,5.65685424949238,17.6,7.2,3.2,1.8,3.2,0.8,0.0,1.4,6.2,12.4,,3.4,4.0,,1.4,5.8,2.0,0.8,0.6176579520697169,0.1731104871385717,0.2455827886710239,0.0637530000336007,0.1211192810457516,0.0741233050989607,0.0634368191721132,0.0419659011249992,0.1128839869281045,0.0369232872530259,0.425838779956427,0.0843619296522658,0.1505147058823529,0.1448929662528522,0.0468545751633986,0.0421805267473836,0.538919825708061,0.0735195700691893,30.4,4.452215428550396,17.7,7.2,2.2,1.8,4.5,1.1,0.1,1.7,6.4,13.6,,3.1,3.6,,1.9,5.3,1.8,0.8,0.586250247573777,0.1308603300847612,0.2384331055654585,0.0745959519117624,0.0790583531392355,0.0737526442745154,0.0598923054070112,0.0495324536739009,0.14843298177857,0.0836562860776486,0.4449585313923549,0.0665354602135503,0.1266363388789859,0.1034301703183966,0.0548153099623687,0.0379211037407411,0.5554938304614775,0.0649875624310614,,True,True,15.99172025318826,6.281359878884866,2.429595737489842,1.40315020138145,24.702675869562967,0.834158538964646,0.4879909807640852,2.1185461738132023,5.729452351948692,13.066819828967937,3.1282175347808754,3.945798987974618,1.4042423871934249,5.029253291691408,2.336752498637688,0.7407079929922132,1.32214951972871,22.45212358700853,18.27860144561331,8.693469216374726,12.4975,7.058,2.012,1.4065,21.5675,0.7585,0.397,1.622,WSH,False,5.291407539587175,2.6012758408135035,1.3924280950914485,1.1451016330439845,6.10200325712794,0.8643944412130379,0.6327645691724529,1.2657472101490093
2284331,Emma Cannon,LAS,2026-05-29,0.0,14.0,0.0,1.0,48.0,0,0,0,0,0,0,0,0,0,0,,0,0,,0,0,0,0.0,0.0,,,,,,,,,,0.0,5.0,4.358898943540674,1.0,0.6666666666666666,0.6666666666666666,0.3333333333333333,1.0,0.3333333333333333,0.0,0.3333333333333333,0.3333333333333333,1.0,,0.0,0.0,,0.0,0.6666666666666666,0.3333333333333333,-1.6666666666666667,0.1874999999999999,0.2651650429449553,0.1339285714285714,0.0126269068069026,0.1339285714285714,0.0126269068069026,0.0625,0.0883883476483184,0.1964285714285714,0.0757614408414158,0.1964285714285715,0.0757614408414158,0.0,0.0,0.0714285714285714,0.101015254455221,0.2678571428571428,0.0252538136138052,3.0,4.123105625617661,0.6,0.4,0.4,0.2,0.6,0.2,0.0,0.2,0.2,0.6,,0.0,0.0,,0.0,0.4,0.2,-1.0,0.1875,0.2651650429449553,0.1339285714285714,0.0126269068069026,0.1339285714285714,0.0126269068069026,0.0625,0.0883883476483184,0.1964285714285714,0.0757614408414158,0.1964285714285714,0.0757614408414158,0.0,0.0,0.0714285714285714,0.101015254455221,0.2678571428571428,0.0252538136138052,1.5,3.171049598406741,0.3,0.2,0.2,0.1,0.3,0.1,0.0,0.1,0.1,0.3,,0.0,0.0,,0.0,0.2,0.1,-0.5,0.1875,0.2651650429449553,0.1339285714285714,0.0126269068069026,0.1339285714285714,0.0126269068069026,0.0625,0.0883883476483184,0.1964285714285714,0.0757614408414158,0.1964285714285714,0.0757614408414158,0.0,0.0,0.0714285714285714,0.101015254455221,0.2678571428571428,0.0252538136138052,,True,True,2.38746608481132,0.8621091369683548,0.5807160146744257,0.2157100166678624,3.8302912364541,0.2585505614788581,0.1023452363518304,0.4427452189899792,0.7561370525905922,1.773917347618407,0.6580341498334442,0.939030776622702,0.2220904972999146,0.7921544396684342,0.726163020145064,-0.811250849466941,0.3608957978307121,3.42861867671557,2.825467554421618,1.4253387516427671,2.4143737397471563,1.0142449369683548,0.4110938146744257,0.2440654847324089,3.839712491389953,0.2585505614788581,0.1023452363518304,0.4427452189899792,,,7.5,3.0,2.5,1.3,9.0,1.2,1.3,1.5
2491214,Erica Wheeler,LAS,2026-05-29,0.0,14.0,0.0,1.0,51.0,10,2,7,2,4,1,0,3,3,5,,2,2,,0,2,1,16.0,33.0,0.303030303030303,0.0606060606060606,0.2121212121212121,0.0606060606060606,0.1212121212121212,0.1515151515151515,0.0606060606060606,0.0909090909090909,0.269090909090909,0.0,25.666666666666668,12.701705922171763,10.666666666666666,1.3333333333333333,4.666666666666667,2.0,5.333333333333333,1.0,0.0,2.333333333333333,3.6666666666666665,8.666666666666666,,1.3333333333333333,1.3333333333333333,,0.0,1.3333333333333333,3.0,5.0,0.4444444444444444,0.12616157572522,0.0404040404040403,0.0349909254054318,0.1818181818181818,0.0303030303030304,0.101010101010101,0.0699818508108637,0.2626262626262626,0.1723103243356765,0.3636363636363636,0.1843261372817642,0.0404040404040404,0.0349909254054318,0.0909090909090909,0.0,0.4723232323232323,0.1782944741095765,24.8,9.121403400793104,10.6,1.6,3.6,1.8,5.2,1.0,0.0,1.4,3.8,9.2,,1.2,1.2,,0.4,1.2,3.2,-0.6,0.4466666666666666,0.0960084936554808,0.0584242424242424,0.0351556946313649,0.1443636363636363,0.0651936438844958,0.0867878787878787,0.0561422828433704,0.243030303030303,0.1251335374863859,0.388,0.1349831809405259,0.0413333333333333,0.0248499630011198,0.0545454545454545,0.0497929597731969,0.4607321212121212,0.1274675223872519,24.6,6.915361322607971,11.2,2.1,3.1,2.5,5.9,1.0,0.1,1.3,3.9,9.2,,0.9,0.9,,0.3,1.8,3.1,0.9,0.4678194893397983,0.1250838002591059,0.0811463497410293,0.0531757029483968,0.1282893976732649,0.0612120763108143,0.1093965937761704,0.0562408086376029,0.2605150174958527,0.0929608300609016,0.3836048530988462,0.104733303789511,0.0350207336523126,0.0329685589679327,0.0529641768414651,0.0429544487236059,0.451978152747329,0.1109359843748905,,True,True,8.63313652627969,2.449311091874737,3.592777716855089,1.768930756375393,14.675225335009516,1.001728923535734,0.1867459112828202,1.919920918912824,3.176814529821552,8.900772111722446,2.009128897132632,2.4639576657871176,0.372212239611049,2.2292346522636954,2.81952516488441,-0.602672016714653,1.18847483481854,12.761491073090085,13.583199698070484,6.024602408729875,10.7725,3.7705,2.5065,1.477,17.0495,0.84,0.2015,1.4215,WSH,False,5.038426713766908,1.9310178015751176,1.5456253588758175,1.190995801839788,5.532906085412981,0.9446692542895636,0.4493303350542895,1.2057519438093394
2566106,Dearica Hamby,LAS,2026-05-29,0.0,14.0,0.0,1.0,48.0,19,7,4,0,0,0,0,2,8,10,,3,3,,1,6,4,6.0,32.0,0.59375,0.21875,0.125,0.0,0.0,0.3125,0.09375,0.0625,0.41625,0.0,26.0,6.557438524301993,15.666666666666666,5.666666666666667,3.0,0.0,0.0,1.6666666666666667,0.0,2.333333333333333,6.0,9.333333333333334,,3.6666666666666665,4.333333333333333,,1.0,4.666666666666667,2.6666666666666665,-2.0,0.6111720272904484,0.0660732218944331,0.2171661793372319,0.0060066565358547,0.1137914230019493,0.0101377407713039,0.0,0.0,0.0,0.0,0.3523797920727745,0.1144949583784666,0.1858958739441195,0.1157326663935734,0.0929580896686159,0.0265390478145187,0.5271320662768031,0.1219707674567072,26.4,4.878524367060189,17.4,6.8,3.6,0.2,0.4,1.4,0.2,2.0,6.4,11.6,,4.4,5.6,,2.2,4.6,2.2,1.8,0.6591170094777172,0.1227923272477683,0.2563686731195805,0.05395608726852,0.1347576124218592,0.0299142814824142,0.008,0.0178885438199983,0.0148965517241379,0.0204910003156456,0.4348761511057336,0.1420255743168396,0.220503041607851,0.1075384064034596,0.0775679572494454,0.0300190107741326,0.6094654466626335,0.1419893837528787,29.0,4.966554808583777,19.2,8.0,3.1,0.1,0.8,1.3,0.2,2.5,7.8,13.2,,3.5,5.0,,2.5,5.5,2.5,2.5,0.6583728385531924,0.1369535489187871,0.2731795265549803,0.0535958250830975,0.1099377287698521,0.0533664109719531,0.004,0.0126491106406735,0.0278859862997794,0.028550905347378,0.4512259543407456,0.1177243324137603,0.1805641711165758,0.0948023210088862,0.0892096640504081,0.0528844412154389,0.6198838536824471,0.1109483752783226,,True,True,17.721770987886615,7.051520003833568,3.156271430032423,0.4212050405936696,27.929562421752603,1.05891752400761,0.4605692976404775,2.5009157712860604,6.606530436770864,12.628495362034217,3.395426170190403,4.796704768931299,1.962225796079304,5.241430007754272,2.719868888791701,1.3417581146441164,1.51948682164813,24.10035063451565,19.88334406071476,10.190305033866046,9.7455,7.37,2.427,0.678,19.5425,0.8665,0.367,1.713,WSH,False,4.539133149622293,2.6470927448806925,1.535470937530242,0.8181173509955647,5.416751217288828,0.9114152456482172,0.5842182811244441,1.2777444971511325
3065570,Kelsey Plum,LAS,2026-05-29,0.0,14.0,0.0,1.0,47.0,27,0,9,4,8,3,0,2,10,16,,3,4,,0,0,3,8.0,33.0,0.8181818181818182,0.0,0.2727272727272727,0.1212121212121212,0.2424242424242424,0.4848484848484848,0.1212121212121212,0.0606060606060606,0.5987878787878789,0.0,28.33333333333333,8.9628864398325,18.33333333333333,1.6666666666666667,7.0,2.333333333333333,5.0,1.6666666666666667,0.0,3.0,6.0,12.333333333333334,,4.0,4.333333333333333,,0.3333333333333333,1.3333333333333333,3.0,1.6666666666666667,0.6605268369974252,0.1959285544454066,0.0577342047930283,0.0588537806502836,0.2434145375321846,0.0262134687892021,0.0872449990097049,0.0503390488964164,0.166864725688255,0.0678600761424504,0.4285006932065755,0.0501211628752727,0.1722123192711428,0.0914397448582709,0.1062586650821944,0.0434301707182686,0.6105327787680729,0.0117172701436567,28.4,7.092249290598857,16.8,1.4,5.6,2.6,5.6,1.2,0.0,2.2,5.6,13.2,,3.0,3.6,,0.2,1.2,2.8,1.2,0.5993464052287582,0.1619904475079709,0.0490344622697563,0.0434733898757333,0.1930184194890077,0.0754104392821011,0.0932560903149138,0.0389115667677087,0.1902703505644682,0.0589485993860025,0.4646761734997029,0.0760467144352213,0.1381758764111705,0.0797492096357637,0.078149138443256,0.0494039895451958,0.6036226975638741,0.0499807849181057,31.4,5.796550698475765,16.6,2.1,5.5,2.1,5.5,1.2,0.0,2.7,5.3,12.9,,3.9,4.3,,0.1,2.0,2.3,1.8,0.538112283406401,0.140312652648904,0.0658270130328953,0.040919142142846,0.175865089688619,0.069994140318267,0.0699529820118055,0.039988457699715,0.1733300011241187,0.051344226729002,0.4143250240309063,0.098285125006088,0.1422713049183637,0.079417915198876,0.0855036568271862,0.0576647764312976,0.5624280550221726,0.0882909284422321,,True,True,15.160012972229335,2.018516372339424,5.335780413018114,1.8246268033399045,22.514309757586872,1.3575948712112742,0.1919179362392195,2.699888624621458,4.958846866331199,12.422085837251648,3.4162446230980663,4.1398855994831845,-0.0120630145398435,2.182715186879116,2.2889068718439414,1.934680093532478,1.5495128074505335,17.35757279950392,20.35307884018348,7.336810385357504,12.765,3.626,3.1625,1.5375,19.5535,1.0505,0.257,1.79,WSH,False,5.4957961206726,1.9261682169530263,1.797246157319581,1.2089639159213976,6.018483010692977,1.0143716035063284,0.5098539006421349,1.3460683489332923
3146151,Ariel Atkins,LAS,2026-05-29,0.0,26.0,0.0,0.0,48.0,4,2,3,1,2,1,1,1,1,4,,1,2,,0,2,0,16.0,17.0,0.2352941176470588,0.1176470588235294,0.1764705882352941,0.0588235294117647,0.1176470588235294,0.2352941176470588,0.1176470588235294,0.0588235294117647,0.3458823529411765,0.0,5.666666666666667,9.814954576223638,1.3333333333333333,0.6666666666666666,1.0,0.3333333333333333,0.6666666666666666,0.3333333333333333,0.3333333333333333,0.3333333333333333,0.3333333333333333,1.3333333333333333,,0.3333333333333333,0.6666666666666666,,0.0,0.6666666666666666,0.0,5.333333333333333,0.2352941176470588,,0.1176470588235294,,0.1764705882352941,,0.0588235294117647,,0.1176470588235294,,0.2352941176470588,,0.1176470588235294,,0.0588235294117647,,0.3458823529411765,,8.4,11.844830095868833,2.8,0.6,0.8,0.2,0.8,0.4,0.2,1.2,1.0,2.4,,0.6,0.8,,0.0,0.6,1.0,0.2,0.3176470588235294,0.1164646463130784,0.0788235294117647,0.0549047618333083,0.108235294117647,0.0964992783736935,0.0294117647058823,0.0415945165403851,0.0988235294117647,0.0266204905858464,0.2776470588235294,0.0598961038181546,0.0988235294117647,0.0266204905858464,0.1294117647058823,0.0998268396969243,0.4505411764705883,0.1480099276573065,19.5,14.1989827491659,7.8,2.5,2.7,0.7,1.7,0.5,0.4,1.7,2.8,6.3,,1.5,1.7,,0.7,1.8,1.8,-1.7,0.3801380034772529,0.2358573623780592,0.1261503911909591,0.0630843632438321,0.1382302231237322,0.0844447278031154,0.0353249058243987,0.0312661044480852,0.0872670964937699,0.046197323085717,0.3124395102868734,0.1063649480902161,0.0872037090698348,0.07164735065041,0.0876032309475514,0.0532541086242318,0.4384123732251521,0.1475093435330589,,True,True,6.926214211315527,2.1845944000245403,2.3442054128985808,0.5655817891557247,11.455014024238649,0.6368092960505457,0.3662887851338554,1.4530594012913534,2.514952099843236,5.517946115758967,1.3292804093447157,1.742195211935413,0.5563986063070101,1.7803315937174695,1.5490539034872723,0.5367742636181981,1.0030980811843722,9.289852066275802,9.127705079150136,4.51131341292316,4.777,2.438,1.416,0.5105,8.631,0.496,0.258,0.992,WSH,False,3.3107810256795904,1.585293663647212,1.196638625483901,0.6876697972137499,3.849914154887093,0.6913638694638301,0.5093486036105331,1.005453131677454
4398764,Rae Burrell,LAS,2026-05-29,0.0,14.0,0.0,1.0,37.0,13,5,2,2,3,0,0,5,5,6,,1,2,,1,4,2,10.0,35.0,0.3714285714285714,0.1428571428571428,0.0571428571428571,0.0571428571428571,0.0857142857142857,0.1714285714285714,0.0571428571428571,0.1428571428571428,0.3394285714285714,0.0,26.666666666666668,8.504900548115382,9.0,3.0,1.0,1.0,3.0,0.6666666666666666,0.3333333333333333,3.0,3.6666666666666665,7.333333333333333,,0.6666666666666666,1.0,,1.3333333333333333,1.6666666666666667,0.6666666666666666,4.333333333333333,0.3213403880070547,0.0858404801872753,0.109347442680776,0.0344254343843794,0.0313932980599647,0.0289864687887855,0.0313932980599647,0.0289864687887855,0.1149911816578483,0.0313972611096629,0.2855379188712523,0.1181806566229201,0.0313932980599647,0.0289864687887855,0.1031746031746031,0.0441886060542065,0.4025255731922398,0.1146063722864763,26.4,6.387487769068525,12.0,3.2,1.6,1.4,3.8,1.2,0.4,2.2,4.4,9.2,,1.8,2.0,,1.4,1.8,1.2,5.0,0.4437787455478609,0.1836526560119419,0.1174825285769813,0.0403671922749884,0.0587160388059938,0.047876552852481,0.0500203866320807,0.0333336619731333,0.1487548289347389,0.0672279634169423,0.358429198099363,0.1356540148475738,0.0725091422542696,0.0599736868767126,0.0774969658028128,0.0471454751218533,0.4678301864940545,0.127192591201034,22.1,6.590397054300547,9.5,2.8,1.6,1.0,3.2,0.7,0.3,1.6,3.6,7.9,,1.3,1.6,,1.1,1.7,1.0,0.0,0.4149099048734099,0.1867227128702518,0.1281183126786969,0.056467353479571,0.0745753897519462,0.046988712962542,0.0429656589030849,0.0327981908246221,0.1483491225838144,0.0588600848697941,0.362947488966782,0.1019028425201328,0.0668310122298917,0.0740893105877732,0.0645379565856169,0.0598135541690833,0.4568910909335512,0.1374898598933563,,True,True,10.826905453282397,3.802071147562868,2.145818790889321,1.4190145873041946,16.774795391734585,1.0561087670240157,0.3428369506932533,1.4593601296249743,4.060481512170891,9.12517281259925,1.9612935724712532,2.6228462111859407,1.135931283118,2.818275664444754,2.191193363963789,-0.6308331512655918,1.398945717717246,15.32402175937293,13.346011402699432,5.93040353845231,10.279,4.862,1.808,1.209,16.949,0.9195,0.3,1.2635,WSH,False,4.812811963914651,2.1318902410771527,1.3263242439162457,1.0650441305410776,5.529864284048931,0.951850697326004,0.5495452665613634,1.1135832927985223
4398907,Kate Martin,LAS,2026-05-29,0.0,14.0,0.0,1.0,51.0,0,1,0,0,1,0,0,0,0,2,,0,0,,0,1,1,-1.0,6.0,0.0,0.1666666666666666,0.0,0.0,0.1666666666666666,0.3333333333333333,0.0,0.0,0.3333333333333333,0.0,11.666666666666666,9.814954576223636,4.333333333333333,3.0,0.6666666666666666,1.0,2.6666666666666665,0.0,0.0,0.3333333333333333,1.3333333333333333,3.6666666666666665,,0.6666666666666666,1.3333333333333333,,0.6666666666666666,2.333333333333333,1.0,2.333333333333333,0.393719806763285,0.4185579843335776,0.2125603864734299,0.0794902544536441,0.0289855072463768,0.0502043712338804,0.0845410628019323,0.0833595841871372,0.2391304347826087,0.0854335226271853,0.3647342995169083,0.1226187453767831,0.0579710144927536,0.1004087424677609,0.0144927536231884,0.0251021856169402,0.4047342995169082,0.085857955961194,13.2,10.377861051295683,4.8,2.2,0.8,1.0,3.2,0.0,0.2,0.4,1.2,4.2,,1.4,2.2,,0.6,1.6,0.6,-3.2,0.3208472686733556,0.3463042971782203,0.1429208472686733,0.1139829720207674,0.0327759197324414,0.0450202506233146,0.0661092530657748,0.0696494930158971,0.2696321070234114,0.0947298003208849,0.3926867335562988,0.1505281491223781,0.088628762541806,0.1259520405194016,0.0163879598662207,0.0225101253116573,0.4480713489409141,0.1048095519299878,14.9,7.460265112953798,5.6,2.9,0.7,1.3,3.8,0.1,0.1,0.5,1.5,4.8,,1.3,1.9,,0.7,2.2,0.9,-0.5,0.3554236343366778,0.320742911556465,0.177870680044593,0.0935430631759545,0.0313879598662207,0.0423301261129531,0.0830546265328874,0.0831836417738789,0.265200668896321,0.0896022055702337,0.3604459308807135,0.1183215968290937,0.0926477146042363,0.1130145119168028,0.024860646599777,0.0271489227531832,0.4260715719063545,0.1218485676149442,,True,True,3.9324528103284098,1.999597339411633,0.5963023149757058,0.8209515295569538,6.5283524647157485,0.1249058905051363,0.1889803077038692,0.7761604255191592,1.0561679855762212,3.184318416084152,0.9977174964901584,1.436656400845373,0.3925006502442613,1.759232489167433,1.2236882166497862,-0.6798406944260068,0.313886198209006,6.111093604675558,4.386040580239857,2.5784132543872813,4.74,2.573,0.597,0.665,7.91,0.1635,0.1645,0.672,WSH,False,3.3602678464670044,1.6064467000183975,0.7460502664030086,0.8256966755413273,3.7873341547848662,0.4059159395737004,0.4055117137642265,0.823660124080315
4433404,Cameron Brink,LAS,2026-05-29,0.0,14.0,0.0,1.0,35.0,10,3,1,0,1,1,1,1,3,6,,4,6,,0,3,3,-12.0,16.0,0.625,0.1875,0.0625,0.0,0.0625,0.375,0.375,0.0625,0.6025,0.0,11.0,5.5677643628300215,4.0,3.0,0.3333333333333333,0.0,1.0,0.6666666666666666,0.6666666666666666,1.6666666666666667,1.3333333333333333,3.333333333333333,,1.3333333333333333,2.0,,0.6666666666666666,2.333333333333333,3.0,-4.0,0.3416666666666666,0.3165569985537098,0.3069444444444444,0.1086800008860535,0.0208333333333333,0.0360843918243516,0.0,0.0,0.1152777777777777,0.0741073420664116,0.3138888888888889,0.1281094728622245,0.125,0.2165063509461096,0.1319444444444444,0.1771854280857371,0.5008333333333334,0.1012525719837934,12.6,4.505552130427522,4.4,4.8,0.6,0.0,1.6,0.8,1.0,1.2,1.8,4.6,,0.8,1.6,,0.6,4.2,2.4,0.0,0.3383333333333334,0.2287951534063214,0.3841666666666666,0.1486163031284104,0.0391666666666666,0.0591901361902658,0.0,0.0,0.1358333333333333,0.0639824194603486,0.3616666666666666,0.1142001167541725,0.1016666666666666,0.1633418365133548,0.0925,0.1384562706737722,0.4989,0.074587346260758,12.5,3.59783885748715,4.4,4.2,0.5,0.2,1.6,0.6,1.0,1.6,1.6,4.1,,1.0,1.6,,0.8,3.4,2.7,-4.4,0.3419773527126469,0.2127181837988244,0.3372293637734814,0.1232586087923563,0.03625,0.0635270550898989,0.0174242424242424,0.0367769024944463,0.1374776612276612,0.1153573248421491,0.3256205722382193,0.1937369789470955,0.1155894922071392,0.1424747827211546,0.1264296242972713,0.1321345941730966,0.502909573106632,0.1909992845523153,,True,True,7.355316609876063,4.105245880463815,1.1272556042069557,0.2513415779904588,12.587818094546831,0.4428179298028484,0.8149667184803615,1.0081593785002267,2.058653769417517,4.357941897124306,1.365920775636102,1.9890341959964415,1.1354671418524027,3.121914538611289,2.089982061126495,-0.7298215345132051,1.257784648283221,10.139605945275548,6.839857669019127,5.215015084670724,4.219,4.035,0.827,0.394,9.081,0.409,0.4455,0.7845,WSH,False,3.0974245753528846,2.085851145216264,0.9061296816681372,0.6346369040640483,3.94796643856049,0.6570532702909254,0.6848574669228628,0.8758194734076196
4433795,Sania Feagin,LAS,2026-05-29,0.0,26.0,0.0,0.0,47.0,8,3,0,0,0,1,0,1,2,3,,4,4,,2,1,1,-5.0,10.0,0.8,0.3,0.0,0.0,0.0,0.3,0.4,0.1,0.576,0.0,6.666666666666667,5.773502691896257,4.0,1.0,0.6666666666666666,0.0,0.0,0.3333333333333333,0.0,0.3333333333333333,1.3333333333333333,1.6666666666666667,,1.3333333333333333,1.3333333333333333,,0.6666666666666666,0.3333333333333333,1.3333333333333333,-2.6666666666666665,0.6000000000000001,0.282842712474619,0.15,0.2121320343559642,0.1,0.1414213562373095,0.0,0.0,0.0,0.0,0.25,0.0707106781186547,0.2,0.282842712474619,0.05,0.0707106781186547,0.388,0.2658721497261418,4.6,4.979959839195493,2.4,0.8,0.6,0.0,0.0,0.2,0.0,0.2,0.8,1.4,,0.8,0.8,,0.4,0.4,1.0,-2.2,0.3,0.3829708431025352,0.2,0.2449489742783178,0.175,0.2362907813126304,0.0,0.0,0.0,0.0,0.5,0.3559026084010437,0.1,0.2,0.025,0.05,0.569,0.3300161612204267,2.5,4.034572812303402,1.4,0.6,0.3,0.0,0.0,0.1,0.0,0.1,0.5,0.9,,0.4,0.4,,0.3,0.3,0.6,-1.6,0.44,0.4560701700396552,0.36,0.4159326868617084,0.1399999999999999,0.2190890230020664,0.0,0.0,0.0,0.0,0.6,0.3807886552931954,0.08,0.1788854381999831,0.02,0.0447213595499957,0.6552,0.3447248177894942,,True,True,2.8808388104821265,1.5864079515468972,0.582029387467141,0.0287079226674264,5.0492761494961655,0.1031515746845968,0.1920686896248186,0.6891144455466476,0.8951267045787874,2.4549491855837005,1.0604296655283294,1.4982220621090854,0.5597732764627096,1.1787704750842878,1.2252975642942645,-0.911251407389136,0.2952202643094239,4.646290216964805,3.320153652884973,2.150950939014024,2.907746465417963,1.738543751546897,0.4124071874671409,0.057063390731973,5.058697404431869,0.1031515746845968,0.1920686896248186,0.6891144455466476,,,7.5,3.0,2.5,1.3,9.0,1.2,1.3,1.5
4609797,Ta'Niya Latson,LAS,2026-05-29,0.0,14.0,0.0,1.0,3.0,0,0,0,0,0,0,0,0,0,0,,0,0,,0,0,0,-7.0,2.0,0.0,0.0,0.0,0.0,0.0,0.0,0.0,0.0,0.0,0.0,8.0,8.48528137423857,3.5,0.5,1.0,0.0,1.0,0.0,0.0,2.0,1.0,2.5,,1.5,3.0,,0.0,0.5,1.0,-1.5,0.25,0.3535533905932738,0.0357142857142857,0.0505076272276105,0.0714285714285714,0.101015254455221,0.0,0.0,0.0714285714285714,0.101015254455221,0.1785714285714285,0.2525381361380527,0.2142857142857142,0.3030457633656632,0.1428571428571428,0.2020305089104421,0.4157142857142857,0.5879087809293867,8.0,8.48528137423857,3.5,0.5,1.0,0.0,1.0,0.0,0.0,2.0,1.0,2.5,,1.5,3.0,,0.0,0.5,1.0,-1.5,0.25,0.3535533905932738,0.0357142857142857,0.0505076272276105,0.0714285714285714,0.101015254455221,0.0,0.0,0.0714285714285714,0.101015254455221,0.1785714285714285,0.2525381361380527,0.2142857142857142,0.3030457633656632,0.1428571428571428,0.2020305089104421,0.4157142857142857,0.5879087809293867,8.0,8.48528137423857,3.5,0.5,1.0,0.0,1.0,0.0,0.0,2.0,1.0,2.5,,1.5,3.0,,0.0,0.5,1.0,-1.5,0.25,0.3535533905932738,0.0357142857142857,0.0505076272276105,0.0714285714285714,0.101015254455221,0.0,0.0,0.0714285714285714,0.101015254455221,0.1785714285714285,0.2525381361380527,0.2142857142857142,0.3030457633656632,0.1428571428571428,0.2020305089104421,0.4157142857142857,0.5879087809293867,,True,True,3.520092878423178,0.98931540437722,1.2018097262257657,0.0720560608352735,5.711218009026164,0.1892888995838091,0.1071400922136995,1.1142825446485969,1.1204047840713054,2.4837965645215285,1.2057794363166123,1.7919578008567267,0.3114879485785669,0.8299632557987837,1.038326032325925,-0.3459700750716881,0.2964289917975257,4.688451737736191,4.579188059584419,2.1736387306029505,2.0925,1.2295,0.7875,0.1235,4.1095,0.18,0.0925,0.66,WSH,False,2.1120946356638477,1.107171960446976,0.8719769205661352,0.3467675734551891,2.529132212835066,0.4308131845707603,0.2948622559772613,0.8002499609497024
4874375,Jihyun Park,LAS,2026-05-29,0.0,14.0,0.0,1.0,3.0,0,0,0,0,0,0,0,0,0,0,,0,0,,0,0,0,0.0,0.0,,,,,,,,,,0.0,5.0,7.071067811865476,1.0,1.0,0.0,0.0,1.0,0.0,0.0,0.0,0.5,1.5,,0.0,0.0,,0.0,1.0,0.5,-1.0,0.2,,0.2,,0.0,,0.0,,0.2,,0.3,,0.0,,0.0,,0.3,,5.0,7.071067811865476,1.0,1.0,0.0,0.0,1.0,0.0,0.0,0.0,0.5,1.5,,0.0,0.0,,0.0,1.0,0.5,-1.0,0.2,,0.2,,0.0,,0.0,,0.2,,0.3,,0.0,,0.0,,0.3,,5.0,7.071067811865476,1.0,1.0,0.0,0.0,1.0,0.0,0.0,0.0,0.5,1.5,,0.0,0.0,,0.0,1.0,0.5,-1.0,0.2,,0.2,,0.0,,0.0,,0.2,,0.3,,0.0,,0.0,,0.3,,,True,True,2.547889288705458,1.3486296408896772,0.5804128275802963,0.3360068600168993,4.476931757175431,0.3017703296855515,0.1424031037473496,0.5386792004742738,0.8073248057343339,2.0143611825450853,0.5957850040910861,0.8204218645233154,0.3454534773867807,1.1553119635028992,0.9215729506445955,0.1042054566618958,0.4441734334329227,4.075562384531008,2.9855875712216378,1.9115560684699715,2.5747969436412945,1.5007654408896771,0.4107906275802964,0.3643623280814458,4.486353012111263,0.3017703296855515,0.1424031037473496,0.5386792004742738,,,7.5,3.0,2.5,1.3,9.0,1.2,1.3,1.5
5105729,Chance Gray,LAS,2026-05-29,0.0,14.0,0.0,1.0,3.0,0,1,0,0,2,0,0,1,0,2,,0,0,,0,1,0,-14.0,11.0,0.0,0.0909090909090909,0.0,0.0,0.1818181818181818,0.1818181818181818,0.0,0.0909090909090909,0.2727272727272727,0.0,12.0,1.4142135623730951,3.0,1.5,0.5,0.5,2.5,0.5,0.0,1.0,1.0,3.5,,0.5,1.0,,0.5,1.0,0.0,-13.0,0.2307692307692307,0.3263569759322527,0.1223776223776223,0.0445032239907617,0.0384615384615384,0.0543928293220421,0.0384615384615384,0.0543928293220421,0.2062937062937063,0.0346136186594813,0.2832167832167832,0.1433992773035655,0.0769230769230769,0.1087856586440842,0.0839160839160839,0.0098896053312803,0.4009790209790209,0.1813753617756822,12.0,1.4142135623730951,3.0,1.5,0.5,0.5,2.5,0.5,0.0,1.0,1.0,3.5,,0.5,1.0,,0.5,1.0,0.0,-13.0,0.2307692307692307,0.3263569759322527,0.1223776223776223,0.0445032239907617,0.0384615384615384,0.0543928293220421,0.0384615384615384,0.0543928293220421,0.2062937062937063,0.0346136186594813,0.2832167832167832,0.1433992773035655,0.0769230769230769,0.1087856586440842,0.0839160839160839,0.0098896053312803,0.4009790209790209,0.1813753617756822,12.0,1.4142135623730951,3.0,1.5,0.5,0.5,2.5,0.5,0.0,1.0,1.0,3.5,,0.5,1.0,,0.5,1.0,0.0,-13.0,0.2307692307692307,0.3263569759322527,0.1223776223776223,0.0445032239907617,0.0384615384615384,0.0543928293220421,0.0384615384615384,0.0543928293220421,0.2062937062937063,0.0346136186594813,0.2832167832167832,0.1433992773035655,0.0769230769230769,0.1087856586440842,0.0839160839160839,0.0098896053312803,0.4009790209790209,0.1813753617756822,,True,True,4.458573962648064,1.6387571925811826,1.1230360577091902,0.7105885866164072,7.220367212938437,0.4163920073722538,0.140497497167923,0.8900695924024219,1.417131214394109,3.783561682796894,0.9122751341147682,1.209971258780738,0.4977977331782136,1.2930952594029923,1.0731467974077125,-3.5427711555932047,0.5568895045401694,6.276374610164954,5.438895475292908,2.744306850290366,4.199,2.213,0.7905,0.526,7.2025,0.3685,0.138,0.6575,WSH,False,3.205994229564364,1.4847999865301724,0.8902863303454682,0.7254819088026937,3.662034100059692,0.599756408886141,0.3700756679383285,0.8283681246885348
5107515,Laura Ziegler,LAS,2026-05-29,0.0,26.0,0.0,0.0,2.0,0,1,0,0,3,0,1,1,0,3,,0,0,,1,0,3,-8.0,10.0,0.0,0.1,0.0,0.0,0.3,0.3,0.0,0.1,0.4,0.0,10.0,,0.0,1.0,0.0,0.0,3.0,0.0,1.0,1.0,0.0,3.0,,0.0,0.0,,1.0,0.0,3.0,-8.0,0.0,,0.1,,0.0,,0.0,,0.3,,0.3,,0.0,,0.1,,0.4,,10.0,,0.0,1.0,0.0,0.0,3.0,0.0,1.0,1.0,0.0,3.0,,0.0,0.0,,1.0,0.0,3.0,-8.0,0.0,,0.1,,0.0,,0.0,,0.3,,0.3,,0.0,,0.1,,0.4,,10.0,,0.0,1.0,0.0,0.0,3.0,0.0,1.0,1.0,0.0,3.0,,0.0,0.0,,1.0,0.0,3.0,-8.0,0.0,,0.1,,0.0,,0.0,,0.3,,0.3,,0.0,,0.1,,0.4,,,True,True,3.4529689496748546,1.8627162599314355,0.5494746228929004,0.8181169411722058,5.86515983249919,0.4814068016640738,0.6725933965944156,0.851668529851095,0.9219853002676804,2.8612243407925697,0.7894335948385659,1.0964785754090225,0.9403467575275526,1.0745053024039075,2.357209905968091,-2.840976440487864,1.1540001982584989,5.494728664542082,3.859729027503589,2.394704482824391,3.186,2.093,0.377,0.4735,5.656,0.402,0.347,0.601,WSH,False,2.796677314242743,1.4623101586188887,0.6251967690255604,0.6821273708040163,3.202602691561974,0.6199967741851565,0.575839387329488,0.7705835451137014
2529130,Natasha Howard,MIN,2026-05-29,0.0,28.0,0.0,0.0,58.0,0,2,2,0,0,0,0,0,0,5,,0,0,,1,1,2,-6.0,13.0,0.0,0.1538461538461538,0.1538461538461538,0.0,0.0,0.3846153846153846,0.0,0.0,0.3846153846153846,0.0,15.333333333333334,16.623276853055575,5.333333333333333,3.0,2.333333333333333,0.0,0.6666666666666666,0.3333333333333333,0.0,1.0,2.333333333333333,7.0,,0.6666666666666666,0.6666666666666666,,1.6666666666666667,1.3333333333333333,1.6666666666666667,-6.333333333333333,0.2424242424242422,0.3428396514843867,0.1829836829836831,0.0412066888803349,0.1526806526806526,0.0016482675552134,0.0,0.0,0.0303030303030303,0.0428549564355483,0.4347319347319348,0.070875504874176,0.0303030303030303,0.0428549564355483,0.0454545454545454,0.0642824346533225,0.4935198135198135,0.1540141203591398,17.4,12.700393694685216,5.6,3.4,1.6,0.0,0.6,0.2,0.0,1.2,2.2,6.2,,1.2,1.6,,2.2,1.2,1.8,-5.0,0.2718531468531469,0.2025321683550049,0.2036713286713286,0.095150280736345,0.0859557109557109,0.0786367877207931,0.0,0.0,0.0247668997668997,0.0299932616141206,0.3417249417249417,0.1158574600331314,0.0869463869463869,0.0704291951799685,0.0515734265734265,0.0603843218152815,0.4315547785547786,0.1197167089430141,20.9,9.362454568944807,7.5,5.2,1.8,0.0,0.7,0.5,0.1,1.7,3.1,6.9,,1.3,1.6,,1.9,3.3,2.3,-0.5,0.3345157177765873,0.171251759441536,0.2541782854826333,0.1152414396557675,0.0840844421279203,0.0572238825568742,0.0,0.0,0.0284942834942834,0.0301178686819246,0.3236025568634264,0.1010649439538038,0.076040626040626,0.0690871339648391,0.0744465035769383,0.0587670385184666,0.4315069358982402,0.0892827485038309,,True,True,5.937172600525689,3.720559254575199,1.7543483798686133,0.0098787055952189,11.4120802349695,0.6481005397079556,0.1997301955535587,1.3080434593634525,2.2002510899007586,4.600190106997464,1.525343902000338,2.181872170111657,1.1506462059507083,2.72204884862457,1.897572414639417,-0.5192052509741605,0.8478307352615081,9.836775310036671,7.548806435330327,5.45742123444375,7.6065,6.567,2.409,0.333,16.5825,0.658,0.221,1.028,CHI,False,4.077212006996938,2.552549901569017,1.533857555316008,0.5874614880994328,5.027046225170403,0.7950069182088921,0.4869897329513221,1.0001079941686295
2529205,Kayla McBride,MIN,2026-05-29,0.0,28.0,0.0,0.0,54.0,13,3,1,0,0,1,0,1,4,7,,5,7,,0,3,0,0.0,21.0,0.6190476190476191,0.1428571428571428,0.0476190476190476,0.0,0.0,0.3333333333333333,0.3333333333333333,0.0476190476190476,0.5276190476190477,0.0,19.666666666666668,19.035055380358983,14.666666666666666,2.333333333333333,1.0,2.0,3.6666666666666665,0.6666666666666666,0.3333333333333333,0.3333333333333333,4.666666666666667,10.0,,3.333333333333333,4.0,,0.3333333333333333,2.0,0.0,-1.6666666666666667,0.7174185463659146,0.1391174995567518,0.1240601503759398,0.0265829616987423,0.0501253132832079,0.0035443948931656,0.0789473684210526,0.111648439134718,0.1447368421052632,0.2046888050803164,0.469298245614035,0.1922834229542366,0.2324561403508772,0.1426618944499174,0.0238095238095238,0.0336717514850736,0.5953884711779449,0.0958404379111992,28.0,17.7341478509682,15.4,2.4,2.2,2.4,5.0,1.0,0.2,1.0,5.0,11.0,,3.0,3.4,,0.6,1.8,0.2,-3.8,0.5597496648598239,0.2110955263329954,0.0941598181500262,0.0504822594307675,0.0753992539488255,0.038634967532946,0.0758873929008567,0.0666297519681284,0.1583537331701346,0.1197712361491596,0.3876478988168094,0.149789300623278,0.1483578131374949,0.1316626154463812,0.0359255697382992,0.029804944620181,0.4888509063356064,0.1401372434210853,29.6,12.720936373640985,14.5,2.9,2.3,2.2,5.6,1.0,0.2,1.3,5.0,11.5,,2.3,2.5,,0.4,2.5,0.8,2.1,0.4836104373436075,0.2056189716828113,0.0987239017838773,0.0530264668522232,0.0764782409213253,0.0349681325805079,0.0685755334470144,0.0542697316152973,0.1833161591117527,0.0959216051282106,0.3842237774918313,0.0974406853491901,0.0920276740350179,0.1047295091110686,0.0482318771486458,0.0496465797063701,0.4729478312158851,0.1073218616693694,,True,True,11.681249445807524,2.0895126018697523,2.038384173271621,1.4399206596202934,15.809146220948898,0.7430955083098165,0.2063012545572631,1.4530842733264806,3.770697625099898,9.480035343427511,1.9835587647752024,2.4363891687948422,0.0448332491852433,2.196815152684436,1.5949234649415698,0.6941246783674466,0.9493967628670252,13.234878544529492,12.861992115931264,4.110410375141438,16.1175,5.3285,2.772,1.6165,24.218,0.7855,0.2745,1.1775,CHI,False,5.988880842862045,2.281137380781789,1.6401268243645064,1.2839111145246778,6.561133743492812,0.8941419070818681,0.5139550077584613,1.0695764348563406
2987891,Courtney Williams,MIN,2026-05-29,0.0,28.0,0.0,0.0,56.0,0,5,6,0,0,1,0,4,0,5,,0,0,,0,5,1,-2.0,17.0,0.0,0.2941176470588235,0.3529411764705882,0.0,0.0,0.2941176470588235,0.0,0.2352941176470588,0.5294117647058824,0.0,20.666666666666668,10.969655114602888,8.0,3.333333333333333,5.0,0.6666666666666666,2.6666666666666665,1.0,0.0,1.6666666666666667,3.6666666666666665,11.0,,0.0,0.0,,0.3333333333333333,3.0,1.3333333333333333,-0.6666666666666666,0.3131313131313131,0.3035349333599338,0.1838978015448603,0.1026942711644989,0.2615864527629233,0.0861478626573084,0.0202020202020201,0.0349909254054318,0.1161616161616161,0.1008837593708999,0.4869281045751634,0.1866181900035195,0.0,0.0,0.1062091503267973,0.1193034270344562,0.5931372549019608,0.0691506665669893,27.0,11.640446726822812,11.6,4.4,5.4,0.8,3.2,1.6,0.0,2.6,5.2,13.6,,0.4,0.4,,0.4,4.0,2.2,-2.8,0.3746655746655747,0.2389358060573629,0.1762545968428321,0.0763039367943542,0.2231680878739702,0.1002241110845696,0.0229320229320229,0.0314862944909764,0.1133906633906634,0.0737468058444045,0.4841989047871401,0.1362478707228235,0.0111111111111111,0.0248451997499976,0.1080197844903727,0.1030843091870045,0.5971075781664017,0.112833777423231,27.7,8.042249547096748,11.2,4.9,5.4,0.6,2.7,2.2,0.2,2.5,5.1,13.0,,0.4,0.5,,0.3,4.6,1.9,1.2,0.3718887243714829,0.2081913151360755,0.1822830596461428,0.0564486960304803,0.206404083412197,0.0757490470861069,0.0182000182000182,0.0248831591310789,0.0958973353111284,0.0589122473134111,0.4587861386319805,0.1192165525407327,0.0159932659932659,0.027756513304189,0.095690474753355,0.074383418042585,0.5615136504223726,0.1057849792062863,,True,True,12.560706753377543,3.8614671426520975,4.764359350793547,1.0409503629120007,21.18653324682319,1.317823235655414,0.2386327308708981,1.9936116331161444,4.279247360627919,9.953732586950736,1.88838528465242,2.38314545093661,0.4720434936332396,3.541559449018852,1.742179100037459,2.2307392622391697,1.5564559665262916,15.101217350965332,15.682351559106884,8.608340093445642,13.275,7.154,4.562,1.0265,24.991,1.0865,0.288,1.4115,CHI,False,5.324976525769856,2.724570424855999,2.106218412226045,1.0147895101941091,6.426112277263758,1.048817310116495,0.5459450521801622,1.1908684856019995
3054590,Nia Coffey,MIN,2026-05-29,0.0,28.0,0.0,0.0,52.0,9,4,0,1,2,0,0,0,4,6,,0,0,,1,3,0,2.0,17.0,0.5294117647058824,0.2352941176470588,0.0,0.0588235294117647,0.1176470588235294,0.3529411764705882,0.0,0.0,0.3529411764705882,0.0,10.0,8.888194417315589,4.666666666666667,2.6666666666666665,0.3333333333333333,0.6666666666666666,1.3333333333333333,0.0,1.0,0.0,1.6666666666666667,3.6666666666666665,,0.6666666666666666,0.6666666666666666,,0.6666666666666666,2.0,1.0,0.0,0.4570135746606335,0.1023865022532557,0.2714932126696833,0.0511932511266279,0.0384615384615384,0.0543928293220421,0.0678733031674208,0.0127983127816569,0.1357466063348416,0.0255966255633139,0.3687782805429865,0.0223970473678996,0.0769230769230768,0.1087856586440842,0.0,0.0,0.4026244343891403,0.0702627371712967,9.2,6.418722614352485,3.2,2.2,0.2,0.4,1.0,0.0,0.6,0.0,1.2,3.2,,0.4,0.4,,0.4,1.8,0.8,-0.8,0.2999353587588882,0.2236020169987808,0.2270164476046829,0.0675348981263658,0.0192307692307692,0.0384615384615387,0.0339366515837104,0.0398772370027217,0.1035875888817065,0.0707014344198799,0.3470875529699059,0.0888323812241761,0.0384615384615384,0.0769230769230769,0.0,0.0,0.3640106298929828,0.1035872471332676,8.6,5.316640543300498,3.5,2.0,0.3,0.6,1.5,0.0,0.6,0.2,1.3,3.1,,0.3,0.4,,0.4,1.6,0.9,0.6,0.3925638631520984,0.2790342684772262,0.2120073100465257,0.1025876153572095,0.0344729344729344,0.0585703989709806,0.0669348081112786,0.0727910398650311,0.1682611506140917,0.1352981119823545,0.3246315050236619,0.1898003023555881,0.0911680911680911,0.2217285772832964,0.0259259259259259,0.0571979452277055,0.3906713910635479,0.169217897522481,,True,True,6.340764310711697,2.52025059192756,0.8677783306883875,0.5553644906168587,9.728793233327648,0.359508307576729,0.5925713697545762,0.8566807294653722,1.815681780238904,4.611445879280712,1.097177107682325,1.5217751004844806,0.6538896015384572,2.0184967903890847,1.555238762579669,-0.5952085439059351,0.95207967733132,7.984647018768864,6.010416757529697,3.3705425226159638,6.7585,4.06,0.9455,0.676,11.764,0.364,0.382,0.625,CHI,False,3.8439794159178327,1.9726631744927967,0.978534490960845,0.8264526604712457,4.518551095207401,0.5928777276977101,0.6107994760966974,0.7996092795859738
3917450,Napheesa Collier,MIN,2026-05-29,0.0,34.0,0.0,0.0,54.0,0,0,0,0,0,0,0,0,0,0,,0,0,,0,0,0,0.0,0.0,,,,,,,,,,0.0,12.333333333333334,21.361959960016154,5.666666666666667,2.0,1.0,0.3333333333333333,1.0,0.0,1.0,1.3333333333333333,2.6666666666666665,5.0,,0.0,0.0,,0.6666666666666666,1.3333333333333333,1.6666666666666667,-3.333333333333333,0.4594594594594595,,0.1621621621621621,,0.081081081081081,,0.027027027027027,,0.081081081081081,,0.4054054054054054,,0.0,,0.1081081081081081,,0.5135135135135135,,21.8,19.95494926077238,11.8,4.2,1.2,1.0,3.4,0.6,1.0,1.6,5.2,10.6,,0.4,0.4,,1.0,3.2,1.8,-2.4,0.540150057177921,0.0865607458575887,0.1949209271190695,0.0604731982985906,0.0554067999888433,0.0275420555001418,0.0461607117953867,0.0168570009862253,0.156025995035283,0.0671006947841315,0.4849803363735253,0.0876615803071163,0.0175438596491228,0.0303868562731378,0.0742197305664798,0.042659381888881,0.566919365185619,0.0578799840549416,23.8,16.936482646773047,14.2,4.3,1.6,1.4,3.7,0.8,0.6,1.6,5.7,10.6,,1.4,1.8,,1.1,3.2,1.9,1.4,0.6055989343251617,0.1020919957929457,0.1823950319085215,0.0475907159181312,0.0675273866339766,0.0239173923660908,0.0601198096775275,0.0356418136488288,0.1538210133964224,0.0515623480287018,0.4414088062916015,0.0700964038911001,0.0765053659790502,0.0849923144277301,0.0679588135359917,0.0303987770122769,0.5430299808583754,0.0635839984501636,,True,True,7.44375781343239,2.717233391512721,0.7555174097045206,0.6299335067676681,10.916508614649633,0.3251913222849141,0.5263987378978737,0.9874950907486126,2.795502785446985,5.884840531796774,1.2213709226417513,1.5552948236461737,0.743210554032708,2.126158637479932,1.385879255082064,1.8932138860062155,0.8515900601828132,10.340034659880711,8.056560678072525,3.4552644012172795,10.5905,5.2155,1.4245,0.9245,17.2305,0.4045,0.437,0.8065,CHI,False,4.773029410133568,2.279706066579637,1.170598030922656,0.9527852591219074,5.487200538525998,0.6236022370068921,0.6527105024434646,0.92631406661024
4398938,Dorka Juhasz,MIN,2026-05-29,0.0,34.0,0.0,0.0,3.0,0,0,0,0,0,0,0,0,0,0,,0,0,,0,0,0,0.0,0.0,,,,,,,,,,0.0,0.0,0.0,0.0,0.0,0.0,0.0,0.0,0.0,0.0,0.0,0.0,0.0,,0.0,0.0,,0.0,0.0,0.0,0.0,,,,,,,,,,,,,,,,,,,0.0,0.0,0.0,0.0,0.0,0.0,0.0,0.0,0.0,0.0,0.0,0.0,,0.0,0.0,,0.0,0.0,0.0,0.0,,,,,,,,,,,,,,,,,,,0.0,0.0,0.0,0.0,0.0,0.0,0.0,0.0,0.0,0.0,0.0,0.0,,0.0,0.0,,0.0,0.0,0.0,0.0,,,,,,,,,,,,,,,,,,,,True,True,2.7433197549546584,1.0230850536628229,0.7979291541725749,0.2104739716391555,4.564333962790056,0.3509731656417604,0.1460896178226891,0.6278272624006658,0.8984358905638377,2.185215682557845,0.7345261890591204,0.9905942579780704,0.3104576025341329,0.8647632511286908,0.9295098530105084,-0.0018123717632555,0.49706278346445,3.9454482635533386,3.3985343640630736,1.8035278078354011,3.475,1.8045,0.889,0.2775,6.1685,0.3835,0.1565,0.552,CHI,False,2.7630372780691905,1.3539866136709031,0.9816715336608268,0.5380462340728722,3.2640630738391074,0.6296250868572504,0.3911620508178164,0.7518616894083645
4433791,Olivia Miles,MIN,2026-05-29,0.0,28.0,0.0,0.0,3.0,13,6,2,0,1,0,0,2,5,13,,3,5,,1,5,2,1.0,28.0,0.4642857142857143,0.2142857142857142,0.0714285714285714,0.0,0.0357142857142857,0.4642857142857143,0.1785714285714285,0.0714285714285714,0.6142857142857142,0.0,22.5,7.7781745930520225,10.5,4.5,2.0,0.5,1.5,0.5,0.0,3.0,4.0,9.0,,2.0,3.0,,0.5,4.0,2.0,1.5,0.4674369747899159,0.0044565553436126,0.1953781512605042,0.0267393320616761,0.0945378151260504,0.0326814058531597,0.0294117647058823,0.0415945165403851,0.0766806722689075,0.057935219466965,0.3792016806722689,0.1203269942775427,0.1186974789915966,0.0846745515286412,0.1533613445378151,0.11587043893393,0.5847899159663865,0.0417133580162147,22.5,7.7781745930520225,10.5,4.5,2.0,0.5,1.5,0.5,0.0,3.0,4.0,9.0,,2.0,3.0,,0.5,4.0,2.0,1.5,0.4674369747899159,0.0044565553436126,0.1953781512605042,0.0267393320616761,0.0945378151260504,0.0326814058531597,0.0294117647058823,0.0415945165403851,0.0766806722689075,0.057935219466965,0.3792016806722689,0.1203269942775427,0.1186974789915966,0.0846745515286412,0.1533613445378151,0.11587043893393,0.5847899159663865,0.0417133580162147,22.5,7.7781745930520225,10.5,4.5,2.0,0.5,1.5,0.5,0.0,3.0,4.0,9.0,,2.0,3.0,,0.5,4.0,2.0,1.5,0.4674369747899159,0.0044565553436126,0.1953781512605042,0.0267393320616761,0.0945378151260504,0.0326814058531597,0.0294117647058823,0.0415945165403851,0.0766806722689075,0.057935219466965,0.3792016806722689,0.1203269942775427,0.1186974789915966,0.0846745515286412,0.1533613445378151,0.11587043893393,0.5847899159663865,0.0417133580162147,,True,True,13.355711321966696,4.614823686179401,2.7933164332966776,0.3424908149809895,20.76385144144277,0.8430177170429838,0.244353676909531,2.195706417435061,4.796404156507999,10.077981685952777,2.5772927855541203,3.415294710720779,1.0640105351079558,3.702948951071376,2.399596877454178,-0.9223951361796132,1.0873713939525316,17.537350112999924,15.394084860117202,7.390653719475987,13.594,7.708,3.145,0.944,24.447,0.819,0.296,1.504,CHI,False,5.35183744147746,2.770150898416908,1.7913612142725432,0.9725553968797868,6.256292112745376,0.8923222512074884,0.5370139662988291,1.1974907097760716
4596309,Liatu King,MIN,2026-05-29,0.0,28.0,0.0,0.0,20.0,3,3,0,0,0,1,0,2,1,3,,1,4,,2,1,2,-7.0,10.0,0.3,0.3,0.0,0.0,0.0,0.3,0.4,0.2,0.6759999999999999,0.0,13.333333333333334,4.163331998932263,3.6666666666666665,3.6666666666666665,0.3333333333333333,0.0,0.6666666666666666,0.6666666666666666,0.6666666666666666,1.3333333333333333,1.6666666666666667,4.666666666666667,,0.3333333333333333,1.3333333333333333,,1.3333333333333333,2.333333333333333,1.6666666666666667,-1.3333333333333333,0.2666666666666666,0.0881917103688197,0.2851851851851851,0.0570177937716321,0.0185185185185185,0.0320750149549792,0.0,0.0,0.037037037037037,0.0641500299099584,0.3314814814814815,0.100972636149745,0.1333333333333333,0.2309401076758503,0.1037037037037037,0.1002055500627309,0.4938518518518518,0.2196007975579001,11.0,4.999999999999999,3.0,3.0,0.2,0.0,0.4,0.4,0.4,1.0,1.2,3.2,,0.6,1.2,,1.2,1.8,1.4,-4.0,0.2327272727272727,0.1502584244661464,0.2438383838383838,0.146150132530385,0.0111111111111111,0.0248451997499976,0.0,0.0,0.0222222222222222,0.0496903994999953,0.2352525252525252,0.1630720410192609,0.1163636363636363,0.1770278028310994,0.0804040404040404,0.0840923499133396,0.3668565656565657,0.2643935539151869,10.1,4.557045826702499,3.1,2.2,0.3,0.0,0.5,0.2,0.2,1.0,1.0,2.6,,1.1,1.6,,0.9,1.3,1.1,-0.5,0.28876443001443,0.231424185117098,0.2209271284271284,0.1598795208493957,0.0405555555555555,0.0810616287420934,0.0,0.0,0.0384722222222222,0.0514203690698657,0.2182810245310245,0.1392530362351606,0.1517532467532467,0.1722078928696281,0.0982377344877345,0.0955498882578234,0.3832901875901876,0.1946123181488393,,True,True,4.631887288484122,2.8490748961209618,0.7020681431734117,0.1640487256490474,8.183030327778495,0.5759502125172812,0.2770662893243436,0.9513785800620378,1.742098083621882,3.748230932079549,0.9821945824628072,1.569079614452094,0.961008758701512,2.040201937419224,1.5452474813811523,-0.575193422160446,0.8530165018416365,7.660005639541458,5.191240886593834,3.533656639294408,4.95,4.318,0.917,0.274,10.185,0.5035,0.263,0.687,CHI,False,3.2141095189803357,2.1360889494588,0.9376091936409328,0.5117851111550629,4.002596032576857,0.7169293898285939,0.5126704594571448,0.8130381294871722
4873358,Antonia Delaere,MIN,2026-05-29,0.0,28.0,0.0,0.0,3.0,2,1,2,0,0,0,0,0,0,2,,2,2,,0,1,1,6.0,17.0,0.1176470588235294,0.0588235294117647,0.1176470588235294,0.0,0.0,0.1176470588235294,0.1176470588235294,0.0,0.1694117647058823,0.0,17.5,0.7071067811865476,3.5,2.0,2.0,0.5,1.5,0.0,0.0,1.0,1.0,3.0,,1.0,1.0,,0.0,2.0,2.0,11.5,0.1977124183006536,0.1132295172488262,0.1127450980392156,0.0762566136573727,0.1143790849673202,0.0046216129489316,0.0277777777777777,0.0392837100659193,0.0833333333333333,0.1178511301977579,0.1699346405228758,0.0739458071829069,0.0588235294117647,0.0831890330807703,0.0555555555555555,0.0785674201318386,0.2513725490196078,0.1159100527592066,17.5,0.7071067811865476,3.5,2.0,2.0,0.5,1.5,0.0,0.0,1.0,1.0,3.0,,1.0,1.0,,0.0,2.0,2.0,11.5,0.1977124183006536,0.1132295172488262,0.1127450980392156,0.0762566136573727,0.1143790849673202,0.0046216129489316,0.0277777777777777,0.0392837100659193,0.0833333333333333,0.1178511301977579,0.1699346405228758,0.0739458071829069,0.0588235294117647,0.0831890330807703,0.0555555555555555,0.0785674201318386,0.2513725490196078,0.1159100527592066,17.5,0.7071067811865476,3.5,2.0,2.0,0.5,1.5,0.0,0.0,1.0,1.0,3.0,,1.0,1.0,,0.0,2.0,2.0,11.5,0.1977124183006536,0.1132295172488262,0.1127450980392156,0.0762566136573727,0.1143790849673202,0.0046216129489316,0.0277777777777777,0.0392837100659193,0.0833333333333333,0.1178511301977579,0.1699346405228758,0.0739458071829069,0.0588235294117647,0.0831890330807703,0.0555555555555555,0.0785674201318386,0.2513725490196078,0.1159100527592066,,True,True,3.616870909945204,1.8230159262768484,2.0505643138026484,0.4906179851202337,7.490451150024701,0.4822924902086606,0.0751478024777877,1.0666964760585518,1.683695774900229,3.784945742725747,0.9608775761814304,1.2942424999675366,0.3234252275527685,1.6517264987241125,1.88912623532206,2.8940988381392585,0.5574402926864481,7.118930291157758,7.024720678683694,3.856093840079473,8.8635,4.2645,2.743,0.9095,15.871,0.49,0.1465,0.8575,CHI,False,4.579723545149859,2.0915400426480004,1.6676183616163502,0.9896008033545648,5.362495594403784,0.7119691004531026,0.3860540765229658,0.9503650614369198
5278237,Anastasiia Olairi Kosu,MIN,2026-05-29,0.0,28.0,0.0,0.0,56.0,10,5,0,0,0,0,0,0,3,4,,4,4,,1,4,0,12.0,15.0,0.6666666666666666,0.3333333333333333,0.0,0.0,0.0,0.2666666666666666,0.2666666666666666,0.0,0.384,0.0,6.0,7.937253933193772,3.333333333333333,2.0,0.3333333333333333,0.0,0.0,0.0,0.0,0.0,1.0,1.3333333333333333,,1.3333333333333333,1.3333333333333333,,0.3333333333333333,1.6666666666666667,0.3333333333333333,2.6666666666666665,0.3333333333333333,0.4714045207910317,0.3333333333333333,0.0,0.1666666666666666,0.2357022603955158,0.0,0.0,0.0,0.0,0.1333333333333335,0.1885618083164126,0.1333333333333333,0.1885618083164126,0.0,0.0,0.1920000000000002,0.2715290039756342,3.6,6.50384501660364,2.0,1.2,0.2,0.0,0.0,0.0,0.0,0.0,0.6,0.8,,0.8,0.8,,0.2,1.0,0.2,1.6,0.3333333333333333,0.4714045207910317,0.3333333333333333,0.0,0.1666666666666666,0.2357022603955158,0.0,0.0,0.0,0.0,0.1333333333333335,0.1885618083164126,0.1333333333333333,0.1885618083164126,0.0,0.0,0.1920000000000002,0.2715290039756342,3.9,5.445691467165172,2.2,1.1,0.3,0.0,0.1,0.0,0.2,0.2,0.9,1.2,,0.4,0.6,,0.5,0.6,0.7,1.2,0.5333333333333333,0.6168918507773915,0.2633333333333333,0.1565247584249853,0.1233333333333333,0.1431782106327635,0.0,0.0,0.0166666666666666,0.0372677996249964,0.2866666666666666,0.314775051955096,0.0866666666666666,0.123827837473378,0.0566666666666666,0.0878761755097604,0.3814666666666667,0.2962612960809352,,True,True,4.368988854190974,2.068406391121284,0.709831946866063,0.1118036853377367,7.147227192178321,0.2455942022378898,0.3201560491007419,0.8575039552557859,1.577588286027828,3.471415079838796,1.1005607836688744,1.5010929459804636,0.6773293457861277,1.5432128453352183,1.351911469267503,-0.9412974888160812,0.5657502513386325,6.6164387002480245,4.93610625599268,2.760751937987396,3.518,2.788,0.782,0.178,7.088,0.2345,0.2185,0.518,CHI,False,2.6960482191533592,1.6211280023489818,0.8834455274661817,0.4114802546903071,3.32238709364216,0.4811546009340449,0.4677154583718609,0.6990536460100898
5345322,Emma Cechova,MIN,2026-05-29,0.0,28.0,0.0,0.0,3.0,16,6,0,0,0,0,4,2,5,7,,6,10,,2,4,3,13.0,24.0,0.6666666666666666,0.25,0.0,0.0,0.0,0.2916666666666667,0.4166666666666667,0.0833333333333333,0.5583333333333333,0.0,12.0,16.97056274847714,8.0,3.0,0.0,0.0,0.0,0.0,2.0,1.0,2.5,3.5,,3.0,5.0,,1.0,2.0,1.5,6.5,0.6666666666666666,,0.25,,0.0,,0.0,,0.0,,0.2916666666666667,,0.4166666666666667,,0.0833333333333333,,0.5583333333333333,,12.0,16.97056274847714,8.0,3.0,0.0,0.0,0.0,0.0,2.0,1.0,2.5,3.5,,3.0,5.0,,1.0,2.0,1.5,6.5,0.6666666666666666,,0.25,,0.0,,0.0,,0.0,,0.2916666666666667,,0.4166666666666667,,0.0833333333333333,,0.5583333333333333,,12.0,16.97056274847714,8.0,3.0,0.0,0.0,0.0,0.0,2.0,1.0,2.5,3.5,,3.0,5.0,,1.0,2.0,1.5,6.5,0.6666666666666666,,0.25,,0.0,,0.0,,0.0,,0.2916666666666667,,0.4166666666666667,,0.0833333333333333,,0.5583333333333333,,,True,True,9.520815862648544,4.843507164566386,0.9756680448762146,0.1792108684910811,15.339991072091143,0.6867981757491657,1.623178714928649,1.573699825986425,3.4227143258306576,6.18854950615658,2.4947285293677317,3.745795885256834,1.4951657837790473,3.5004771807871453,2.474011631912389,3.264208225714629,2.309976890677824,14.543366482151226,10.353769362461112,5.80168880944265,8.3515,6.207,1.0715,0.3625,15.63,0.608,0.678,1.0125,CHI,False,4.21556019409046,2.4936220643874645,1.0096473394210477,0.6075308634135389,5.017977680301099,0.795824101168091,0.8076608198990465,1.001171189157978
2327695,Rebekah Gardner,NYL,2026-05-29,0.0,26.0,0.0,0.0,51.0,6,7,1,0,0,0,0,0,0,2,,6,6,,2,5,1,7.0,23.0,0.2608695652173913,0.3043478260869565,0.0434782608695652,0.0,0.0,0.0869565217391304,0.2608695652173913,0.0,0.2017391304347826,0.0,15.0,12.16552506059644,5.666666666666667,2.6666666666666665,1.0,0.3333333333333333,1.0,0.3333333333333333,0.0,0.3333333333333333,1.3333333333333333,2.6666666666666665,,2.6666666666666665,2.6666666666666665,,0.6666666666666666,2.0,1.3333333333333333,0.3333333333333333,0.261559696342305,0.2619054438516259,0.1173222912353347,0.1637095184738434,0.0462387853692201,0.0476790212544261,0.0158730158730158,0.0274928699614107,0.0476190476190476,0.0824786098842322,0.124223602484472,0.1464574673608894,0.1187025534851621,0.1320082123005949,0.0158730158730158,0.0274928699614107,0.1923257418909593,0.1877960754179552,11.8,10.545141061171254,4.0,1.8,0.6,0.4,1.0,0.2,0.0,0.2,1.0,2.2,,1.6,1.6,,0.4,1.4,1.2,0.6,0.2030896639592291,0.2176331357610384,0.0857779901258162,0.1265138478123955,0.027743271221532,0.0421669552566491,0.0249084249084249,0.035646126375686,0.0593406593406593,0.0813483759266889,0.305303392259914,0.4021230912793967,0.0712215320910973,0.1137548808560266,0.0095238095238095,0.0212958854999978,0.3461646759038063,0.3892367626849415,13.6,8.099382692526635,4.4,1.8,0.6,0.6,1.1,0.8,0.0,0.5,1.4,2.9,,1.0,1.1,,0.6,1.2,1.5,-1.3,0.2576861363274406,0.2873855971992877,0.0962947921643573,0.100575503077727,0.0373861283643892,0.0458781376459213,0.0378708791208791,0.0609584494644788,0.0661014890906195,0.0783206519271239,0.2683219859850295,0.2782206523946635,0.0543607660455486,0.0958752348921952,0.0322075569358178,0.0459310995240256,0.3244482799808887,0.2786821910383105,,True,True,5.508455590621217,2.7825846412228006,1.1107556529030989,0.4840524781389048,9.401795884747116,0.3870215892646198,0.2044152466311644,1.1593103603967831,1.7608481501756923,4.324609133453618,1.5012589990023135,1.77282682841533,0.7740475923824353,2.1606728488404965,1.8851563149022592,-0.9432517559794752,0.5914368358957725,8.470083686779912,6.476496698460121,3.8758538941259193,7.794,4.8235,1.46,0.8675,14.0775,0.4985,0.1625,0.8655,PHX,True,4.300763188086505,2.188914742515112,1.1821167455035904,0.9444277367803212,4.947473471379104,0.7134407824059401,0.3976100476597642,0.932957528508131
2593770,Betnijah Laney-Hamilton,NYL,2026-05-29,0.0,26.0,0.0,0.0,4.0,0,0,0,0,0,0,0,0,0,0,,0,0,,0,0,0,0.0,0.0,,,,,,,,,,0.0,4.0,6.928203230275509,0.6666666666666666,0.0,0.3333333333333333,0.0,0.3333333333333333,0.0,0.0,0.6666666666666666,0.3333333333333333,1.3333333333333333,,0.0,0.0,,0.0,0.0,0.3333333333333333,-3.6666666666666665,0.1666666666666666,,0.0,,0.0833333333333333,,0.0,,0.0833333333333333,,0.3333333333333333,,0.0,,0.1666666666666666,,0.5,,4.0,6.928203230275509,0.6666666666666666,0.0,0.3333333333333333,0.0,0.3333333333333333,0.0,0.0,0.6666666666666666,0.3333333333333333,1.3333333333333333,,0.0,0.0,,0.0,0.0,0.3333333333333333,-3.6666666666666665,0.1666666666666666,,0.0,,0.0833333333333333,,0.0,,0.0833333333333333,,0.3333333333333333,,0.0,,0.1666666666666666,,0.5,,4.0,6.928203230275509,0.6666666666666666,0.0,0.3333333333333333,0.0,0.3333333333333333,0.0,0.0,0.6666666666666666,0.3333333333333333,1.3333333333333333,,0.0,0.0,,0.0,0.0,0.3333333333333333,-3.6666666666666665,0.1666666666666666,,0.0,,0.0833333333333333,,0.0,,0.0833333333333333,,0.3333333333333333,,0.0,,0.1666666666666666,,0.5,,,True,True,3.022500871203807,0.91249917531729,0.911422827721054,0.2348812179531449,4.846422874242151,0.233960446897867,0.1029255478455967,0.7912181103897536,0.9752046519669384,2.447135837585775,0.8357625361880073,1.1276344554766344,0.2281439080041456,0.8364910673131506,1.020671292060567,-1.4734567485402756,0.3368859947434751,4.114043501456953,3.79120915386074,1.806435603038348,2.14,1.1975,0.6435,0.21,3.981,0.2495,0.0615,0.4195,PHX,True,2.2267465055546847,1.0997698622893792,0.7895617455272259,0.4448595283907045,2.602045157179252,0.4952269681671223,0.25,0.6422770041033697
2998928,Breanna Stewart,NYL,2026-05-29,0.0,26.0,0.0,0.0,48.0,4,6,2,0,1,0,0,1,2,6,,0,0,,0,6,0,-2.0,18.0,0.2222222222222222,0.3333333333333333,0.1111111111111111,0.0,0.0555555555555555,0.3333333333333333,0.0,0.0555555555555555,0.3888888888888889,0.0,21.666666666666668,11.93035344544886,16.666666666666668,6.666666666666667,1.6666666666666667,1.3333333333333333,2.0,0.6666666666666666,0.6666666666666666,0.6666666666666666,5.333333333333333,10.0,,4.666666666666667,5.666666666666667,,0.0,6.666666666666667,2.0,-2.0,0.8042328042328042,0.5574419975054358,0.3357142857142857,0.0797885527624572,0.0656084656084656,0.0582202950411806,0.0746031746031746,0.0846941052187561,0.1026455026455026,0.0574579788468526,0.4674603174603174,0.1259956567416617,0.1984126984126983,0.2160421839494635,0.0462962962962963,0.0424312564347762,0.6010582010582011,0.1866586580004634,25.0,11.916375287812988,14.8,5.6,2.2,1.0,2.0,0.8,0.6,1.2,5.0,10.0,,3.8,4.8,,0.4,5.2,1.4,-2.8,0.6325396825396826,0.4620124785763824,0.2514285714285714,0.1296755938378082,0.0793650793650793,0.0452728911014338,0.0497619047619047,0.0694385485025471,0.0865873015873015,0.0470354449471959,0.4104761904761904,0.1197432059623829,0.164047619047619,0.1600922707297023,0.0627777777777777,0.0579883981584907,0.5454349206349206,0.154058048435419,27.3,8.982080926922121,16.9,6.0,2.5,1.1,2.4,1.1,1.1,1.2,5.2,11.1,,5.4,6.4,,0.9,5.1,1.5,1.9,0.6425225645813881,0.3367249126145826,0.2367164643635231,0.0955143834401635,0.0884570494864612,0.0407883571207718,0.0458776844070961,0.0481340064006112,0.0908699035169623,0.0554549642540824,0.4160224089635854,0.1085159678240725,0.2096109554933084,0.1434414590877804,0.0494716775599128,0.0482182819008262,0.557722906940554,0.1269418805949395,,True,True,12.33353041867776,4.485080391914972,2.274163306188544,0.7125268445089725,19.092774116781275,0.7623583128522228,0.8137332534092669,1.7158492064887645,4.209898293487012,9.612974460550843,3.199759174066469,4.064894271842427,0.739663439002276,3.897552752912776,1.610982913995469,1.0907629142830713,1.576091566261482,16.99765426552857,14.464979179802093,6.741757298103523,13.153,7.8895,2.534,1.229,23.5765,0.8985,0.467,1.253,PHX,True,5.303827957239941,2.7946895623664534,1.5481744087795797,1.0726411329051295,6.236036221030151,0.937122057151575,0.6722432595422583,1.1157916472173468
2999101,Jonquel Jones,NYL,2026-05-29,0.0,26.0,0.0,0.0,49.0,15,5,0,3,6,1,3,0,4,8,,4,4,,0,5,0,10.0,21.0,0.7142857142857143,0.238095238095238,0.0,0.1428571428571428,0.2857142857142857,0.3809523809523809,0.1904761904761904,0.0,0.4647619047619047,0.0,22.33333333333333,10.066445913694334,7.333333333333333,6.333333333333333,2.0,1.0,3.6666666666666665,0.3333333333333333,1.6666666666666667,0.6666666666666666,2.333333333333333,6.666666666666667,,1.6666666666666667,2.0,,0.6666666666666666,5.666666666666667,2.333333333333333,5.0,0.370962370962371,0.3164678961960573,0.3140193140193139,0.1277736640830266,0.0916860916860917,0.081061702289013,0.0476190476190476,0.0824786098842322,0.1457431457431457,0.1429445707373322,0.2792762792762793,0.1154014723952269,0.0836940836940836,0.0973143740264782,0.0512820512820512,0.0888231183368655,0.3673837273837273,0.0850466540177018,24.8,9.121403400793108,7.2,8.8,1.8,1.0,3.4,0.2,2.0,1.2,2.6,7.2,,1.0,1.2,,1.0,7.8,2.6,2.4,0.3262137862137862,0.2357464731959987,0.3751648351648352,0.1512100472883397,0.0755311355311355,0.0615785616789863,0.0433766233766233,0.0589129616905536,0.1318614718614718,0.1043961631123713,0.2893839493839494,0.1109738046305808,0.0502164502164502,0.08268284942901,0.0603796203796203,0.0651343135368859,0.3718588078588078,0.1050069762289854,24.4,7.042726744663606,6.8,7.0,2.4,0.6,2.8,0.4,1.3,1.7,2.5,6.9,,1.2,1.5,,0.9,6.1,2.9,1.6,0.2931290749984035,0.1817345104492574,0.2891036920329116,0.1523704118251148,0.1036227970456645,0.066450668420048,0.0269514695830485,0.0457005609910022,0.1125171444808468,0.0773199358360372,0.2800103856619283,0.0934522205924142,0.0608759202080436,0.0746118441379841,0.0718832967798485,0.0628008340355082,0.378679087333316,0.0970828901269126,,True,True,7.709809887779581,6.055554120650728,2.055764070896565,0.8810922318583785,15.821128079326874,0.6616060722469173,1.1709896210174249,1.4974881768729065,2.644903454757661,5.798369123706097,1.5374629332772811,2.0049783792213973,1.319566679385698,4.888123241265034,2.332260809004244,2.019630605738731,1.8325956932643064,13.944407463366082,9.622859413611693,8.093831791547306,11.0015,9.3465,2.5545,1.224,22.9025,0.798,0.5655,1.177,PHX,True,5.129863326639415,3.066665575180965,1.5754458892643697,1.1116762118530736,6.108927381300256,0.8989972191280682,0.7400741516902208,1.1066485440283198
3102133,Rebecca Allen,NYL,2026-05-29,0.0,26.0,0.0,0.0,49.0,0,0,0,0,0,0,0,0,0,0,,0,0,,0,0,0,0.0,0.0,,,,,,,,,,0.0,7.333333333333333,12.701705922171769,2.0,0.6666666666666666,1.0,0.6666666666666666,1.3333333333333333,0.6666666666666666,0.3333333333333333,0.3333333333333333,0.6666666666666666,2.0,,0.0,0.0,,0.0,0.6666666666666666,1.0,-8.333333333333334,0.2727272727272727,,0.0909090909090909,,0.1363636363636363,,0.0909090909090909,,0.1818181818181818,,0.2727272727272727,,0.0,,0.0454545454545454,,0.3181818181818182,,12.8,11.777096416349826,3.0,1.4,1.2,0.6,2.4,0.6,0.4,0.4,1.2,4.0,,0.0,0.0,,0.2,1.2,0.8,-5.4,0.2274460855696553,0.1069881568684303,0.1119201164967755,0.0398642068487975,0.0950350183759794,0.0472798516672802,0.0447957839262187,0.0454688641020748,0.185701407669371,0.0299377682618329,0.3090631717634005,0.0713834821853856,0.0,0.0,0.0296442687747035,0.025691699604743,0.3387074405381041,0.0876341057476796,12.7,8.564137110324916,2.5,1.8,0.9,0.5,1.6,0.5,0.5,0.5,1.0,3.3,,0.0,0.0,,0.3,1.5,0.8,-4.0,0.1610441617878689,0.1196820558235499,0.1363100603947285,0.0853750271974977,0.05888374592608,0.0590099622418621,0.0317106996740864,0.0364981442474154,0.0994625892795229,0.088610895191449,0.2251509868214674,0.1198918401669414,0.0,0.0,0.0416721563460693,0.0537020653295233,0.2668231431675367,0.1337949629203886,,True,True,1.5177233566977302,0.954316095574008,0.5096993995781334,0.2056146457974364,2.9817388518498715,0.3167884572580332,0.3150214857420036,0.4774081603364518,0.4887033070685865,1.5832187334851429,0.3332542836343856,0.4901310689691743,0.1757345960292603,0.9307172995447482,0.8211955303379569,-0.6175951892354787,0.6318099430000376,2.651082907207513,1.8847082112117972,1.446529095152115,3.2415,2.3635,0.862,0.399,6.467,0.3925,0.197,0.4075,PHX,True,2.7801398795744072,1.5774561008154873,0.9321780945720618,0.6219316682723272,3.3074024550997723,0.624054284497751,0.4529801320146392,0.6476447714604048
4038379,Marine Johannes,NYL,2026-05-29,0.0,26.0,0.0,0.0,50.0,12,4,4,4,9,5,0,1,4,11,,0,0,,0,4,1,12.0,29.0,0.4137931034482758,0.1379310344827586,0.1379310344827586,0.1379310344827586,0.3103448275862069,0.3793103448275862,0.0,0.0344827586206896,0.4137931034482758,0.0,13.0,14.730919862656236,5.0,2.0,1.3333333333333333,1.3333333333333333,3.6666666666666665,1.6666666666666667,0.0,0.6666666666666666,1.3333333333333333,4.666666666666667,,1.0,1.0,,0.0,2.0,0.6666666666666666,2.6666666666666665,0.356896551724138,0.0804638751005381,0.1689655172413793,0.0438893864184753,0.0689655172413793,0.0975319698188341,0.0689655172413793,0.0975319698188341,0.2551724137931034,0.0780255758550673,0.3396551724137931,0.0560808826458296,0.15,0.2121320343559642,0.0672413793103448,0.0463276856639462,0.4728965517241378,0.0835848981347408,10.0,11.853269591129695,3.6,1.2,1.2,1.0,2.8,1.2,0.0,0.4,1.0,3.4,,0.6,0.6,,0.0,1.2,0.6,-0.4,0.3288401253918495,0.0748245065049871,0.1126436781609195,0.1023698578308612,0.1065830721003135,0.0948761501593827,0.0762800417972831,0.0701195363419336,0.2610240334378265,0.0560956290735468,0.3173458725182863,0.0553682877164414,0.0999999999999999,0.1732050807568877,0.0448275862068965,0.0507962753884697,0.4061734587251828,0.1298042026135485,12.6,11.097547276563212,3.9,1.4,1.3,0.9,3.0,0.7,0.2,0.8,1.2,4.1,,0.6,0.6,,0.0,1.4,0.9,1.0,0.231955329153605,0.1770107450899304,0.1228504254366323,0.149383272779073,0.0850593372145096,0.0814185743587544,0.047217868338558,0.0563419126421329,0.1963886867442902,0.0977373248256369,0.2888329881325571,0.1284392527896302,0.0504310344827586,0.1071415831417376,0.0802724753694581,0.105300699990814,0.391295118674429,0.213406608375191,,True,True,7.493368381520305,2.6328480972740453,2.46860953459015,1.2720569701908613,12.594826013384502,1.0089407288893777,0.3075041549465753,1.5400671808870905,2.417450725130065,6.95224424960329,1.384962147940792,1.7355140326777383,0.3292162084173022,2.45576768885674,1.6924371053713958,-0.5183273148944275,1.3164448838359584,10.305259933730268,9.81926337104638,5.083971231864248,9.039,4.182,2.0315,1.1685,15.2525,0.937,0.2405,1.0285,PHX,True,4.661488925225501,2.034176983450555,1.4094352592439283,1.0789382512451766,5.323508593963195,0.971097832352642,0.4915890051659007,1.0117745549281223
4066533,Sabrina Ionescu,NYL,2026-05-29,0.0,26.0,0.0,0.0,49.0,6,1,2,0,1,0,0,3,2,8,,2,2,,1,0,2,0.0,16.0,0.375,0.0625,0.125,0.0,0.0625,0.5,0.125,0.1875,0.7425,0.0,22.666666666666668,12.423096769056151,9.666666666666666,3.0,3.333333333333333,1.0,4.666666666666667,0.3333333333333333,0.0,3.0,3.333333333333333,9.666666666666666,,2.0,2.333333333333333,,0.3333333333333333,2.6666666666666665,1.6666666666666667,-7.333333333333333,0.3454204204204203,0.2652040495875721,0.1193318318318318,0.0512851652520657,0.1665915915915916,0.0870781229206466,0.027027027027027,0.046812183988348,0.1511636636636636,0.1499760016739516,0.3822822822822822,0.2157019660294263,0.1131381381381381,0.0280731596276704,0.1429804804804804,0.0405656099498392,0.5750435435435436,0.2204115853338517,27.4,12.461942063739508,10.8,3.8,4.0,1.4,6.8,0.4,0.6,3.0,3.8,12.0,,1.8,2.8,,0.4,3.4,1.8,-6.8,0.3509016261341843,0.1879016520751167,0.1302753066125159,0.0395630505592906,0.1555900175667617,0.065567955272524,0.0378620122806169,0.0379251490576197,0.2080506132250318,0.1319717439353845,0.4130902996019275,0.1608460305601615,0.1186878918274267,0.0763840819597278,0.1167364099340843,0.0535830099047478,0.5820493819400796,0.1597123253187074,19.0,15.527752931802809,7.1,2.9,4.0,0.8,4.1,0.3,0.3,1.7,2.6,7.5,,1.1,1.6,,0.3,2.6,1.2,-0.5,0.3428296108528667,0.1645902406357624,0.1469813443650653,0.0431478265895304,0.2191943348920093,0.1238412920345368,0.0325387999806604,0.0341291737506614,0.1866621189295607,0.1187865337300997,0.3764645811157439,0.1564434090260955,0.0953590761730296,0.0770342833088317,0.0939651605349279,0.0623194880070299,0.512387735166805,0.178539296321379,,True,True,8.355135772057135,2.4789395027771945,3.276913890703937,0.961197337853778,14.110989165538268,0.5308699304566917,0.4003519902667852,1.6675803593447969,2.898344709758235,6.981140415187659,1.5958012015578062,2.0092385177357124,0.2845284612443938,2.3465468415329416,1.623456907187666,0.27895529312664,0.9312219207234969,11.013118729769552,11.489335117697063,5.738366993481112,11.5405,5.767,3.413,1.3095,20.7205,0.7205,0.274,1.254,PHX,True,5.263018121762455,2.4013977179967503,1.837506734681536,1.1741847171548436,6.07983385874976,0.8398688885772588,0.5156781942258176,1.1200374993722308
4281929,Satou Sabally,NYL,2026-05-29,0.0,26.0,0.0,0.0,59.0,0,0,0,0,0,0,0,0,0,0,,0,0,,0,0,0,0.0,0.0,,,,,,,,,,0.0,0.0,0.0,0.0,0.0,0.0,0.0,0.0,0.0,0.0,0.0,0.0,0.0,,0.0,0.0,,0.0,0.0,0.0,0.0,,,,,,,,,,,,,,,,,,,11.8,16.25423021862309,9.2,2.8,1.0,0.8,3.0,0.0,0.2,1.4,3.0,6.8,,2.4,3.0,,0.2,2.6,0.6,-1.8,0.7824074074074074,0.0458309950769041,0.2447916666666666,0.1252168258351177,0.083912037037037,0.0139129806483464,0.068287037037037,0.0081841062637332,0.2604166666666667,0.103119738923038,0.5862268518518519,0.166137357153784,0.2546296296296296,0.0065472850109887,0.115162037037037,0.0581071544725055,0.8134259259259258,0.1109110080861116,22.6,15.882904856060383,14.3,4.3,1.6,1.7,4.9,0.2,0.1,1.6,4.4,10.1,,3.8,4.4,,0.9,3.4,1.8,0.1,0.638828141141384,0.1683090221195933,0.191851099523001,0.0722640700211013,0.0714650649922296,0.0439708117028059,0.0735610307129831,0.0399620540626719,0.2171630352763629,0.0718017218590235,0.4506385812200753,0.1439885535879126,0.2008962819234466,0.113366249914676,0.0718610482298937,0.0479092770103454,0.6108939934962855,0.1686837207438155,,True,True,7.186768816586566,1.483757440916338,0.341251448107604,1.0126349175377187,9.011777705610507,0.0,0.0958953057772315,0.7907028172976218,2.1839258228479315,4.870848012534884,1.8048344402240557,2.1691967540239103,0.248704892469851,1.387188348446447,0.5591618364723183,1.5484211924213644,-0.0167311640854269,8.849569712438203,7.38530571962999,1.8075224890238797,7.842,3.356,0.724,0.9295,11.922,0.068,0.0915,0.623,PHX,True,4.358100044744269,1.890836851766963,0.8688060773268106,0.97495115262253,4.8163176805522285,0.2595688733265219,0.2917666019269512,0.7936441267973952
4337216,Han Xu,NYL,2026-05-29,0.0,26.0,0.0,0.0,3.0,4,1,1,0,2,1,1,0,2,9,,0,0,,1,0,0,-4.0,15.0,0.2666666666666666,0.0666666666666666,0.0666666666666666,0.0,0.1333333333333333,0.6,0.0,0.0,0.6,0.0,18.5,4.949747468305833,12.0,1.5,1.0,0.5,2.5,1.0,1.5,1.0,4.0,9.5,,3.5,3.5,,1.0,0.5,0.0,-10.5,0.5878787878787879,0.4542625382168123,0.0787878787878788,0.0171419825742193,0.056060606060606,0.0149992347524419,0.0227272727272727,0.0321412173266612,0.1348484848484848,0.0021427478217774,0.5272727272727272,0.102851895445316,0.1590909090909091,0.2249885212866287,0.0454545454545454,0.0642824346533225,0.6427272727272727,0.0604254885741231,18.5,4.949747468305833,12.0,1.5,1.0,0.5,2.5,1.0,1.5,1.0,4.0,9.5,,3.5,3.5,,1.0,0.5,0.0,-10.5,0.5878787878787879,0.4542625382168123,0.0787878787878788,0.0171419825742193,0.056060606060606,0.0149992347524419,0.0227272727272727,0.0321412173266612,0.1348484848484848,0.0021427478217774,0.5272727272727272,0.102851895445316,0.1590909090909091,0.2249885212866287,0.0454545454545454,0.0642824346533225,0.6427272727272727,0.0604254885741231,18.5,4.949747468305833,12.0,1.5,1.0,0.5,2.5,1.0,1.5,1.0,4.0,9.5,,3.5,3.5,,1.0,0.5,0.0,-10.5,0.5878787878787879,0.4542625382168123,0.0787878787878788,0.0171419825742193,0.056060606060606,0.0149992347524419,0.0227272727272727,0.0321412173266612,0.1348484848484848,0.0021427478217774,0.5272727272727272,0.102851895445316,0.1590909090909091,0.2249885212866287,0.0454545454545454,0.0642824346533225,0.6427272727272727,0.0604254885741231,,True,True,11.783169102308117,2.328439835337842,1.7910292825785217,0.8380866030781937,15.902638220224478,0.904105951569137,1.0377322547683718,1.353658988696115,4.026284323186579,9.094807383787158,2.891066039727972,3.3431703944133284,0.7049091466581081,1.775666488679729,1.4032138166159274,-2.4556237806159062,1.9418382063375148,14.290652392581864,13.431483839822604,4.101982717916396,11.143,4.2815,1.769,1.0415,17.1935,0.896,0.5305,1.0235,PHX,True,4.979513128810888,2.0596741853992344,1.3178159962604794,1.0068653087677617,5.457293995195788,0.9618648553721048,0.7190756218924403,1.020758419019897
4683006,Leonie Fiebich,NYL,2026-05-29,0.0,26.0,0.0,0.0,45.0,0,0,0,0,0,0,0,0,0,0,,0,0,,0,0,0,0.0,0.0,,,,,,,,,,0.0,9.333333333333334,16.165807537309522,1.0,1.0,0.3333333333333333,0.3333333333333333,1.0,0.0,0.0,0.3333333333333333,0.3333333333333333,1.3333333333333333,,0.0,0.0,,0.0,1.0,0.3333333333333333,2.333333333333333,0.1071428571428571,,0.1071428571428571,,0.0357142857142857,,0.0357142857142857,,0.1071428571428571,,0.1428571428571428,,0.0,,0.0357142857142857,,0.1785714285714285,,18.0,17.421251390184345,3.0,2.2,0.8,0.6,2.4,0.2,0.2,1.2,1.0,3.6,,0.4,0.4,,0.6,1.6,0.8,0.0,0.150169878430748,0.0925588216713001,0.1159818442427138,0.0343096413645902,0.0494372776981472,0.0328806614468295,0.028998778998779,0.026292312921427,0.1245288527897223,0.0486537284213271,0.1970058926580665,0.0473688458544896,0.0289855072463767,0.0502043712338806,0.0605855497159844,0.0365611679513884,0.2703450655624568,0.0812973548292844,21.9,12.758004023618524,5.1,2.6,1.0,1.0,3.4,0.5,0.1,1.0,1.6,5.0,,0.9,1.1,,0.6,2.0,1.2,1.9,0.221279952024305,0.1961495021627556,0.1126819418678317,0.0606962514954853,0.0459686730987572,0.0512832341190739,0.0414127159656612,0.0402054340320979,0.1495165234669368,0.0593599390494076,0.2245581486621938,0.0563807416747088,0.0525220836101473,0.0621429544926657,0.0397584562468854,0.0333640476288598,0.2874263216975441,0.0855619551150278,,True,True,1.225771399065209,0.801479342882051,0.1311910749944943,0.5569872961969451,2.1584418169417545,0.1876707815324913,0.0318024250747326,0.3972559549324435,0.2550429031209099,1.43686797271559,0.1572504834978021,0.2548260734023593,0.1020562451917823,0.8515588976902538,0.9024954289954672,0.6721532831043985,0.2194732066072261,2.206294196883273,1.2142479289956074,0.9151840178765368,4.9375,2.833,0.707,0.7455,8.4775,0.3205,0.06,0.44,PHX,True,3.477728245564912,1.717006406511053,0.8432976935815726,0.8612373366267861,3.944679169463595,0.5484339066833851,0.25,0.6537583651472462
4790258,Raquel Carrera,NYL,2026-05-29,0.0,26.0,0.0,0.0,3.0,0,0,0,0,0,0,0,0,0,0,,0,0,,0,0,0,0.0,0.0,,,,,,,,,,0.0,0.0,0.0,0.0,0.0,0.0,0.0,0.0,0.0,0.0,0.0,0.0,0.0,,0.0,0.0,,0.0,0.0,0.0,0.0,,,,,,,,,,,,,,,,,,,0.0,0.0,0.0,0.0,0.0,0.0,0.0,0.0,0.0,0.0,0.0,0.0,,0.0,0.0,,0.0,0.0,0.0,0.0,,,,,,,,,,,,,,,,,,,0.0,0.0,0.0,0.0,0.0,0.0,0.0,0.0,0.0,0.0,0.0,0.0,,0.0,0.0,,0.0,0.0,0.0,0.0,,,,,,,,,,,,,,,,,,,,True,True,2.808099457402168,1.058946272770073,0.8143498147812266,0.21360090134149,4.681395544953467,0.3524611381111609,0.1516911555340665,0.63437748157352,0.9230854508702202,2.253222436642447,0.7468798411915306,1.004493730886951,0.3177888702469664,0.8932932025231074,0.9379572814441484,-0.0330359042822727,0.504152293645228,4.046089185108098,3.4797347271192343,1.8558096875513037,2.8350071123380043,1.2110820727700728,0.6447276147812266,0.2419563694060365,4.690816799889321,0.3524611381111609,0.1516911555340665,0.63437748157352,,,7.5,3.0,2.5,1.3,9.0,1.2,1.3,1.5
4790260,Marine Fauthoux,NYL,2026-05-29,0.0,26.0,0.0,0.0,3.0,0,0,0,0,0,0,0,0,0,0,,0,0,,0,0,0,0.0,0.0,,,,,,,,,,0.0,0.0,0.0,0.0,0.0,0.0,0.0,0.0,0.0,0.0,0.0,0.0,0.0,,0.0,0.0,,0.0,0.0,0.0,0.0,,,,,,,,,,,,,,,,,,,0.0,0.0,0.0,0.0,0.0,0.0,0.0,0.0,0.0,0.0,0.0,0.0,,0.0,0.0,,0.0,0.0,0.0,0.0,,,,,,,,,,,,,,,,,,,0.0,0.0,0.0,0.0,0.0,0.0,0.0,0.0,0.0,0.0,0.0,0.0,,0.0,0.0,,0.0,0.0,0.0,0.0,,,,,,,,,,,,,,,,,,,,True,True,2.808099457402168,1.058946272770073,0.8143498147812266,0.21360090134149,4.681395544953467,0.3524611381111609,0.1516911555340665,0.63437748157352,0.9230854508702202,2.253222436642447,0.7468798411915306,1.004493730886951,0.3177888702469664,0.8932932025231074,0.9379572814441484,-0.0330359042822727,0.504152293645228,4.046089185108098,3.4797347271192343,1.8558096875513037,2.8350071123380043,1.2110820727700728,0.6447276147812266,0.2419563694060365,4.690816799889321,0.3524611381111609,0.1516911555340665,0.63437748157352,,,7.5,3.0,2.5,1.3,9.0,1.2,1.3,1.5
5345320,Pauline Astier,NYL,2026-05-29,0.0,26.0,0.0,0.0,3.0,12,1,4,0,0,1,1,2,4,5,,4,4,,0,1,3,16.0,22.0,0.5454545454545454,0.0454545454545454,0.1818181818181818,0.0,0.0,0.2272727272727272,0.1818181818181818,0.0909090909090909,0.3981818181818182,0.0,11.0,15.556349186104043,6.0,0.5,2.0,0.0,0.0,0.5,0.5,1.0,2.0,2.5,,2.0,2.0,,0.0,0.5,1.5,8.0,0.5454545454545454,,0.0454545454545454,,0.1818181818181818,,0.0,,0.0,,0.2272727272727272,,0.1818181818181818,,0.0909090909090909,,0.3981818181818182,,11.0,15.556349186104043,6.0,0.5,2.0,0.0,0.0,0.5,0.5,1.0,2.0,2.5,,2.0,2.0,,0.0,0.5,1.5,8.0,0.5454545454545454,,0.0454545454545454,,0.1818181818181818,,0.0,,0.0,,0.2272727272727272,,0.1818181818181818,,0.0909090909090909,,0.3981818181818182,,11.0,15.556349186104043,6.0,0.5,2.0,0.0,0.0,0.5,0.5,1.0,2.0,2.5,,2.0,2.0,,0.0,0.5,1.5,8.0,0.5454545454545454,,0.0454545454545454,,0.1818181818181818,,0.0,,0.0,,0.2272727272727272,,0.1818181818181818,,0.0909090909090909,,0.3981818181818182,,,True,True,8.11444515460925,2.1779790150849285,2.794564629972165,0.5680299522274261,13.086988799666344,0.8326088982738868,0.5826929151486482,1.6889197298789969,2.8043081393461,6.007860216522753,1.9363511105608529,2.536666754994981,0.3306949696811795,1.9994198454037748,2.193212574697609,3.176690469343534,1.4153018134225146,10.471467624629565,10.766295239516996,4.955057245057184,7.034,3.2055,2.1925,0.628,12.432,0.7915,0.3065,1.025,PHX,True,3.921204406811764,1.7872520107696062,1.439945745505712,0.8053669970889048,4.627566963318846,0.8877092711017498,0.5445711615574221,1.0011867957579146
869,DeWanna Bonner,PHX,2026-05-29,0.0,14.0,0.0,1.0,53.0,8,7,0,0,2,1,1,2,3,7,,2,2,,1,6,2,4.0,33.0,0.2424242424242424,0.2121212121212121,0.0,0.0,0.0606060606060606,0.2121212121212121,0.0606060606060606,0.0606060606060606,0.2993939393939394,0.0,26.666666666666668,12.741009902410928,8.0,6.666666666666667,0.3333333333333333,0.3333333333333333,2.0,0.3333333333333333,0.6666666666666666,1.6666666666666667,3.0,7.666666666666667,,1.6666666666666667,1.6666666666666667,,1.0,5.666666666666667,2.6666666666666665,3.0,0.3427128427128426,0.1379236903059784,0.2492784992784992,0.0368018415665198,0.0095238095238095,0.0164957219768464,0.0095238095238095,0.0164957219768465,0.0948051948051948,0.0622579456626198,0.3326118326118326,0.1495596337799601,0.0852813852813852,0.0722788173119873,0.1035353535353535,0.1304116296330844,0.4736709956709957,0.3028169741367557,26.8,9.444575162494075,10.6,6.0,0.4,0.6,2.2,0.4,0.6,1.2,3.4,7.8,,3.2,4.0,,1.4,4.6,2.6,1.2,0.4017006369040029,0.256999566428073,0.2140832285993576,0.1265189615117502,0.0144099378881987,0.0204233576398781,0.0186175115207373,0.0284850783735769,0.0936292599406204,0.0441889921450453,0.3140131023721486,0.1191390033507859,0.1524311032585927,0.1577267495620227,0.0685728250244379,0.1045257332542462,0.4496556128303674,0.2437403180035938,25.9,6.471304179049053,8.4,6.4,0.8,0.8,3.1,0.6,0.7,1.0,2.8,7.9,,2.0,2.4,,1.3,5.1,2.0,0.9,0.3228782904799735,0.231699924894569,0.2447898660479305,0.1140368155158706,0.0319881857273161,0.0334950877479331,0.0285395249911378,0.0422484474395747,0.1269964481521283,0.06657555308452,0.3163631945427177,0.1145465475016973,0.0929987684125131,0.1262189586144963,0.0498248740506805,0.0755608263226039,0.407107526694904,0.1886524098662907,,True,True,9.27334826195391,5.775589071879905,1.1600714551589042,0.5935976986839127,16.20900878899272,0.7368183265360941,0.7031176009801503,1.3947982473111256,3.208853152567624,7.761108900745869,2.2359198115323053,3.0769297446847363,1.3152569158964944,4.612467955983488,2.4495587274478106,-2.789199860779607,1.4399359275162151,15.459228939581322,10.521953322860655,6.918174127038812,9.686,7.5245,1.5305,1.036,18.741,0.576,0.5115,1.2015,NYL,False,4.65890588013967,2.748890639876385,1.2284420010729036,0.9993517899118408,5.546432997882513,0.757775692405081,0.7126484055970378,1.0880706548749488
887,Sami Whitcomb,PHX,2026-05-29,0.0,14.0,0.0,1.0,60.0,0,0,0,0,0,0,0,0,0,0,,0,0,,0,0,0,0.0,0.0,,,,,,,,,,0.0,10.0,8.888194417315589,2.0,1.0,1.0,0.6666666666666666,1.6666666666666667,0.0,0.3333333333333333,0.3333333333333333,0.6666666666666666,2.0,,0.0,0.0,,0.0,1.0,1.0,0.6666666666666666,0.2036199095022624,0.0383949383449708,0.1153846153846153,0.1631784879661263,0.1063348416289592,0.0671911421036992,0.0678733031674208,0.0127983127816569,0.1561085972850678,0.1119852368394981,0.1945701357466063,0.0575924075174558,0.0,0.0,0.0384615384615384,0.0543928293220421,0.2330316742081449,0.003199578195379,13.8,9.038805230781335,1.2,0.8,1.6,0.4,2.2,0.4,0.2,0.6,0.4,2.8,,0.0,0.0,,0.2,0.6,0.8,-2.8,0.1018099547511312,0.1196317110081648,0.0676923076923076,0.1103410527817914,0.1188817065287653,0.0424482796755901,0.0339366515837103,0.0398772370027217,0.1537685843568196,0.0650884902460394,0.2008564964447317,0.0345301778318205,0.0,0.0,0.0470879120879121,0.0353558798525524,0.2479444085326438,0.0254603864853155,19.9,9.26702637191552,4.6,1.8,2.3,0.9,3.9,0.7,0.1,1.2,1.8,5.9,,0.1,0.4,,0.4,1.4,1.3,0.9,0.2134587453214904,0.1545610447574458,0.0886339175228064,0.0761712888006052,0.1131617910049282,0.0578926203352671,0.0440298324285252,0.0380238591644163,0.1868881699273856,0.094543431184048,0.2804405229241831,0.0851718386681888,0.0174897119341563,0.0347821841653847,0.060069375069375,0.0583310643531558,0.3482053712445869,0.1132212176384125,,True,True,1.981425789424705,0.531572094973144,1.3394152583815009,0.594976927127574,3.8524131427793495,0.2874369466590491,0.0070553619272304,0.6337532560454773,0.6313044772657881,2.461957710153337,0.1223920946368686,0.2921761186188933,0.0228549820658455,0.6608529129072931,1.068815303435633,0.2114324619548018,0.2944923085863035,2.692041339333933,3.178126502742213,1.8535009533546487,3.8035,1.58,1.489,0.588,6.8725,0.252,0.0265,0.5565,NYL,False,3.093361884746109,1.2745979758339492,1.2053543047585635,0.7604314564771765,3.4934572775404025,0.5172001546790178,0.25,0.7401403583105032
2529140,Alyssa Thomas,PHX,2026-05-29,0.0,14.0,0.0,1.0,60.0,17,11,6,0,0,0,1,4,5,10,,7,7,,2,9,4,21.0,33.0,0.5151515151515151,0.3333333333333333,0.1818181818181818,0.0,0.0,0.303030303030303,0.2121212121212121,0.1212121212121212,0.5175757575757576,0.0,29.0,13.45362404707371,12.666666666666666,8.666666666666666,8.0,0.0,0.0,0.6666666666666666,0.3333333333333333,4.666666666666667,4.0,7.333333333333333,,4.666666666666667,4.666666666666667,,2.0,6.666666666666667,2.6666666666666665,6.666666666666667,0.4086219336219336,0.1155921336279906,0.2825396825396826,0.0614144194354067,0.3344155844155843,0.2080710385715858,0.0,0.0,0.0,0.0,0.2164862914862916,0.1264030501342847,0.1909451659451659,0.1069413215261431,0.1392135642135642,0.0783523125438425,0.4397157287157288,0.1484158192966709,31.2,10.47377677822093,12.4,8.8,7.6,0.0,0.0,1.4,0.2,4.0,4.4,8.4,,3.6,4.0,,2.2,6.6,3.4,1.2,0.3836346986346986,0.0890709382369035,0.2710622710622711,0.059854533462151,0.2801365301365301,0.1663868245591371,0.0,0.0,0.0,0.0,0.2463020313020313,0.0984681140778595,0.1453363303363303,0.1121477331113925,0.1189127539127539,0.0625207239497557,0.4291627705627706,0.1063547170250292,34.7,8.11103500725333,15.8,8.7,8.5,0.0,0.0,1.7,0.4,4.1,6.4,12.0,,3.0,4.1,,1.9,6.8,2.7,2.1,0.4446212241836477,0.1080896094902966,0.2486948194108536,0.0506372601220914,0.2621532019022839,0.1162343852332204,0.0,0.0,0.0,0.0,0.328945120649527,0.1285690388093852,0.1256695141303464,0.0954968727377435,0.1146493300073471,0.0499136168450473,0.4988890368742266,0.1227046122696171,,True,True,16.595589799068932,8.027615139142721,7.015554539785906,0.0,31.63875947799756,1.5399364710633712,0.4705590752099571,3.482579568163114,5.915302828940974,11.615003147668272,3.289576920778664,4.365089545977656,1.9011954083801343,6.278555530762644,2.83269901619522,0.0367683669611425,2.010495546273287,23.302248393148027,21.96842979379092,15.025683278928646,10.164,9.2625,4.6795,0.6165,24.106,0.9575,0.4075,2.162,NYL,False,4.685840799685794,2.934210924592845,2.1087389003857258,0.7819384566575557,5.898369605238383,0.974522318882436,0.628843183949703,1.4295999440402898
2998938,Kahleah Copper,PHX,2026-05-29,0.0,14.0,0.0,1.0,59.0,17,5,1,1,6,3,0,1,3,16,,10,10,,0,5,2,8.0,34.0,0.5,0.1470588235294117,0.0294117647058823,0.0294117647058823,0.1764705882352941,0.4705882352941176,0.2941176470588235,0.0294117647058823,0.6294117647058823,0.0,27.666666666666668,12.741009902410928,22.0,4.0,0.6666666666666666,1.6666666666666667,5.333333333333333,1.3333333333333333,0.0,1.3333333333333333,7.333333333333333,16.666666666666668,,5.666666666666667,6.333333333333333,,0.3333333333333333,3.6666666666666665,3.333333333333333,4.0,0.9316239316239316,0.4882466943448577,0.1302161890397184,0.0471829813325895,0.0190631808278867,0.016529401857836,0.11236802413273,0.1697938302378071,0.2497067202949556,0.1863396905148723,0.6682587564940506,0.2315942425287424,0.2141360817831405,0.0721792448549931,0.0375816993464052,0.0422631279620181,0.8000603318250378,0.1815120306057674,30.0,9.721111047611789,21.2,3.4,0.4,1.8,5.8,1.0,0.0,1.4,7.4,16.4,,4.6,5.2,,0.6,2.8,2.8,-2.2,0.801805900192997,0.3998555052973782,0.1085956632446196,0.0469249641216672,0.011437908496732,0.0156726520369696,0.0923312087448709,0.1255499871066297,0.2292147131805576,0.1411522168203723,0.5948620639322726,0.2037523490294845,0.170058710001784,0.0792047515176864,0.0410078009698503,0.0329212449993272,0.7106956973029079,0.1939535463046738,32.4,7.105553383719568,19.1,3.1,0.9,2.1,6.0,0.6,0.0,1.6,6.9,15.0,,3.2,3.6,,0.5,2.6,2.5,-2.3,0.6418965004650488,0.331929861832765,0.0946779845024626,0.0433191384141551,0.0258458993753111,0.0294571239966643,0.0805482825051136,0.0890437552761026,0.2034638266967489,0.1068355002081667,0.4907800628151672,0.1983358692728148,0.1145432438897808,0.0900226973718052,0.0466479422539669,0.0342486794157612,0.5878270323806377,0.2107669742319191,,True,True,17.377682735832543,3.5443034848161954,1.7330129711612128,1.7875292769333404,22.654999191809956,0.6058265481888445,0.3218655443301915,2.020021289505498,5.640474291328792,13.976202030956712,3.637007801058436,4.117118710168194,0.7204864735380945,2.9759528112783107,2.448887678148877,-2.506564574331412,0.927692092519008,20.43028041352979,18.29723189987486,5.259830055977398,14.4,5.497,1.742,1.608,21.639,0.5405,0.337,1.523,NYL,False,5.684980211047352,2.2962994142750635,1.3256832200793671,1.2362588725667452,6.271258167226095,0.715094224560652,0.6003590592303909,1.239947982779923
3906769,Jovana Nogic,PHX,2026-05-29,0.0,14.0,0.0,1.0,2.0,27,4,0,5,8,0,0,1,6,11,,10,11,,2,2,2,23.0,31.0,0.8709677419354839,0.1290322580645161,0.0,0.1612903225806451,0.2580645161290322,0.3548387096774194,0.3548387096774194,0.032258064516129,0.5432258064516129,0.0,31.0,,27.0,4.0,0.0,5.0,8.0,0.0,0.0,1.0,6.0,11.0,,10.0,11.0,,2.0,2.0,2.0,23.0,0.8709677419354839,,0.1290322580645161,,0.0,,0.1612903225806451,,0.2580645161290322,,0.3548387096774194,,0.3548387096774194,,0.032258064516129,,0.5432258064516129,,31.0,,27.0,4.0,0.0,5.0,8.0,0.0,0.0,1.0,6.0,11.0,,10.0,11.0,,2.0,2.0,2.0,23.0,0.8709677419354839,,0.1290322580645161,,0.0,,0.1612903225806451,,0.2580645161290322,,0.3548387096774194,,0.3548387096774194,,0.032258064516129,,0.5432258064516129,,31.0,,27.0,4.0,0.0,5.0,8.0,0.0,0.0,1.0,6.0,11.0,,10.0,11.0,,2.0,2.0,2.0,23.0,0.8709677419354839,,0.1290322580645161,,0.0,,0.1612903225806451,,0.2580645161290322,,0.3548387096774194,,0.3548387096774194,,0.032258064516129,,0.5432258064516129,,,True,True,18.46912739639088,3.5083309678335626,0.2782299312744971,3.063381194303455,22.255688295498945,0.3994253551711919,0.193793592888783,1.521885316772178,5.023653393530608,12.34649840299269,5.356991601897389,6.239958289416601,0.9500416365819566,2.710425131251569,2.2446231164842425,5.270254092853701,0.5932189480599642,22.15650181915998,18.604642782601147,3.769074499108049,17.3335,5.7995,0.742,2.1875,23.875,0.4415,0.2465,1.2485,NYL,False,6.340132313288106,2.335016006369121,0.8387109156318402,1.4914233972953488,6.966518140362515,0.6546584987609952,0.4967270377178999,1.1286043372236347
3919496,Valeriane Ayayi,PHX,2026-05-29,0.0,14.0,0.0,1.0,2.0,8,2,1,0,2,0,0,1,3,6,,2,3,,1,1,0,-8.0,12.0,0.6666666666666666,0.1666666666666666,0.0833333333333333,0.0,0.1666666666666666,0.5,0.25,0.0833333333333333,0.6933333333333334,0.0,12.0,,8.0,2.0,1.0,0.0,2.0,0.0,0.0,1.0,3.0,6.0,,2.0,3.0,,1.0,1.0,0.0,-8.0,0.6666666666666666,,0.1666666666666666,,0.0833333333333333,,0.0,,0.1666666666666666,,0.5,,0.25,,0.0833333333333333,,0.6933333333333334,,12.0,,8.0,2.0,1.0,0.0,2.0,0.0,0.0,1.0,3.0,6.0,,2.0,3.0,,1.0,1.0,0.0,-8.0,0.6666666666666666,,0.1666666666666666,,0.0833333333333333,,0.0,,0.1666666666666666,,0.5,,0.25,,0.0833333333333333,,0.6933333333333334,,12.0,,8.0,2.0,1.0,0.0,2.0,0.0,0.0,1.0,3.0,6.0,,2.0,3.0,,1.0,1.0,0.0,-8.0,0.6666666666666666,,0.1666666666666666,,0.0833333333333333,,0.0,,0.1666666666666666,,0.5,,0.25,,0.0833333333333333,,0.6933333333333334,,,True,True,9.115942802214333,2.6222418407951853,1.6813691049141886,0.7631446139815197,13.419553747923707,0.4472669086373795,0.2499221975567506,1.336471480164814,3.102594837841214,6.651542054471694,2.146160699421746,2.8708555606641397,0.8517789932309539,1.9225986475642396,1.2759039830279617,-1.4198954933298813,0.6971891061941391,11.917228097945396,10.654597362064292,4.286124545709411,5.9045,3.294,1.2755,0.586,10.474,0.346,0.212,0.9155,NYL,False,3.670201595280565,1.8320927924098167,1.1048075624288602,0.7480668419332593,4.241382321838011,0.5798999913778238,0.4506173543040703,0.9366748368564196
4068042,Natasha Mack,PHX,2026-05-29,0.0,14.0,0.0,1.0,60.0,10,6,3,0,0,1,4,3,3,8,,4,6,,2,4,6,9.0,30.0,0.3333333333333333,0.2,0.1,0.0,0.0,0.2666666666666666,0.2,0.1,0.4546666666666666,0.0,15.0,14.106735979665885,5.0,4.0,1.0,0.0,0.0,0.6666666666666666,1.3333333333333333,1.3333333333333333,1.6666666666666667,4.0,,1.6666666666666667,2.6666666666666665,,1.3333333333333333,2.6666666666666665,3.6666666666666665,5.666666666666667,0.2393162393162393,0.2088340465447968,0.2205128205128204,0.2314519814645488,0.0333333333333333,0.0577350269189625,0.0,0.0,0.0,0.0,0.1914529914529914,0.1670672372358375,0.1179487179487179,0.1047209120854468,0.0589743589743589,0.0523604560427234,0.3023247863247862,0.2618236018959183,14.2,10.89495295997188,4.2,4.8,0.8,0.0,0.0,0.6,1.0,0.8,1.6,3.2,,1.0,1.6,,1.4,3.4,2.6,2.4,0.2067476383265857,0.1904206968239001,0.2947137073452862,0.2105812600303067,0.0485714285714285,0.0682133507789332,0.0,0.0,0.0,0.0,0.1750221708116444,0.1203752228801366,0.0707692307692307,0.0982690426010542,0.0353846153846153,0.0491345213005271,0.2415452477347214,0.2030531974447164,14.1,7.607744592044203,3.9,4.6,0.8,0.0,0.0,0.4,1.1,0.7,1.6,3.1,,0.7,1.0,,1.4,3.2,1.6,-0.9,0.2357900871058766,0.180075965361628,0.3107938552675395,0.1564201141479754,0.050152939166097,0.0562791015240741,0.0,0.0,0.0,0.0,0.2000808621203358,0.1160340098995765,0.0535664335664335,0.0869436996903759,0.0413665501165501,0.0446223689946158,0.2650166430061166,0.1720346239602978,,True,True,9.118200822993138,5.944122663585623,1.888566532414556,0.1597535814018701,16.95089001899332,0.7232231951646357,1.1533046205610222,1.4328936320968864,2.952728259765496,5.988013559919681,1.515874325078812,2.2876955623942745,1.6517304042968324,4.4445280592887295,2.553208688698997,1.4983147188445582,1.876527815725634,13.74136694151468,9.364052810343662,7.815202796000187,5.2525,6.1855,1.668,0.369,13.106,0.5165,0.5915,1.072,NYL,False,3.4187342321391405,2.492205800089551,1.2976039457399935,0.6130570935891697,4.485394519994869,0.7005196285615415,0.7953789977111542,1.027529075014425
4282168,Kiana Williams,PHX,2026-05-29,0.0,14.0,0.0,1.0,36.0,2,0,0,0,1,0,0,2,0,1,,2,2,,0,0,0,-15.0,8.0,0.25,0.0,0.0,0.0,0.125,0.125,0.25,0.25,0.485,0.0,10.333333333333334,11.676186592091328,6.0,0.3333333333333333,0.3333333333333333,1.3333333333333333,3.333333333333333,0.3333333333333333,0.0,1.6666666666666667,1.6666666666666667,4.333333333333333,,1.3333333333333333,1.6666666666666667,,0.0,0.3333333333333333,0.6666666666666666,-4.333333333333333,0.4728260869565217,0.3151236742244396,0.0217391304347826,0.0307437730950672,0.0217391304347826,0.0307437730950672,0.0869565217391304,0.1229750923802691,0.2581521739130434,0.1883056102072871,0.3233695652173913,0.280536929492489,0.1902173913043478,0.084545376011435,0.1902173913043478,0.084545376011435,0.5972826086956522,0.1587915880360225,7.0,9.539392014169458,4.0,0.4,0.2,0.8,2.0,0.2,0.0,1.0,1.2,2.8,,0.8,1.0,,0.0,0.4,0.6,-2.0,0.4818840579710144,0.2233777194463529,0.0978260869565217,0.1335674535591794,0.0144927536231884,0.0251021856169402,0.0579710144927536,0.1004087424677609,0.1721014492753623,0.1998591580332997,0.2989130434782608,0.2028419305056687,0.1268115942028985,0.1250393762807057,0.1268115942028985,0.1250393762807057,0.4815217391304348,0.2298023519962029,3.5,7.352248333370927,2.0,0.2,0.1,0.4,1.0,0.1,0.0,0.5,0.6,1.4,,0.4,0.5,,0.0,0.2,0.3,-1.0,0.4818840579710144,0.2233777194463529,0.0978260869565217,0.1335674535591794,0.0144927536231884,0.0251021856169402,0.0579710144927536,0.1004087424677609,0.1721014492753624,0.1998591580332997,0.2989130434782608,0.2028419305056687,0.1268115942028985,0.1250393762807057,0.1268115942028985,0.1250393762807057,0.4815217391304348,0.2298023519962029,,True,True,3.8356809851500735,1.1632516369372603,0.9010102341477516,0.7854619973699786,5.899942856235086,0.3987108773138269,0.1134695595751841,0.6093385933201124,1.4466117458187182,3.644778634693144,1.0094052848346975,1.3746284740968773,0.1702620473806986,1.1451253895566322,1.1988217570079664,0.6999065207209834,0.5121804368890084,5.855414280300559,5.271414877511019,2.046775471085031,4.540026843363499,1.3153874369372605,0.7313880341477516,0.6373980668914343,6.586802314448345,0.3987108773138269,0.1134695595751841,0.6093385933201124,,,7.5,3.0,2.5,1.3,9.0,1.2,1.3,1.5
4688629,Shay Ciezki,PHX,2026-05-29,0.0,34.0,0.0,0.0,2.0,2,0,4,0,1,0,0,1,1,2,,0,0,,0,0,1,-4.0,8.0,0.25,0.0,0.5,0.0,0.125,0.25,0.0,0.125,0.375,0.0,8.0,,2.0,0.0,4.0,0.0,1.0,0.0,0.0,1.0,1.0,2.0,,0.0,0.0,,0.0,0.0,1.0,-4.0,0.25,,0.0,,0.5,,0.0,,0.125,,0.25,,0.0,,0.125,,0.375,,8.0,,2.0,0.0,4.0,0.0,1.0,0.0,0.0,1.0,1.0,2.0,,0.0,0.0,,0.0,0.0,1.0,-4.0,0.25,,0.0,,0.5,,0.0,,0.125,,0.25,,0.0,,0.125,,0.375,,8.0,,2.0,0.0,4.0,0.0,1.0,0.0,0.0,1.0,1.0,2.0,,0.0,0.0,,0.0,0.0,1.0,-4.0,0.25,,0.0,,0.5,,0.0,,0.125,,0.25,,0.0,,0.125,,0.375,,,True,True,5.154468324680668,0.999337534224888,3.622112008652439,0.6163504172034172,9.775917867557997,0.5846066968405006,0.1084882877524758,1.7233296900229316,1.7356134440439266,4.096552623102284,1.065443206260635,1.5186670920763143,0.1558758302622572,0.9955975039626386,1.645319864826745,-0.5685416595633934,0.6930949845929799,6.332849313841357,8.633865788268928,4.60396314287739,3.7715,1.2995,1.5905,0.422,6.6615,0.3685,0.106,0.8985,NYL,False,3.0335272785982985,1.1440278624229394,1.2620656678636022,0.6647676285740756,3.559763721091612,0.6030818766966887,0.3236726741632664,0.944562200175298
4873359,Kyara Linskens,PHX,2026-05-29,0.0,14.0,0.0,1.0,12.0,0,3,1,0,2,0,1,1,0,2,,0,0,,1,2,3,-8.0,8.0,0.0,0.375,0.125,0.0,0.25,0.25,0.0,0.125,0.375,0.0,3.0,4.358898943540674,0.6666666666666666,1.6666666666666667,0.3333333333333333,0.0,0.6666666666666666,0.0,0.3333333333333333,0.3333333333333333,0.3333333333333333,1.0,,0.0,0.0,,0.3333333333333333,1.3333333333333333,1.0,-2.6666666666666665,1.0,1.4142135623730951,1.1875,1.1490485194281397,0.0625,0.0883883476483184,0.0,0.0,0.125,0.1767766952966369,0.625,0.5303300858899106,0.0,0.0,0.0625,0.0883883476483184,0.6875,0.4419417382415922,1.8,3.492849839314596,0.4,1.0,0.2,0.0,0.4,0.0,0.2,0.2,0.2,0.6,,0.0,0.0,,0.2,0.8,0.6,-1.6,1.0,1.4142135623730951,1.1875,1.1490485194281397,0.0625,0.0883883476483184,0.0,0.0,0.125,0.1767766952966369,0.625,0.5303300858899106,0.0,0.0,0.0625,0.0883883476483184,0.6875,0.4419417382415922,4.4,4.926120853842978,0.5,1.2,0.4,0.0,0.4,0.1,0.6,0.3,0.2,0.8,,0.1,0.2,,0.2,1.0,1.2,0.7,0.3774928774928774,0.7976226028289927,0.5083689458689459,0.7438685794211045,0.0706908831908832,0.0904894137618912,0.0,0.0,0.0787037037037037,0.1000257168578251,0.2838319088319088,0.3625141324327988,0.037037037037037,0.0907218423253028,0.0810185185185185,0.1010808359232673,0.3811467236467236,0.3091147916682889,,True,True,0.7691140461194728,0.6190368810012834,0.652815712264936,0.1584327784139786,2.040966639385692,0.2069109788623132,0.6047264247531121,0.3125024973804324,0.3002701180895565,1.031452223957687,0.0086932183976479,0.3250389924458147,0.3215156102076893,0.4496570707935371,1.379429926025724,-0.8002268665238151,0.8116374036154473,1.5671943820564698,1.2792152133201409,1.2543661932661734,0.7960217010553094,0.7711726810012834,0.483193512264936,0.1867882464785251,2.0503878943213647,0.2069109788623132,0.6047264247531121,0.3125024973804324,,,7.5,3.0,2.5,1.3,9.0,1.2,1.3,1.5
5107404,Sha Carter,PHX,2026-05-29,0.0,14.0,0.0,1.0,3.0,0,0,0,0,0,0,0,0,0,0,,0,0,,0,0,0,0.0,0.0,,,,,,,,,,0.0,9.5,13.435028842544405,5.0,1.5,0.0,0.5,1.0,1.0,0.0,0.0,1.0,1.5,,2.5,3.0,,0.5,1.0,2.0,-3.5,0.5263157894736842,,0.1578947368421052,,0.0,,0.0526315789473684,,0.1052631578947368,,0.1578947368421052,,0.3157894736842105,,0.0,,0.2968421052631579,,9.5,13.435028842544405,5.0,1.5,0.0,0.5,1.0,1.0,0.0,0.0,1.0,1.5,,2.5,3.0,,0.5,1.0,2.0,-3.5,0.5263157894736842,,0.1578947368421052,,0.0,,0.0526315789473684,,0.1052631578947368,,0.1578947368421052,,0.3157894736842105,,0.0,,0.2968421052631579,,9.5,13.435028842544405,5.0,1.5,0.0,0.5,1.0,1.0,0.0,0.0,1.0,1.5,,2.5,3.0,,0.5,1.0,2.0,-3.5,0.5263157894736842,,0.1578947368421052,,0.0,,0.0526315789473684,,0.1052631578947368,,0.1578947368421052,,0.3157894736842105,,0.0,,0.2968421052631579,,,True,True,3.135782543681249,1.5564895497430045,0.2770826195225792,0.3236456631593538,4.969354712946833,0.5022861232707219,0.2197766989534342,0.6720461396747754,0.7294999376446492,1.8379585367478568,1.3516891921037346,1.7701982016835751,0.5955319010095645,1.1130934487334234,1.4642509794904472,-0.0823650841371577,0.722062822224186,4.871315548360049,3.270150618139604,1.8160857692655428,3.926,2.3955,0.259,0.4595,6.5805,0.348,0.2035,0.526,NYL,False,3.020351635157734,1.5817963680575322,0.5127562773872203,0.6887377948101875,3.571347049783877,0.5889787772067853,0.4428179648568924,0.7157681188764977
5274110,Monique Akoa Makani,PHX,2026-05-29,0.0,231.0,0.0,0.0,58.0,10,5,4,1,3,2,0,3,3,7,,3,3,,1,4,2,-13.0,29.0,0.3448275862068966,0.1724137931034483,0.1379310344827586,0.0344827586206896,0.1034482758620689,0.2413793103448276,0.1034482758620689,0.1034482758620689,0.3903448275862069,0.0,27.0,2.0000000000000213,8.333333333333334,2.333333333333333,4.0,1.0,3.0,1.0,0.0,1.6666666666666667,2.6666666666666665,7.333333333333333,,2.0,2.333333333333333,,0.6666666666666666,1.6666666666666667,3.0,-3.6666666666666665,0.3060536398467433,0.0574921035015486,0.0831502767134951,0.0773186672550979,0.1457300979140059,0.1098374923945973,0.0381609195402298,0.0401266326871882,0.1115197956577267,0.0082834268439167,0.2725585355470413,0.0282046163136806,0.0838654746700723,0.0759906772362594,0.0601617709663686,0.0375164752734593,0.3696211153682417,0.0431670432582021,25.6,2.966479394838262,7.8,2.0,3.4,1.2,2.8,1.0,0.0,1.6,2.4,6.6,,1.8,2.0,,0.4,1.6,2.6,-2.4,0.2968189970948591,0.1078330147078555,0.0747985909365219,0.0568085503991576,0.1295626008729457,0.0810738865362464,0.0478049766325628,0.0329667072489507,0.1090364195191781,0.0098288495690684,0.2573080151011185,0.0289921272008048,0.0733962078789665,0.0689710308588933,0.0591739856567442,0.0486803206292088,0.3487763322246081,0.0699977067891522,23.5,3.2058973436118814,6.8,2.5,3.1,0.9,2.7,0.6,0.0,1.5,2.4,6.2,,1.1,1.2,,0.8,1.7,2.2,-1.1,0.2870427417344485,0.1233576521847702,0.1075168323935782,0.0658730888315775,0.1309462681918296,0.0571114358419976,0.0378612983849313,0.0361640317367107,0.115420019620209,0.0348405883103824,0.2650686112534924,0.0480637874815649,0.0472244197289569,0.0621306001443029,0.0627677708604087,0.0590887340040221,0.3486151267946423,0.0678415567665608,,True,True,7.013046105318977,2.131920144861115,2.952996214061379,1.0275948946602167,12.097962464241473,0.8140381213047818,0.0,1.5059143117339682,2.2833721305655503,5.7032114141403705,1.417259136398776,1.940068469350128,0.5570799113301084,1.7269760335310642,2.162981637267695,-0.2079745031915565,0.7909379120259472,9.324009705115612,9.823327774315944,5.067429958922467,8.972,4.181,2.979,1.0925,16.132,0.611,0.1005,1.246,NYL,False,4.670676182310223,1.9834916183336897,1.737112258894053,1.0483051798021414,5.382803730399242,0.774389436911429,0.318433274015138,1.0721399162422784
5345524,Noemie Brochant,PHX,2026-05-29,0.0,14.0,0.0,1.0,2.0,2,2,0,0,0,0,0,0,1,1,,0,0,,1,1,3,6.0,11.0,0.1818181818181818,0.1818181818181818,0.0,0.0,0.0,0.0909090909090909,0.0,0.0,0.0909090909090909,0.0,11.0,,2.0,2.0,0.0,0.0,0.0,0.0,0.0,0.0,1.0,1.0,,0.0,0.0,,1.0,1.0,3.0,6.0,0.1818181818181818,,0.1818181818181818,,0.0,,0.0,,0.0,,0.0909090909090909,,0.0,,0.0,,0.0909090909090909,,11.0,,2.0,2.0,0.0,0.0,0.0,0.0,0.0,0.0,1.0,1.0,,0.0,0.0,,1.0,1.0,3.0,6.0,0.1818181818181818,,0.1818181818181818,,0.0,,0.0,,0.0,,0.0909090909090909,,0.0,,0.0,,0.0909090909090909,,11.0,,2.0,2.0,0.0,0.0,0.0,0.0,0.0,0.0,1.0,1.0,,0.0,0.0,,1.0,1.0,3.0,6.0,0.1818181818181818,,0.1818181818181818,,0.0,,0.0,,0.0,,0.0909090909090909,,0.0,,0.0,,0.0909090909090909,,,True,True,2.9265457883279677,2.452986232570108,0.3801190091598542,0.2716898787672258,5.759651030057929,0.4241755282411914,0.193859497582345,0.6646489652461567,1.1330403253639847,2.084084794264633,0.3873274457040236,0.7564969004210425,1.0985874871350638,1.506534545435052,2.2662000691713637,0.9703924034617528,0.6180350258235449,5.5585754758338455,3.163950252423655,2.8156188417299832,2.917,3.1065,0.377,0.301,6.4005,0.3115,0.172,0.5395,NYL,False,2.5861382406978946,1.7510447595649858,0.601557146080071,0.5398138568062143,3.2165353643322496,0.573992813543863,0.4128147284194206,0.7324204734986591
3056730,Karlie Samuelson,POR,2026-05-29,0.0,26.0,0.0,0.0,35.0,0,0,0,0,0,0,0,0,0,0,,0,0,,0,0,0,0.0,0.0,,,,,,,,,,0.0,0.0,0.0,0.0,0.0,0.0,0.0,0.0,0.0,0.0,0.0,0.0,0.0,,0.0,0.0,,0.0,0.0,0.0,0.0,,,,,,,,,,,,,,,,,,,0.0,0.0,0.0,0.0,0.0,0.0,0.0,0.0,0.0,0.0,0.0,0.0,,0.0,0.0,,0.0,0.0,0.0,0.0,,,,,,,,,,,,,,,,,,,0.0,0.0,0.0,0.0,0.0,0.0,0.0,0.0,0.0,0.0,0.0,0.0,,0.0,0.0,,0.0,0.0,0.0,0.0,,,,,,,,,,,,,,,,,,,,True,True,2.6502430964614847,0.9903403354572944,0.7095130977405123,0.1940561955193855,4.350096529659291,0.2901615243649394,0.147092517049888,0.5433888884464378,0.8546802285072257,2.070196275413932,0.7453786307989434,1.0270290871809,0.2831340835367988,0.8593420519204977,0.8155349238326148,-0.3137167658762094,0.4372540414148299,3.81962688685465,3.217041649137831,1.6823670331978116,2.6771507513973214,1.1424761354572943,0.5398908977405124,0.2224116635839321,4.359517784595142,0.2901615243649394,0.147092517049888,0.5433888884464378,,,7.5,3.0,2.5,1.3,9.0,1.2,1.3,1.5
3906972,Bridget Carleton,POR,2026-05-29,0.0,26.0,0.0,0.0,56.0,9,1,1,1,5,1,0,1,3,8,,2,4,,1,0,1,-10.0,25.0,0.36,0.04,0.04,0.04,0.2,0.32,0.16,0.04,0.4304,0.0,18.0,15.716233645501717,4.0,1.3333333333333333,0.6666666666666666,0.6666666666666666,2.0,1.0,0.3333333333333333,0.6666666666666666,1.3333333333333333,3.333333333333333,,0.6666666666666666,1.3333333333333333,,0.3333333333333333,1.0,1.6666666666666667,-6.0,0.2317241379310344,0.1814094638630315,0.0717241379310344,0.0448647061166637,0.0372413793103448,0.0039012787927533,0.0372413793103448,0.0039012787927533,0.1172413793103448,0.1170383637826009,0.1944827586206896,0.1775081850702781,0.08,0.1131370849898476,0.0372413793103448,0.0039012787927533,0.2669241379310344,0.2311897812585644,24.4,14.99333185119305,4.0,2.6,0.6,0.6,2.8,1.0,0.4,1.0,1.2,4.8,,1.0,1.4,,0.8,1.8,1.2,-5.6,0.1836127464722923,0.1380932476629544,0.103386910880603,0.0460655552929262,0.0247182506307821,0.0177010073416604,0.0278799489144316,0.0187228607918262,0.1168862723109989,0.0677181338980582,0.2047391209544279,0.1093137554117595,0.0614543812104787,0.068907460222904,0.0432367691493006,0.0215502533918973,0.2750158178363392,0.1444079916474935,24.9,10.365005225919244,4.6,3.1,1.5,0.9,3.0,0.6,0.3,1.0,1.5,4.7,,0.7,0.9,,0.8,2.3,2.0,-0.8,0.2005842854567273,0.1583617603650121,0.1225495623551879,0.0641248218055463,0.0634036629663206,0.0457978562386007,0.040128229936659,0.0559311543404081,0.1222561336326405,0.0805155534162899,0.190924507556598,0.0969165992636309,0.0378950688977789,0.0564549008796385,0.0394717696857683,0.0298246570600351,0.2470701075573891,0.111050171626978,,True,True,6.570190719206327,2.454479846150481,1.4942084023866795,1.339962544861296,10.518878967743486,0.7573682641504754,0.2755638842482297,1.0714095166517374,1.7465388313869086,4.627692680751292,0.6642741270138861,1.0448928466462724,0.701798409687558,1.9048172364628149,2.1070681891753367,-0.3589364653333702,1.0329321483987086,7.703714020292722,6.421684576529255,3.931201848537137,12.6095,6.579,2.573,1.396,21.7615,0.7745,0.3395,0.921,ATL,True,5.531456385980097,2.6225481883084627,1.6033312196798266,1.162834468013397,6.297826430602862,0.8818445157736141,0.5867194815241777,0.973015416116312
3934218,Megan Gustafson,POR,2026-05-29,0.0,26.0,0.0,0.0,53.0,0,0,0,0,0,0,0,0,0,0,,0,0,,0,0,0,0.0,0.0,,,,,,,,,,0.0,10.666666666666666,11.590225767142472,2.6666666666666665,1.0,0.0,0.3333333333333333,1.3333333333333333,0.3333333333333333,0.0,0.3333333333333333,1.0,2.333333333333333,,0.3333333333333333,0.6666666666666666,,0.0,1.0,1.0,1.6666666666666667,0.1739130434782608,0.2459501847605382,0.0990338164251207,0.0170798739417035,0.0,0.0,0.0217391304347826,0.0307437730950672,0.0869565217391304,0.1229750923802691,0.1521739130434782,0.215206411665471,0.0434782608695652,0.0614875461901345,0.0217391304347826,0.0307437730950672,0.1930434782608695,0.2730047050841974,11.2,8.25832912882503,2.0,1.0,0.0,0.2,1.2,0.4,0.0,0.6,0.8,2.2,,0.2,0.4,,0.2,0.8,1.4,-0.6,0.1254180602006688,0.1650584406836422,0.0949714536671058,0.075025904145191,0.0,0.0,0.0108695652173913,0.0217391304347826,0.0819397993311037,0.0949699301313135,0.1565065369413195,0.1368323980911661,0.0217391304347826,0.0434782608695652,0.0563241106719367,0.0861366910516323,0.2223958650045606,0.1621296375032352,11.3,6.48159788255266,2.6,1.0,0.3,0.3,1.1,0.3,0.1,0.4,1.1,2.2,,0.1,0.2,,0.3,0.7,1.4,0.6,0.2459610169755097,0.2510611104209427,0.1152735080271312,0.1565575131155539,0.0224466891133557,0.0448266900865129,0.0295222758990874,0.0558015162548805,0.1002624857697321,0.1002388312401483,0.2099945679655824,0.1693105215779307,0.0096618357487922,0.0289855072463768,0.0324403454838237,0.0611568380440479,0.2466861211788747,0.1670684631089938,,True,True,3.6234526379694634,1.1381253776787403,0.2118786384248879,0.3621406973170625,4.9734566540730905,0.3466456273455426,0.1134648769317104,0.3420180584300311,0.7534787298618637,1.7283396297597826,0.3604563096157956,0.6020994549746745,0.4143210651286605,0.8759401125500991,1.1988187047540664,0.5390400145569857,0.4601105042772838,3.440621470583933,2.192616731330129,1.3325176161036263,4.7205,2.7305,0.4285,0.4825,7.8795,0.372,0.126,0.342,ATL,True,3.333973567681664,1.671188125256998,0.6402247652192158,0.6990663416300344,3.845124152742015,0.6241922780682247,0.3607270436216281,0.5796861219660171
4398729,Emily Engstler,POR,2026-05-29,0.0,26.0,0.0,0.0,48.0,0,0,0,0,0,0,0,0,0,0,,0,0,,0,0,0,0.0,0.0,,,,,,,,,,0.0,7.333333333333333,8.736894948054104,1.6666666666666667,3.333333333333333,1.6666666666666667,0.3333333333333333,1.0,0.6666666666666666,1.3333333333333333,0.6666666666666666,0.6666666666666666,1.6666666666666667,,0.0,0.0,,0.3333333333333333,3.0,1.6666666666666667,-4.333333333333333,0.1470588235294117,0.2079725827019257,0.5058823529411764,0.1331024529292326,0.3588235294117647,0.3410750356311581,0.0294117647058823,0.0415945165403851,0.088235294117647,0.1247835496211554,0.1470588235294117,0.2079725827019257,0.0,0.0,0.0588235294117647,0.0831890330807703,0.2058823529411765,0.2911616157826963,9.2,6.833739825307955,2.6,4.2,1.8,0.2,0.8,0.4,1.0,0.6,1.0,2.2,,0.4,0.4,,1.0,3.2,1.2,-2.8,0.2449579831932773,0.1713866868149054,0.4779411764705882,0.092806429996383,0.2722689075630252,0.2397369663915717,0.0147058823529411,0.0294117647058823,0.0619747899159663,0.0834274355111966,0.2021008403361345,0.1402908395679855,0.0357142857142857,0.0714285714285715,0.0472689075630252,0.0577508233053759,0.2650840336134454,0.1825504809813897,12.2,6.069962474714686,3.2,3.2,1.7,0.1,1.4,0.5,0.5,0.7,1.3,3.6,,0.5,0.6,,0.7,2.5,1.4,-6.5,0.2369566345056541,0.1844142073414728,0.2900417574437182,0.1903726977777276,0.1753293910156655,0.1897635970808939,0.0065359477124182,0.0196078431372549,0.0945196597157381,0.0803015188707148,0.2574151882975412,0.1700649519987588,0.0430335097001763,0.0650621562828509,0.0464713663243075,0.0485346899639239,0.3228212988899263,0.2009046351013945,,True,True,3.656436886517612,1.949266174868604,0.9709416526072816,0.4696319378426434,6.576644713993498,0.3991860451282982,0.4124951288359504,0.6903643327793361,0.7926330417233918,1.7709936925133594,0.5164063037076848,0.838219674251876,0.4915580292416363,1.609843945626948,1.1637715200215633,-1.114751673277485,0.8116811739642552,4.284746516322348,2.98466399406084,2.9027214274759148,4.123,4.3625,1.6905,0.2815,10.176,0.396,0.359,0.511,ATL,True,2.9856106578052004,2.1220494221388906,1.2867438556293944,0.5368964052775917,3.897181545681443,0.6302253565193962,0.6017632424799639,0.7041867649991727
4682797,Luisa Geiselsoder,POR,2026-05-29,0.0,26.0,0.0,0.0,39.0,7,6,0,0,2,0,1,4,2,6,,3,3,,0,6,5,-13.0,21.0,0.3333333333333333,0.2857142857142857,0.0,0.0,0.0952380952380952,0.2857142857142857,0.1428571428571428,0.1904761904761904,0.5390476190476191,0.0,14.0,12.12435565298214,7.333333333333333,2.0,0.3333333333333333,0.6666666666666666,2.0,0.3333333333333333,0.3333333333333333,2.0,1.6666666666666667,3.6666666666666665,,3.333333333333333,3.6666666666666665,,0.0,2.0,3.0,-5.0,0.5238095238095238,0.2693740118805895,0.1428571428571428,0.2020305089104421,0.0238095238095238,0.0336717514850736,0.0476190476190476,0.0673435029701473,0.1428571428571428,0.0673435029701473,0.2619047619047619,0.0336717514850737,0.2619047619047618,0.1683587574253684,0.1428571428571428,0.0673435029701473,0.52,0.026937401188059,11.2,10.616025621672172,5.2,1.8,0.4,0.4,1.6,0.4,0.2,1.6,1.4,3.4,,2.0,2.2,,0.2,1.6,2.2,-5.0,0.4444444444444444,0.2348991839198213,0.1666666666666666,0.1486904285332954,0.0396825396825396,0.0363696483726655,0.0317460317460317,0.0549857399228214,0.1428571428571428,0.0476190476190477,0.3174603174603174,0.0991269523555301,0.1746031746031745,0.1924500897298752,0.1428571428571428,0.0476190476190474,0.537142857142857,0.035276684147526,17.5,10.88577052853862,5.7,3.2,1.3,1.1,3.2,0.8,0.2,1.7,1.8,4.9,,1.0,1.1,,0.3,2.9,2.6,-4.7,0.3374984576210347,0.1955455147630635,0.1844706274958495,0.0930739905565636,0.0779581760240328,0.0766785641041647,0.0616023154112903,0.0575628836400741,0.1854925036376106,0.0587256826939934,0.2894769893083091,0.0699623149167703,0.0654761904761904,0.1369232463120431,0.1067412043001792,0.0618859265627436,0.4250277174180122,0.1104760657285373,,True,True,5.52233706645915,3.318661645332196,1.7405085778268234,0.5047284735117864,10.58150728961817,0.5770581347771979,0.3603253034577265,1.5046650180437329,2.0909418440897585,6.091156449253898,1.5387518323531604,2.0196772336476374,0.6910637043513477,2.779733740980861,2.421291880164966,-1.8300263771182337,0.9373834382349332,10.074254316726767,8.174343249221597,5.041683823158983,11.1855,6.111,2.125,1.184,19.4215,0.5635,0.327,1.049,ATL,True,5.10059699937174,2.405551703871692,1.4287669509055705,1.0913954370437875,5.87612438176729,0.7266138933436384,0.5657481771954728,1.0298538731295814
4703794,Sarah Ashlee Barker,POR,2026-05-29,0.0,26.0,0.0,0.0,48.0,0,0,0,0,0,0,0,0,0,0,,0,0,,0,0,0,0.0,0.0,,,,,,,,,,0.0,23.666666666666668,20.64784088793144,9.666666666666666,2.6666666666666665,1.6666666666666667,0.3333333333333333,2.6666666666666665,0.6666666666666666,0.0,1.0,3.6666666666666665,7.333333333333333,,2.0,2.6666666666666665,,0.6666666666666666,2.0,1.3333333333333333,-9.0,0.4094896331738438,0.0208635972120443,0.1172248803827751,0.0913487229284057,0.0717703349282296,0.0270662882750831,0.0131578947368421,0.0186080731891196,0.1112440191387559,0.0287579312922759,0.3094098883572568,0.0090220960916893,0.1212121212121212,0.1714198257421933,0.0434609250398724,0.0242468832464287,0.4062041467304624,0.0906495104812995,18.8,16.361540269791227,5.8,2.6,1.8,0.2,2.2,0.4,0.0,1.2,2.2,5.2,,1.2,2.0,,0.6,2.0,1.2,-1.8,0.2047448165869219,0.2367256142777085,0.1568267259056732,0.082376391792584,0.1184744531784005,0.0590315592262095,0.006578947368421,0.0131578947368421,0.1024970095693779,0.0789750684664437,0.2172049441786284,0.1475786853871788,0.0918560606060606,0.1163964057788594,0.1087840339485076,0.1191199035294452,0.3664056447938026,0.0772387387837664,13.0,12.666666666666671,3.9,1.9,1.1,0.2,1.4,0.2,0.0,0.6,1.4,3.4,,0.9,1.4,,0.5,1.4,0.9,-2.9,0.2271208323839902,0.1766985416924323,0.1383235023585901,0.1180682128586459,0.0870468469152679,0.0763139225500412,0.0152696556205328,0.0369792819411118,0.0803465946009805,0.0868049060278495,0.2437216779322042,0.2026294708507739,0.098063973063973,0.1284594246970243,0.04834845953267,0.0927808955054818,0.3352182856130224,0.1618609563917114,,True,True,2.6931156512272625,1.885133052099973,0.7767136712545922,0.596262071586687,5.354962374581827,0.3270282233663117,0.1693628224573374,0.7164927953049736,0.7605932184254187,2.1718547828908576,0.9254155060524732,1.220948694262648,0.5821038844426123,1.4551649676574183,0.9120468247028272,0.7849727600567409,0.4963910458236941,4.757292158263017,3.3271147774177905,2.644360323354473,7.175,4.959,1.964,0.5845,14.098,0.398,0.223,0.632,ATL,True,3.935146121810472,2.211406565966557,1.4027487301723,0.7475692275635749,4.777069813180461,0.6297586839417143,0.4746272221438631,0.7884009132414801
5105406,Frieda Bühner,POR,2026-05-29,0.0,26.0,0.0,0.0,3.0,5,1,0,0,3,0,0,1,1,6,,3,4,,0,1,2,0.0,21.0,0.238095238095238,0.0476190476190476,0.0,0.0,0.1428571428571428,0.2857142857142857,0.1904761904761904,0.0476190476190476,0.4171428571428571,0.0,10.5,14.849242404917495,2.5,0.5,0.0,0.0,1.5,0.0,0.0,0.5,0.5,3.0,,1.5,2.0,,0.0,0.5,1.0,0.0,0.238095238095238,,0.0476190476190476,,0.0,,0.0,,0.1428571428571428,,0.2857142857142857,,0.1904761904761904,,0.0476190476190476,,0.4171428571428571,,10.5,14.849242404917495,2.5,0.5,0.0,0.0,1.5,0.0,0.0,0.5,0.5,3.0,,1.5,2.0,,0.0,0.5,1.0,0.0,0.238095238095238,,0.0476190476190476,,0.0,,0.0,,0.1428571428571428,,0.2857142857142857,,0.1904761904761904,,0.0476190476190476,,0.4171428571428571,,10.5,14.849242404917495,2.5,0.5,0.0,0.0,1.5,0.0,0.0,0.5,0.5,3.0,,1.5,2.0,,0.0,0.5,1.0,0.0,0.238095238095238,,0.0476190476190476,,0.0,,0.0,,0.1428571428571428,,0.2857142857142857,,0.1904761904761904,,0.0476190476190476,,0.4171428571428571,,,True,True,6.469461041609217,1.7978345030629996,1.1115993072776174,0.797707977536573,9.378894851949834,0.5121906655383888,0.2434255641499562,1.2226535134321743,2.055475806322528,5.318751094050443,1.55935363829901,2.0603713005662385,0.4278990459909134,1.5220712570720816,1.7528327867443294,-0.4949920992925964,0.7556162296883329,8.446338999608102,7.438345803822755,2.891947410340646,8.9225,3.5165,1.2065,0.8305,13.6455,0.5125,0.2765,0.8735,ATL,True,4.462677867603711,1.8768931109682296,1.0999353390086164,0.891498597867658,4.971702902426894,0.7013157277574773,0.5291953797984257,0.952626763218418
5108051,Jordan Harrison,POR,2026-05-29,0.0,26.0,0.0,0.0,3.0,9,3,4,0,1,1,0,4,2,5,,5,5,,1,2,4,-2.0,18.0,0.5,0.1666666666666666,0.2222222222222222,0.0,0.0555555555555555,0.2777777777777778,0.2777777777777778,0.2222222222222222,0.6222222222222222,0.0,19.5,2.1213203435596424,7.0,2.5,3.5,0.0,2.0,0.5,0.5,2.0,2.0,6.5,,3.0,3.0,,0.5,2.0,4.5,-5.5,0.369047619047619,0.1851946331679053,0.1309523809523809,0.0505076272276105,0.1825396825396825,0.0561195858084561,0.0,0.0,0.0992063492063492,0.0617315443893017,0.3293650793650793,0.0729554615509929,0.1626984126984127,0.1627467988445228,0.1111111111111111,0.1571348402636772,0.5120634920634921,0.1557879702042742,19.5,2.1213203435596424,7.0,2.5,3.5,0.0,2.0,0.5,0.5,2.0,2.0,6.5,,3.0,3.0,,0.5,2.0,4.5,-5.5,0.369047619047619,0.1851946331679053,0.1309523809523809,0.0505076272276105,0.1825396825396825,0.0561195858084561,0.0,0.0,0.0992063492063492,0.0617315443893017,0.3293650793650793,0.0729554615509929,0.1626984126984127,0.1627467988445228,0.1111111111111111,0.1571348402636772,0.5120634920634921,0.1557879702042742,19.5,2.1213203435596424,7.0,2.5,3.5,0.0,2.0,0.5,0.5,2.0,2.0,6.5,,3.0,3.0,,0.5,2.0,4.5,-5.5,0.369047619047619,0.1851946331679053,0.1309523809523809,0.0505076272276105,0.1825396825396825,0.0561195858084561,0.0,0.0,0.0992063492063492,0.0617315443893017,0.3293650793650793,0.0729554615509929,0.1626984126984127,0.1627467988445228,0.1111111111111111,0.1571348402636772,0.5120634920634921,0.1557879702042742,,True,True,8.11116814319592,2.858974545704814,3.0792682110439284,0.6243441571162227,14.049410899944665,0.8566005644605401,0.3298726243779639,1.986645928373516,2.4790753867491637,6.471852704151976,2.527225399452487,3.180360650951604,0.7325367684176387,2.2785735772872298,2.9803430079040067,-2.6580755845968067,1.1864731888385085,11.149186143836296,11.047721809175542,5.920756356748818,12.2365,6.34,3.973,0.8895,22.5495,0.7805,0.377,1.2585,ATL,True,5.159803072792604,2.500079998720041,1.9435202597348968,0.9275180591233791,6.043057980029647,0.8713895512341193,0.604045528085425,1.126355960609256
5108550,Serah Williams,POR,2026-05-29,0.0,26.0,0.0,0.0,3.0,12,8,1,0,0,2,1,3,3,6,,6,8,,3,5,4,3.0,19.0,0.631578947368421,0.4210526315789473,0.0526315789473684,0.0,0.0,0.3157894736842105,0.4210526315789473,0.1578947368421052,0.6589473684210526,0.0,14.5,6.363961030678928,10.5,5.5,0.5,0.0,0.0,1.5,1.0,1.5,3.0,4.5,,4.5,6.0,,2.0,3.5,3.0,1.5,0.7657894736842106,0.1898023465290207,0.3605263157894737,0.0855971366699504,0.0263157894736842,0.0372161463782393,0.0,0.0,0.0,0.0,0.3078947368421052,0.0111648439134718,0.4105263157894737,0.0148864585512957,0.0789473684210526,0.111648439134718,0.5674736842105264,0.1293633248107599,14.5,6.363961030678928,10.5,5.5,0.5,0.0,0.0,1.5,1.0,1.5,3.0,4.5,,4.5,6.0,,2.0,3.5,3.0,1.5,0.7657894736842106,0.1898023465290207,0.3605263157894737,0.0855971366699504,0.0263157894736842,0.0372161463782393,0.0,0.0,0.0,0.0,0.3078947368421052,0.0111648439134718,0.4105263157894737,0.0148864585512957,0.0789473684210526,0.111648439134718,0.5674736842105264,0.1293633248107599,14.5,6.363961030678928,10.5,5.5,0.5,0.0,0.0,1.5,1.0,1.5,3.0,4.5,,4.5,6.0,,2.0,3.5,3.0,1.5,0.7657894736842106,0.1898023465290207,0.3605263157894737,0.0855971366699504,0.0263157894736842,0.0372161463782393,0.0,0.0,0.0,0.0,0.3078947368421052,0.0111648439134718,0.4105263157894737,0.0148864585512957,0.0789473684210526,0.111648439134718,0.5674736842105264,0.1293633248107599,,True,True,9.472865477576562,5.87559737252504,0.9728441147562624,0.0344327112818144,16.321306964857865,0.92194877285032,0.9555974205750662,1.5395141000385184,3.1540519186580145,6.180875899239127,3.1282584250714125,4.304761016229361,1.927938104603472,4.099795067921574,2.668246204045692,-0.0571212112485368,1.877546193425408,15.52750630503751,10.302995047268702,6.830955087281301,11.929,9.9915,1.5685,0.4745,23.489,0.7635,0.7265,1.096,ATL,True,4.9615480447134646,3.0656855269254217,1.2305721230387108,0.6923508864730369,6.0912953466401545,0.8789583323457375,0.8559776574186968,1.0539373795439653
5208982,Carla Leite,POR,2026-05-29,0.0,26.0,0.0,0.0,47.0,11,1,3,1,1,1,0,4,4,6,,2,2,,0,1,4,-8.0,22.0,0.5,0.0454545454545454,0.1363636363636363,0.0454545454545454,0.0454545454545454,0.2727272727272727,0.0909090909090909,0.1818181818181818,0.4945454545454545,0.0,17.333333333333332,8.08290376865476,7.666666666666667,1.6666666666666667,3.0,0.6666666666666666,1.3333333333333333,0.3333333333333333,0.0,2.6666666666666665,2.333333333333333,5.0,,2.333333333333333,4.333333333333333,,0.3333333333333333,1.3333333333333333,2.6666666666666665,-9.333333333333334,0.3484848484848484,0.3026512781126996,0.1287878787878787,0.1074049005966502,0.1628787878787878,0.0560554870717755,0.0303030303030303,0.0262431940540739,0.0871212121212121,0.0399077793668664,0.3068181818181818,0.0590471866216662,0.196969696969697,0.2663393307764689,0.1477272727272727,0.0300653558075522,0.5412121212121211,0.0761541137156269,14.4,7.1274118724821856,5.6,1.2,2.2,0.4,1.0,0.2,0.0,2.2,1.4,3.8,,2.4,3.8,,0.2,1.0,2.0,-6.6,0.3257575757575758,0.2616653945328869,0.0939393939393939,0.0944086519980265,0.131060606060606,0.0833161139234308,0.0181818181818181,0.0248964798865984,0.0689393939393939,0.0477933645320832,0.2590909090909091,0.0892606222120704,0.2515151515151515,0.2343837043072998,0.1553030303030303,0.0634964189933341,0.525060606060606,0.0884451187269821,14.6,6.719788356455541,5.6,1.0,2.2,0.2,0.9,0.4,0.0,2.2,1.8,4.3,,1.8,2.9,,0.2,0.8,1.4,-2.1,0.3018939393939394,0.2602728788838778,0.0655844155844155,0.0775289371610122,0.1395472582972582,0.0731182540877068,0.009090909090909,0.0191653191525356,0.0730429292929293,0.0533782625883164,0.2860479797979798,0.0751061887846066,0.176758658008658,0.188410145434558,0.1591450216450216,0.0970265742982528,0.522966810966811,0.1358064426801895,,True,True,7.605629207892559,2.3284531773070603,2.7453319390276776,0.3425018167259108,12.679414324227295,0.5476797341526829,0.1785714155022036,1.8505146689855008,2.5561734657261463,6.152426359717666,2.1493326465854268,3.011286827420793,0.4400523352301052,2.040536642077118,1.954134354657929,-2.448985046096776,0.7262511496548563,10.11312584013476,10.208246601855258,5.056298716334718,11.576,4.9785,3.4405,0.8365,19.995,0.558,0.2485,1.214,ATL,True,5.105313310659787,2.2068162021337434,1.8489077180865463,0.9114646180735708,5.822883735744687,0.756066134673416,0.4967371035064725,1.0845293910263565
5209202,Nyadiew Puoch,POR,2026-05-29,0.0,26.0,0.0,0.0,3.0,12,1,2,2,3,1,0,0,4,5,,2,4,,0,1,2,-12.0,23.0,0.5217391304347826,0.0434782608695652,0.0869565217391304,0.0869565217391304,0.1304347826086956,0.217391304347826,0.1739130434782608,0.0,0.2939130434782608,0.0,22.0,1.4142135623730951,8.0,2.0,1.5,1.0,2.0,1.5,0.5,1.0,2.5,5.0,,2.0,4.0,,1.0,1.0,3.0,-14.0,0.3561076604554865,0.2342382712005126,0.093167701863354,0.0702714813601537,0.067287784679089,0.0278157947050608,0.0434782608695652,0.0614875461901345,0.0890269151138716,0.0585595678001281,0.2277432712215321,0.014639891950032,0.1821946169772256,0.0117119135600256,0.0476190476190476,0.0673435029701473,0.355527950310559,0.0871366368865907,22.0,1.4142135623730951,8.0,2.0,1.5,1.0,2.0,1.5,0.5,1.0,2.5,5.0,,2.0,4.0,,1.0,1.0,3.0,-14.0,0.3561076604554865,0.2342382712005126,0.093167701863354,0.0702714813601537,0.067287784679089,0.0278157947050608,0.0434782608695652,0.0614875461901345,0.0890269151138716,0.0585595678001281,0.2277432712215321,0.014639891950032,0.1821946169772256,0.0117119135600256,0.0476190476190476,0.0673435029701473,0.355527950310559,0.0871366368865907,22.0,1.4142135623730951,8.0,2.0,1.5,1.0,2.0,1.5,0.5,1.0,2.5,5.0,,2.0,4.0,,1.0,1.0,3.0,-14.0,0.3561076604554865,0.2342382712005126,0.093167701863354,0.0702714813601537,0.067287784679089,0.0278157947050608,0.0434782608695652,0.0614875461901345,0.0890269151138716,0.0585595678001281,0.2277432712215321,0.014639891950032,0.1821946169772256,0.0117119135600256,0.0476190476190476,0.0673435029701473,0.355527950310559,0.0871366368865907,,True,True,5.687943339253391,2.628660035529508,1.6670379409922529,0.5519087970010316,9.983641315775152,0.7473841911368233,0.5091678187947314,1.5279384910617049,2.207863273601393,4.974017399808207,1.7796832519286785,2.733943409541796,1.1081562891122,1.6726395464172523,2.571664019959893,-4.803180759585218,1.256552009931554,9.575507982077925,8.292127887540543,4.278211576521731,14.0575,6.169,2.759,1.3385,22.9855,0.7455,0.5315,1.149,ATL,True,5.66340831566999,2.4842381125809982,1.6404020848560272,1.167440683718021,6.440131190433934,0.8548273217439882,0.7490045059944567,1.095353367639868
5346554,Teja Oblak,POR,2026-05-29,0.0,26.0,0.0,0.0,3.0,0,0,0,0,0,0,0,0,0,0,,0,0,,0,0,0,0.0,0.0,,,,,,,,,,0.0,0.0,0.0,0.0,0.0,0.0,0.0,0.0,0.0,0.0,0.0,0.0,0.0,,0.0,0.0,,0.0,0.0,0.0,0.0,,,,,,,,,,,,,,,,,,,0.0,0.0,0.0,0.0,0.0,0.0,0.0,0.0,0.0,0.0,0.0,0.0,,0.0,0.0,,0.0,0.0,0.0,0.0,,,,,,,,,,,,,,,,,,,0.0,0.0,0.0,0.0,0.0,0.0,0.0,0.0,0.0,0.0,0.0,0.0,,0.0,0.0,,0.0,0.0,0.0,0.0,,,,,,,,,,,,,,,,,,,,True,True,2.808099457402168,1.058946272770073,0.8143498147812266,0.21360090134149,4.681395544953467,0.3524611381111609,0.1516911555340665,0.63437748157352,0.9230854508702202,2.253222436642447,0.7468798411915306,1.004493730886951,0.3177888702469664,0.8932932025231074,0.9379572814441484,-0.0330359042822727,0.504152293645228,4.046089185108098,3.4797347271192343,1.8558096875513037,2.8350071123380043,1.2110820727700728,0.6447276147812266,0.2419563694060365,4.690816799889321,0.3524611381111609,0.1516911555340665,0.63437748157352,,,7.5,3.0,2.5,1.3,9.0,1.2,1.3,1.5
4282173,Michaela Onyenwere,WSH,2026-05-29,0.0,14.0,0.0,1.0,49.0,0,0,0,0,0,0,0,0,0,0,,0,0,,0,0,0,0.0,0.0,,,,,,,,,,0.0,10.666666666666666,18.475208614068023,3.6666666666666665,2.0,0.3333333333333333,0.3333333333333333,1.3333333333333333,0.0,0.0,1.3333333333333333,1.3333333333333333,2.6666666666666665,,0.6666666666666666,0.6666666666666666,,0.3333333333333333,1.6666666666666667,1.3333333333333333,1.6666666666666667,0.34375,,0.1875,,0.03125,,0.03125,,0.125,,0.25,,0.0625,,0.125,,0.4025,,17.0,15.874507866387544,7.2,1.8,0.4,0.8,1.8,0.4,0.0,1.6,2.2,4.6,,2.0,2.2,,0.4,1.4,2.0,-5.2,0.4329408212560386,0.088995214408027,0.1025966183574879,0.0782642941861194,0.0215277777777777,0.018672680082984,0.0505132850241545,0.031577954274181,0.1107487922705314,0.0713651624913675,0.273671497584541,0.027842814014312,0.1377415458937197,0.0775396885093426,0.0928743961352657,0.0296135167190723,0.4271521739130435,0.0520574923923315,18.6,11.037310461440418,8.1,1.3,1.0,0.6,1.6,0.4,0.1,2.1,2.7,5.3,,2.1,2.5,,0.4,0.9,1.8,-3.8,0.441748943236715,0.2087500223205444,0.0630570652173913,0.0601945588878034,0.0642021437198067,0.0762169877396706,0.0327105978260869,0.0325665214065113,0.0889100241545893,0.0708304792776927,0.2897644927536232,0.1064505455671496,0.141514190821256,0.1143053791055816,0.1161322463768115,0.0667088818710439,0.4681629830917874,0.1732840578207388,,True,True,4.558289785082497,0.9719887391081876,0.5613183379876248,0.347523913331342,6.091596862178309,0.2976422652439207,0.0697205255543151,0.8367489100473884,1.5225069650282408,3.150895135469798,1.1643041285658515,1.4914315690070172,0.2481794160706641,0.8759451230375215,1.1941216392222012,-1.563379639224097,0.3673627907982502,5.709321979126595,4.976893578006054,1.515820677095806,4.6725,1.6375,0.728,0.375,7.038,0.306,0.0645,0.658,LAS,True,3.208464391262587,1.2450276101356146,0.8497152464208231,0.5952940449895329,3.536743700072144,0.5434740104181616,0.25,0.8390685311701304
4398911,Shakira Austin,WSH,2026-05-29,0.0,14.0,0.0,1.0,46.0,19,9,5,0,0,0,3,3,7,11,,5,6,,1,8,5,6.0,34.0,0.5588235294117647,0.2647058823529412,0.1470588235294117,0.0,0.0,0.3235294117647059,0.1764705882352941,0.088235294117647,0.4894117647058824,0.0,20.666666666666668,18.14754345175493,10.666666666666666,4.666666666666667,3.0,0.0,0.0,0.0,1.0,1.3333333333333333,4.333333333333333,7.666666666666667,,2.0,3.333333333333333,,0.6666666666666666,4.0,2.0,-1.0,0.5115546218487396,0.0668483301541924,0.2216386554621849,0.0609062563627068,0.1449579831932773,0.0029710368957418,0.0,0.0,0.0,0.0,0.3760504201680672,0.0742759223935448,0.1596638655462184,0.0237682951659343,0.0619747899159663,0.0371379611967724,0.5082773109243698,0.0266799113237613,22.8,13.179529581893275,11.6,6.2,2.6,0.0,0.2,0.2,1.4,1.8,4.6,9.2,,2.4,3.8,,1.4,4.8,2.2,-5.2,0.5046661998132587,0.0614682679297098,0.273411920323685,0.0785596541961052,0.1102567693744164,0.0495106691665997,0.0,0.0,0.01,0.02,0.4091363211951447,0.057461571441895,0.1653874883286648,0.044424702753245,0.0802466542172424,0.0585224099308561,0.5621534702769997,0.0707731119586899,22.3,9.226170506890831,13.0,5.4,2.1,0.2,0.4,0.3,1.5,1.6,4.6,9.8,,3.6,5.1,,0.8,4.6,1.9,-8.0,0.5711880856978896,0.2497211168986144,0.2368233243396642,0.0776160051154913,0.0920812266890698,0.0534042362633284,0.0124579124579124,0.0252828101227956,0.0219528619528619,0.0270169449561529,0.4450991782364331,0.0689570565075431,0.2270150038777489,0.136867563686608,0.0671337111206392,0.0713416202645365,0.6121194910632819,0.1355051846112531,,True,True,14.28625192715517,6.4899985218332,2.759145968707552,0.3306007531106791,23.53539641769592,0.8051009657959436,1.2708086447616511,2.369190208356168,5.231204079727449,10.785602459646435,3.49179520146082,4.7973697658483285,1.4651356283379202,5.176998693495282,2.6575567054388483,-1.402703483243807,2.07590961055756,20.955293903923963,16.902683350798206,9.23165809054071,9.026,5.957,2.3675,0.4275,17.3505,0.7115,0.46,1.5235,LAS,True,4.348485253510698,2.3943999248245897,1.518698044378803,0.6432291582321187,5.233416642118225,0.8421803547934373,0.6666333324999583,1.2163255115305278
4433411,Angela Dugalic,WSH,2026-05-29,0.0,14.0,0.0,1.0,4.0,0,3,0,0,0,0,1,0,0,0,,0,0,,0,3,1,-7.0,6.0,0.0,0.5,0.0,0.0,0.0,0.0,0.0,0.0,0.0,0.0,15.333333333333334,8.082903768654761,3.0,4.666666666666667,0.6666666666666666,0.3333333333333333,2.0,1.6666666666666667,1.0,1.0,1.0,4.666666666666667,,0.6666666666666666,0.6666666666666666,,0.6666666666666666,4.0,1.6666666666666667,-6.0,0.15,0.1802775637731994,0.35,0.1322875655532295,0.0333333333333333,0.0577350269189625,0.0166666666666666,0.0288675134594812,0.1,0.1,0.2333333333333333,0.202072594216369,0.0333333333333333,0.0577350269189625,0.05,0.05,0.298,0.2580930064918458,15.333333333333334,8.082903768654761,3.0,4.666666666666667,0.6666666666666666,0.3333333333333333,2.0,1.6666666666666667,1.0,1.0,1.0,4.666666666666667,,0.6666666666666666,0.6666666666666666,,0.6666666666666666,4.0,1.6666666666666667,-6.0,0.15,0.1802775637731994,0.35,0.1322875655532295,0.0333333333333333,0.0577350269189625,0.0166666666666666,0.0288675134594812,0.1,0.1,0.2333333333333333,0.202072594216369,0.0333333333333333,0.0577350269189625,0.05,0.05,0.298,0.2580930064918458,15.333333333333334,8.082903768654761,3.0,4.666666666666667,0.6666666666666666,0.3333333333333333,2.0,1.6666666666666667,1.0,1.0,1.0,4.666666666666667,,0.6666666666666666,0.6666666666666666,,0.6666666666666666,4.0,1.6666666666666667,-6.0,0.15,0.1802775637731994,0.35,0.1322875655532295,0.0333333333333333,0.0577350269189625,0.0166666666666666,0.0288675134594812,0.1,0.1,0.2333333333333333,0.202072594216369,0.0333333333333333,0.0577350269189625,0.05,0.05,0.298,0.2580930064918458,,True,True,3.797856648878281,3.465634775661271,0.7082532810806792,0.3422614780152597,7.971744705620232,0.7944797950876172,0.7864781888857797,0.6621654002441945,1.3177928544442852,3.260536852802851,0.8185616488457729,1.1007395702736802,0.8176898965762525,2.800080679084997,1.5014469769160173,-0.2442761279090295,1.5809579839733896,7.442534879475403,4.363395384894874,4.156401656741944,3.817,3.505,0.8355,0.325,8.1575,0.61,0.281,0.5385,LAS,True,2.9105860234667524,1.909181761907441,0.892434731507016,0.5535115174953453,3.618244567466384,0.7764663547121665,0.534826139974478,0.7351991226871805
4433523,Rori Harmon,WSH,2026-05-29,0.0,14.0,0.0,1.0,4.0,1,1,1,0,0,1,0,1,0,0,,1,2,,0,1,1,-2.0,9.0,0.1111111111111111,0.1111111111111111,0.1111111111111111,0.0,0.0,0.0,0.2222222222222222,0.1111111111111111,0.2088888888888888,0.0,14.333333333333334,4.725815626252609,2.6666666666666665,0.6666666666666666,2.0,0.0,1.0,2.0,0.0,2.6666666666666665,1.0,2.6666666666666665,,0.6666666666666666,2.6666666666666665,,0.3333333333333333,0.3333333333333333,1.6666666666666667,1.0,0.1689814814814814,0.1443932423495434,0.0578703703703703,0.0557000435903516,0.1319444444444444,0.0818737925177194,0.0,0.0,0.0555555555555555,0.0962250448649376,0.1527777777777777,0.1683938285136408,0.1944444444444444,0.0734930919740164,0.173611111111111,0.0568427275824475,0.4119444444444444,0.1979889244314712,14.333333333333334,4.725815626252609,2.6666666666666665,0.6666666666666666,2.0,0.0,1.0,2.0,0.0,2.6666666666666665,1.0,2.6666666666666665,,0.6666666666666666,2.6666666666666665,,0.3333333333333333,0.3333333333333333,1.6666666666666667,1.0,0.1689814814814814,0.1443932423495434,0.0578703703703703,0.0557000435903516,0.1319444444444444,0.0818737925177194,0.0,0.0,0.0555555555555555,0.0962250448649376,0.1527777777777777,0.1683938285136408,0.1944444444444444,0.0734930919740164,0.173611111111111,0.0568427275824475,0.4119444444444444,0.1979889244314712,14.333333333333334,4.725815626252609,2.6666666666666665,0.6666666666666666,2.0,0.0,1.0,2.0,0.0,2.6666666666666665,1.0,2.6666666666666665,,0.6666666666666666,2.6666666666666665,,0.3333333333333333,0.3333333333333333,1.6666666666666667,1.0,0.1689814814814814,0.1443932423495434,0.0578703703703703,0.0557000435903516,0.1319444444444444,0.0818737925177194,0.0,0.0,0.0555555555555555,0.0962250448649376,0.1527777777777777,0.1683938285136408,0.1944444444444444,0.0734930919740164,0.173611111111111,0.0568427275824475,0.4119444444444444,0.1979889244314712,,True,True,3.4795571952129887,1.1328037052279627,1.9515294185221836,0.0737568473283153,6.563890318963134,0.7157120285951104,0.1379193349635162,1.1512740429138864,1.2390218138826627,2.481178458493039,0.9263089069907932,1.6309043757025086,0.4942904648625249,0.7906490403655589,1.54730682109245,0.3220808124193697,0.8536313635586348,4.791404355376875,5.2883720686707125,3.066846723750026,3.068,1.5445,1.781,0.1405,6.3935,0.5455,0.0845,0.8345,LAS,True,2.54546184414538,1.2538021175608214,1.317967753778521,0.3711600059273627,3.0899284376826595,0.7272755667558205,0.292163909475486,0.9333326041663818
4433524,Sonia Citron,WSH,2026-05-29,0.0,14.0,0.0,1.0,50.0,30,6,4,1,4,1,1,2,10,14,,9,10,,1,5,1,7.0,38.0,0.7894736842105263,0.1578947368421052,0.1052631578947368,0.0263157894736842,0.1052631578947368,0.3684210526315789,0.2631578947368421,0.0526315789473684,0.5368421052631579,0.0,25.666666666666668,10.692676621563628,16.0,3.6666666666666665,3.0,1.0,3.333333333333333,0.6666666666666666,0.3333333333333333,1.3333333333333333,5.333333333333333,10.0,,4.333333333333333,5.0,,0.3333333333333333,3.333333333333333,1.3333333333333333,2.6666666666666665,0.568421052631579,0.238415824271708,0.137719298245614,0.0283836661181813,0.1210526315789473,0.0320145396331485,0.0421052631578947,0.0518360936936636,0.1350877192982456,0.1522075173806594,0.393859649122807,0.1451032045873998,0.1728070175438596,0.0813806304813611,0.0508771929824561,0.0500230786995904,0.5207719298245614,0.2037390469726192,28.8,8.757853618324527,15.6,3.4,2.6,1.6,3.6,1.2,0.4,2.2,5.4,10.2,,3.2,3.8,,0.2,3.2,1.8,-5.6,0.5215883458646616,0.189014168261927,0.1179887218045112,0.038314039387978,0.0954887218045112,0.0580556303533713,0.0549060150375939,0.0414498405141413,0.1278383458646616,0.1147400585507834,0.3611372180451128,0.1140595033368922,0.1286842105263158,0.0944183241992693,0.0742763157894736,0.0908801273191848,0.4920345864661654,0.167119161241109,29.6,6.484168755086842,14.0,3.4,2.2,1.7,3.5,1.5,0.5,2.6,4.9,10.0,,2.5,3.0,,0.5,2.9,1.9,-8.4,0.4654082938770969,0.161505608574515,0.113038968475089,0.036999644135428,0.0795225177812189,0.0519423132201726,0.0584209792125751,0.0461477527270798,0.1210413928569701,0.0912920643641771,0.3395332032694087,0.0929850070498964,0.1020822026806746,0.0778648021922771,0.0861941385031368,0.0758156563471514,0.4706435109520424,0.1222702783388014,,True,True,13.7760840515368,4.138716517718665,2.8838519800343283,1.2086490724759835,20.798652549289795,0.9602410883520168,0.5693991198853675,2.2144645568200096,4.742236458766687,11.224450069749132,3.0815142483990816,3.805968916368071,0.7447498694260238,3.546102448292573,2.52174329356562,-2.3583383252158536,1.529640208237323,18.09384402419108,16.51722148650684,7.005082097753002,11.9085,4.7685,2.442,0.977,19.119,0.8415,0.2655,1.566,LAS,True,5.267933916631833,2.110191401271458,1.5718256900814416,0.9891769305842106,5.764619588489773,0.8996542391385705,0.5244137202629238,1.1981836253262683
4433815,Lucy Olsen,WSH,2026-05-29,0.0,14.0,0.0,1.0,50.0,0,0,0,0,0,0,0,0,0,0,,0,0,,0,0,0,0.0,0.0,,,,,,,,,,0.0,12.666666666666666,11.372481406154652,3.6666666666666665,2.0,1.3333333333333333,0.0,0.6666666666666666,0.3333333333333333,0.0,0.6666666666666666,1.3333333333333333,2.6666666666666665,,1.0,1.3333333333333333,,0.6666666666666666,1.3333333333333333,1.6666666666666667,0.0,0.3267045454545454,0.3334651297641105,0.1534090909090909,0.0401765216583266,0.1079545454545455,0.0241059129949958,0.0,0.0,0.0454545454545454,0.0642824346533221,0.215909090909091,0.0482118259899915,0.125,0.1767766952966369,0.0625,0.0883883476483184,0.3334090909090909,0.21438191956883,13.4,8.1117199162693,4.2,2.0,1.4,0.0,0.8,0.4,0.2,0.4,1.8,3.4,,0.6,0.8,,0.6,1.4,1.2,-1.4,0.3371617965367965,0.2039141854907785,0.1457521645021645,0.0251264698043666,0.1063582251082251,0.0341261499292471,0.0,0.0,0.0572510822510822,0.0395819925176738,0.2627164502164502,0.0638275869163032,0.0625,0.125,0.03125,0.0625,0.3214664502164502,0.1260474790875024,14.4,7.848566748139433,5.4,2.1,1.2,0.3,1.9,0.8,0.2,0.7,2.3,5.3,,0.5,0.6,,0.5,1.6,1.5,-3.6,0.3538584019466372,0.2198014170151206,0.1276109837874543,0.0699515091189696,0.0747866621396033,0.05141193619147,0.0213507625272331,0.0331699346405228,0.1108479755538579,0.0948902333982155,0.3634948929066575,0.1251600426995655,0.0388888888888888,0.0857969178415583,0.0383333333333333,0.0578791845139511,0.418939337351102,0.1626140405261159,,True,True,3.890632052275714,1.8289214205863216,1.0491025561981815,0.2535321906983916,6.768656029060217,0.4443017022971853,0.1809097916114997,0.7194203090467878,1.3159472003139197,3.152966694025115,1.0037576478208303,1.3414645576270257,0.5402399908377223,1.44081722974863,1.2623508535336176,-0.641808201868974,0.6252114939087038,5.8985969277981685,4.797020063409796,2.860537576784486,3.917539707211551,1.9810572205863215,0.8794803561981817,0.2818876587629382,6.778077283996293,0.4443017022971853,0.1809097916114997,0.7194203090467878,,,7.5,3.0,2.5,1.3,9.0,1.2,1.3,1.5
4583144,Cotie McMahon,WSH,2026-05-29,0.0,14.0,0.0,1.0,4.0,13,5,2,2,4,0,0,1,5,12,,1,2,,0,5,4,-13.0,30.0,0.4333333333333333,0.1666666666666666,0.0666666666666666,0.0666666666666666,0.1333333333333333,0.4,0.0666666666666666,0.0333333333333333,0.4626666666666666,0.0,26.666666666666668,3.5118845842842457,11.0,3.0,1.6666666666666667,1.0,2.6666666666666665,1.3333333333333333,0.0,0.6666666666666666,3.6666666666666665,8.666666666666666,,2.6666666666666665,4.666666666666667,,0.0,3.0,3.6666666666666665,-4.666666666666667,0.414975845410628,0.0741872341557846,0.1113794954374664,0.0668826449563879,0.0635534084809447,0.0251049401638175,0.0367149758454106,0.0338440191075111,0.102415458937198,0.0909855641893221,0.3276435856146001,0.156417443146132,0.181105743424584,0.1012939195066506,0.0256038647342995,0.0227463910473305,0.4329339774557166,0.1579582749323446,26.666666666666668,3.5118845842842457,11.0,3.0,1.6666666666666667,1.0,2.6666666666666665,1.3333333333333333,0.0,0.6666666666666666,3.6666666666666665,8.666666666666666,,2.6666666666666665,4.666666666666667,,0.0,3.0,3.6666666666666665,-4.666666666666667,0.414975845410628,0.0741872341557846,0.1113794954374664,0.0668826449563879,0.0635534084809447,0.0251049401638175,0.0367149758454106,0.0338440191075111,0.102415458937198,0.0909855641893221,0.3276435856146001,0.156417443146132,0.181105743424584,0.1012939195066506,0.0256038647342995,0.0227463910473305,0.4329339774557166,0.1579582749323446,26.666666666666668,3.5118845842842457,11.0,3.0,1.6666666666666667,1.0,2.6666666666666665,1.3333333333333333,0.0,0.6666666666666666,3.6666666666666665,8.666666666666666,,2.6666666666666665,4.666666666666667,,0.0,3.0,3.6666666666666665,-4.666666666666667,0.414975845410628,0.0741872341557846,0.1113794954374664,0.0668826449563879,0.0635534084809447,0.0251049401638175,0.0367149758454106,0.0338440191075111,0.102415458937198,0.0909855641893221,0.3276435856146001,0.156417443146132,0.181105743424584,0.1012939195066506,0.0256038647342995,0.0227463910473305,0.4329339774557166,0.1579582749323446,,True,True,11.293077917046707,3.681409796409019,2.050395789378169,0.9174243831322167,17.024883502833898,0.8654620706334017,0.3042043640430157,1.7771468183836587,3.953238332046866,8.90099211495145,2.467729056692179,3.470932793091787,1.004460270244977,2.829085326164136,2.8734764187186306,-1.2358503918556083,1.1696664346764458,15.15353116839171,13.200759161360567,5.714319185787044,10.038,4.478,2.049,0.8005,16.565,0.825,0.176,1.3665,LAS,True,4.671782957287292,2.080508591666951,1.419365703404165,0.8880876927421075,5.354976657278723,0.9139885119628144,0.4195521421706722,1.1336568043283646
4704180,Georgia Amoore,WSH,2026-05-29,0.0,14.0,0.0,1.0,41.0,7,0,4,1,2,0,0,2,2,3,,2,2,,0,0,3,13.0,24.0,0.2916666666666667,0.0,0.1666666666666666,0.0416666666666666,0.0833333333333333,0.125,0.0833333333333333,0.0833333333333333,0.245,0.0,18.0,5.567764362830023,6.0,0.6666666666666666,2.6666666666666665,1.3333333333333333,3.0,1.3333333333333333,0.0,1.6666666666666667,2.0,4.666666666666667,,0.6666666666666666,0.6666666666666666,,0.0,0.6666666666666666,2.333333333333333,2.6666666666666665,0.3310080442433383,0.1246559133176184,0.0452488687782805,0.0402180742864958,0.1460532931121166,0.0254219786226173,0.0787456008044243,0.0380229692824116,0.1831322272498743,0.086457984423291,0.2814856711915535,0.1451674549699762,0.0277777777777777,0.0481125224324688,0.0926344896933132,0.0218973584635611,0.3863423831070889,0.1422137471154645,10.8,10.61602562167217,3.6,0.4,1.6,0.8,1.8,0.8,0.0,1.0,1.2,2.8,,0.4,0.4,,0.0,0.4,1.4,1.6,0.3310080442433383,0.1246559133176184,0.0452488687782805,0.0402180742864958,0.1460532931121166,0.0254219786226173,0.0787456008044243,0.0380229692824116,0.1831322272498743,0.086457984423291,0.2814856711915535,0.1451674549699762,0.0277777777777777,0.0481125224324688,0.0926344896933132,0.0218973584635611,0.3863423831070889,0.1422137471154645,5.4,9.082339395160748,1.8,0.2,0.8,0.4,0.9,0.4,0.0,0.5,0.6,1.4,,0.2,0.2,,0.0,0.2,0.7,0.8,0.3310080442433383,0.1246559133176184,0.0452488687782805,0.0402180742864958,0.1460532931121166,0.0254219786226173,0.0787456008044243,0.0380229692824116,0.1831322272498743,0.086457984423291,0.2814856711915535,0.1451674549699762,0.0277777777777777,0.0481125224324688,0.0926344896933132,0.0218973584635611,0.3863423831070889,0.1422137471154645,,True,True,6.697932493621351,1.849687508597368,2.2020279642147607,0.8651528469420007,10.74964796643348,0.7075158061154538,0.2145389664500202,1.2996138257117669,2.2212840515805143,5.377504351286205,1.388763730389667,1.8488003025441129,0.3474325365829495,1.6543907720144322,1.7600200421022445,0.3605908295829667,0.9220547725654618,8.726663457154457,8.75724591277186,4.0342290728121775,5.3585,1.883,1.599,0.531,8.8405,0.531,0.1185,0.852,LAS,True,3.521076220418979,1.3653977442489056,1.279921481966765,0.7429932704944238,3.9536135053897214,0.7176621767935105,0.3427210965201879,0.899497637573329
4898384,Kiki Iriafen,WSH,2026-05-29,0.0,14.0,0.0,1.0,50.0,25,13,2,1,1,1,1,6,11,17,,2,4,,4,9,3,10.0,36.0,0.6944444444444444,0.3611111111111111,0.0555555555555555,0.0277777777777777,0.0277777777777777,0.4722222222222222,0.1111111111111111,0.1666666666666666,0.6877777777777778,0.0,17.333333333333332,18.036999011291577,12.0,5.666666666666667,1.0,0.6666666666666666,0.6666666666666666,0.3333333333333333,1.0,3.0,4.666666666666667,7.666666666666667,,2.0,3.0,,2.333333333333333,3.333333333333333,2.6666666666666665,4.0,0.6909722222222222,0.0049104637582398,0.3055555555555556,0.0785674201318386,0.0590277777777777,0.0049104637582399,0.0451388888888888,0.0245523187911995,0.0451388888888888,0.0245523187911995,0.4236111111111111,0.0687464926153587,0.2118055555555555,0.1424034489889575,0.1770833333333333,0.0147313912747197,0.6938888888888889,0.0086424162145021,20.8,13.899640283115245,12.6,5.6,1.4,0.4,0.4,0.4,0.6,3.0,5.0,9.4,,2.2,3.6,,1.8,3.8,2.6,-3.0,0.6038194444444445,0.1015908376895733,0.2595959595959596,0.0706962473678684,0.0689078282828282,0.0153668670936881,0.0225694444444444,0.0296666796712414,0.0225694444444444,0.0296666796712414,0.4360479797979798,0.0811240075851334,0.1869633838383838,0.104705314544379,0.1536931818181818,0.0840865722559901,0.6720050505050505,0.0301579845182176,24.5,10.25508004194344,14.0,6.7,1.0,0.3,0.8,0.4,0.3,2.3,5.8,12.0,,2.1,3.0,,2.2,4.5,1.6,-8.6,0.5711194641175484,0.1436769589026498,0.270175058374292,0.1317449370579931,0.0436298166853722,0.0359535655115358,0.0141460905349794,0.0230450378442408,0.0337355999329179,0.0235930049263802,0.483221551401628,0.1495275434999459,0.131071926158133,0.1014299271821554,0.100243269218365,0.0760358070067548,0.6411364681295716,0.1574776296196899,,True,True,15.59454688947246,7.222880417482629,2.015375593578096,0.2388614651666832,24.832802900533185,0.9663730096171772,0.7792118335432278,2.1794814805361837,6.150437124606588,12.882881654303135,3.0533633619640206,4.12967784035687,2.118545070166603,5.256471147315928,2.7616326064474404,-1.892098986080489,1.7455848431604273,22.99647076189061,17.467207937987013,9.220769611060591,9.286,6.121,1.737,0.463,17.144,0.8355,0.3195,1.4725,LAS,True,4.456254481063666,2.430917316570022,1.2941526185114336,0.6742633016856248,5.17969728845229,0.9183897593070166,0.5791543403964093,1.168008454592688
5105737,Lauren Betts,WSH,2026-05-29,0.0,14.0,0.0,1.0,4.0,4,2,0,0,0,0,0,1,1,2,,2,2,,2,0,4,-5.0,14.0,0.2857142857142857,0.1428571428571428,0.0,0.0,0.0,0.1428571428571428,0.1428571428571428,0.0714285714285714,0.2771428571428571,0.0,21.0,6.244997998398398,11.333333333333334,3.6666666666666665,1.3333333333333333,0.0,0.0,0.6666666666666666,0.3333333333333333,1.0,3.333333333333333,7.0,,4.666666666666667,5.333333333333333,,1.6666666666666667,2.0,2.6666666666666665,-3.333333333333333,0.5015926102882625,0.1921362866641109,0.1713648670170409,0.0402369766589473,0.0529542920847268,0.0582730533141772,0.0,0.0,0.0,0.0,0.3029144768275203,0.1593454944034838,0.2438286351329829,0.1654622452560057,0.051122790253225,0.0177633171954336,0.4613218665392578,0.1601417365108391,21.0,6.244997998398398,11.333333333333334,3.6666666666666665,1.3333333333333333,0.0,0.0,0.6666666666666666,0.3333333333333333,1.0,3.333333333333333,7.0,,4.666666666666667,5.333333333333333,,1.6666666666666667,2.0,2.6666666666666665,-3.333333333333333,0.5015926102882625,0.1921362866641109,0.1713648670170409,0.0402369766589473,0.0529542920847268,0.0582730533141772,0.0,0.0,0.0,0.0,0.3029144768275203,0.1593454944034838,0.2438286351329829,0.1654622452560057,0.051122790253225,0.0177633171954336,0.4613218665392578,0.1601417365108391,21.0,6.244997998398398,11.333333333333334,3.6666666666666665,1.3333333333333333,0.0,0.0,0.6666666666666666,0.3333333333333333,1.0,3.333333333333333,7.0,,4.666666666666667,5.333333333333333,,1.6666666666666667,2.0,2.6666666666666665,-3.333333333333333,0.5015926102882625,0.1921362866641109,0.1713648670170409,0.0402369766589473,0.0529542920847268,0.0582730533141772,0.0,0.0,0.0,0.0,0.3029144768275203,0.1593454944034838,0.2438286351329829,0.1654622452560057,0.051122790253225,0.0177633171954336,0.4613218665392578,0.1601417365108391,,True,True,8.962418708943774,3.58612071421276,0.9776887269786436,0.1877546500331937,13.526228150135177,0.5567388935099828,0.3914894214771449,1.4189354479889775,3.011817232755371,6.463523389625001,2.749581780271188,3.56685650464267,1.3026685774982856,2.435587936714517,2.010768368589046,-1.2941585907467732,0.9482283149871246,12.72758287809223,9.79739289085807,4.54632304119147,6.507,3.901,1.2745,0.2655,11.6825,0.5095,0.1865,1.075,LAS,True,3.68835342666616,1.928263208174652,1.1149662550947448,0.5244137202629238,4.428735005619551,0.7056272032737967,0.4227502217622126,1.012114123999858
5106145,Darianna Littlepage-Buggs,WSH,2026-05-29,0.0,26.0,0.0,0.0,3.0,5,2,1,1,1,0,1,1,2,3,,0,0,,0,2,0,4.0,14.0,0.3571428571428571,0.1428571428571428,0.0714285714285714,0.0714285714285714,0.0714285714285714,0.2142857142857142,0.0,0.0714285714285714,0.2857142857142857,0.0,12.0,2.8284271247461903,5.0,2.5,0.5,0.5,1.0,0.0,0.5,1.0,1.5,3.0,,1.5,2.0,,0.5,2.0,0.0,1.0,0.4285714285714286,0.101015254455221,0.2214285714285714,0.1111167799007431,0.0357142857142857,0.0505076272276105,0.0357142857142857,0.0505076272276105,0.0857142857142857,0.0202030508910442,0.2571428571428571,0.0606091526731326,0.2,0.282842712474619,0.0857142857142857,0.0202030508910442,0.4308571428571428,0.2052629970530092,12.0,2.8284271247461903,5.0,2.5,0.5,0.5,1.0,0.0,0.5,1.0,1.5,3.0,,1.5,2.0,,0.5,2.0,0.0,1.0,0.4285714285714286,0.101015254455221,0.2214285714285714,0.1111167799007431,0.0357142857142857,0.0505076272276105,0.0357142857142857,0.0505076272276105,0.0857142857142857,0.0202030508910442,0.2571428571428571,0.0606091526731326,0.2,0.282842712474619,0.0857142857142857,0.0202030508910442,0.4308571428571428,0.2052629970530092,12.0,2.8284271247461903,5.0,2.5,0.5,0.5,1.0,0.0,0.5,1.0,1.5,3.0,,1.5,2.0,,0.5,2.0,0.0,1.0,0.4285714285714286,0.101015254455221,0.2214285714285714,0.1111167799007431,0.0357142857142857,0.0505076272276105,0.0357142857142857,0.0505076272276105,0.0857142857142857,0.0202030508910442,0.2571428571428571,0.0606091526731326,0.2,0.282842712474619,0.0857142857142857,0.0202030508910442,0.4308571428571428,0.2052629970530092,,True,True,5.79704081748474,2.6801204088262947,1.144791830115178,0.5276269590896613,9.621953056426213,0.3834061836078805,0.4920587047868971,1.0010523768823787,1.934003265449064,4.152827191963105,1.3999595143682375,1.9264988089838255,0.629769570128005,2.202486638698298,1.2350374316934376,0.3359766644718758,0.875464888394766,8.656204681246752,6.799118102535623,3.807425838941473,4.597,2.7465,0.965,0.385,8.3085,0.344,0.1765,0.728,LAS,True,3.190860542236216,1.6686035328980937,0.9725096400550486,0.6170696881228246,3.739428799963973,0.585375093423012,0.4151478652239465,0.8508912974052562
5122345,Cassandre Prosper,WSH,2026-05-29,0.0,14.0,0.0,1.0,4.0,2,4,0,0,2,0,1,4,1,6,,0,0,,0,4,6,8.0,25.0,0.08,0.16,0.0,0.0,0.08,0.24,0.0,0.16,0.4,0.0,21.33333333333333,3.214550253664319,4.666666666666667,4.0,0.6666666666666666,0.3333333333333333,1.3333333333333333,0.3333333333333333,0.6666666666666666,2.333333333333333,1.3333333333333333,5.333333333333333,,1.6666666666666667,2.6666666666666665,,0.6666666666666666,3.333333333333333,3.333333333333333,4.666666666666667,0.229298245614035,0.1950611334907784,0.189298245614035,0.0525797990904444,0.0333333333333333,0.0577350269189625,0.0166666666666666,0.0288675134594812,0.0608771929824561,0.0166130254051369,0.249298245614035,0.0963895796332009,0.1350877192982456,0.1522075173806594,0.1033333333333333,0.089628864398325,0.4120701754385965,0.2141500065376892,21.33333333333333,3.214550253664319,4.666666666666667,4.0,0.6666666666666666,0.3333333333333333,1.3333333333333333,0.3333333333333333,0.6666666666666666,2.333333333333333,1.3333333333333333,5.333333333333333,,1.6666666666666667,2.6666666666666665,,0.6666666666666666,3.333333333333333,3.333333333333333,4.666666666666667,0.229298245614035,0.1950611334907784,0.189298245614035,0.0525797990904444,0.0333333333333333,0.0577350269189625,0.0166666666666666,0.0288675134594812,0.0608771929824561,0.0166130254051369,0.249298245614035,0.0963895796332009,0.1350877192982456,0.1522075173806594,0.1033333333333333,0.089628864398325,0.4120701754385965,0.2141500065376892,21.33333333333333,3.214550253664319,4.666666666666667,4.0,0.6666666666666666,0.3333333333333333,1.3333333333333333,0.3333333333333333,0.6666666666666666,2.333333333333333,1.3333333333333333,5.333333333333333,,1.6666666666666667,2.6666666666666665,,0.6666666666666666,3.333333333333333,3.333333333333333,4.666666666666667,0.229298245614035,0.1950611334907784,0.189298245614035,0.0525797990904444,0.0333333333333333,0.0577350269189625,0.0166666666666666,0.0288675134594812,0.0608771929824561,0.0166130254051369,0.249298245614035,0.0963895796332009,0.1350877192982456,0.1522075173806594,0.1033333333333333,0.089628864398325,0.4120701754385965,0.2141500065376892,,True,True,6.627978962968589,3.7613558892057952,0.8463795247675409,0.4639816035521688,11.235714376941925,0.6087894399306127,0.5444247403476191,1.3444868220921131,2.346847682806214,5.518088816146605,1.4688541806752935,2.2285506649933007,1.0603543789939422,2.8531373102119364,2.5796505745318297,-1.937278047412358,1.153214180278212,10.568378307110033,7.331643942671636,4.59024901397327,6.4145,4.324,1.175,0.4745,11.9135,0.572,0.255,1.0625,LAS,True,3.7498919651104616,2.1023853119730456,1.0650704202070396,0.6916283322710254,4.516637881212086,0.7568460873916174,0.4979708826829135,1.0156740372777084
5278157,Alex Wilson,WSH,2026-05-29,0.0,14.0,0.0,1.0,5.0,3,1,0,1,3,0,1,0,1,3,,0,0,,0,1,0,-7.0,9.0,0.3333333333333333,0.1111111111111111,0.0,0.1111111111111111,0.3333333333333333,0.3333333333333333,0.0,0.0,0.3333333333333333,0.0,3.0,5.196152422706632,1.0,0.3333333333333333,0.0,0.3333333333333333,1.0,0.0,0.3333333333333333,0.0,0.3333333333333333,1.0,,0.0,0.0,,0.0,0.3333333333333333,0.0,-2.333333333333333,0.3333333333333333,,0.1111111111111111,,0.0,,0.1111111111111111,,0.3333333333333333,,0.3333333333333333,,0.0,,0.0,,0.3333333333333333,,4.5,5.196152422706632,2.0,0.75,0.25,0.5,1.5,0.0,0.25,0.25,0.75,2.0,,0.0,0.0,,0.25,0.5,0.25,-1.25,0.4444444444444444,0.1571348402636772,0.1666666666666666,0.0785674201318386,0.0555555555555555,0.0785674201318386,0.1111111111111111,0.0,0.3333333333333333,0.0,0.4444444444444444,0.1571348402636772,0.0,0.0,0.0555555555555555,0.0785674201318386,0.5,0.2357022603955158,4.5,5.196152422706632,2.0,0.75,0.25,0.5,1.5,0.0,0.25,0.25,0.75,2.0,,0.0,0.0,,0.25,0.5,0.25,-1.25,0.4444444444444444,0.1571348402636772,0.1666666666666666,0.0785674201318386,0.0555555555555555,0.0785674201318386,0.1111111111111111,0.0,0.3333333333333333,0.0,0.4444444444444444,0.1571348402636772,0.0,0.0,0.0555555555555555,0.0785674201318386,0.5,0.2357022603955158,,True,True,3.27683574942761,1.344542593606445,0.6972581397016897,0.564995109491964,5.318636482735744,0.286122882495905,0.3008205937763771,0.7657363476222987,1.068341917487897,2.8224963653251334,0.5737089918312037,0.8675710679932097,0.4363565041809536,1.060321889425493,1.0199421607049954,-0.7475311912702397,0.586943476272277,4.800421797969932,3.831379344065083,2.024314333308153,3.3037434043634466,1.4966783936064452,0.5276359397016898,0.5933505775565106,5.328057737671578,0.286122882495905,0.3008205937763771,0.7657363476222987,,,7.5,3.0,2.5,1.3,9.0,1.2,1.3,1.5
