{
  "league_split": [
    0.25499096282035266,
    0.2494878572868153,
    0.2548560806323574,
    0.24066509926047475
  ],
  "quarter_total_sd": {
    "q1": 8.0,
    "q2": 8.0,
    "q3": 8.0,
    "q4": 8.0
  },
  "sources": {
    "recon_dates": [],
    "recon_quarters_files": 0,
    "recon_quarters_glob": "data/processed/recon_quarters_*.csv",
    "team_period_shares": "C:\\Users\\mostg\\OneDrive\\Coding\\WNBA-Betting\\data\\processed\\team_period_shares.csv"
  },
  "team_split_by_tri": {
    "ATL": [
      0.2548621426413846,
      0.245098124751855,
      0.2573590596986065,
      0.2426806729081539
    ],
    "CHI": [
      0.25718099801813504,
      0.24687621652914504,
      0.25134141985757724,
      0.24460136559514276
    ],
    "CON": [
      0.24624317585576375,
      0.26269342870870827,
      0.25505257032068174,
      0.23601082511484636
    ],
    "DAL": [
      0.25360106764249346,
      0.25162441823185494,
      0.25555776673919334,
      0.23921674738645826
    ],
    "GSV": [
      0.24963529134832246,
      0.24481910295926596,
      0.27359121620442345,
      0.23195438948798816
    ],
    "IND": [
      0.26069149372904443,
      0.24971523848154903,
      0.24887815978062522,
      0.24071510800878132
    ],
    "LAS": [
      0.25490312475886234,
      0.24258692721332123,
      0.25265965238838384,
      0.24985029563943262
    ],
    "LVA": [
      0.25376405754411063,
      0.25151701517120706,
      0.25699843404550043,
      0.23772049323918193
    ],
    "MIN": [
      0.2630829631007159,
      0.2455227324935182,
      0.2593131438478347,
      0.2320811605579311
    ],
    "NYL": [
      0.27404630431359156,
      0.24481353938996722,
      0.24276722777471874,
      0.23837292852172243
    ],
    "PHX": [
      0.24322827103020506,
      0.2650281880020798,
      0.24199949146790425,
      0.24974404949981097
    ],
    "SEA": [
      0.25237440461121063,
      0.24541434525635947,
      0.26115919752162153,
      0.24105205261080836
    ],
    "WSH": [
      0.2512692220707445,
      0.24763286753976813,
      0.25645170857357436,
      0.24464620181591312
    ]
  },
  "version": 1
}