bin_low,bin_high,n,hit_rate,avg_model_prob,avg_implied_prob,avg_edge,avg_ev,roi
0.582,0.591,1,0.0,0.5834433959367012,0.5,0.0834433959367012,0.1668867918734025,-1.0
0.591,0.598,1,0.0,0.5923298233779608,0.504950495049505,0.0873793283284558,0.1730453364936086,-1.0
0.606,0.614,4,0.25,0.6105444715421874,0.5085191771604345,0.1020252943817529,0.20077955370029113,-0.5141509433962264
0.614,0.621,5,0.2,0.6170407296943714,0.5173637042569081,0.0996770254374632,0.19268968595160615,-0.6148148148148148
0.621,0.629,4,0.75,0.6230211086461472,0.5226432372658788,0.10037787138026838,0.19210877316577502,0.4319684944684945
0.629,0.636,2,0.5,0.6315947451948509,0.5305060835831423,0.10108866161170865,0.19055845864661644,-0.05357142857142855
0.636,0.644,2,1.0,0.6400018348623853,0.5412844036697247,0.0987174311926605,0.1823762711864405,0.847457627118644
0.651,0.659,1,0.0,0.6586695652173913,0.5652173913043478,0.0934521739130435,0.1653384615384615,-1.0
