bin_low,bin_high,n,hit_rate,avg_model_prob,avg_implied_prob,avg_edge,avg_ev,roi
0.58,0.586,1,1.0,0.5815290146593888,0.4716981132075472,0.1098309014518416,0.2328415110779043,1.12
0.598,0.602,2,0.0,0.6008705449350943,0.49628097138072014,0.1045895735543741,0.21074934532513706,-1.0
0.602,0.606,1,0.0,0.6037713872581325,0.5,0.1037713872581325,0.207542774516265,-1.0
0.606,0.61,1,1.0,0.6083086564914502,0.504950495049505,0.1033581614419452,0.2046896922673816,0.9803921568627451
0.61,0.614,2,1.0,0.6130268973255766,0.5109995217599235,0.10202737556565315,0.1996646673479956,0.9569597069597069
0.614,0.618,2,1.0,0.6149600186692715,0.5109995217599235,0.103960496909348,0.20344924511171514,0.9569597069597069
0.618,0.622,1,0.0,0.6222327335297075,0.5192307692307693,0.1030019642989382,0.1983741534646219,-1.0
