bin_low,bin_high,n,hit_rate,avg_model_prob,avg_implied_prob,avg_edge,avg_ev,roi
0.807,0.811,2,0.5,0.8086033044123543,0.4844006568144499,0.32420264759790435,0.6697813093229485,0.015000000000000013
0.815,0.818,2,0.0,0.8157094434887678,0.5073772083090662,0.30833223517970165,0.607725177760972,-1.0
0.818,0.821,1,0.0,0.8188418907009184,0.5098039215686274,0.309037969132291,0.6061898625287245,-1.0
0.821,0.824,1,0.0,0.8225642339969905,0.4854368932038835,0.337127340793107,0.6944823220338006,-1.0
0.827,0.831,1,0.0,0.8293442466078992,0.5098039215686274,0.3195403250392717,0.626790637577033,-1.0
0.831,0.834,1,0.0,0.8310983925965587,0.504950495049505,0.3261478975470537,0.6459007382794594,-1.0
0.837,0.84,2,0.0,0.8396759102991541,0.5249379372602121,0.3147379730389419,0.5995772643790929,-1.0
