bin_low,bin_high,n,hit_rate,avg_model_prob,avg_implied_prob,avg_edge,avg_ev,roi
0.769,0.777,1,0.0,0.7701370449343569,0.4672897196261682,0.3028473253081886,0.6480932761595236,-1.0
0.784,0.79,1,0.0,0.7891302984254422,0.4926108374384236,0.2965194609870186,0.6019345058036478,-1.0
0.81,0.817,1,0.0,0.8168801527014882,0.5121951219512195,0.3046850307502686,0.5948612505124292,-1.0
0.817,0.824,2,0.5,0.8203985767150308,0.5109995217599235,0.3093990549551074,0.6054860343161019,-0.023809523809523836
0.831,0.837,5,0.2,0.8366388038457396,0.5163208466935899,0.3203179571521496,0.6207485039406276,-0.6181818181818182
