bin_low,bin_high,n,hit_rate,avg_model_prob,avg_implied_prob,avg_edge,avg_ev,roi
0.606,0.61,1,0.0,0.6072023526094421,0.5,0.1072023526094421,0.2144047052188842,-1.0
0.61,0.612,2,0.5,0.6111468540956986,0.5097568009228107,0.10139005317288775,0.1990149810845856,-0.028301886792452824
0.612,0.615,1,0.0,0.6126818253679105,0.5145631067961165,0.098118718571794,0.1906835474131091,-1.0
0.615,0.618,1,0.0,0.617228688704917,0.5192307692307693,0.0979979194741477,0.1887367338020623,-1.0
0.618,0.62,1,0.0,0.6178878678830098,0.5192307692307693,0.0986570986522404,0.1900062640709817,-1.0
0.62,0.623,3,0.6666666666666666,0.622274434050197,0.5207570207570208,0.1015174132931762,0.1949683639948205,0.2783389450056117
0.631,0.633,1,0.0,0.6333140186915888,0.5327102803738317,0.100603738317757,0.1888526315789472,-1.0
