game_id,prob_home_tip
0022501066,0.5
0022501067,0.51499550161941
0022501068,0.4850044983805899
0022501069,0.5597136492671929
0022501070,0.5299640517645717
0022501071,0.4850044983805899
0022501072,0.45512110762641994
0022501073,0.5299640517645717
0022501074,0.51499550161941
0022501075,0.51499550161941
