game_id,prob_home_tip
0052500101,0.51499550161941
0052500131,0.4850044983805899
