game_id,prob_home_tip
0022500318,0.5
0022500319,0.4700359482354282
0022500320,0.5
0022500321,0.4700359482354282
0022500322,0.51499550161941
0022500323,0.4850044983805899
