game_id,prob_home_tip
0022500275,0.5
0022500276,0.5299640517645717
0022500277,0.51499550161941
0022500278,0.65
0022500279,0.5
0022500280,0.4850044983805899
0022500281,0.45512110762641994
0022500282,0.5299640517645717
