game_id,prob_home_tip
0022500652,0.4700359482354282
0022501099,0.4700359482354282
0022501100,0.4700359482354282
0022501101,0.4850044983805899
0022501102,0.4850044983805899
0022501103,0.51499550161941
0022501104,0.4850044983805899
