game_id,prob_home_tip
0022500983,0.5
0022500984,0.4700359482354282
0022500985,0.4700359482354282
0022500986,0.5
0022500987,0.44028635073280703
0022500988,0.5
0022500989,0.4850044983805899
0022500990,0.45512110762641994
