game_id,prob_home_tip
0042500114,0.5
0042500134,0.51499550161941
0042500154,0.4700359482354282
0042500174,0.4850044983805899
