game_id,prob_home_tip
0022500268,0.65
0022500269,0.4850044983805899
0022500270,0.4850044983805899
0022500271,0.45512110762641994
0022500272,0.5
0022500273,0.4700359482354282
0022500274,0.51499550161941
