game_id,prob_home_tip
0022501003,0.5448788923735801
0022501105,0.5
0022501106,0.5
0022501107,0.5
0022501108,0.4850044983805899
0022501109,0.4700359482354282
0022501110,0.5
0022501112,0.5448788923735801
0022501113,0.4700359482354282
