game_id,prob_home_tip
0022501114,0.8352896243639966
0022501115,0.799566933176123
0022501116,0.8433793064838421
0022501117,0.8585853681826318
0022501118,0.8433793064838421
0022501119,0.8090099506466738
