game_id,prob_home_tip
0052500201,0.4700359482354282
0052500211,0.4850044983805899
