game_id,prob_home_tip
0022500333,0.5
0022500334,0.5
0022500335,0.4700359482354282
0022500336,0.5
0022500337,0.4700359482354282
