game_id,prob_home_tip
0022500922,0.5
0022500923,0.5
0022500924,0.4850044983805899
0022500925,0.51499550161941
0022500926,0.5
0022500927,0.574442516811659
0022500928,0.5
0022500929,0.51499550161941
0022500930,0.5299640517645717
