game_id,prob_home_tip
0022500588,0.5836517911714538
0022500589,0.7224850284864212
0022500587,0.6266291195183709
0022500590,0.7224850284864212
0022500591,0.5244261922443415
0022500592,0.5981547910873196
