game_id,prob_home_tip
0022501129,0.5
0022501130,0.425557483188341
0022501131,0.51499550161941
