game_id,prob_home_tip
0022500249,0.4850044983805899
0022500250,0.5
0022500251,0.5448788923735801
0022500252,0.51499550161941
0022500253,0.4700359482354282
0022500254,0.51499550161941
