game_id,prob_home_tip
0022500357,0.51499550161941
0022500358,0.5
0022500359,0.4700359482354282
0022500360,0.51499550161941
0022500361,0.45512110762641994
0022500362,0.5
0022500363,0.51499550161941
