game_id,prob_home_tip
0042500112,0.5
0042500152,0.5299640517645717
0042500172,0.51499550161941
