game_id,prob_home_tip
0022500009,0.65
0022500010,0.45512110762641994
0022500011,0.4850044983805899
0022500012,0.51499550161941
0022500013,0.4850044983805899
