game_id,prob_home_tip
0022500207,0.5
0022500208,0.45512110762641994
0022500209,0.5
0022500210,0.51499550161941
0022500211,0.51499550161941
0022500212,0.4850044983805899
