game_id,prob_home_tip
0022500060,0.51499550161941
0022500061,0.5
0022500062,0.51499550161941
0022500063,0.4850044983805899
0022500064,0.4700359482354282
0022500065,0.4700359482354282
0022500066,0.51499550161941
0022500067,0.4700359482354282
0022500068,0.5
