game_id,prob_home_tip
0022500510,0.6254782590597441
0022500511,0.48845892746414943
0022500512,0.45855220915121847
0022500513,0.5184484984680607
0022500514,0.48845892746414943
0022500515,0.4734817832576227
