game_id,prob_home_tip
0022500588,0.5763548723623786
0022500589,0.7164391616262625
0022500587,0.6195944963221196
0022500590,0.7164391616262625
0022500591,0.5169503588630429
0022500592,0.5909339041167176
