game_id,prob_home_tip
0022501037,0.44028635073280703
0022501038,0.4850044983805899
0022501039,0.4700359482354282
0022501040,0.4850044983805899
0022501041,0.44028635073280703
0022501042,0.5
0022501043,0.5299640517645717
0022501044,0.4850044983805899
0022501045,0.5448788923735801
0022501046,0.5299640517645717
