game_id,prob_home_tip
0022500014,0.5977193398391523
0022500015,0.697413333610921
0022500016,0.5389139704080791
0022500017,0.5389139704080791
0022500608,0.697413333610921
0022500609,0.5389139704080791
0022500610,0.5389139704080791
0022500611,0.5832115747164677
0022500612,0.5537839329045579
