game_id,prob_home_tip
0022500350,0.4850044983805899
0022500351,0.4700359482354282
0022500352,0.65
0022500353,0.5
0022500354,0.4850044983805899
0022500355,0.65
0022500356,0.5299640517645717
