game_id,prob_home_tip
0022500528,0.4879358942785405
0022500529,0.458032525717189
0022500530,0.6526648116320923
0022500531,0.5179258660917578
