game_id,prob_home_tip
0022501229,0.4850044983805899
0022501230,0.45512110762641994
