game_id,prob_home_tip
0022500057,0.4700359482354282
0022500058,0.51499550161941
0022500059,0.65
