game_id,prob_home_tip
0022500497,0.4093502579719244
0022500498,0.38068258210766814
0022500499,0.42393215181735916
0022500500,0.4534719983098713
0022500501,0.38068258210766814
