game_id,prob_home_tip
0022500543,0.5218589448977812
0022500544,0.6562282511644122
0022500545,0.44707192243179483
0022500546,0.44707192243179483
0022500547,0.5368061883272273
