game_id,prob_home_tip
0022500142,0.3963533287504079
0022500143,0.38209086062252673
0022500144,0.4401180460382136
0022500145,0.4401180460382136
0022500146,0.4401180460382136
0022500147,0.3963533287504079
