game_id,prob_home_tip
0022501114,0.5
0022501115,0.44028635073280703
0022501116,0.51499550161941
0022501117,0.5448788923735801
0022501118,0.51499550161941
0022501119,0.45512110762641994
