game_id,prob_home_tip
0022500396,0.574442516811659
0022500397,0.5
0022500398,0.5
0022500399,0.44028635073280703
0022500400,0.5597136492671929
0022500401,0.5299640517645717
