game_id,prob_home_tip
0022500771,0.5157737521651502
0022500772,0.5007789875780634
0022500773,0.5307401692407329
0022500774,0.4708122106518611
