game_id,prob_home_tip
0022500593,0.5226977109528937
0022500594,0.5673023735793218
0022500595,0.5077127098350321
0022500596,0.5226977109528937
0022500597,0.5226977109528937
0022500598,0.5525188871047779
0022500599,0.5376419647595766
0022500600,0.5673023735793218
0022500601,0.5673023735793218
