game_id,prob_home_tip
0022501030,0.5299640517645717
0022501031,0.5299640517645717
