game_id,prob_home_tip
0022500529,0.5629529320382431
0022500680,0.5922211476093621
0022500681,0.620849417293766
0022500682,0.6486601926512928
0022500683,0.6066268312389848
0022500684,0.6066268312389848
0022500685,0.6348672941484205
0022500686,0.6348672941484205
