game_id,prob_home_tip
0042500103,0.5
0042500124,0.4850044983805899
0042500143,0.5
0042500164,0.5597136492671929
