game_id,prob_home_tip
0022500578,0.4734585167080014
0022500579,0.5034334909618903
0022500580,0.533383804449537
0022500581,0.5034334909618903
0022500582,0.6067650026453976
0022500583,0.5184251979545812
0022500584,0.533383804449537
0022500585,0.533383804449537
0022500586,0.533383804449537
