game_id,prob_home_tip
0022500255,0.65
0022500256,0.51499550161941
0022500257,0.5
0022500258,0.5
0022500259,0.5448788923735801
0022500260,0.4850044983805899
0022500261,0.5
0022500262,0.51499550161941
0022500263,0.574442516811659
