game_id,prob_home_tip
0022501051,0.5
0022501052,0.51499550161941
0022501053,0.51499550161941
0022501054,0.4850044983805899
0022501055,0.4850044983805899
0022501056,0.4850044983805899
0022501057,0.5299640517645717
0022501058,0.5597136492671929
0022501059,0.4700359482354282
0022501060,0.5448788923735801
0022501061,0.5448788923735801
0022501062,0.51499550161941
