game_id,prob_home_tip
0022500432,0.4173729089215509
0022500433,0.37435765058389053
0022500434,0.4173729089215509
0022500435,0.4468102024548005
0022500436,0.40285885230478996
0022500437,0.38851295458856555
0022500438,0.5708872324065648
0022500439,0.4616834577985534
0022500440,0.4468102024548005
