game_id,prob_home_tip
0022501222,0.51499550161941
0022501224,0.51499550161941
0022501225,0.5448788923735801
0022501226,0.65
0022501227,0.5
