game_id,prob_home_tip
0022500602,0.6392467557860053
0022500603,0.5379509544290052
0022500604,0.5528262038306622
0022500605,0.6111375438387318
0022500606,0.5676074829126087
0022500607,0.5822693631386744
