game_id,prob_home_tip
0022500138,0.5090234017999763
0022500139,0.47903667797802624
0022500140,0.5090234017999763
0022500141,0.5538151222260791
