game_id,prob_home_tip
0022500213,0.51499550161941
0022500214,0.5299640517645717
0022500215,0.51499550161941
0022500216,0.45512110762641994
0022500217,0.65
0022500218,0.4850044983805899
0022500219,0.4850044983805899
0022500220,0.5597136492671929
0022500221,0.5
0022500222,0.51499550161941
0022500223,0.4850044983805899
0022500224,0.65
