game_id,prob_home_tip
0022500441,0.48248357362005656
0022500442,0.49747642379264184
0022500443,0.43780026652060167
0022500444,0.512473813562788
0022500445,0.633890746057823
0022500446,0.4675221954685437
