game_id,prob_home_tip
0022500969,0.5
0022500970,0.5
0022500971,0.5
0022500972,0.51499550161941
0022500973,0.5448788923735801
0022500974,0.51499550161941
0022500975,0.5
