game_id,prob_home_tip
0022500644,0.6020079590219358
0022500653,0.572935639320464
0022500654,0.6020079590219358
0022500655,0.572935639320464
0022500656,0.5875481330918331
