game_id,prob_home_tip
0022500558,0.6782024627090522
0022500559,0.5464863770302839
0022500560,0.5315789283948581
0022500561,0.5464863770302839
0022500562,0.5464863770302839
0022500563,0.6782024627090522
