game_id,prob_home_tip
0022500233,0.65
0022500234,0.5448788923735801
0022500235,0.5
0022500236,0.5
0022500237,0.51499550161941
0022500238,0.4850044983805899
0022500239,0.4850044983805899
0022500240,0.574442516811659
