game_id,prob_home_tip
0042500113,0.5
0042500153,0.4700359482354282
0042500173,0.4850044983805899
