game_id,prob_home_tip
0022501047,0.5
0022501048,0.4850044983805899
0022501049,0.5
0022501050,0.5299640517645717
