game_id,prob_home_tip
0022501032,0.45512110762641994
0022501033,0.5299640517645717
0022501034,0.5
0022501035,0.45512110762641994
0022501036,0.51499550161941
