game_id,prob_home_tip
0022501076,0.425557483188341
0022501077,0.51499550161941
0022501078,0.4700359482354282
0022501079,0.5597136492671929
0022501080,0.5597136492671929
0022501081,0.4850044983805899
