game_id,prob_home_tip
0022500156,0.45512110762641994
0022500157,0.5299640517645717
0022500158,0.4700359482354282
0022500159,0.5
0022500160,0.4700359482354282
0022500161,0.5597136492671929
0022500162,0.51499550161941
0022500163,0.5299640517645717
0022500164,0.65
