game_id,prob_home_tip
0022501209,0.5448788923735801
0022501210,0.45512110762641994
0022501211,0.4850044983805899
0022501212,0.65
0022501213,0.51499550161941
0022501214,0.51499550161941
0022501215,0.45512110762641994
