game_id,prob_home_tip
0022500564,0.5426336330126391
0022500565,0.5868478440177927
0022500566,0.4977374242396763
0022500567,0.5426336330126391
0022500568,0.5127346541278216
0022500569,0.527708990232095
0022500570,0.527708990232095
