game_id,prob_home_tip
0022500953,0.5
0022500954,0.5
0022500955,0.4850044983805899
0022500956,0.4850044983805899
0022500957,0.51499550161941
0022500958,0.574442516811659
0022500959,0.51499550161941
0022500960,0.51499550161941
0022501111,0.5299640517645717
