game_id,prob_home_tip
0022501143,0.4850044983805899
0022501144,0.5
0022501145,0.5597136492671929
0022501146,0.5597136492671929
0022501147,0.45512110762641994
