game_id,prob_home_tip
0022500757,0.5273004047044724
0022500758,0.5273004047044724
0022500759,0.5123250858204599
0022500760,0.5570776912450724
