game_id,prob_home_tip
0022500726,0.5287736221431404
0022500727,0.4688458594426819
0022500728,0.49880545073986415
0022500729,0.48381110907814795
0022500730,0.5585358016516718
0022500731,0.48381110907814795
0022500732,0.5436937128015507
