game_id,prob_home_tip
0022500613,0.46886643617991103
0022500614,0.6351427579287877
0022500615,0.40982337589504175
0022500616,0.46886643617991103
0022500617,0.5138225824059076
0022500618,0.4838317443316354
0022500619,0.4988261075049195
