game_id,prob_home_tip
0022501148,0.51499550161941
0022501149,0.4850044983805899
0022501150,0.5
0022501151,0.5
0022501152,0.4700359482354282
0022501153,0.4850044983805899
0022501154,0.51499550161941
0022501155,0.4850044983805899
0022501156,0.5
0022501157,0.5299640517645717
