game_id,prob_home_tip
0022500602,0.645309199211874
0022500603,0.5445027105140925
0022500604,0.5593398127000885
0022500605,0.6173896298298142
0022500606,0.5740716694686495
0022500607,0.5886731989595636
