game_id,prob_home_tip
0022500338,0.5
0022500339,0.4850044983805899
0022500340,0.5
0022500341,0.65
0022500342,0.45512110762641994
0022500343,0.4700359482354282
0022500344,0.5
0022500345,0.44028635073280703
0022500346,0.4700359482354282
0022500347,0.65
0022500348,0.4850044983805899
0022500349,0.5
