game_id,prob_home_tip
0022500458,0.5240591853275547
0022500459,0.5090767825783731
0022500460,0.4940780567946993
0022500461,0.6307301241235566
