game_id,prob_home_tip
0022500131,0.6798640670137952
0022500128,0.7878787878786647
0022500129,0.6666666666665029
0022500130,0.6394890530391661
0022500132,0.6113872432501585
0022500133,0.6666666666665029
0022500134,0.6798640670137952
0022500135,0.6666666666665029
0022500136,0.7054001385652955
0022500137,0.6394890530391661
