game_id,prob_home_tip
0022500976,0.4700359482354282
0022500977,0.4700359482354282
0022500978,0.5
0022500979,0.4700359482354282
0022500980,0.4700359482354282
0022500981,0.4700359482354282
0022500982,0.4850044983805899
