game_id,prob_home_tip
0022500716,0.523330473689484
0022500717,0.5083466524474902
0022500718,0.523330473689484
0022500719,0.5083466524474902
0022500720,0.49334782042128444
0022500721,0.5382724165591011
0022500722,0.5531459134255191
0022500723,0.5531459134255191
0022500724,0.523330473689484
0022500725,0.5382724165591011
