game_id,prob_home_tip
0022500486,0.42568406932742103
0022500487,0.4701649360929012
0022500488,0.44041395910053205
0022500489,0.42568406932742103
0022500490,0.5001294507627334
0022500491,0.5001294507627334
0022500492,0.44041395910053205
0022500493,0.6223552216064995
