game_id,prob_home_tip
0022500283,0.5299640517645717
0022500284,0.65
0022500285,0.5
0022500286,0.4850044983805899
0022500287,0.51499550161941
0022500288,0.45512110762641994
0022500289,0.5597136492671929
0022500290,0.5299640517645717
0022500291,0.4700359482354282
0022500292,0.4700359482354282
