game_id,prob_home_tip
0042500115,0.5
0042500125,0.51499550161941
0042500155,0.5299640517645717
