game_id,prob_home_tip
0022500692,0.6157961405481976
0022500698,0.5576777684062232
0022500699,0.5576777684062232
0022500700,0.5724227143550696
0022500701,0.542830444202743
