game_id,prob_home_tip
0022500532,0.45985288876843033
0022500533,0.44498985730940416
0022500534,0.44498985730940416
0022500535,0.6125643693219585
0022500536,0.4897677039473961
0022500537,0.45985288876843033
0022500538,0.4747876764835215
0022500539,0.44498985730940416
0022500540,0.5047661307969702
0022500541,0.4747876764835215
