game_id,prob_home_tip
0022500516,0.4651994723652857
0022500517,0.4951432664062964
0022500518,0.4651994723652857
0022500519,0.4801535463887879
0022500520,0.43550443542166944
0022500521,0.4801535463887879
0022500522,0.6176561704520117
0022500523,0.5251219418961056
0022500524,0.4951432664062964
0022500525,0.4503076987275678
0022500526,0.4801535463887879
0022500527,0.5101417224780795
