game_id,prob_home_tip
0022501096,0.5448788923735801
0022501097,0.5299640517645717
0022501098,0.5
