game_id,prob_home_tip
0022500183,0.4850044983805899
0022500184,0.5
0022500185,0.5299640517645717
0022500186,0.65
0022500187,0.4700359482354282
0022500188,0.5448788923735801
0022500189,0.51499550161941
0022500190,0.65
