game_id,prob_home_tip
0022500620,0.5314458315540939
0022500621,0.5014873857137002
0022500622,0.5164814169207632
0022500623,0.5164814169207632
0022500624,0.5314458315540939
0022500625,0.47151825644006073
0022500626,0.5164814169207632
