game_id,prob_home_tip
0022500381,0.5
0022500382,0.5
0022500383,0.4700359482354282
0022500384,0.65
0022500385,0.5299640517645717
