game_id,prob_home_tip
0022501082,0.4700359482354282
0022501083,0.51499550161941
0022501084,0.4700359482354282
0022501085,0.51499550161941
0022501086,0.51499550161941
0022501087,0.5299640517645717
0022501088,0.5299640517645717
0022501089,0.51499550161941
0022501090,0.45512110762641994
