game_id,prob_home_tip
0022500423,0.5299640517645717
0022500424,0.4850044983805899
0022500425,0.5
0022500426,0.51499550161941
0022500427,0.45512110762641994
0022500428,0.5597136492671929
0022500429,0.5
0022500430,0.5448788923735801
0022500431,0.65
