game_id,prob_home_tip
0022500386,0.5448788923735801
0022500387,0.4850044983805899
0022500388,0.5
0022500389,0.5
0022500390,0.4850044983805899
0022500391,0.5448788923735801
0022500392,0.4850044983805899
0022500393,0.5448788923735801
0022500394,0.4850044983805899
0022500395,0.65
