game_id,prob_home_tip
0022500550,0.5341706118965379
0022500551,0.5638730676841908
0022500552,0.5192144927215179
0022500553,0.5490655476966139
0022500554,0.5785675585423382
0022500555,0.5490655476966139
0022500556,0.5042238592004777
0022500557,0.5638730676841908
