game_id,prob_home_tip
0022500658,0.5654264443266163
0022500660,0.5357426782618251
0022500661,0.5207917524455661
0022500662,0.5058034885367917
0022500663,0.6090248329060428
