game_id,prob_home_tip
0022500702,0.5713445835192733
0022500703,0.6288622928065467
0022500704,0.5565912580355039
0022500705,0.6004496809039586
0022500706,0.5268090470381985
0022500707,0.5417374323440768
0022500708,0.5565912580355039
0022500709,0.5565912580355039
0022500710,0.6004496809039586
0022500711,0.5268090470381985
