game_id,prob_home_tip
0022500741,0.4868090301885224
0022500742,0.471835812660983
0022500743,0.45691309965828286
0022500744,0.5167996425173386
0022500745,0.471835812660983
0022500746,0.4868090301885224
