game_id,prob_home_tip
0022500364,0.5
0022500365,0.5299640517645717
0022500366,0.45512110762641994
