game_id,prob_home_tip
0022500228,0.65
0022500229,0.4850044983805899
0022500230,0.51499550161941
0022500231,0.4850044983805899
0022500232,0.51499550161941
