game_id,prob_home_tip
0042500123,0.4850044983805899
0042500133,0.51499550161941
0042500163,0.5597136492671929
