game_id,prob_home_tip
0022500471,0.47023357747815975
0022500472,0.44048186798781486
0022500473,0.47023357747815975
0022500474,0.47023357747815975
0022500475,0.6082191314310792
