game_id,prob_home_tip
0022500293,0.5448788923735801
0022500294,0.5
0022500295,0.5597136492671929
0022500296,0.51499550161941
0022500297,0.4850044983805899
0022500298,0.4850044983805899
0022500299,0.4850044983805899
0022500300,0.65
