game_id,prob_home_tip
0022501016,0.4850044983805899
0022501017,0.45512110762641994
0022501018,0.5
0022501019,0.5448788923735801
0022501020,0.51499550161941
0022501021,0.4850044983805899
