game_id,prob_home_tip
0022500961,0.5
0022500962,0.51499550161941
0022500963,0.5
0022500964,0.4700359482354282
0022500965,0.5299640517645717
0022500966,0.4850044983805899
0022500967,0.5
0022500968,0.5299640517645717
