game_id,prob_home_tip
0022501205,0.65
0022501206,0.4850044983805899
0022501207,0.4850044983805899
0022501208,0.4850044983805899
