game_id,prob_home_tip
0022500789,0.6163924682555958
0022500790,0.5876511820148589
0022500791,0.5730396860898381
