game_id,prob_home_tip
0022500775,0.5909287300525722
0022500776,0.5468139881544657
0022500777,0.561636414909373
0022500778,0.5763496460969313
0022500779,0.5319080843382619
0022500780,0.561636414909373
0022500781,0.5763496460969313
0022500782,0.5319080843382619
0022500783,0.5763496460969313
0022500784,0.5763496460969313
0022500785,0.561636414909373
0022500786,0.5763496460969313
0022500787,0.5019514958391789
0022500788,0.5319080843382619
