game_id,prob_home_tip
0022500646,0.5765567993542507
0022500647,0.5321193273102062
0022500648,0.5911338117365296
0022500649,0.6055523233089215
