game_id,prob_home_tip
0022500301,0.5448788923735801
0022500302,0.65
0022500303,0.5
0022500304,0.4700359482354282
0022500305,0.51499550161941
0022500306,0.4850044983805899
0022500307,0.4700359482354282
0022500308,0.4850044983805899
