game_id,prob_home_tip
0022500409,0.5
0022500410,0.5
0022500411,0.574442516811659
0022500412,0.65
0022500413,0.5299640517645717
0022500414,0.5
0022500415,0.4850044983805899
0022500416,0.5448788923735801
0022500417,0.5448788923735801
0022500418,0.51499550161941
0022500419,0.4850044983805899
0022500420,0.5448788923735801
0022500421,0.5299640517645717
0022500422,0.65
