game_id,prob_home_tip
0022500402,0.65
0022500403,0.4850044983805899
0022500404,0.5
0022500405,0.5
0022500406,0.4700359482354282
0022500407,0.51499550161941
0022500408,0.5448788923735801
