game_id,prob_home_tip
0042500122,0.51499550161941
0042500132,0.4850044983805899
0042500162,0.44028635073280703
