game_id,prob_home_tip
0022500191,0.5
0022500192,0.5
0022500193,0.4850044983805899
0022500194,0.5299640517645717
0022500195,0.51499550161941
0022500196,0.4850044983805899
0022500197,0.4700359482354282
