game_id,prob_home_tip
0022500713,0.5623836384435235
0022500714,0.5326638161978277
0022500715,0.5475661243051211
