game_id,prob_home_tip
0022501158,0.5
0022501159,0.44028635073280703
0022501160,0.5
0022501161,0.5299640517645717
0022501162,0.44028635073280703
0022501163,0.5
0022501164,0.5
