game_id,prob_home_tip
0022500792,0.6163924682555958
0022500793,0.5876511820148589
0022500794,0.6021098417775345
0022500795,0.5730396860898381
0022500796,0.6021098417775345
0022500797,0.5730396860898381
0022500798,0.630477050377809
0022500799,0.6163924682555958
0022500800,0.6163924682555958
0022500801,0.6163924682555958
