game_id,prob_home_tip
0022501091,0.5
0022501092,0.4850044983805899
0022501093,0.5299640517645717
0022501094,0.574442516811659
0022501095,0.4700359482354282
0022501096,0.5448788923735801
0022501097,0.5299640517645717
0022501098,0.5
