game_id,prob_home_tip
0022500105,0.4940247844701345
0022500106,0.4940247844701345
0022500107,0.4940247844701345
0022500108,0.4940247844701345
0022500109,0.4940247844701345
0022500110,0.4940247844701345
0022500111,0.4940247844701345
0022500112,0.4940247844701345
0022500113,0.4940247844701345
