game_id,prob_home_tip
0022500630,0.5394157935020053
0022500631,0.6125374755769948
0022500632,0.49449797014830826
0022500633,0.5394157935020053
0022500634,0.554282957270394
