game_id,prob_home_tip
0042500121,0.51499550161941
0042500131,0.4850044983805899
0042500161,0.44028635073280703
0042500171,0.51499550161941
