game_id,prob_home_tip
0022500020,0.47857595428974287
0022500021,0.49356318423239304
0022500022,0.6441197877457046
0022500023,0.44874351916569594
0022500024,0.5384865481451964
0022500025,0.47857595428974287
0022500026,0.49356318423239304
0022500027,0.6441197877457046
