game_id,prob_home_tip
0022500664,0.6207479581080895
0022500665,0.6347673793812437
0022500666,0.6621128694759424
0022500667,0.6485619628697769
0022500668,0.6485619628697769
0022500669,0.6754027798645498
0022500670,0.6621128694759424
