game_id,prob_home_tip
0022500241,0.65
0022500242,0.4700359482354282
0022500243,0.65
0022500244,0.5
0022500245,0.5
0022500246,0.5299640517645717
0022500247,0.5
0022500248,0.574442516811659
