game_id,prob_home_tip
0022500615,0.4087279289129574
0022500616,0.46773824766145045
0022500617,0.5126906376962899
0022500618,0.48270027215127415
0022500619,0.4976933802550655
