game_id,prob_home_tip
0022500593,0.5279545342653549
0022500594,0.5724697535488703
0022500595,0.512980798447095
0022500596,0.5279545342653549
0022500597,0.5279545342653549
0022500598,0.557725176415133
0022500599,0.5428781391478893
0022500600,0.5724697535488703
0022500601,0.5724697535488703
