game_id,prob_home_tip
0022500462,0.5038295794974692
0022500463,0.4888315124109877
0022500464,0.5337781271397452
0022500465,0.6534769282388384
0022500466,0.4440647655627596
0022500467,0.5634851580863426
0022500468,0.4738535265310372
0022500469,0.4888315124109877
0022500470,0.4888315124109877
