game_id,prob_home_tip
0022501165,0.5
0022501166,0.51499550161941
0022501167,0.4700359482354282
0022501168,0.5
0022501169,0.4850044983805899
0022501170,0.5299640517645717
