game_id,prob_home_tip
0022500264,0.65
0022500265,0.5299640517645717
0022500266,0.4850044983805899
0022500267,0.5299640517645717
