game_id,prob_home_tip
0022501008,0.5299640517645717
0022501009,0.51499550161941
0022501010,0.5
0022501011,0.5
0022501012,0.5
0022501013,0.5448788923735801
0022501014,0.5448788923735801
0022501015,0.51499550161941
