game_id,prob_home_tip
0022500476,0.42298695756706206
0022500477,0.4674153660675743
0022500478,0.619756703065786
0022500479,0.4376946460331069
0022500480,0.4376946460331069
0022500481,0.4525126780259387
0022500482,0.4525126780259387
0022500483,0.4674153660675743
0022500484,0.4525126780259387
0022500485,0.42298695756706206
