game_id,prob_home_tip
0022500447,0.5006632934037724
0022500448,0.4706969120486449
0022500449,0.48566722154517944
0022500450,0.45577913558583955
0022500451,0.5006632934037724
0022500452,0.39715180563875585
0022500453,0.45577913558583955
0022500454,0.5006632934037724
0022500455,0.4706969120486449
0022500456,0.6368440346843764
0022500457,0.5006632934037724
