game_id,prob_home_tip
0022500947,0.756448370347732
0022500948,0.7673316988345642
0022500949,0.7778715053867337
0022500950,0.756448370347732
0022500951,0.756448370347732
0022500952,0.7336665094894441
