game_id,prob_home_tip
0022500579,0.5106788110659791
0022500580,0.5405909096408152
0022500581,0.5106788110659791
0022500582,0.6136596497833009
0022500583,0.5256578778777232
0022500584,0.5405909096408152
0022500585,0.5405909096408152
0022500586,0.5405909096408152
