game_id,prob_home_tip
0022500671,0.6532873132950916
0022500672,0.717788988167495
0022500673,0.6395751325265925
0022500674,0.6799453309894518
0022500675,0.6667496385942208
0022500676,0.692859210193364
0022500677,0.6395751325265925
0022500678,0.692859210193364
0022500679,0.5971299185935908
