game_id,prob_home_tip
0022500733,0.48653291150376043
0022500734,0.5015296487474085
0022500735,0.5015296487474085
0022500736,0.5463958010304646
0022500737,0.47156038292325037
0022500738,0.45663884958551487
0022500739,0.5165236343002205
0022500740,0.5015296487474085
