game_id,prob_home_tip
0022500171,0.65
0022500172,0.45512110762641994
0022500173,0.51499550161941
0022500174,0.5
0022500175,0.45512110762641994
0022500176,0.5597136492671929
0022500177,0.5
0022500178,0.5299640517645717
0022500179,0.44028635073280703
0022500180,0.51499550161941
0022500181,0.51499550161941
