game_id,prob_home_tip
0022500165,0.51499550161941
0022500166,0.5448788923735801
0022500167,0.45512110762641994
0022500168,0.51499550161941
0022500169,0.4850044983805899
0022500170,0.65
