game_id,prob_home_tip
0022500991,0.51499550161941
0022500992,0.4700359482354282
0022500993,0.5
0022500994,0.4850044983805899
0022500995,0.5
0022500996,0.5
0022500997,0.4850044983805899
0022500998,0.45512110762641994
