game_id,prob_home_tip
0022500687,0.5923649798721481
0022500688,0.6067689561891395
0022500689,0.5923649798721481
0022500690,0.5778005115113054
0022500691,0.5778005115113054
0022500693,0.6350053549406979
0022500694,0.6487959232326342
0022500695,0.5778005115113054
0022500696,0.6209896141588902
