game_id,prob_home_tip
0022500324,0.65
0022500325,0.4850044983805899
0022500326,0.425557483188341
0022500327,0.65
0022500328,0.5
0022500329,0.45512110762641994
0022500330,0.4700359482354282
0022500331,0.5
0022500332,0.51499550161941
