game_id,prob_home_tip
0042500105,0.5
0042500135,0.4850044983805899
0042500175,0.51499550161941
