game_id,prob_home_tip
0022500028,0.4850044983805899
0022500029,0.65
0022500030,0.5299640517645717
0022500031,0.51499550161941
0022500032,0.574442516811659
0022500033,0.5
0022500034,0.5299640517645717
0022500035,0.5299640517645717
0022500036,0.51499550161941
0022500037,0.5299640517645717
0022500038,0.5
