game_id,prob_home_tip
0022500069,0.65
0022500070,0.5
0022500071,0.5448788923735801
0022500072,0.5
0022500073,0.51499550161941
0022500074,0.51499550161941
0022500075,0.5
0022500076,0.4700359482354282
0022500077,0.51499550161941
0022500078,0.4850044983805899
0022500079,0.65
