game_id,prob_home_tip
0042500116,0.5
0042500126,0.4850044983805899
0042500166,0.5597136492671929
