game_id,prob_home_tip
0022500039,0.5
0022500040,0.4850044983805899
0022500041,0.4850044983805899
0022500042,0.45512110762641994
0022500043,0.4850044983805899
0022500044,0.5299640517645717
0022500045,0.51499550161941
0022500046,0.65
0022500047,0.5597136492671929
