game_id,prob_home_tip
0022500635,0.5297880954651782
0022500636,0.5297880954651782
0022500637,0.5148190718184149
0022500638,0.49982341323497387
0022500639,0.5595395737956889
0022500640,0.5297880954651782
0022500641,0.5297880954651782
0022500642,0.5595395737956889
