game_id,prob_home_tip
0022500502,0.4485929280704704
0022500503,0.5084098402136292
0022500504,0.43380154932878756
0022500505,0.43380154932878756
0022500506,0.47842404049571363
0022500507,0.43380154932878756
0022500508,0.6160182920350445
0022500509,0.46347580736667837
