game_id,prob_home_tip
0022500309,0.45512110762641994
0022500310,0.65
0022500311,0.51499550161941
0022500312,0.5
0022500313,0.65
0022500314,0.5299640517645717
0022500315,0.51499550161941
0022500316,0.5448788923735801
0022500317,0.4850044983805899
