game_id,prob_home_tip
0022501120,0.5
0022501121,0.45512110762641994
0022501122,0.5
0022501123,0.51499550161941
0022501124,0.45512110762641994
0022501125,0.5448788923735801
0022501126,0.4850044983805899
0022501127,0.5299640517645717
0022501128,0.5
