game_id,prob_home_tip
0022501022,0.4850044983805899
0022501023,0.4700359482354282
0022501024,0.4850044983805899
0022501025,0.5299640517645717
0022501026,0.45512110762641994
0022501027,0.4850044983805899
0022501028,0.5448788923735801
0022501029,0.5
0022501030,0.5299640517645717
0022501031,0.5299640517645717
