game_id,prob_home_tip
0042500106,0.5
0042500136,0.51499550161941
0042500176,0.4850044983805899
