game_id,prob_home_tip
0022501030,0.851142474118879
0022501031,0.851142474118879
