game_id,prob_home_tip
0022500554,0.5785675585423382
0022500555,0.5490655476966139
0022500556,0.5042238592004777
0022500557,0.5638730676841908
