game_id,prob_home_tip
0022500931,0.4850044983805899
0022500932,0.44028635073280703
0022500933,0.5299640517645717
0022500934,0.5
0022500935,0.51499550161941
