game_id,prob_home_tip
0022500761,0.558675234584189
0022500762,0.528914526862897
0022500763,0.4989468252310973
0022500764,0.528914526862897
0022500765,0.5880202757439793
0022500766,0.528914526862897
0022500767,0.528914526862897
0022500768,0.5139432076643498
0022500769,0.5139432076643498
0022500770,0.558675234584189
