game_id,prob_home_tip
0022500625,0.47151825644006073
0022500626,0.5164814169207632
