game_id,prob_home_tip
0022500573,0.4423177125337573
0022500574,0.5320158881592462
0022500575,0.5020597402419199
0022500576,0.5320158881592462
0022500577,0.6653611790860499
